앱 확장 소재,앱 확장 소재 유형,캠페인,광고그룹,일,전환,통화 코드,비용,노출수,클릭수,Revenue,유형,사이즈,투입일,시기,USP,Concept,언어,파일명,소재명,링크,hooking_strategy,audio_elements_bgm,audio_elements_sfx_emphasized,audio_elements_narration,audio_elements_cv,text_analysis_extracted_copy,text_analysis_core_usp,title_specific_system,title_specific_mechanic,title_specific_faction_race,title_specific_identified_character,title_specific_theme,title_specific_special_note,gameplay,visual_technique,environment,emotion,character_object,art_style,marketer_insight
Cute but Powerful Squad,광고 제목,HQ_HQ_PH_US-EN_GA_NU_AD_ACA-PU_260429,M_1844_INTEREST_GENRE_ALL_NONE_260429,2026-04-29,2,KRW,1857,23,4,0,TXT,,,,,,,,,,,,,,,,,,,,,,,,,,,,,
Let’s Hunt for Treasure!,광고 제목,HQ_HQ_PH_US-EN_GA_NU_AD_ACA-PU_260429,M_1844_INTEREST_GENRE_ALL_NONE_260429,2026-04-29,0,KRW,106,32,0,0,TXT,,,,,,,,,,,,,,,,,,,,,,,,,,,,,
Pepp Heroes,광고 제목,HQ_HQ_PH_US-EN_GA_NU_AD_ACA-PU_260429,M_1844_INTEREST_GENRE_ALL_NONE_260429,2026-04-29,2,KRW,6401,33,2,0,TXT,,,,,,,,,,,,,,,,,,,,,,,,,,,,,
Play for Free,광고 제목,HQ_HQ_PH_US-EN_GA_NU_AD_ACA-PU_260429,M_1844_INTEREST_GENRE_ALL_NONE_260429,2026-04-29,1,KRW,1621,33,3,0,TXT,,,,,,,,,,,,,,,,,,,,,,,,,,,,,
"Your RPG, In Your Hands",광고 제목,HQ_HQ_PH_US-EN_GA_NU_AD_ACA-PU_260429,M_1844_INTEREST_GENRE_ALL_NONE_260429,2026-04-29,0,KRW,68,29,0,0,TXT,,,,,,,,,,,,,,,,,,,,,,,,,,,,,
Adorable Yet Powerful! Collect Heroes With Diverse Charms,설명,HQ_HQ_PH_US-EN_GA_NU_AD_ACA-PU_260429,M_1844_INTEREST_GENRE_ALL_NONE_260429,2026-04-29,0,KRW,163,22,0,0,TXT,,,,,,,,,,,,,,,,,,,,,,,,,,,,,
Clock Out and Start Your Treasure Hunt!,설명,HQ_HQ_PH_US-EN_GA_NU_AD_ACA-PU_260429,M_1844_INTEREST_GENRE_ALL_NONE_260429,2026-04-29,4,KRW,3244,41,6,0,TXT,,,,,,,,,,,,,,,,,,,,,,,,,,,,,
Get Rewards Worth $100! Play Now!,설명,HQ_HQ_PH_US-EN_GA_NU_AD_ACA-PU_260429,M_1844_INTEREST_GENRE_ALL_NONE_260429,2026-04-29,0,KRW,150,48,0,0,TXT,,,,,,,,,,,,,,,,,,,,,,,,,,,,,
Strategic Battles With Heroes Full of Personality! Win With Your Own Squad,설명,HQ_HQ_PH_US-EN_GA_NU_AD_ACA-PU_260429,M_1844_INTEREST_GENRE_ALL_NONE_260429,2026-04-29,0,KRW,98,16,0,0,TXT,,,,,,,,,,,,,,,,,,,,,,,,,,,,,
Unique Hero Skills and Synergies! The Collectible RPG of Endless Team Combinations,설명,HQ_HQ_PH_US-EN_GA_NU_AD_ACA-PU_260429,M_1844_INTEREST_GENRE_ALL_NONE_260429,2026-04-29,1,KRW,243,61,1,0,TXT,,,,,,,,,,,,,,,,,,,,,,,,,,,,,
251104_BNR_A-Character-Adventure01A-DA_L_1200x628_EN.jpg;https://tpc.googlesyndication.com/simgad/7852267225455295083,가로형 이미지,HQ_HQ_PH_US-EN_GA_NU_AD_ACA-PU_260429,M_1844_INTEREST_GENRE_ALL_NONE_260429,2026-04-29,9,KRW,69670,244,18,"28,001.02",BNR,가로형,2025-11-04,A,Character,Adventure01A,EN,251104_BNR_A-Character-Adventure01A-DA_L_1200x628_EN,A-Character-Adventure01A-DA,https://tpc.googlesyndication.com/simgad/7852267225455295083,"비주얼 임팩트, 캐릭터/유닛 외형",,,,,PEPP HEROES,"아트 퀄리티, 캐릭터, 수집형RPG","5인 분대 전투, 수집형 RPG",,"마그 탐험대, 고블린",카르벨(Karbel),렐릭 탐험 어드벤처,2.5D 입체 월드 강조,"전투 및 액션, 탐험 및 발견",텍스트 오버레이,자연/야외 미학,"도전과 승부욕, 수집욕/소유욕","인간형 영웅, SD/치비 캐릭터, 거대 보스","2.5D 입체 그래픽, 2D 일러스트",와이드 뷰로 보스 대립 및 레이드 강조. 소부대 전투의 스케일감으로 타겟 공략. SNS 최적화와 보상 정보 추가로 유입 및 전환 극대화.
251104_BNR_A-Character-Adventure01A-DA_S_1200x1200_EN.jpg;https://tpc.googlesyndication.com/simgad/13260462268912176542,가로형 이미지,HQ_HQ_PH_US-EN_GA_NU_AD_ACA-PU_260429,M_1844_INTEREST_GENRE_ALL_NONE_260429,2026-04-29,0,KRW,0,17,0,0,BNR,정방형,2025-11-04,A,Character,Adventure01A,EN,251104_BNR_A-Character-Adventure01A-DA_S_1200x1200_EN,A-Character-Adventure01A-DA,https://tpc.googlesyndication.com/simgad/13260462268912176542,"비주얼 임팩트, 캐릭터/유닛 외형",,,,,PEPP HEROES,"아트 퀄리티, 캐릭터, 수집형RPG","5인 분대 전투, 수집형 RPG",,"마그 탐험대, 고블린",카르벨(Karbel),렐릭 탐험 어드벤처,2.5D 입체 월드 강조,"전투 및 액션, 탐험 및 발견",텍스트 오버레이,자연/야외 미학,"참여와 임장감, 수집욕/소유욕","인간형 영웅, SD/치비 캐릭터, 거대 보스","2.5D 입체 그래픽, 2D 일러스트",독창적인 2.5D 비주얼과 코어한 전투 재미로 RPG 유저 공략. 북미·글로벌 시장의 높은 CTR을 기반으로 SSR 소환 연출을 활용해 CVR 최적화.
251104_BNR_A-Character-Adventure01A-DA_V_1200x1500_EN.jpg;https://tpc.googlesyndication.com/simgad/11060997048456614631,가로형 이미지,HQ_HQ_PH_US-EN_GA_NU_AD_ACA-PU_260429,M_1844_INTEREST_GENRE_ALL_NONE_260429,2026-04-29,1,KRW,184,6,1,0,BNR,세로형,2025-11-04,A,Character,Adventure01A,EN,251104_BNR_A-Character-Adventure01A-DA_V_1200x1500_EN,A-Character-Adventure01A-DA,https://tpc.googlesyndication.com/simgad/11060997048456614631,"비주얼 임팩트, 캐릭터/유닛 외형",,,,,PEPP HEROES,"아트 퀄리티, 캐릭터, 수집형RPG","5인 분대 전투, 수집형 RPG",,"마그 탐험대, 고블린",카르벨(Karbel),렐릭 탐험 어드벤처,2.5D 입체 월드 강조,"전투 및 액션, 탐험 및 발견",텍스트 오버레이,자연/야외 미학,"수집욕/소유욕, 만족과 성취감","인간형 영웅, SD/치비 캐릭터, 거대 보스","2.5D 입체 그래픽, 2D 일러스트",캐릭터 케미와 조합 시각화로 SSR 수집 재미 자극. 속성 상성 강조 소재로 고관여 유저 공략 및 확장.
260406_BNR_A-Character-Adventure02A-DA_L_1200x628_EN.jpg;https://tpc.googlesyndication.com/simgad/7571534943945847205,가로형 이미지,HQ_HQ_PH_US-EN_GA_NU_AD_ACA-PU_260429,M_1844_INTEREST_GENRE_ALL_NONE_260429,2026-04-29,0,KRW,0,1,0,0,BNR,가로형,2026-04-06,A,Character,Adventure02A,EN,260406_BNR_A-Character-Adventure02A-DA_L_1200x628_EN,A-Character-Adventure02A-DA,https://tpc.googlesyndication.com/simgad/7571534943945847205,"캐릭터/유닛 외형, 비주얼 임팩트",,,,,"PEPP HEROES: RELIC QUEST, PRE-REGISTER NOW","아트 퀄리티, 릴리즈 예고, 캐릭터, 수집형RPG",용병 모집(Gacha),렐릭 퀘스트,마그 탐험대,샤일린(Shylin),렐릭 탐험 어드벤처,,수집 및 도감,텍스트 오버레이,자연/야외 미학,"수집욕/소유욕, 참여와 임장감",,"2.5D 입체 그래픽, 2D 일러스트",샤일린 비주얼을 활용해 2.5D 미학적 만족감을 강조하고 사전예약을 유도함. 고관여 유저 대상 높은 CTR이 기대되며 캐릭터 시너지 소재로 확장 계획임.
260406_BNR_A-Character-Adventure02A-DA_S_1200x1200_EN.jpg;https://tpc.googlesyndication.com/simgad/11186665980784424187,가로형 이미지,HQ_HQ_PH_US-EN_GA_NU_AD_ACA-PU_260429,M_1844_INTEREST_GENRE_ALL_NONE_260429,2026-04-29,0,KRW,51,30,0,0,BNR,정방형,2026-04-06,A,Character,Adventure02A,EN,260406_BNR_A-Character-Adventure02A-DA_S_1200x1200_EN,A-Character-Adventure02A-DA,https://tpc.googlesyndication.com/simgad/11186665980784424187,"캐릭터/유닛 외형, 비주얼 임팩트",,,,,"PEPP HEROES: RELIC QUEST, PRE-REGISTER NOW","아트 퀄리티, 릴리즈 예고, 캐릭터, 수집형RPG",용병 모집(Gacha),렐릭 퀘스트,마그 탐험대,샤일린(Shylin),렐릭 탐험 어드벤처,,수집 및 도감,텍스트 오버레이,자연/야외 미학,"수집욕/소유욕, 참여와 임장감",,"2.5D 입체 그래픽, 2D 일러스트",정사각형 포맷 내 캐릭터 밀집도를 높여 시선 집중 및 수집 욕구 자극. 인스타그램 등 매체 최적화 및 보상 정보 결합으로 고효율 기대.
260406_BNR_A-Character-Life01A-DA_L_1200x628_EN.jpg;https://tpc.googlesyndication.com/simgad/4842260928888903016,가로형 이미지,HQ_HQ_PH_US-EN_GA_NU_AD_ACA-PU_260429,M_1844_INTEREST_GENRE_ALL_NONE_260429,2026-04-29,0,KRW,0,12,0,0,BNR,가로형,2026-04-06,A,Character,Life01A,EN,260406_BNR_A-Character-Life01A-DA_L_1200x628_EN,A-Character-Life01A-DA,https://tpc.googlesyndication.com/simgad/4842260928888903016,"캐릭터/유닛 외형, 비주얼 임팩트",,,,,"PEPP HEROES, PLAY FOR FREE","아트 퀄리티, 전략성, 수집형RPG","8인 실시간 전투, 8종 직업 및 4종 클래스 체계","렐릭 퀘스트, 8인 실시간 전투",마그 탐험대,카르벨(Karbel),"렐릭 탐험 어드벤처, 히어로 수집 육성",,"수집 및 도감, 탐험 및 발견","텍스트 오버레이, 심플/클린 UI",자연/야외 미학,"휴식과 힐링, 수집욕/소유욕","SD/치비 캐릭터, 인간형 영웅","2.5D 입체 그래픽, 2D 일러스트",2.5D 월드의 공간감을 강조하여 어드벤처 유저를 타겟팅합니다. 리마케팅에 효과적이며 수집 문구 추가로 정보 전달력 보강을 추천합니다.
260406_BNR_A-Character-Life01A-DA_S_1200x1200_EN.jpg;https://tpc.googlesyndication.com/simgad/1365671312776743899,가로형 이미지,HQ_HQ_PH_US-EN_GA_NU_AD_ACA-PU_260429,M_1844_INTEREST_GENRE_ALL_NONE_260429,2026-04-29,0,KRW,0,3,0,0,BNR,정방형,2026-04-06,A,Character,Life01A,EN,260406_BNR_A-Character-Life01A-DA_S_1200x1200_EN,A-Character-Life01A-DA,https://tpc.googlesyndication.com/simgad/1365671312776743899,"캐릭터/유닛 외형, 비주얼 임팩트",,,,,"PEPP HEROES, PLAY FOR FREE","아트 퀄리티, 캐릭터, 수집형RPG","8인 실시간 전투, 8종 직업 및 4종 클래스 체계","렐릭 퀘스트, 8인 실시간 전투",마그 탐험대,카르벨(Karbel),"렐릭 탐험 어드벤처, 히어로 수집 육성",,"수집 및 도감, 탐험 및 발견","텍스트 오버레이, 심플/클린 UI",자연/야외 미학,"휴식과 힐링, 수집욕/소유욕","SD/치비 캐릭터, 인간형 영웅","2.5D 입체 그래픽, 2D 일러스트","고퀄리티 일러스트와 실제 화면을 합성해 신뢰감을 조성함. 캐주얼 유저의 힐링 욕구를 공략하여 높은 클릭률을 유도하고, 사전예약 보상 강조로 전환율 극대화가 필요함."
260406_BNR_A-Mob-Adventure01A-DA_L_1200x628_EN.jpg;https://tpc.googlesyndication.com/simgad/16600105301133976800,가로형 이미지,HQ_HQ_PH_US-EN_GA_NU_AD_ACA-PU_260429,M_1844_INTEREST_GENRE_ALL_NONE_260429,2026-04-29,0,KRW,0,5,0,0,BNR,가로형,2026-04-06,A,Mob,Adventure01A,EN,260406_BNR_A-Mob-Adventure01A-DA_L_1200x628_EN,A-Mob-Adventure01A-DA,https://tpc.googlesyndication.com/simgad/16600105301133976800,"캐릭터/유닛 외형, 비주얼 임팩트",,,,,"Peppy & Ready to Fight, PLAY FOR FREE","아트 퀄리티, 캐릭터, 수집형RPG",8인 실시간 전투,8종 직업 및 4종 클래스 체계,고블린,,렐릭 탐험 어드벤처,몬스터 군단 중심의 구도,"전투 및 액션, 탐험 및 발견",텍스트 오버레이,자연/야외 미학,"참여와 임장감, 수집욕/소유욕","SD/치비 캐릭터, 군단/대규모 유닛","2.5D 입체 그래픽, 2D 일러스트",몬스터 군단과 2.5D 아트 중심의 모험 소구. 독특한 크리처 디자인으로 고관여 유저의 CTR 유도 및 전략적 시너지 강조.
260406_BNR_A-Mob-Adventure01A-DA_S_1200x1200_EN.jpg;https://tpc.googlesyndication.com/simgad/9569657006008026943,가로형 이미지,HQ_HQ_PH_US-EN_GA_NU_AD_ACA-PU_260429,M_1844_INTEREST_GENRE_ALL_NONE_260429,2026-04-29,0,KRW,0,41,0,0,BNR,정방형,2026-04-06,A,Mob,Adventure01A,EN,260406_BNR_A-Mob-Adventure01A-DA_S_1200x1200_EN,A-Mob-Adventure01A-DA,https://tpc.googlesyndication.com/simgad/9569657006008026943,"캐릭터/유닛 외형, 비주얼 임팩트",,,,,"Peppy & Ready to Fight, PLAY FOR FREE","아트 퀄리티, 캐릭터, 수집형RPG",8인 실시간 전투,8종 직업 및 4종 클래스 체계,고블린,,렐릭 탐험 어드벤처,몬스터 군단 중심의 구도,"전투 및 액션, 탐험 및 발견",텍스트 오버레이,자연/야외 미학,"참여와 임장감, 수집욕/소유욕","SD/치비 캐릭터, 군단/대규모 유닛","2.5D 입체 그래픽, 2D 일러스트","1:1 비율로 SD 캐릭터의 디테일과 2.5D 비주얼을 강조함. 높은 아트 퀄리티로 유저 시선을 유도하며, 시간 및 날씨 변화를 활용한 소재 확장을 제안함."
260406_VID_A-Character-Collection01B-UA_S_1080x1080_EN;https://www.youtube.com/watch?v=cTfY4JpFc-s,YouTube 동영상,HQ_HQ_PH_US-EN_GA_NU_AD_ACA-PU_260429,M_1844_INTEREST_GENRE_ALL_NONE_260429,2026-04-29,1,KRW,2162,41,0,0,VID,정방형,2026-04-06,A,Character,Collection01B,EN;https://www,260406_VID_A-Character-Collection01B-UA_S_1080x1080_EN,A-Character-Collection01B-UA,https://www.youtube.com/watch?v=cTfY4JpFc-s,"질문/선택형, 캐릭터/유닛 외형",경쾌함,TRUE,,없음,"CHOOSE YOUR HERO, HUGO, KARBEL, MONAD","캐릭터, 수집형RPG, 전략성",용병 모집(Gacha),DIY 픽업 시스템,마그 탐험대,"휴고, 카르벨, 모나드",히어로 수집 육성,남성 캐릭터 위주 배치,수집 및 도감,"텍스트 오버레이, 분할 화면",심플/클린 UI,수집욕/소유욕,"SD/치비 캐릭터, 인간형 영웅",2D 일러스트,캐릭터 구성 대조를 통한 타겟 취향별 효율 분석. 탱커 및 딜러 중심 덱 선호 심리 공략하며 캐릭터 조합 변주 소재로 리타겟팅 광고 활용 권장.
260406_VID_A-Character-Combat01A-UA_L_1920x1080_EN;https://www.youtube.com/watch?v=2W7-0AV2mfg,YouTube 동영상,HQ_HQ_PH_US-EN_GA_NU_AD_ACA-PU_260429,M_1844_INTEREST_GENRE_ALL_NONE_260429,2026-04-29,4,KRW,13530,218,2,0,VID,가로형,2026-04-06,A,Character,Combat01A,EN;https://www,260406_VID_A-Character-Combat01A-UA_L_1920x1080_EN,A-Character-Combat01A-UA,https://www.youtube.com/watch?v=2W7-0AV2mfg,"비주얼 임팩트, 캐릭터/유닛 외형",긴박함,TRUE,,없음,"VINESSA, A DARK WIZARD WHO DOMINATES THE FIELD, SOPHIA, REMOVES ALL DEBUFFS! THE KEY TO SURVIVAL, BERNETA, A SYNERGY DEALER THAT PERFECTS YOUR TEAM, PLAY FOR FREE","아트 퀄리티, 캐릭터, 수집형RPG, 전략성",용병 모집,스킬 컷신 연출,마그 탐험대,"Vinessa, Sophia, Berneta",렐릭 탐험 어드벤처,캐릭터별 스킬 특징 강조,전투 및 액션,"텍스트 오버레이, 클로즈업 및 줌",자연/야외 미학,"도전과 승부욕, 수집욕/소유욕","인간형 영웅, SD/치비 캐릭터, 성장 지표","2.5D 입체 그래픽, 2D 일러스트",인게임 전투와 일러스트 교차 편집으로 몰입도 극대화. 캐릭터 스킬 및 시너지로 전략적 호기심 자극. 플레이 영상 기반 안정적 CVR 확보 및 캐릭터 속성 대비 변주 제안.
260406_VID_A-Character-Combat01A-UA_S_1080x1080_EN;https://www.youtube.com/watch?v=jnNAzjzUw8o,YouTube 동영상,HQ_HQ_PH_US-EN_GA_NU_AD_ACA-PU_260429,M_1844_INTEREST_GENRE_ALL_NONE_260429,2026-04-29,0,KRW,8269,106,2,0,VID,정방형,2026-04-06,A,Character,Combat01A,EN;https://www,260406_VID_A-Character-Combat01A-UA_S_1080x1080_EN,A-Character-Combat01A-UA,https://www.youtube.com/watch?v=jnNAzjzUw8o,"비주얼 임팩트, 캐릭터/유닛 외형",긴박함,TRUE,,없음,"VINESSA, A DARK WIZARD WHO DOMINATES THE FIELD, SOPHIA, REMOVES ALL DEBUFFS! THE KEY TO SURVIVAL, BERNETA, A SYNERGY DEALER THAT PERFECTS YOUR TEAM, PLAY FOR FREE","아트 퀄리티, 캐릭터, 수집형RPG, 전략성",용병 모집,스킬 컷신 연출,마그 탐험대,"Vinessa, Sophia, Berneta",렐릭 탐험 어드벤처,캐릭터별 스킬 특징 강조,전투 및 액션,"텍스트 오버레이, 클로즈업 및 줌",자연/야외 미학,"도전과 승부욕, 수집욕/소유욕","인간형 영웅, SD/치비 캐릭터, 성장 지표","2.5D 입체 그래픽, 2D 일러스트",SSR 비네사 비주얼을 초반에 배치해 RPG 팬덤 시선 확보. 고퀄리티 애니메이션으로 캐릭터 소유욕을 자극하며 스킬 콤보 시리즈로 소재 확장 가능.
260406_VID_A-Character-Combat01A-UA_V_1080x1920_EN;https://www.youtube.com/watch?v=tHmXhOKu33A,YouTube 동영상,HQ_HQ_PH_US-EN_GA_NU_AD_ACA-PU_260429,M_1844_INTEREST_GENRE_ALL_NONE_260429,2026-04-29,1,KRW,2302,32,0,0,VID,세로형,2026-04-06,A,Character,Combat01A,EN;https://www,260406_VID_A-Character-Combat01A-UA_V_1080x1920_EN,A-Character-Combat01A-UA,https://www.youtube.com/watch?v=tHmXhOKu33A,"비주얼 임팩트, 캐릭터/유닛 외형",긴박함,TRUE,,없음,"VINESSA, A DARK WIZARD WHO DOMINATES THE FIELD, SOPHIA, REMOVES ALL DEBUFFS! THE KEY TO SURVIVAL, BERNETA, A SYNERGY DEALER THAT PERFECTS YOUR TEAM, PLAY FOR FREE","아트 퀄리티, 캐릭터, 수집형RPG, 전략성",용병 모집,스킬 컷신 연출,마그 탐험대,"Vinessa, Sophia, Berneta",렐릭 탐험 어드벤처,캐릭터별 스킬 특징 강조,전투 및 액션,"텍스트 오버레이, 클로즈업 및 줌",자연/야외 미학,"도전과 승부욕, 수집욕/소유욕","인간형 영웅, SD/치비 캐릭터, 성장 지표","2.5D 입체 그래픽, 2D 일러스트",숏폼 최적화 세로 분할 화면으로 캐릭터와 전투 연출 강조. 한 손 플레이 선호 심리를 공략하여 틱톡 및 릴스 내 높은 조회수 확보 기대.
260406_VID_A-Character-Combat01B-UA_L_1920x1080_EN;https://www.youtube.com/watch?v=d4rVTfnnYhg,YouTube 동영상,HQ_HQ_PH_US-EN_GA_NU_AD_ACA-PU_260429,M_1844_INTEREST_GENRE_ALL_NONE_260429,2026-04-29,0,KRW,8564,138,2,0,VID,가로형,2026-04-06,A,Character,Combat01B,EN;https://www,260406_VID_A-Character-Combat01B-UA_L_1920x1080_EN,A-Character-Combat01B-UA,https://www.youtube.com/watch?v=d4rVTfnnYhg,"비주얼 임팩트, 캐릭터/유닛 외형",긴박함,TRUE,,없음,"HUGO, An indomitable warrior..., MONAD, A sage who devastates..., KARBEL, A fiery dealer..., PLAY FOR FREE","전략성, 아트 퀄리티",용병 모집,8인 실시간 전투,마그 탐험대,"Hugo, Monad, Karbel",히어로 수집 육성,,전투 및 액션,"텍스트 오버레이, 클로즈업 및 줌",자연/야외 미학,"도전과 승부욕, 수집욕/소유욕","인간형 영웅, SD/치비 캐릭터, 성장 지표","2.5D 입체 그래픽, 2D 일러스트",16:9 뷰로 넓은 전장과 스킬 강조. 화려한 연출로 타격감 선호 유저 공략. 전투 선호층 대상 높은 전환율 기대.
260406_VID_A-Character-Combat01B-UA_S_1080x1080_EN;https://www.youtube.com/watch?v=tcTIYuJi7pM,YouTube 동영상,HQ_HQ_PH_US-EN_GA_NU_AD_ACA-PU_260429,M_1844_INTEREST_GENRE_ALL_NONE_260429,2026-04-29,0,KRW,1414,18,0,0,VID,정방형,2026-04-06,A,Character,Combat01B,EN;https://www,260406_VID_A-Character-Combat01B-UA_S_1080x1080_EN,A-Character-Combat01B-UA,https://www.youtube.com/watch?v=tcTIYuJi7pM,"비주얼 임팩트, 캐릭터/유닛 외형",긴박함,TRUE,,없음,"HUGO, An indomitable warrior..., MONAD, A sage who devastates..., KARBEL, A fiery dealer..., PLAY FOR FREE","전략성, 아트 퀄리티",용병 모집,8인 실시간 전투,마그 탐험대,"Hugo, Monad, Karbel",히어로 수집 육성,,전투 및 액션,"텍스트 오버레이, 클로즈업 및 줌",자연/야외 미학,"도전과 승부욕, 수집욕/소유욕","인간형 영웅, SD/치비 캐릭터, 성장 지표","2.5D 입체 그래픽, 2D 일러스트",소피아의 생존 및 지원 능력과 팀 시너지를 강조해 전략적 유저 공략. 비네사 소재 A/B 테스트로 타겟별 선호 캐릭터 최적화 및 성과 확장 도모.
260406_VID_A-Character-Combat01B-UA_V_1080x1920_EN;https://www.youtube.com/watch?v=rrd-TGZqEqc,YouTube 동영상,HQ_HQ_PH_US-EN_GA_NU_AD_ACA-PU_260429,M_1844_INTEREST_GENRE_ALL_NONE_260429,2026-04-29,1,KRW,1980,29,2,0,VID,세로형,2026-04-06,A,Character,Combat01B,EN;https://www,260406_VID_A-Character-Combat01B-UA_V_1080x1920_EN,A-Character-Combat01B-UA,https://www.youtube.com/watch?v=rrd-TGZqEqc,"비주얼 임팩트, 캐릭터/유닛 외형",긴박함,TRUE,,없음,"HUGO, An indomitable warrior..., MONAD, A sage who devastates..., KARBEL, A fiery dealer..., PLAY FOR FREE","전략성, 아트 퀄리티",용병 모집,8인 실시간 전투,마그 탐험대,"Hugo, Monad, Karbel",히어로 수집 육성,,전투 및 액션,"텍스트 오버레이, 클로즈업 및 줌",자연/야외 미학,"도전과 승부욕, 수집욕/소유욕","인간형 영웅, SD/치비 캐릭터, 성장 지표","2.5D 입체 그래픽, 2D 일러스트",직관적인 탱딜힐 구성으로 정통 RPG 유저의 파티 니즈 충족. 역할군 조합의 재미를 텍스트로 보강하여 효율 극대화 기대.
260406_VID_A-Charater-Collection01B-UA_L_1920x1080_EN;https://www.youtube.com/watch?v=rRGCh1x6a6M,YouTube 동영상,HQ_HQ_PH_US-EN_GA_NU_AD_ACA-PU_260429,M_1844_INTEREST_GENRE_ALL_NONE_260429,2026-04-29,1,KRW,5917,100,1,0,VID,가로형,2026-04-06,A,Charater,Collection01B,EN;https://www,260406_VID_A-Charater-Collection01B-UA_L_1920x1080_EN,A-Charater-Collection01B-UA,https://www.youtube.com/watch?v=rRGCh1x6a6M,"질문/선택형, 캐릭터/유닛 외형",경쾌함,TRUE,,없음,"CHOOSE YOUR HERO, HUGO, PLAY FOR FREE","아트 퀄리티, 전략성",용병 모집,DIY 픽업 시스템,마그 탐험대,Hugo,히어로 수집 육성,,수집 및 도감,"텍스트 오버레이, 클로즈업 및 줌",심플/클린 UI,"수집욕/소유욕, 만족과 성취감","인간형 영웅, SD/치비 캐릭터","2.5D 입체 그래픽, 2D 일러스트","그리드 UI로 풍부한 캐릭터 풀을 어필해 수집 욕구를 자극하며, 캐릭터 강조 엔드카드를 통해 높은 잔존율을 확보합니다."
260406_VID_A-Charater-Collection01B-UA_V_1080x1920_EN;https://www.youtube.com/watch?v=u5diHTUsSOs,YouTube 동영상,HQ_HQ_PH_US-EN_GA_NU_AD_ACA-PU_260429,M_1844_INTEREST_GENRE_ALL_NONE_260429,2026-04-29,0,KRW,151,6,0,0,VID,세로형,2026-04-06,A,Charater,Collection01B,EN;https://www,260406_VID_A-Charater-Collection01B-UA_V_1080x1920_EN,A-Charater-Collection01B-UA,https://www.youtube.com/watch?v=u5diHTUsSOs,"질문/선택형, 캐릭터/유닛 외형",경쾌함,TRUE,,없음,"CHOOSE YOUR HERO, HUGO, PLAY FOR FREE","아트 퀄리티, 전략성",용병 모집,DIY 픽업 시스템,마그 탐험대,Hugo,히어로 수집 육성,캐릭터 픽(Pick) 연출,수집 및 도감,"텍스트 오버레이, 클로즈업 및 줌",심플/클린 UI,"수집욕/소유욕, 만족과 성취감","인간형 영웅, SD/치비 캐릭터","2.5D 입체 그래픽, 2D 일러스트",직접 영웅을 선택하는 인터랙티브 경험으로 기대감 부여. 다양한 영웅 노출을 통해 유저 취향을 공략하고 반복적인 참여 유도.
260406_VID_A-Hooking-Reward02A-FK_L_1920x1080_EN;https://www.youtube.com/watch?v=oRlzfGbT3xY,YouTube 동영상,HQ_HQ_PH_US-EN_GA_NU_AD_ACA-PU_260429,M_1844_INTEREST_GENRE_ALL_NONE_260429,2026-04-29,7,KRW,35669,339,1,0,VID,가로형,2026-04-06,A,Hooking,Reward02A,EN;https://www,260406_VID_A-Hooking-Reward02A-FK_L_1920x1080_EN,A-Hooking-Reward02A-FK,https://www.youtube.com/watch?v=oRlzfGbT3xY,"실패/분노 유도, 압도적 보상",긴박함,TRUE,,없음,"Tap here to save him!, Help me!, HELP KARBEL CLEAR, Claim your SR character and rewards worth $100!, PLAY FOR FREE",보상,용병 모집,우호도 시스템,마그 탐험대,카르벨(Karbel),히어로 수집 육성,페이크 플레이(구출 미니게임) 형식 활용,퍼즐 및 논리,"손가락 지시선, 텍스트 오버레이",자연/야외 미학,"도전과 승부욕, 만족과 성취감","SD/치비 캐릭터, 재화/보물상자",2D 일러스트,구출 미니게임 방식을 활용해 시청자 이탈을 방지하고 즉각적인 행동을 유도합니다. 대량의 재화 보상으로 성취감을 자극하여 저단가 트래픽 확보 및 높은 클릭률을 공략합니다.
260406_VID_A-Hooking-Reward02A-FK_S_1080x1080_EN;https://www.youtube.com/watch?v=EgLwtP8WjE4,YouTube 동영상,HQ_HQ_PH_US-EN_GA_NU_AD_ACA-PU_260429,M_1844_INTEREST_GENRE_ALL_NONE_260429,2026-04-29,0,KRW,2535,11,0,0,VID,정방형,2026-04-06,A,Hooking,Reward02A,EN;https://www,260406_VID_A-Hooking-Reward02A-FK_S_1080x1080_EN,A-Hooking-Reward02A-FK,https://www.youtube.com/watch?v=EgLwtP8WjE4,"실패/분노 유도, 압도적 보상",긴박함,TRUE,,없음,"Tap here to save him!, Help me!, HELP KARBEL CLEAR, Claim your SR character and rewards worth $100!, PLAY FOR FREE",보상,용병 모집,우호도 시스템,마그 탐험대,카르벨(Karbel),히어로 수집 육성,페이크 플레이(구출 미니게임) 형식 활용,퍼즐 및 논리,"손가락 지시선, 텍스트 오버레이",자연/야외 미학,"도전과 승부욕, 만족과 성취감","SD/치비 캐릭터, 재화/보물상자",2D 일러스트,위기 상황 미션과 100달러 보상으로 유저 참여 및 전환 유도. 쉬운 조작성 강조로 진입 장벽을 낮춰 대량 유입용 런칭 소재로 적합.
260406_VID_A-Hooking-Reward02A-FK_V_1080x1920_EN;https://www.youtube.com/watch?v=b7LsalWUDvQ,YouTube 동영상,HQ_HQ_PH_US-EN_GA_NU_AD_ACA-PU_260429,M_1844_INTEREST_GENRE_ALL_NONE_260429,2026-04-29,0,KRW,463,7,0,0,VID,세로형,2026-04-06,A,Hooking,Reward02A,EN;https://www,260406_VID_A-Hooking-Reward02A-FK_V_1080x1920_EN,A-Hooking-Reward02A-FK,https://www.youtube.com/watch?v=b7LsalWUDvQ,"실패/분노 유도, 압도적 보상",긴박함,TRUE,,없음,"Tap here to save him!, Help me!, HELP KARBEL CLEAR, Claim your SR character and rewards worth $100!, PLAY FOR FREE",보상,용병 모집,우호도 시스템,마그 탐험대,카르벨(Karbel),히어로 수집 육성,페이크 플레이(구출 미니게임) 형식 활용,퍼즐 및 논리,"손가락 지시선, 텍스트 오버레이",자연/야외 미학,"도전과 승부욕, 만족과 성취감","SD/치비 캐릭터, 재화/보물상자",2D 일러스트,9:16 세로형 구조로 터치 인터랙션을 극대화하고 FOMO를 자극해 시청 완료율을 높입니다. 캐릭터 활용 및 실패 연출의 A/B 테스트 확장을 제안합니다.
260406_VID_A-Hooking-Reward03A-UA_L_1920x1080_EN;https://www.youtube.com/watch?v=XUrzh1Qrk5w,YouTube 동영상,HQ_HQ_PH_US-EN_GA_NU_AD_ACA-PU_260429,M_1844_INTEREST_GENRE_ALL_NONE_260429,2026-04-29,0,KRW,657,20,0,0,VID,가로형,2026-04-06,A,Hooking,Reward03A,EN;https://www,260406_VID_A-Hooking-Reward03A-UA_L_1920x1080_EN,A-Hooking-Reward03A-UA,https://www.youtube.com/watch?v=XUrzh1Qrk5w,"압도적 보상, 실패/분노 유도",경쾌함,TRUE,,없음,"WARNING Skip and you will lose your $100 rewards, Tap within 5 Seconds, SR, PLAY FOR FREE!, Claim your SR character and rewards worth $100!",보상,용병 모집,,마그 탐험대,Karbel,히어로 수집 육성,$100 가치 혜택 강조,수집 및 도감,"손가락 지시선, 텍스트 오버레이",심플/클린 UI,"만족과 성취감, 수집욕/소유욕","재화/보물상자, SD/치비 캐릭터","2D 일러스트, 2.5D 입체 그래픽","가로 화면을 활용한 화려한 연출로 시각적 몰입감을 높이고, 보상 상실에 대한 FOMO 심리를 자극하여 가로형 매체 타겟 광고 효율을 극대화함."
260406_VID_A-Hooking-Reward03A-UA_S_1080x1080_EN;https://www.youtube.com/watch?v=VGJB5tDWops,YouTube 동영상,HQ_HQ_PH_US-EN_GA_NU_AD_ACA-PU_260429,M_1844_INTEREST_GENRE_ALL_NONE_260429,2026-04-29,0,KRW,124,5,0,0,VID,정방형,2026-04-06,A,Hooking,Reward03A,EN;https://www,260406_VID_A-Hooking-Reward03A-UA_S_1080x1080_EN,A-Hooking-Reward03A-UA,https://www.youtube.com/watch?v=VGJB5tDWops,"압도적 보상, 실패/분노 유도",경쾌함,TRUE,,없음,"WARNING Skip and you will lose your $100 rewards, Tap within 5 Seconds, SR, PLAY FOR FREE!, Claim your SR character and rewards worth $100!",보상,용병 모집,,마그 탐험대,Karbel,히어로 수집 육성,$100 가치 혜택 강조,수집 및 도감,"손가락 지시선, 텍스트 오버레이",심플/클린 UI,"만족과 성취감, 수집욕/소유욕","재화/보물상자, SD/치비 캐릭터","2D 일러스트, 2.5D 입체 그래픽",부정적 후킹과 시간 제한으로 클릭 유도. $100 가치 및 SR 확정으로 수익 구체화. 높은 CVR 예상되며 보상 변주를 통한 라이브 옵스 제안.
260406_VID_A-Hooking-Reward03A-UA_V_1080x1920_EN;https://www.youtube.com/watch?v=jA_HAiz95x4,YouTube 동영상,HQ_HQ_PH_US-EN_GA_NU_AD_ACA-PU_260429,M_1844_INTEREST_GENRE_ALL_NONE_260429,2026-04-29,0,KRW,1090,11,0,0,VID,세로형,2026-04-06,A,Hooking,Reward03A,EN;https://www,260406_VID_A-Hooking-Reward03A-UA_V_1080x1920_EN,A-Hooking-Reward03A-UA,https://www.youtube.com/watch?v=jA_HAiz95x4,"압도적 보상, 실패/분노 유도",경쾌함,TRUE,,없음,"WARNING Skip and you will lose your $100 rewards, Tap within 5 Seconds, SR, PLAY FOR FREE!, Claim your SR character and rewards worth $100!",보상,용병 모집,,마그 탐험대,Karbel,히어로 수집 육성,$100 가치 혜택 강조,수집 및 도감,"손가락 지시선, 텍스트 오버레이",심플/클린 UI,"만족과 성취감, 수집욕/소유욕","재화/보물상자, SD/치비 캐릭터","2D 일러스트, 2.5D 입체 그래픽",도발적 문구와 타이머로 이탈을 방지하고 FOMO 심리를 자극함. 보상형 인벤토리 활용을 통해 UA 매체에서 압도적 전환율 달성 기대.
260406_VID_A-Mob-Adventure01A-UA_L_1920x1080_EN;https://www.youtube.com/watch?v=hVmkPdIsz70,YouTube 동영상,HQ_HQ_PH_US-EN_GA_NU_AD_ACA-PU_260429,M_1844_INTEREST_GENRE_ALL_NONE_260429,2026-04-29,0,KRW,512,6,0,0,VID,가로형,2026-04-06,A,Mob,Adventure01A,EN;https://www,260406_VID_A-Mob-Adventure01A-UA_L_1920x1080_EN,A-Mob-Adventure01A-UA,https://www.youtube.com/watch?v=hVmkPdIsz70,"비주얼 임팩트, 성장 비포애프터",긴박함,TRUE,,없음,"WARNING, GOBLINS INCOMING!, Goblins? Easy! Level UP! UP!, Power Boost! BOOM! BOOM!, Strategic deployment!, Get ready for BATTLE!","편의성, 전략성",AFK 기능,8인 실시간 전투,고블린,카르벨,렐릭 탐험 어드벤처,스마트폰 UI 팝업 연출,"시뮬레이션 및 관리, 장애물 및 도전","텍스트 오버레이, 클로즈업 및 줌",자연/야외 미학,"도전과 승부욕, 만족과 성취감","SD/치비 캐릭터, 성장 지표, 군단/대규모 유닛",2.5D 입체 그래픽,16:9 화면 대비로 대규모 전투와 모바일 최적화 강조. 방치형 육성 선호 유저 타겟으로 핵심 시스템 소구 및 브랜딩·퍼포먼스 효율 기대.
260406_VID_A-Mob-Adventure01A-UA_S_1080x1080_EN;https://www.youtube.com/watch?v=LMKl0g6yRJU,YouTube 동영상,HQ_HQ_PH_US-EN_GA_NU_AD_ACA-PU_260429,M_1844_INTEREST_GENRE_ALL_NONE_260429,2026-04-29,0,KRW,1111,21,0,0,VID,정방형,2026-04-06,A,Mob,Adventure01A,EN;https://www,260406_VID_A-Mob-Adventure01A-UA_S_1080x1080_EN,A-Mob-Adventure01A-UA,https://www.youtube.com/watch?v=LMKl0g6yRJU,"비주얼 임팩트, 성장 비포애프터",긴박함,TRUE,,없음,"WARNING, GOBLINS INCOMING!, Goblins? Easy! Level UP! UP!, Power Boost! BOOM! BOOM!, Strategic deployment!, Get ready for BATTLE!","편의성, 전략성",AFK 기능,8인 실시간 전투,고블린,카르벨,렐릭 탐험 어드벤처,스마트폰 UI 팝업 연출,"시뮬레이션 및 관리, 장애물 및 도전","텍스트 오버레이, 클로즈업 및 줌",자연/야외 미학,"도전과 승부욕, 참여와 임장감","SD/치비 캐릭터, 성장 지표, 군단/대규모 유닛",2.5D 입체 그래픽,경고 연출로 몰입도를 높이고 쉬운 성장을 강조해 진입 장벽 완화. 대규모 레이드 소재 확장을 통한 중장기 성과 기대.
260406_VID_A-Mob-Adventure01A-UA_V_1080x1920_EN;https://www.youtube.com/watch?v=nIYkYZ-JFj0,YouTube 동영상,HQ_HQ_PH_US-EN_GA_NU_AD_ACA-PU_260429,M_1844_INTEREST_GENRE_ALL_NONE_260429,2026-04-29,0,KRW,173,12,0,0,VID,세로형,2026-04-06,A,Mob,Adventure01A,EN;https://www,260406_VID_A-Mob-Adventure01A-UA_V_1080x1920_EN,A-Mob-Adventure01A-UA,https://www.youtube.com/watch?v=nIYkYZ-JFj0,"비주얼 임팩트, 성장 비포애프터",긴박함,TRUE,,없음,"WARNING, GOBLINS INCOMING!, Goblins? Easy! Level UP! UP!, Power Boost! BOOM! BOOM!, Strategic deployment!, Get ready for BATTLE!","편의성, 전략성",AFK 기능,8인 실시간 전투,고블린,카르벨,렐릭 탐험 어드벤처,스마트폰 UI 팝업 연출,"시뮬레이션 및 관리, 장애물 및 도전","텍스트 오버레이, 클로즈업 및 줌",자연/야외 미학,"도전과 승부욕, 만족과 성취감","SD/치비 캐릭터, 성장 지표, 군단/대규모 유닛",2.5D 입체 그래픽,세로형 피드 최적화 UI와 마을 습격 반전 연출로 이탈 방지. 직관적 레벨업과 전략적 배치 중심의 성장 쾌감을 자극해 숏폼 환경 내 높은 시청 유지율 및 전환율 기대.
Cute but Powerful Squad,광고 제목,HQ_HQ_PH_US-EN_GA_NU_AD_ACA-PU_260429,M_1844_INTEREST_GENRE_ALL_NONE_260429_3,2026-04-29,0,KRW,2577,147,0,0,TXT,,,,,,,,,,,,,,,,,,,,,,,,,,,,,
Let’s Hunt for Treasure!,광고 제목,HQ_HQ_PH_US-EN_GA_NU_AD_ACA-PU_260429,M_1844_INTEREST_GENRE_ALL_NONE_260429_3,2026-04-29,0,KRW,4204,168,3,0,TXT,,,,,,,,,,,,,,,,,,,,,,,,,,,,,
Pepp Heroes,광고 제목,HQ_HQ_PH_US-EN_GA_NU_AD_ACA-PU_260429,M_1844_INTEREST_GENRE_ALL_NONE_260429_3,2026-04-29,0,KRW,2639,175,0,0,TXT,,,,,,,,,,,,,,,,,,,,,,,,,,,,,
Play for Free,광고 제목,HQ_HQ_PH_US-EN_GA_NU_AD_ACA-PU_260429,M_1844_INTEREST_GENRE_ALL_NONE_260429_3,2026-04-29,0,KRW,6617,151,1,0,TXT,,,,,,,,,,,,,,,,,,,,,,,,,,,,,
"Your RPG, In Your Hands",광고 제목,HQ_HQ_PH_US-EN_GA_NU_AD_ACA-PU_260429,M_1844_INTEREST_GENRE_ALL_NONE_260429_3,2026-04-29,0,KRW,2756,138,0,0,TXT,,,,,,,,,,,,,,,,,,,,,,,,,,,,,
Adorable Yet Powerful! Collect Heroes With Diverse Charms,설명,HQ_HQ_PH_US-EN_GA_NU_AD_ACA-PU_260429,M_1844_INTEREST_GENRE_ALL_NONE_260429_3,2026-04-29,0,KRW,3208,178,2,0,TXT,,,,,,,,,,,,,,,,,,,,,,,,,,,,,
Clock Out and Start Your Treasure Hunt!,설명,HQ_HQ_PH_US-EN_GA_NU_AD_ACA-PU_260429,M_1844_INTEREST_GENRE_ALL_NONE_260429_3,2026-04-29,0,KRW,4719,153,1,0,TXT,,,,,,,,,,,,,,,,,,,,,,,,,,,,,
Get Rewards Worth $100! Play Now!,설명,HQ_HQ_PH_US-EN_GA_NU_AD_ACA-PU_260429,M_1844_INTEREST_GENRE_ALL_NONE_260429_3,2026-04-29,0,KRW,3816,184,2,0,TXT,,,,,,,,,,,,,,,,,,,,,,,,,,,,,
Strategic Battles With Heroes Full of Personality! Win With Your Own Squad,설명,HQ_HQ_PH_US-EN_GA_NU_AD_ACA-PU_260429,M_1844_INTEREST_GENRE_ALL_NONE_260429_3,2026-04-29,0,KRW,2876,137,0,0,TXT,,,,,,,,,,,,,,,,,,,,,,,,,,,,,
Unique Hero Skills and Synergies! The Collectible RPG of Endless Team Combinations,설명,HQ_HQ_PH_US-EN_GA_NU_AD_ACA-PU_260429,M_1844_INTEREST_GENRE_ALL_NONE_260429_3,2026-04-29,0,KRW,2786,200,0,0,TXT,,,,,,,,,,,,,,,,,,,,,,,,,,,,,
260429_BNR_A-AI-Defeatmonster01A-DA_L_1200x628_EN.png;https://tpc.googlesyndication.com/simgad/5874425896871501801,가로형 이미지,HQ_HQ_PH_US-EN_GA_NU_AD_ACA-PU_260429,M_1844_INTEREST_GENRE_ALL_NONE_260429_3,2026-04-29,0,KRW,2042,12,1,0,BNR,가로형,2026-04-29,A,AI,Defeatmonster01A,EN,260429_BNR_A-AI-Defeatmonster01A-DA_L_1200x628_EN,A-AI-Defeatmonster01A-DA,https://tpc.googlesyndication.com/simgad/5874425896871501801,비주얼 임팩트,웅장함,,,,,아트 퀄리티,영지 빌딩,8인 실시간 전투,마그 탐험대,,어드벤처,,탐험 및 발견,클로즈업 및 줌,자연/야외 미학,만족과 성취감,인간형 영웅,2D 일러스트,성취감 테마를 통해 기존 RPG 유저의 도전 욕구를 충족시키며 클릭을 유도함.
260429_BNR_A-AI-Defeatmonster01A-DA_S_1200x1200_EN.png;https://tpc.googlesyndication.com/simgad/17279094099779978431,가로형 이미지,HQ_HQ_PH_US-EN_GA_NU_AD_ACA-PU_260429,M_1844_INTEREST_GENRE_ALL_NONE_260429_3,2026-04-29,0,KRW,0,3,0,0,BNR,정방형,2026-04-29,A,AI,Defeatmonster01A,EN,260429_BNR_A-AI-Defeatmonster01A-DA_S_1200x1200_EN,A-AI-Defeatmonster01A-DA,https://tpc.googlesyndication.com/simgad/17279094099779978431,비주얼 임팩트,웅장함,,,,,아트 퀄리티,영지 빌딩,8인 실시간 전투,마그 탐험대,,어드벤처,,탐험 및 발견,클로즈업 및 줌,자연/야외 미학,만족과 성취감,인간형 영웅,2D 일러스트,성취감 테마를 통해 기존 RPG 유저의 도전 욕구를 충족시키며 클릭을 유도함.
260429_BNR_A-AI-Favoritehero01A-DA_L_1200x628_EN.png;https://tpc.googlesyndication.com/simgad/1998466068806704912,가로형 이미지,HQ_HQ_PH_US-EN_GA_NU_AD_ACA-PU_260429,M_1844_INTEREST_GENRE_ALL_NONE_260429_3,2026-04-29,0,KRW,0,3,0,0,BNR,가로형,2026-04-29,A,AI,Favoritehero01A,EN,260429_BNR_A-AI-Favoritehero01A-DA_L_1200x628_EN,A-AI-Favoritehero01A-DA,https://tpc.googlesyndication.com/simgad/1998466068806704912,"질문/선택형, 캐릭터/유닛 외형",경쾌함,,,,"Who is your favorite hero?, VS, PLAY FOR FREE",아트 퀄리티,용병 모집,DIY 픽업 시스템,마그 탐험대,샤일린,히어로 수집 육성,,수집 및 도감,"분할 화면, 텍스트 오버레이",자연/야외 미학,수집욕/소유욕,"인간형 영웅, SD/치비 캐릭터",2D 일러스트,대조되는 속성의 캐릭터를 배치한 질문형 카피로 유저의 취향과 수집욕을 자극함.
260429_BNR_A-AI-Favoritehero01A-DA_S_1200x1200_EN.png;https://tpc.googlesyndication.com/simgad/5513864076699612430,가로형 이미지,HQ_HQ_PH_US-EN_GA_NU_AD_ACA-PU_260429,M_1844_INTEREST_GENRE_ALL_NONE_260429_3,2026-04-29,0,KRW,0,12,0,0,BNR,정방형,2026-04-29,A,AI,Favoritehero01A,EN,260429_BNR_A-AI-Favoritehero01A-DA_S_1200x1200_EN,A-AI-Favoritehero01A-DA,https://tpc.googlesyndication.com/simgad/5513864076699612430,"질문/선택형, 캐릭터/유닛 외형",경쾌함,,,,"Who is your favorite hero?, VS, PLAY FOR FREE",아트 퀄리티,용병 모집,DIY 픽업 시스템,마그 탐험대,샤일린,히어로 수집 육성,,수집 및 도감,"분할 화면, 텍스트 오버레이",자연/야외 미학,수집욕/소유욕,"인간형 영웅, SD/치비 캐릭터",2D 일러스트,대조되는 속성의 캐릭터를 배치한 질문형 카피로 유저의 취향과 수집욕을 자극함.
260429_BNR_A-AI-Favoritehero01A-DA_V_1200x1500_EN.png;https://tpc.googlesyndication.com/simgad/14656330935303652945,가로형 이미지,HQ_HQ_PH_US-EN_GA_NU_AD_ACA-PU_260429,M_1844_INTEREST_GENRE_ALL_NONE_260429_3,2026-04-29,0,KRW,0,1,0,0,BNR,세로형,2026-04-29,A,AI,Favoritehero01A,EN,260429_BNR_A-AI-Favoritehero01A-DA_V_1200x1500_EN,A-AI-Favoritehero01A-DA,https://tpc.googlesyndication.com/simgad/14656330935303652945,"질문/선택형, 캐릭터/유닛 외형",경쾌함,,,,"Who is your favorite hero?, VS, PLAY FOR FREE",아트 퀄리티,용병 모집,DIY 픽업 시스템,마그 탐험대,샤일린,히어로 수집 육성,,수집 및 도감,"분할 화면, 텍스트 오버레이",자연/야외 미학,수집욕/소유욕,"인간형 영웅, SD/치비 캐릭터",2D 일러스트,대조되는 속성의 캐릭터를 배치한 질문형 카피로 유저의 취향과 수집욕을 자극함.
260429_BNR_A-AI-Favoritehero01B-DA_L_1200x628_EN.png;https://tpc.googlesyndication.com/simgad/13430850387343170645,가로형 이미지,HQ_HQ_PH_US-EN_GA_NU_AD_ACA-PU_260429,M_1844_INTEREST_GENRE_ALL_NONE_260429_3,2026-04-29,0,KRW,14,14,0,0,BNR,가로형,2026-04-29,A,AI,Favoritehero01B,EN,260429_BNR_A-AI-Favoritehero01B-DA_L_1200x628_EN,A-AI-Favoritehero01B-DA,https://tpc.googlesyndication.com/simgad/13430850387343170645,"질문/선택형, 캐릭터/유닛 외형",,,,,"Who is your favorite hero?, VS, PLAY FOR FREE",아트 퀄리티,용병 모집,DIY 픽업 시스템,마그 탐험대,카르벨,히어로 수집 육성,,수집 및 도감,"분할 화면, 텍스트 오버레이",던전/신전,수집욕/소유욕,인간형 영웅,2D 일러스트,대조되는 속성의 캐릭터를 배치한 질문형 카피로 유저의 취향과 수집욕을 자극함.
260429_BNR_A-AI-Favoritehero01B-DA_S_1200x1200_EN.png;https://tpc.googlesyndication.com/simgad/4869773213661551192,가로형 이미지,HQ_HQ_PH_US-EN_GA_NU_AD_ACA-PU_260429,M_1844_INTEREST_GENRE_ALL_NONE_260429_3,2026-04-29,0,KRW,318,43,1,0,BNR,정방형,2026-04-29,A,AI,Favoritehero01B,EN,260429_BNR_A-AI-Favoritehero01B-DA_S_1200x1200_EN,A-AI-Favoritehero01B-DA,https://tpc.googlesyndication.com/simgad/4869773213661551192,"질문/선택형, 캐릭터/유닛 외형",,,,,"Who is your favorite hero?, VS, PLAY FOR FREE",아트 퀄리티,용병 모집,DIY 픽업 시스템,마그 탐험대,카르벨,히어로 수집 육성,,수집 및 도감,"분할 화면, 텍스트 오버레이",던전/신전,수집욕/소유욕,인간형 영웅,2D 일러스트,대조되는 속성의 캐릭터를 배치한 질문형 카피로 유저의 취향과 수집욕을 자극함.
260429_BNR_A-AI-Victory01A-DA_L_1200x628_EN.png;https://tpc.googlesyndication.com/simgad/17680799217874309764,가로형 이미지,HQ_HQ_PH_US-EN_GA_NU_AD_ACA-PU_260429,M_1844_INTEREST_GENRE_ALL_NONE_260429_3,2026-04-29,0,KRW,0,1,0,0,BNR,가로형,2026-04-29,A,AI,Victory01A,EN,260429_BNR_A-AI-Victory01A-DA_L_1200x628_EN,A-AI-Victory01A-DA,https://tpc.googlesyndication.com/simgad/17680799217874309764,"비주얼 임팩트, 압도적 보상",,,,,"VICTORY!, Crush The Monsters With the Top Squad, PLAY FREE","보상, 전략성",스쿼드 전투,보스 레이드,마그 탐험대,카르벨,렐릭 탐험 어드벤처,,"전투 및 액션, 장애물 및 도전",텍스트 오버레이,던전/신전,만족과 성취감,"인간형 영웅, 거대 보스, 재화/보물상자",2D 일러스트,보스 토벌 후 쏟아지는 재화 연출로 성취감을 주고 파티 편성 로망을 자극함.
260429_BNR_A-AI-Victory01A-DA_S_1200x1200_EN.png;https://tpc.googlesyndication.com/simgad/8323476710876020002,가로형 이미지,HQ_HQ_PH_US-EN_GA_NU_AD_ACA-PU_260429,M_1844_INTEREST_GENRE_ALL_NONE_260429_3,2026-04-29,0,KRW,800,2,1,0,BNR,정방형,2026-04-29,A,AI,Victory01A,EN,260429_BNR_A-AI-Victory01A-DA_S_1200x1200_EN,A-AI-Victory01A-DA,https://tpc.googlesyndication.com/simgad/8323476710876020002,"비주얼 임팩트, 압도적 보상",,,,,"VICTORY!, Crush The Monsters With the Top Squad, PLAY FREE","보상, 전략성",스쿼드 전투,보스 레이드,마그 탐험대,카르벨,렐릭 탐험 어드벤처,,"전투 및 액션, 장애물 및 도전",텍스트 오버레이,던전/신전,만족과 성취감,"인간형 영웅, 거대 보스, 재화/보물상자",2D 일러스트,보스 토벌 후 쏟아지는 재화 연출로 성취감을 주고 파티 편성 로망을 자극함.
260429_BNR_A-AI-Victory01A-DA_V_1200x1500_EN.png;https://tpc.googlesyndication.com/simgad/4104206601493878101,가로형 이미지,HQ_HQ_PH_US-EN_GA_NU_AD_ACA-PU_260429,M_1844_INTEREST_GENRE_ALL_NONE_260429_3,2026-04-29,0,KRW,0,5,0,0,BNR,세로형,2026-04-29,A,AI,Victory01A,EN,260429_BNR_A-AI-Victory01A-DA_V_1200x1500_EN,A-AI-Victory01A-DA,https://tpc.googlesyndication.com/simgad/4104206601493878101,"비주얼 임팩트, 압도적 보상",,,,,"VICTORY!, Crush The Monsters With the Top Squad, PLAY FREE","보상, 전략성",스쿼드 전투,보스 레이드,마그 탐험대,카르벨,렐릭 탐험 어드벤처,,"전투 및 액션, 장애물 및 도전",텍스트 오버레이,던전/신전,만족과 성취감,"인간형 영웅, 거대 보스, 재화/보물상자",2D 일러스트,보스 토벌 후 쏟아지는 재화 연출로 성취감을 주고 파티 편성 로망을 자극함.
260406_VID_A-Character-Collection01B-UA_S_1080x1080_EN;https://www.youtube.com/watch?v=cTfY4JpFc-s,YouTube 동영상,HQ_HQ_PH_US-EN_GA_NU_AD_ACA-PU_260429,M_1844_INTEREST_GENRE_ALL_NONE_260429_3,2026-04-29,1,KRW,309,17,0,0,VID,정방형,2026-04-06,A,Character,Collection01B,EN;https://www,260406_VID_A-Character-Collection01B-UA_S_1080x1080_EN,A-Character-Collection01B-UA,https://www.youtube.com/watch?v=cTfY4JpFc-s,"질문/선택형, 캐릭터/유닛 외형",경쾌함,TRUE,,없음,"CHOOSE YOUR HERO, HUGO, KARBEL, MONAD","캐릭터, 수집형RPG, 전략성",용병 모집(Gacha),DIY 픽업 시스템,마그 탐험대,"휴고, 카르벨, 모나드",히어로 수집 육성,남성 캐릭터 위주 배치,수집 및 도감,"텍스트 오버레이, 분할 화면",심플/클린 UI,수집욕/소유욕,"SD/치비 캐릭터, 인간형 영웅",2D 일러스트,캐릭터 구성 대조를 통한 타겟 취향별 효율 분석. 탱커 및 딜러 중심 덱 선호 심리 공략하며 캐릭터 조합 변주 소재로 리타겟팅 광고 활용 권장.
260406_VID_A-Character-Combat01A-UA_L_1920x1080_EN;https://www.youtube.com/watch?v=2W7-0AV2mfg,YouTube 동영상,HQ_HQ_PH_US-EN_GA_NU_AD_ACA-PU_260429,M_1844_INTEREST_GENRE_ALL_NONE_260429_3,2026-04-29,0,KRW,342,19,0,0,VID,가로형,2026-04-06,A,Character,Combat01A,EN;https://www,260406_VID_A-Character-Combat01A-UA_L_1920x1080_EN,A-Character-Combat01A-UA,https://www.youtube.com/watch?v=2W7-0AV2mfg,"비주얼 임팩트, 캐릭터/유닛 외형",긴박함,TRUE,,없음,"VINESSA, A DARK WIZARD WHO DOMINATES THE FIELD, SOPHIA, REMOVES ALL DEBUFFS! THE KEY TO SURVIVAL, BERNETA, A SYNERGY DEALER THAT PERFECTS YOUR TEAM, PLAY FOR FREE","아트 퀄리티, 캐릭터, 수집형RPG, 전략성",용병 모집,스킬 컷신 연출,마그 탐험대,"Vinessa, Sophia, Berneta",렐릭 탐험 어드벤처,캐릭터별 스킬 특징 강조,전투 및 액션,"텍스트 오버레이, 클로즈업 및 줌",자연/야외 미학,"도전과 승부욕, 수집욕/소유욕","인간형 영웅, SD/치비 캐릭터, 성장 지표","2.5D 입체 그래픽, 2D 일러스트",인게임 전투와 일러스트 교차 편집으로 몰입도 극대화. 캐릭터 스킬 및 시너지로 전략적 호기심 자극. 플레이 영상 기반 안정적 CVR 확보 및 캐릭터 속성 대비 변주 제안.
260406_VID_A-Character-Combat01A-UA_S_1080x1080_EN;https://www.youtube.com/watch?v=jnNAzjzUw8o,YouTube 동영상,HQ_HQ_PH_US-EN_GA_NU_AD_ACA-PU_260429,M_1844_INTEREST_GENRE_ALL_NONE_260429_3,2026-04-29,0,KRW,1404,25,0,0,VID,정방형,2026-04-06,A,Character,Combat01A,EN;https://www,260406_VID_A-Character-Combat01A-UA_S_1080x1080_EN,A-Character-Combat01A-UA,https://www.youtube.com/watch?v=jnNAzjzUw8o,"비주얼 임팩트, 캐릭터/유닛 외형",긴박함,TRUE,,없음,"VINESSA, A DARK WIZARD WHO DOMINATES THE FIELD, SOPHIA, REMOVES ALL DEBUFFS! THE KEY TO SURVIVAL, BERNETA, A SYNERGY DEALER THAT PERFECTS YOUR TEAM, PLAY FOR FREE","아트 퀄리티, 캐릭터, 수집형RPG, 전략성",용병 모집,스킬 컷신 연출,마그 탐험대,"Vinessa, Sophia, Berneta",렐릭 탐험 어드벤처,캐릭터별 스킬 특징 강조,전투 및 액션,"텍스트 오버레이, 클로즈업 및 줌",자연/야외 미학,"도전과 승부욕, 수집욕/소유욕","인간형 영웅, SD/치비 캐릭터, 성장 지표","2.5D 입체 그래픽, 2D 일러스트",SSR 비네사 비주얼을 초반에 배치해 RPG 팬덤 시선 확보. 고퀄리티 애니메이션으로 캐릭터 소유욕을 자극하며 스킬 콤보 시리즈로 소재 확장 가능.
260406_VID_A-Character-Combat01A-UA_V_1080x1920_EN;https://www.youtube.com/watch?v=tHmXhOKu33A,YouTube 동영상,HQ_HQ_PH_US-EN_GA_NU_AD_ACA-PU_260429,M_1844_INTEREST_GENRE_ALL_NONE_260429_3,2026-04-29,0,KRW,4387,82,0,0,VID,세로형,2026-04-06,A,Character,Combat01A,EN;https://www,260406_VID_A-Character-Combat01A-UA_V_1080x1920_EN,A-Character-Combat01A-UA,https://www.youtube.com/watch?v=tHmXhOKu33A,"비주얼 임팩트, 캐릭터/유닛 외형",긴박함,TRUE,,없음,"VINESSA, A DARK WIZARD WHO DOMINATES THE FIELD, SOPHIA, REMOVES ALL DEBUFFS! THE KEY TO SURVIVAL, BERNETA, A SYNERGY DEALER THAT PERFECTS YOUR TEAM, PLAY FOR FREE","아트 퀄리티, 캐릭터, 수집형RPG, 전략성",용병 모집,스킬 컷신 연출,마그 탐험대,"Vinessa, Sophia, Berneta",렐릭 탐험 어드벤처,캐릭터별 스킬 특징 강조,전투 및 액션,"텍스트 오버레이, 클로즈업 및 줌",자연/야외 미학,"도전과 승부욕, 수집욕/소유욕","인간형 영웅, SD/치비 캐릭터, 성장 지표","2.5D 입체 그래픽, 2D 일러스트",숏폼 최적화 세로 분할 화면으로 캐릭터와 전투 연출 강조. 한 손 플레이 선호 심리를 공략하여 틱톡 및 릴스 내 높은 조회수 확보 기대.
260406_VID_A-Character-Combat01B-UA_L_1920x1080_EN;https://www.youtube.com/watch?v=d4rVTfnnYhg,YouTube 동영상,HQ_HQ_PH_US-EN_GA_NU_AD_ACA-PU_260429,M_1844_INTEREST_GENRE_ALL_NONE_260429_3,2026-04-29,1,KRW,6617,77,2,0,VID,가로형,2026-04-06,A,Character,Combat01B,EN;https://www,260406_VID_A-Character-Combat01B-UA_L_1920x1080_EN,A-Character-Combat01B-UA,https://www.youtube.com/watch?v=d4rVTfnnYhg,"비주얼 임팩트, 캐릭터/유닛 외형",긴박함,TRUE,,없음,"HUGO, An indomitable warrior..., MONAD, A sage who devastates..., KARBEL, A fiery dealer..., PLAY FOR FREE","전략성, 아트 퀄리티",용병 모집,8인 실시간 전투,마그 탐험대,"Hugo, Monad, Karbel",히어로 수집 육성,,전투 및 액션,"텍스트 오버레이, 클로즈업 및 줌",자연/야외 미학,"도전과 승부욕, 수집욕/소유욕","인간형 영웅, SD/치비 캐릭터, 성장 지표","2.5D 입체 그래픽, 2D 일러스트",16:9 뷰로 넓은 전장과 스킬 강조. 화려한 연출로 타격감 선호 유저 공략. 전투 선호층 대상 높은 전환율 기대.
260406_VID_A-Character-Combat01B-UA_S_1080x1080_EN;https://www.youtube.com/watch?v=tcTIYuJi7pM,YouTube 동영상,HQ_HQ_PH_US-EN_GA_NU_AD_ACA-PU_260429,M_1844_INTEREST_GENRE_ALL_NONE_260429_3,2026-04-29,0,KRW,1312,27,0,0,VID,정방형,2026-04-06,A,Character,Combat01B,EN;https://www,260406_VID_A-Character-Combat01B-UA_S_1080x1080_EN,A-Character-Combat01B-UA,https://www.youtube.com/watch?v=tcTIYuJi7pM,"비주얼 임팩트, 캐릭터/유닛 외형",긴박함,TRUE,,없음,"HUGO, An indomitable warrior..., MONAD, A sage who devastates..., KARBEL, A fiery dealer..., PLAY FOR FREE","전략성, 아트 퀄리티",용병 모집,8인 실시간 전투,마그 탐험대,"Hugo, Monad, Karbel",히어로 수집 육성,,전투 및 액션,"텍스트 오버레이, 클로즈업 및 줌",자연/야외 미학,"도전과 승부욕, 수집욕/소유욕","인간형 영웅, SD/치비 캐릭터, 성장 지표","2.5D 입체 그래픽, 2D 일러스트",소피아의 생존 및 지원 능력과 팀 시너지를 강조해 전략적 유저 공략. 비네사 소재 A/B 테스트로 타겟별 선호 캐릭터 최적화 및 성과 확장 도모.
260406_VID_A-Character-Combat01B-UA_V_1080x1920_EN;https://www.youtube.com/watch?v=rrd-TGZqEqc,YouTube 동영상,HQ_HQ_PH_US-EN_GA_NU_AD_ACA-PU_260429,M_1844_INTEREST_GENRE_ALL_NONE_260429_3,2026-04-29,0,KRW,6763,485,2,0,VID,세로형,2026-04-06,A,Character,Combat01B,EN;https://www,260406_VID_A-Character-Combat01B-UA_V_1080x1920_EN,A-Character-Combat01B-UA,https://www.youtube.com/watch?v=rrd-TGZqEqc,"비주얼 임팩트, 캐릭터/유닛 외형",긴박함,TRUE,,없음,"HUGO, An indomitable warrior..., MONAD, A sage who devastates..., KARBEL, A fiery dealer..., PLAY FOR FREE","전략성, 아트 퀄리티",용병 모집,8인 실시간 전투,마그 탐험대,"Hugo, Monad, Karbel",히어로 수집 육성,,전투 및 액션,"텍스트 오버레이, 클로즈업 및 줌",자연/야외 미학,"도전과 승부욕, 수집욕/소유욕","인간형 영웅, SD/치비 캐릭터, 성장 지표","2.5D 입체 그래픽, 2D 일러스트",직관적인 탱딜힐 구성으로 정통 RPG 유저의 파티 니즈 충족. 역할군 조합의 재미를 텍스트로 보강하여 효율 극대화 기대.
260406_VID_A-Charater-Collection01B-UA_L_1920x1080_EN;https://www.youtube.com/watch?v=rRGCh1x6a6M,YouTube 동영상,HQ_HQ_PH_US-EN_GA_NU_AD_ACA-PU_260429,M_1844_INTEREST_GENRE_ALL_NONE_260429_3,2026-04-29,0,KRW,521,17,0,0,VID,가로형,2026-04-06,A,Charater,Collection01B,EN;https://www,260406_VID_A-Charater-Collection01B-UA_L_1920x1080_EN,A-Charater-Collection01B-UA,https://www.youtube.com/watch?v=rRGCh1x6a6M,"질문/선택형, 캐릭터/유닛 외형",경쾌함,TRUE,,없음,"CHOOSE YOUR HERO, HUGO, PLAY FOR FREE","아트 퀄리티, 전략성",용병 모집,DIY 픽업 시스템,마그 탐험대,Hugo,히어로 수집 육성,,수집 및 도감,"텍스트 오버레이, 클로즈업 및 줌",심플/클린 UI,"수집욕/소유욕, 만족과 성취감","인간형 영웅, SD/치비 캐릭터","2.5D 입체 그래픽, 2D 일러스트","그리드 UI로 풍부한 캐릭터 풀을 어필해 수집 욕구를 자극하며, 캐릭터 강조 엔드카드를 통해 높은 잔존율을 확보합니다."
260406_VID_A-Charater-Collection01B-UA_V_1080x1920_EN;https://www.youtube.com/watch?v=u5diHTUsSOs,YouTube 동영상,HQ_HQ_PH_US-EN_GA_NU_AD_ACA-PU_260429,M_1844_INTEREST_GENRE_ALL_NONE_260429_3,2026-04-29,0,KRW,97,13,0,0,VID,세로형,2026-04-06,A,Charater,Collection01B,EN;https://www,260406_VID_A-Charater-Collection01B-UA_V_1080x1920_EN,A-Charater-Collection01B-UA,https://www.youtube.com/watch?v=u5diHTUsSOs,"질문/선택형, 캐릭터/유닛 외형",경쾌함,TRUE,,없음,"CHOOSE YOUR HERO, HUGO, PLAY FOR FREE","아트 퀄리티, 전략성",용병 모집,DIY 픽업 시스템,마그 탐험대,Hugo,히어로 수집 육성,캐릭터 픽(Pick) 연출,수집 및 도감,"텍스트 오버레이, 클로즈업 및 줌",심플/클린 UI,"수집욕/소유욕, 만족과 성취감","인간형 영웅, SD/치비 캐릭터","2.5D 입체 그래픽, 2D 일러스트",직접 영웅을 선택하는 인터랙티브 경험으로 기대감 부여. 다양한 영웅 노출을 통해 유저 취향을 공략하고 반복적인 참여 유도.
260406_VID_A-Hooking-Reward02A-FK_L_1920x1080_EN;https://www.youtube.com/watch?v=oRlzfGbT3xY,YouTube 동영상,HQ_HQ_PH_US-EN_GA_NU_AD_ACA-PU_260429,M_1844_INTEREST_GENRE_ALL_NONE_260429_3,2026-04-29,2,KRW,11594,146,1,0,VID,가로형,2026-04-06,A,Hooking,Reward02A,EN;https://www,260406_VID_A-Hooking-Reward02A-FK_L_1920x1080_EN,A-Hooking-Reward02A-FK,https://www.youtube.com/watch?v=oRlzfGbT3xY,"실패/분노 유도, 압도적 보상",긴박함,TRUE,,없음,"Tap here to save him!, Help me!, HELP KARBEL CLEAR, Claim your SR character and rewards worth $100!, PLAY FOR FREE",보상,용병 모집,우호도 시스템,마그 탐험대,카르벨(Karbel),히어로 수집 육성,페이크 플레이(구출 미니게임) 형식 활용,퍼즐 및 논리,"손가락 지시선, 텍스트 오버레이",자연/야외 미학,"도전과 승부욕, 만족과 성취감","SD/치비 캐릭터, 재화/보물상자",2D 일러스트,구출 미니게임 방식을 활용해 시청자 이탈을 방지하고 즉각적인 행동을 유도합니다. 대량의 재화 보상으로 성취감을 자극하여 저단가 트래픽 확보 및 높은 클릭률을 공략합니다.
260406_VID_A-Hooking-Reward02A-FK_S_1080x1080_EN;https://www.youtube.com/watch?v=EgLwtP8WjE4,YouTube 동영상,HQ_HQ_PH_US-EN_GA_NU_AD_ACA-PU_260429,M_1844_INTEREST_GENRE_ALL_NONE_260429_3,2026-04-29,1,KRW,463,8,2,0,VID,정방형,2026-04-06,A,Hooking,Reward02A,EN;https://www,260406_VID_A-Hooking-Reward02A-FK_S_1080x1080_EN,A-Hooking-Reward02A-FK,https://www.youtube.com/watch?v=EgLwtP8WjE4,"실패/분노 유도, 압도적 보상",긴박함,TRUE,,없음,"Tap here to save him!, Help me!, HELP KARBEL CLEAR, Claim your SR character and rewards worth $100!, PLAY FOR FREE",보상,용병 모집,우호도 시스템,마그 탐험대,카르벨(Karbel),히어로 수집 육성,페이크 플레이(구출 미니게임) 형식 활용,퍼즐 및 논리,"손가락 지시선, 텍스트 오버레이",자연/야외 미학,"도전과 승부욕, 만족과 성취감","SD/치비 캐릭터, 재화/보물상자",2D 일러스트,위기 상황 미션과 100달러 보상으로 유저 참여 및 전환 유도. 쉬운 조작성 강조로 진입 장벽을 낮춰 대량 유입용 런칭 소재로 적합.
260406_VID_A-Hooking-Reward02A-FK_V_1080x1920_EN;https://www.youtube.com/watch?v=b7LsalWUDvQ,YouTube 동영상,HQ_HQ_PH_US-EN_GA_NU_AD_ACA-PU_260429,M_1844_INTEREST_GENRE_ALL_NONE_260429_3,2026-04-29,0,KRW,154,10,0,0,VID,세로형,2026-04-06,A,Hooking,Reward02A,EN;https://www,260406_VID_A-Hooking-Reward02A-FK_V_1080x1920_EN,A-Hooking-Reward02A-FK,https://www.youtube.com/watch?v=b7LsalWUDvQ,"실패/분노 유도, 압도적 보상",긴박함,TRUE,,없음,"Tap here to save him!, Help me!, HELP KARBEL CLEAR, Claim your SR character and rewards worth $100!, PLAY FOR FREE",보상,용병 모집,우호도 시스템,마그 탐험대,카르벨(Karbel),히어로 수집 육성,페이크 플레이(구출 미니게임) 형식 활용,퍼즐 및 논리,"손가락 지시선, 텍스트 오버레이",자연/야외 미학,"도전과 승부욕, 만족과 성취감","SD/치비 캐릭터, 재화/보물상자",2D 일러스트,9:16 세로형 구조로 터치 인터랙션을 극대화하고 FOMO를 자극해 시청 완료율을 높입니다. 캐릭터 활용 및 실패 연출의 A/B 테스트 확장을 제안합니다.
260406_VID_A-Hooking-Reward03A-UA_L_1920x1080_EN;https://www.youtube.com/watch?v=XUrzh1Qrk5w,YouTube 동영상,HQ_HQ_PH_US-EN_GA_NU_AD_ACA-PU_260429,M_1844_INTEREST_GENRE_ALL_NONE_260429_3,2026-04-29,5,KRW,710,14,0,"30,980.23",VID,가로형,2026-04-06,A,Hooking,Reward03A,EN;https://www,260406_VID_A-Hooking-Reward03A-UA_L_1920x1080_EN,A-Hooking-Reward03A-UA,https://www.youtube.com/watch?v=XUrzh1Qrk5w,"압도적 보상, 실패/분노 유도",경쾌함,TRUE,,없음,"WARNING Skip and you will lose your $100 rewards, Tap within 5 Seconds, SR, PLAY FOR FREE!, Claim your SR character and rewards worth $100!",보상,용병 모집,,마그 탐험대,Karbel,히어로 수집 육성,$100 가치 혜택 강조,수집 및 도감,"손가락 지시선, 텍스트 오버레이",심플/클린 UI,"만족과 성취감, 수집욕/소유욕","재화/보물상자, SD/치비 캐릭터","2D 일러스트, 2.5D 입체 그래픽","가로 화면을 활용한 화려한 연출로 시각적 몰입감을 높이고, 보상 상실에 대한 FOMO 심리를 자극하여 가로형 매체 타겟 광고 효율을 극대화함."
260406_VID_A-Hooking-Reward03A-UA_S_1080x1080_EN;https://www.youtube.com/watch?v=VGJB5tDWops,YouTube 동영상,HQ_HQ_PH_US-EN_GA_NU_AD_ACA-PU_260429,M_1844_INTEREST_GENRE_ALL_NONE_260429_3,2026-04-29,0,KRW,522,18,0,0,VID,정방형,2026-04-06,A,Hooking,Reward03A,EN;https://www,260406_VID_A-Hooking-Reward03A-UA_S_1080x1080_EN,A-Hooking-Reward03A-UA,https://www.youtube.com/watch?v=VGJB5tDWops,"압도적 보상, 실패/분노 유도",경쾌함,TRUE,,없음,"WARNING Skip and you will lose your $100 rewards, Tap within 5 Seconds, SR, PLAY FOR FREE!, Claim your SR character and rewards worth $100!",보상,용병 모집,,마그 탐험대,Karbel,히어로 수집 육성,$100 가치 혜택 강조,수집 및 도감,"손가락 지시선, 텍스트 오버레이",심플/클린 UI,"만족과 성취감, 수집욕/소유욕","재화/보물상자, SD/치비 캐릭터","2D 일러스트, 2.5D 입체 그래픽",부정적 후킹과 시간 제한으로 클릭 유도. $100 가치 및 SR 확정으로 수익 구체화. 높은 CVR 예상되며 보상 변주를 통한 라이브 옵스 제안.
260406_VID_A-Hooking-Reward03A-UA_V_1080x1920_EN;https://www.youtube.com/watch?v=jA_HAiz95x4,YouTube 동영상,HQ_HQ_PH_US-EN_GA_NU_AD_ACA-PU_260429,M_1844_INTEREST_GENRE_ALL_NONE_260429_3,2026-04-29,0,KRW,3336,43,0,0,VID,세로형,2026-04-06,A,Hooking,Reward03A,EN;https://www,260406_VID_A-Hooking-Reward03A-UA_V_1080x1920_EN,A-Hooking-Reward03A-UA,https://www.youtube.com/watch?v=jA_HAiz95x4,"압도적 보상, 실패/분노 유도",경쾌함,TRUE,,없음,"WARNING Skip and you will lose your $100 rewards, Tap within 5 Seconds, SR, PLAY FOR FREE!, Claim your SR character and rewards worth $100!",보상,용병 모집,,마그 탐험대,Karbel,히어로 수집 육성,$100 가치 혜택 강조,수집 및 도감,"손가락 지시선, 텍스트 오버레이",심플/클린 UI,"만족과 성취감, 수집욕/소유욕","재화/보물상자, SD/치비 캐릭터","2D 일러스트, 2.5D 입체 그래픽",도발적 문구와 타이머로 이탈을 방지하고 FOMO 심리를 자극함. 보상형 인벤토리 활용을 통해 UA 매체에서 압도적 전환율 달성 기대.
260406_VID_A-Mob-Adventure01A-UA_L_1920x1080_EN;https://www.youtube.com/watch?v=hVmkPdIsz70,YouTube 동영상,HQ_HQ_PH_US-EN_GA_NU_AD_ACA-PU_260429,M_1844_INTEREST_GENRE_ALL_NONE_260429_3,2026-04-29,0,KRW,730,18,0,0,VID,가로형,2026-04-06,A,Mob,Adventure01A,EN;https://www,260406_VID_A-Mob-Adventure01A-UA_L_1920x1080_EN,A-Mob-Adventure01A-UA,https://www.youtube.com/watch?v=hVmkPdIsz70,"비주얼 임팩트, 성장 비포애프터",긴박함,TRUE,,없음,"WARNING, GOBLINS INCOMING!, Goblins? Easy! Level UP! UP!, Power Boost! BOOM! BOOM!, Strategic deployment!, Get ready for BATTLE!","편의성, 전략성",AFK 기능,8인 실시간 전투,고블린,카르벨,렐릭 탐험 어드벤처,스마트폰 UI 팝업 연출,"시뮬레이션 및 관리, 장애물 및 도전","텍스트 오버레이, 클로즈업 및 줌",자연/야외 미학,"도전과 승부욕, 만족과 성취감","SD/치비 캐릭터, 성장 지표, 군단/대규모 유닛",2.5D 입체 그래픽,16:9 화면 대비로 대규모 전투와 모바일 최적화 강조. 방치형 육성 선호 유저 타겟으로 핵심 시스템 소구 및 브랜딩·퍼포먼스 효율 기대.
260406_VID_A-Mob-Adventure01A-UA_S_1080x1080_EN;https://www.youtube.com/watch?v=LMKl0g6yRJU,YouTube 동영상,HQ_HQ_PH_US-EN_GA_NU_AD_ACA-PU_260429,M_1844_INTEREST_GENRE_ALL_NONE_260429_3,2026-04-29,0,KRW,1497,42,0,0,VID,정방형,2026-04-06,A,Mob,Adventure01A,EN;https://www,260406_VID_A-Mob-Adventure01A-UA_S_1080x1080_EN,A-Mob-Adventure01A-UA,https://www.youtube.com/watch?v=LMKl0g6yRJU,"비주얼 임팩트, 성장 비포애프터",긴박함,TRUE,,없음,"WARNING, GOBLINS INCOMING!, Goblins? Easy! Level UP! UP!, Power Boost! BOOM! BOOM!, Strategic deployment!, Get ready for BATTLE!","편의성, 전략성",AFK 기능,8인 실시간 전투,고블린,카르벨,렐릭 탐험 어드벤처,스마트폰 UI 팝업 연출,"시뮬레이션 및 관리, 장애물 및 도전","텍스트 오버레이, 클로즈업 및 줌",자연/야외 미학,"도전과 승부욕, 참여와 임장감","SD/치비 캐릭터, 성장 지표, 군단/대규모 유닛",2.5D 입체 그래픽,경고 연출로 몰입도를 높이고 쉬운 성장을 강조해 진입 장벽 완화. 대규모 레이드 소재 확장을 통한 중장기 성과 기대.
260406_VID_A-Mob-Adventure01A-UA_V_1080x1920_EN;https://www.youtube.com/watch?v=nIYkYZ-JFj0,YouTube 동영상,HQ_HQ_PH_US-EN_GA_NU_AD_ACA-PU_260429,M_1844_INTEREST_GENRE_ALL_NONE_260429_3,2026-04-29,0,KRW,857,46,0,0,VID,세로형,2026-04-06,A,Mob,Adventure01A,EN;https://www,260406_VID_A-Mob-Adventure01A-UA_V_1080x1920_EN,A-Mob-Adventure01A-UA,https://www.youtube.com/watch?v=nIYkYZ-JFj0,"비주얼 임팩트, 성장 비포애프터",긴박함,TRUE,,없음,"WARNING, GOBLINS INCOMING!, Goblins? Easy! Level UP! UP!, Power Boost! BOOM! BOOM!, Strategic deployment!, Get ready for BATTLE!","편의성, 전략성",AFK 기능,8인 실시간 전투,고블린,카르벨,렐릭 탐험 어드벤처,스마트폰 UI 팝업 연출,"시뮬레이션 및 관리, 장애물 및 도전","텍스트 오버레이, 클로즈업 및 줌",자연/야외 미학,"도전과 승부욕, 만족과 성취감","SD/치비 캐릭터, 성장 지표, 군단/대규모 유닛",2.5D 입체 그래픽,세로형 피드 최적화 UI와 마을 습격 반전 연출로 이탈 방지. 직관적 레벨업과 전략적 배치 중심의 성장 쾌감을 자극해 숏폼 환경 내 높은 시청 유지율 및 전환율 기대.
Cute but Powerful Squad,광고 제목,HQ_HQ_PH_US-EN_GA_NU_AD_ACA-PU_260429,M_1844_INTEREST_GENRE_ALL_NONE_260429_2,2026-04-29,1,KRW,2015,122,2,0,TXT,,,,,,,,,,,,,,,,,,,,,,,,,,,,,
Let’s Hunt for Treasure!,광고 제목,HQ_HQ_PH_US-EN_GA_NU_AD_ACA-PU_260429,M_1844_INTEREST_GENRE_ALL_NONE_260429_2,2026-04-29,0,KRW,2561,141,0,0,TXT,,,,,,,,,,,,,,,,,,,,,,,,,,,,,
Pepp Heroes,광고 제목,HQ_HQ_PH_US-EN_GA_NU_AD_ACA-PU_260429,M_1844_INTEREST_GENRE_ALL_NONE_260429_2,2026-04-29,2,KRW,5617,128,3,"5,871.94",TXT,,,,,,,,,,,,,,,,,,,,,,,,,,,,,
Play for Free,광고 제목,HQ_HQ_PH_US-EN_GA_NU_AD_ACA-PU_260429,M_1844_INTEREST_GENRE_ALL_NONE_260429_2,2026-04-29,0,KRW,1990,123,0,0,TXT,,,,,,,,,,,,,,,,,,,,,,,,,,,,,
"Your RPG, In Your Hands",광고 제목,HQ_HQ_PH_US-EN_GA_NU_AD_ACA-PU_260429,M_1844_INTEREST_GENRE_ALL_NONE_260429_2,2026-04-29,0,KRW,1338,118,0,0,TXT,,,,,,,,,,,,,,,,,,,,,,,,,,,,,
Adorable Yet Powerful! Collect Heroes With Diverse Charms,설명,HQ_HQ_PH_US-EN_GA_NU_AD_ACA-PU_260429,M_1844_INTEREST_GENRE_ALL_NONE_260429_2,2026-04-29,1,KRW,1618,130,2,0,TXT,,,,,,,,,,,,,,,,,,,,,,,,,,,,,
Clock Out and Start Your Treasure Hunt!,설명,HQ_HQ_PH_US-EN_GA_NU_AD_ACA-PU_260429,M_1844_INTEREST_GENRE_ALL_NONE_260429_2,2026-04-29,2,KRW,1260,125,1,"5,871.94",TXT,,,,,,,,,,,,,,,,,,,,,,,,,,,,,
Get Rewards Worth $100! Play Now!,설명,HQ_HQ_PH_US-EN_GA_NU_AD_ACA-PU_260429,M_1844_INTEREST_GENRE_ALL_NONE_260429_2,2026-04-29,0,KRW,1768,142,0,0,TXT,,,,,,,,,,,,,,,,,,,,,,,,,,,,,
Strategic Battles With Heroes Full of Personality! Win With Your Own Squad,설명,HQ_HQ_PH_US-EN_GA_NU_AD_ACA-PU_260429,M_1844_INTEREST_GENRE_ALL_NONE_260429_2,2026-04-29,0,KRW,2674,118,0,0,TXT,,,,,,,,,,,,,,,,,,,,,,,,,,,,,
Unique Hero Skills and Synergies! The Collectible RPG of Endless Team Combinations,설명,HQ_HQ_PH_US-EN_GA_NU_AD_ACA-PU_260429,M_1844_INTEREST_GENRE_ALL_NONE_260429_2,2026-04-29,0,KRW,2347,146,0,0,TXT,,,,,,,,,,,,,,,,,,,,,,,,,,,,,
260406_BNR_A-Character-100usd01A-DA_L_1200x628_EN.jpg;https://tpc.googlesyndication.com/simgad/128038747177600361,가로형 이미지,HQ_HQ_PH_US-EN_GA_NU_AD_ACA-PU_260429,M_1844_INTEREST_GENRE_ALL_NONE_260429_2,2026-04-29,0,KRW,0,2,0,0,BNR,가로형,2026-04-06,A,Character,100usd01A,EN,260406_BNR_A-Character-100usd01A-DA_L_1200x628_EN,A-Character-100usd01A-DA,https://tpc.googlesyndication.com/simgad/128038747177600361,"압도적 보상, 캐릭터/유닛 외형",,,,,"Pre-registration Event, $100, Pre-register and Earn Rewards Worth $100!, Claim Rewards","보상, 릴리즈 예고",용병 모집(Gacha),사전예약 혜택,마그 탐험대,카르벨(Karbel),히어로 수집 육성,,수집 및 도감,"텍스트 오버레이, 클로즈업 및 줌",심플/클린 UI,"수집욕/소유욕, 만족과 성취감","인간형 영웅, 재화/보물상자","2D 일러스트, 2.5D 입체 그래픽","100달러 가치 강조로 사전예약 전환율을 극대화합니다. 보상 강조를 통해 초반 성장 불안을 해소하며, 향후 보상 아이템 노출을 통해 높은 클릭률을 유도합니다."
260406_BNR_A-Character-100usd01A-DA_S_1200x1200_EN.jpg;https://tpc.googlesyndication.com/simgad/10042032527036690642,가로형 이미지,HQ_HQ_PH_US-EN_GA_NU_AD_ACA-PU_260429,M_1844_INTEREST_GENRE_ALL_NONE_260429_2,2026-04-29,0,KRW,0,1,0,0,BNR,정방형,2026-04-06,A,Character,100usd01A,EN,260406_BNR_A-Character-100usd01A-DA_S_1200x1200_EN,A-Character-100usd01A-DA,https://tpc.googlesyndication.com/simgad/10042032527036690642,"압도적 보상, 캐릭터/유닛 외형",,,,,"Pre-registration Event, $100, Pre-register and Earn Rewards Worth $100!, Claim Rewards","보상, 릴리즈 예고",용병 모집(Gacha),사전예약 혜택,마그 탐험대,카르벨(Karbel),히어로 수집 육성,,수집 및 도감,"텍스트 오버레이, 클로즈업 및 줌",심플/클린 UI,"수집욕/소유욕, 만족과 성취감","인간형 영웅, 재화/보물상자","2D 일러스트, 2.5D 입체 그래픽",정방형 레이아웃과 $100 보상 텍스트로 시인성을 극대화했습니다. 혜택 중심 소구로 스낵 컬처 타겟의 전환을 유도하며 대비를 높인 A/B 테스트를 제안합니다.
260406_BNR_A-Character-Adventure04A-DA_L_1200x628_EN.jpg;https://tpc.googlesyndication.com/simgad/11190732183298883065,가로형 이미지,HQ_HQ_PH_US-EN_GA_NU_AD_ACA-PU_260429,M_1844_INTEREST_GENRE_ALL_NONE_260429_2,2026-04-29,0,KRW,0,5,0,0,BNR,가로형,2026-04-06,A,Character,Adventure04A,EN,260406_BNR_A-Character-Adventure04A-DA_L_1200x628_EN,A-Character-Adventure04A-DA,https://tpc.googlesyndication.com/simgad/11190732183298883065,"비주얼 임팩트, 캐릭터/유닛 외형",,,,,PEPP HEROES,"아트 퀄리티, 수집형RPG, 릴리즈 예고","8인 실시간 전투, 수집형 RPG",8인 실시간 전투,"마그 탐험대, 고블린","카르벨(Karbel), 샤일린(Shylin)",히어로 수집 육성,,"전투 및 액션, 장애물 및 도전",텍스트 오버레이,자연/야외 미학,"도전과 승부욕, 참여와 임장감","인간형 영웅, 거대 보스, SD/치비 캐릭터","2.5D 입체 그래픽, 2D 일러스트",SD 영웅과 거대 보스의 대치로 모험심 자극. 정적 RPG 유저에게 액션 소구 및 보상 텍스트로 CTR·CVR 최적화.
260406_BNR_A-Character-Adventure04A-DA_S_1200x1200_EN.jpg;https://tpc.googlesyndication.com/simgad/4078122247307565443,가로형 이미지,HQ_HQ_PH_US-EN_GA_NU_AD_ACA-PU_260429,M_1844_INTEREST_GENRE_ALL_NONE_260429_2,2026-04-29,0,KRW,0,4,0,0,BNR,정방형,2026-04-06,A,Character,Adventure04A,EN,260406_BNR_A-Character-Adventure04A-DA_S_1200x1200_EN,A-Character-Adventure04A-DA,https://tpc.googlesyndication.com/simgad/4078122247307565443,"비주얼 임팩트, 캐릭터/유닛 외형",,,,,PEPP HEROES,"아트 퀄리티, 수집형RPG, 릴리즈 예고","8인 실시간 전투, 수집형 RPG",8인 실시간 전투,"마그 탐험대, 고블린","카르벨(Karbel), 샤일린(Shylin)",히어로 수집 육성,,"전투 및 액션, 장애물 및 도전",텍스트 오버레이,자연/야외 미학,"도전과 승부욕, 참여와 임장감","인간형 영웅, 거대 보스, SD/치비 캐릭터","2.5D 입체 그래픽, 2D 일러스트","정방형 규격의 캐릭터 밀집 배치를 통해 스쿼드 일체감을 강조하고, 직업 아이콘 오버레이로 팀 빌딩의 전략적 재미와 영웅의 매력을 소구함."
260406_BNR_A-Character-Adventure05A-DA_S_1200x1200_EN.jpg;https://tpc.googlesyndication.com/simgad/13772335840655466460,가로형 이미지,HQ_HQ_PH_US-EN_GA_NU_AD_ACA-PU_260429,M_1844_INTEREST_GENRE_ALL_NONE_260429_2,2026-04-29,0,KRW,0,2,0,0,BNR,정방형,2026-04-06,A,Character,Adventure05A,EN,260406_BNR_A-Character-Adventure05A-DA_S_1200x1200_EN,A-Character-Adventure05A-DA,https://tpc.googlesyndication.com/simgad/13772335840655466460,"캐릭터/유닛 외형, 비주얼 임팩트",,,,,Every Hero Needs a Little Pepp,"아트 퀄리티, 수집형RPG, 캐릭터","8인 실시간 전투, 수집형 RPG",렐릭 퀘스트,"마그 탐험대, 고블린","샤일린(Shylin), 카르벨(Karbel)",렐릭 탐험 어드벤처,2.5D 독보적 그래픽 강조,"전투 및 액션, 수집 및 도감","텍스트 오버레이, 클로즈업 및 줌",던전/신전,"수집욕/소유욕, 참여와 임장감","인간형 영웅, SD/치비 캐릭터","2.5D 입체 그래픽, 2D 일러스트",정방형 규격의 캐릭터 밀집 노출로 수집 재미를 강조함. 영웅 반전 매력 소유욕을 자극하며 피드 최적화로 클릭률 극대화 유도. 보상 텍스트 오버레이로 전환율 보완 필요.
260406_BNR_A-Character-Comics01A-DA_L_1200x628_EN.jpg;https://tpc.googlesyndication.com/simgad/3049438568803176011,가로형 이미지,HQ_HQ_PH_US-EN_GA_NU_AD_ACA-PU_260429,M_1844_INTEREST_GENRE_ALL_NONE_260429_2,2026-04-29,0,KRW,0,4,0,0,BNR,가로형,2026-04-06,A,Character,Comics01A,EN,260406_BNR_A-Character-Comics01A-DA_L_1200x628_EN,A-Character-Comics01A-DA,https://tpc.googlesyndication.com/simgad/3049438568803176011,"비주얼 임팩트, 캐릭터/유닛 외형",,,,,"EVERY HERO NEEDS A LITTLE PEPP, PEPP HEROES","아트 퀄리티, 캐릭터, 수집형RPG","용병 모집(Gacha), 8인 실시간 전투",8인 실시간 전투,마그 탐험대,카르벨(Karbel),"히어로 수집 육성, 렐릭 탐험 어드벤처",코믹스 스타일 레이아웃,"수집 및 도감, 전투 및 액션","분할 화면, 텍스트 오버레이",자연/야외 미학,"수집욕/소유욕, 휴식과 힐링","SD/치비 캐릭터, 인간형 영웅",2.5D 입체 그래픽,코믹스 레이아웃과 친근한 아트 스타일로 진입 장벽을 낮추고 개성을 강조함. 가독성 높은 카피로 높은 CTR을 유도하며 SSR 캐릭터 중심의 수집 욕구 자극 전략을 제안함.
260406_BNR_A-Character-Comics01A-DA_S_1200x1200_EN.jpg;https://tpc.googlesyndication.com/simgad/4695384483296336434,가로형 이미지,HQ_HQ_PH_US-EN_GA_NU_AD_ACA-PU_260429,M_1844_INTEREST_GENRE_ALL_NONE_260429_2,2026-04-29,0,KRW,0,5,0,0,BNR,정방형,2026-04-06,A,Character,Comics01A,EN,260406_BNR_A-Character-Comics01A-DA_S_1200x1200_EN,A-Character-Comics01A-DA,https://tpc.googlesyndication.com/simgad/4695384483296336434,"비주얼 임팩트, 캐릭터/유닛 외형",,,,,"EVERY HERO NEEDS A LITTLE PEPP, PEPP HEROES","아트 퀄리티, 캐릭터, 수집형RPG","용병 모집(Gacha), 8인 실시간 전투",8인 실시간 전투,마그 탐험대,카르벨(Karbel),"히어로 수집 육성, 렐릭 탐험 어드벤처",코믹스 스타일 레이아웃,"수집 및 도감, 전투 및 액션","분할 화면, 텍스트 오버레이",자연/야외 미학,"수집욕/소유욕, 휴식과 힐링","SD/치비 캐릭터, 인간형 영웅",2.5D 입체 그래픽,십자 분할 레이아웃으로 카피 집중도를 높이고 SD 캐릭터로 수집욕 자극. SNS 최적화 규격으로 유저 유입 유도 및 직업별 변주 제안.
260406_BNR_A-Charater-Collection01A-DA_L_1200x628_EN.jpg;https://tpc.googlesyndication.com/simgad/9157278201026773067,가로형 이미지,HQ_HQ_PH_US-EN_GA_NU_AD_ACA-PU_260429,M_1844_INTEREST_GENRE_ALL_NONE_260429_2,2026-04-29,0,KRW,0,29,0,0,BNR,가로형,2026-04-06,A,Charater,Collection01A,EN,260406_BNR_A-Charater-Collection01A-DA_L_1200x628_EN,A-Charater-Collection01A-DA,https://tpc.googlesyndication.com/simgad/9157278201026773067,"캐릭터/유닛 외형, 비주얼 임팩트",,,,,"Get Pepp'd, com2us, PEPP HEROES","아트 퀄리티, 캐릭터, 수집형RPG",수집형 RPG,용병 모집(Gacha),마그 탐험대,다수의 SD 영웅,히어로 수집 육성,,수집 및 도감,텍스트 오버레이,심플/클린 UI,수집욕/소유욕,SD/치비 캐릭터,2.5D 입체 그래픽,"'Get Pepp'd' 슬로건과 촘촘한 캐릭터 배치로 방대한 수집성 강조. 2.5D 및 SD 캐릭터로 유저 소유욕 자극 및 높은 CTR 유도, 인기 캐릭터 중심 확장 용이."
260406_BNR_A-Charater-Collection01A-DA_S_1200x1200_EN.jpg;https://tpc.googlesyndication.com/simgad/2322926171558263908,가로형 이미지,HQ_HQ_PH_US-EN_GA_NU_AD_ACA-PU_260429,M_1844_INTEREST_GENRE_ALL_NONE_260429_2,2026-04-29,0,KRW,0,8,0,0,BNR,정방형,2026-04-06,A,Charater,Collection01A,EN,260406_BNR_A-Charater-Collection01A-DA_S_1200x1200_EN,A-Charater-Collection01A-DA,https://tpc.googlesyndication.com/simgad/2322926171558263908,"캐릭터/유닛 외형, 비주얼 임팩트",,,,,"Get Pepp'd, com2us, PEPP HEROES","아트 퀄리티, 캐릭터, 수집형RPG",수집형 RPG,용병 모집(Gacha),마그 탐험대,다수의 SD 영웅,히어로 수집 육성,,수집 및 도감,텍스트 오버레이,심플/클린 UI,수집욕/소유욕,SD/치비 캐릭터,2.5D 입체 그래픽,정방형 구도로 캐릭터 밀도와 시각적 풍성함 극대화. SNS 주목도 확보 및 캐릭터 등급 변주를 통한 전환율 개선 기대.
260406_BNR_A-Charater-Collection01A-DA_V_1200x1500_EN.jpg;https://tpc.googlesyndication.com/simgad/5699446522298240409,가로형 이미지,HQ_HQ_PH_US-EN_GA_NU_AD_ACA-PU_260429,M_1844_INTEREST_GENRE_ALL_NONE_260429_2,2026-04-29,0,KRW,0,1,0,0,BNR,세로형,2026-04-06,A,Charater,Collection01A,EN,260406_BNR_A-Charater-Collection01A-DA_V_1200x1500_EN,A-Charater-Collection01A-DA,https://tpc.googlesyndication.com/simgad/5699446522298240409,"캐릭터/유닛 외형, 비주얼 임팩트",,,,,"Get Pepp'd, com2us, PEPP HEROES","아트 퀄리티, 캐릭터, 수집형RPG",수집형 RPG,용병 모집(Gacha),마그 탐험대,다수의 SD 영웅,히어로 수집 육성,,수집 및 도감,텍스트 오버레이,심플/클린 UI,수집욕/소유욕,SD/치비 캐릭터,2.5D 입체 그래픽,세로 뷰로 50종 영웅 노출을 극대화하여 전략적 흥미 유발. 무료 소환권 혜택 강조로 전환율 제고 및 안정적 성과 기대.
260406_BNR_A-Mob-Adventure02A-DA_L_1200x628_EN.jpg;https://tpc.googlesyndication.com/simgad/17125206759944352040,가로형 이미지,HQ_HQ_PH_US-EN_GA_NU_AD_ACA-PU_260429,M_1844_INTEREST_GENRE_ALL_NONE_260429_2,2026-04-29,0,KRW,2,16,0,0,BNR,가로형,2026-04-06,A,Mob,Adventure02A,EN,260406_BNR_A-Mob-Adventure02A-DA_L_1200x628_EN,A-Mob-Adventure02A-DA,https://tpc.googlesyndication.com/simgad/17125206759944352040,비주얼 임팩트,,,,,PEPP HEROES,"아트 퀄리티, 수집형RPG",5인 분대 전투,거대 보스 레이드,"마그 탐험대, 고블린",,렐릭 탐험 어드벤처,2.5D 입체 월드 강조,"장애물 및 도전, 전투 및 액션",텍스트 오버레이,자연/야외 미학,도전과 승부욕,"거대 보스, SD/치비 캐릭터",2.5D 입체 그래픽,5인 파티 레이드와 SD 캐릭터로 어드벤처 RPG 정체성 강조. 2.5D 그래픽으로 CTR을 높이고 사전예약 보상을 통해 CVR 극대화 유도.
260406_BNR_A-Mob-Adventure02A-DA_S_1200x1200_EN.jpg;https://tpc.googlesyndication.com/simgad/17573267286983610733,가로형 이미지,HQ_HQ_PH_US-EN_GA_NU_AD_ACA-PU_260429,M_1844_INTEREST_GENRE_ALL_NONE_260429_2,2026-04-29,0,KRW,0,2,0,0,BNR,정방형,2026-04-06,A,Mob,Adventure02A,EN,260406_BNR_A-Mob-Adventure02A-DA_S_1200x1200_EN,A-Mob-Adventure02A-DA,https://tpc.googlesyndication.com/simgad/17573267286983610733,비주얼 임팩트,,,,,PEPP HEROES,"아트 퀄리티, 수집형RPG",5인 분대 전투,거대 보스 레이드,"마그 탐험대, 고블린",,렐릭 탐험 어드벤처,2.5D 입체 월드 강조,"장애물 및 도전, 전투 및 액션",텍스트 오버레이,자연/야외 미학,도전과 승부욕,"거대 보스, SD/치비 캐릭터",2.5D 입체 그래픽,2.5D 비주얼과 거대 보스 대치 구도로 몰입감 강조. 직접 조작 및 전략 조합을 선호하는 수집형 RPG 유저를 공략해 높은 클릭률과 수집욕 자극 기대.
260406_BNR_A-Mob-Adventure02A-DA_V_1200x1500_EN.jpg;https://tpc.googlesyndication.com/simgad/12487452563763707002,가로형 이미지,HQ_HQ_PH_US-EN_GA_NU_AD_ACA-PU_260429,M_1844_INTEREST_GENRE_ALL_NONE_260429_2,2026-04-29,0,KRW,2,13,0,0,BNR,세로형,2026-04-06,A,Mob,Adventure02A,EN,260406_BNR_A-Mob-Adventure02A-DA_V_1200x1500_EN,A-Mob-Adventure02A-DA,https://tpc.googlesyndication.com/simgad/12487452563763707002,비주얼 임팩트,,,,,PEPP HEROES,"아트 퀄리티, 수집형RPG",5인 분대 전투,거대 보스 레이드,"마그 탐험대, 고블린",,렐릭 탐험 어드벤처,2.5D 입체 월드 강조,"장애물 및 도전, 전투 및 액션",텍스트 오버레이,자연/야외 미학,도전과 승부욕,"거대 보스, SD/치비 캐릭터",2.5D 입체 그래픽,초기 핵심 영웅 노출로 수집 재미 강조 및 따뜻한 아트 스타일로 힐링 소구. 방대한 콘텐츠 중심의 텍스트 보강으로 캐주얼 유저 유입 및 잔존율 제고.
260406_VID_A-Character-Collection01B-UA_S_1080x1080_EN;https://www.youtube.com/watch?v=cTfY4JpFc-s,YouTube 동영상,HQ_HQ_PH_US-EN_GA_NU_AD_ACA-PU_260429,M_1844_INTEREST_GENRE_ALL_NONE_260429_2,2026-04-29,0,KRW,6403,64,0,0,VID,정방형,2026-04-06,A,Character,Collection01B,EN;https://www,260406_VID_A-Character-Collection01B-UA_S_1080x1080_EN,A-Character-Collection01B-UA,https://www.youtube.com/watch?v=cTfY4JpFc-s,"질문/선택형, 캐릭터/유닛 외형",경쾌함,TRUE,,없음,"CHOOSE YOUR HERO, HUGO, KARBEL, MONAD","캐릭터, 수집형RPG, 전략성",용병 모집(Gacha),DIY 픽업 시스템,마그 탐험대,"휴고, 카르벨, 모나드",히어로 수집 육성,남성 캐릭터 위주 배치,수집 및 도감,"텍스트 오버레이, 분할 화면",심플/클린 UI,수집욕/소유욕,"SD/치비 캐릭터, 인간형 영웅",2D 일러스트,캐릭터 구성 대조를 통한 타겟 취향별 효율 분석. 탱커 및 딜러 중심 덱 선호 심리 공략하며 캐릭터 조합 변주 소재로 리타겟팅 광고 활용 권장.
260406_VID_A-Character-Combat01A-UA_L_1920x1080_EN;https://www.youtube.com/watch?v=2W7-0AV2mfg,YouTube 동영상,HQ_HQ_PH_US-EN_GA_NU_AD_ACA-PU_260429,M_1844_INTEREST_GENRE_ALL_NONE_260429_2,2026-04-29,0,KRW,78,8,0,0,VID,가로형,2026-04-06,A,Character,Combat01A,EN;https://www,260406_VID_A-Character-Combat01A-UA_L_1920x1080_EN,A-Character-Combat01A-UA,https://www.youtube.com/watch?v=2W7-0AV2mfg,"비주얼 임팩트, 캐릭터/유닛 외형",긴박함,TRUE,,없음,"VINESSA, A DARK WIZARD WHO DOMINATES THE FIELD, SOPHIA, REMOVES ALL DEBUFFS! THE KEY TO SURVIVAL, BERNETA, A SYNERGY DEALER THAT PERFECTS YOUR TEAM, PLAY FOR FREE","아트 퀄리티, 캐릭터, 수집형RPG, 전략성",용병 모집,스킬 컷신 연출,마그 탐험대,"Vinessa, Sophia, Berneta",렐릭 탐험 어드벤처,캐릭터별 스킬 특징 강조,전투 및 액션,"텍스트 오버레이, 클로즈업 및 줌",자연/야외 미학,"도전과 승부욕, 수집욕/소유욕","인간형 영웅, SD/치비 캐릭터, 성장 지표","2.5D 입체 그래픽, 2D 일러스트",인게임 전투와 일러스트 교차 편집으로 몰입도 극대화. 캐릭터 스킬 및 시너지로 전략적 호기심 자극. 플레이 영상 기반 안정적 CVR 확보 및 캐릭터 속성 대비 변주 제안.
260406_VID_A-Character-Combat01A-UA_S_1080x1080_EN;https://www.youtube.com/watch?v=jnNAzjzUw8o,YouTube 동영상,HQ_HQ_PH_US-EN_GA_NU_AD_ACA-PU_260429,M_1844_INTEREST_GENRE_ALL_NONE_260429_2,2026-04-29,0,KRW,876,56,1,0,VID,정방형,2026-04-06,A,Character,Combat01A,EN;https://www,260406_VID_A-Character-Combat01A-UA_S_1080x1080_EN,A-Character-Combat01A-UA,https://www.youtube.com/watch?v=jnNAzjzUw8o,"비주얼 임팩트, 캐릭터/유닛 외형",긴박함,TRUE,,없음,"VINESSA, A DARK WIZARD WHO DOMINATES THE FIELD, SOPHIA, REMOVES ALL DEBUFFS! THE KEY TO SURVIVAL, BERNETA, A SYNERGY DEALER THAT PERFECTS YOUR TEAM, PLAY FOR FREE","아트 퀄리티, 캐릭터, 수집형RPG, 전략성",용병 모집,스킬 컷신 연출,마그 탐험대,"Vinessa, Sophia, Berneta",렐릭 탐험 어드벤처,캐릭터별 스킬 특징 강조,전투 및 액션,"텍스트 오버레이, 클로즈업 및 줌",자연/야외 미학,"도전과 승부욕, 수집욕/소유욕","인간형 영웅, SD/치비 캐릭터, 성장 지표","2.5D 입체 그래픽, 2D 일러스트",SSR 비네사 비주얼을 초반에 배치해 RPG 팬덤 시선 확보. 고퀄리티 애니메이션으로 캐릭터 소유욕을 자극하며 스킬 콤보 시리즈로 소재 확장 가능.
260406_VID_A-Character-Combat01A-UA_V_1080x1920_EN;https://www.youtube.com/watch?v=tHmXhOKu33A,YouTube 동영상,HQ_HQ_PH_US-EN_GA_NU_AD_ACA-PU_260429,M_1844_INTEREST_GENRE_ALL_NONE_260429_2,2026-04-29,2,KRW,1983,59,1,0,VID,세로형,2026-04-06,A,Character,Combat01A,EN;https://www,260406_VID_A-Character-Combat01A-UA_V_1080x1920_EN,A-Character-Combat01A-UA,https://www.youtube.com/watch?v=tHmXhOKu33A,"비주얼 임팩트, 캐릭터/유닛 외형",긴박함,TRUE,,없음,"VINESSA, A DARK WIZARD WHO DOMINATES THE FIELD, SOPHIA, REMOVES ALL DEBUFFS! THE KEY TO SURVIVAL, BERNETA, A SYNERGY DEALER THAT PERFECTS YOUR TEAM, PLAY FOR FREE","아트 퀄리티, 캐릭터, 수집형RPG, 전략성",용병 모집,스킬 컷신 연출,마그 탐험대,"Vinessa, Sophia, Berneta",렐릭 탐험 어드벤처,캐릭터별 스킬 특징 강조,전투 및 액션,"텍스트 오버레이, 클로즈업 및 줌",자연/야외 미학,"도전과 승부욕, 수집욕/소유욕","인간형 영웅, SD/치비 캐릭터, 성장 지표","2.5D 입체 그래픽, 2D 일러스트",숏폼 최적화 세로 분할 화면으로 캐릭터와 전투 연출 강조. 한 손 플레이 선호 심리를 공략하여 틱톡 및 릴스 내 높은 조회수 확보 기대.
260406_VID_A-Character-Combat01B-UA_L_1920x1080_EN;https://www.youtube.com/watch?v=d4rVTfnnYhg,YouTube 동영상,HQ_HQ_PH_US-EN_GA_NU_AD_ACA-PU_260429,M_1844_INTEREST_GENRE_ALL_NONE_260429_2,2026-04-29,0,KRW,3402,40,1,0,VID,가로형,2026-04-06,A,Character,Combat01B,EN;https://www,260406_VID_A-Character-Combat01B-UA_L_1920x1080_EN,A-Character-Combat01B-UA,https://www.youtube.com/watch?v=d4rVTfnnYhg,"비주얼 임팩트, 캐릭터/유닛 외형",긴박함,TRUE,,없음,"HUGO, An indomitable warrior..., MONAD, A sage who devastates..., KARBEL, A fiery dealer..., PLAY FOR FREE","전략성, 아트 퀄리티",용병 모집,8인 실시간 전투,마그 탐험대,"Hugo, Monad, Karbel",히어로 수집 육성,,전투 및 액션,"텍스트 오버레이, 클로즈업 및 줌",자연/야외 미학,"도전과 승부욕, 수집욕/소유욕","인간형 영웅, SD/치비 캐릭터, 성장 지표","2.5D 입체 그래픽, 2D 일러스트",16:9 뷰로 넓은 전장과 스킬 강조. 화려한 연출로 타격감 선호 유저 공략. 전투 선호층 대상 높은 전환율 기대.
260406_VID_A-Character-Combat01B-UA_S_1080x1080_EN;https://www.youtube.com/watch?v=tcTIYuJi7pM,YouTube 동영상,HQ_HQ_PH_US-EN_GA_NU_AD_ACA-PU_260429,M_1844_INTEREST_GENRE_ALL_NONE_260429_2,2026-04-29,0,KRW,139,6,0,0,VID,정방형,2026-04-06,A,Character,Combat01B,EN;https://www,260406_VID_A-Character-Combat01B-UA_S_1080x1080_EN,A-Character-Combat01B-UA,https://www.youtube.com/watch?v=tcTIYuJi7pM,"비주얼 임팩트, 캐릭터/유닛 외형",긴박함,TRUE,,없음,"HUGO, An indomitable warrior..., MONAD, A sage who devastates..., KARBEL, A fiery dealer..., PLAY FOR FREE","전략성, 아트 퀄리티",용병 모집,8인 실시간 전투,마그 탐험대,"Hugo, Monad, Karbel",히어로 수집 육성,,전투 및 액션,"텍스트 오버레이, 클로즈업 및 줌",자연/야외 미학,"도전과 승부욕, 수집욕/소유욕","인간형 영웅, SD/치비 캐릭터, 성장 지표","2.5D 입체 그래픽, 2D 일러스트",소피아의 생존 및 지원 능력과 팀 시너지를 강조해 전략적 유저 공략. 비네사 소재 A/B 테스트로 타겟별 선호 캐릭터 최적화 및 성과 확장 도모.
260406_VID_A-Character-Combat01B-UA_V_1080x1920_EN;https://www.youtube.com/watch?v=rrd-TGZqEqc,YouTube 동영상,HQ_HQ_PH_US-EN_GA_NU_AD_ACA-PU_260429,M_1844_INTEREST_GENRE_ALL_NONE_260429_2,2026-04-29,2,KRW,5830,444,3,"5,871.94",VID,세로형,2026-04-06,A,Character,Combat01B,EN;https://www,260406_VID_A-Character-Combat01B-UA_V_1080x1920_EN,A-Character-Combat01B-UA,https://www.youtube.com/watch?v=rrd-TGZqEqc,"비주얼 임팩트, 캐릭터/유닛 외형",긴박함,TRUE,,없음,"HUGO, An indomitable warrior..., MONAD, A sage who devastates..., KARBEL, A fiery dealer..., PLAY FOR FREE","전략성, 아트 퀄리티",용병 모집,8인 실시간 전투,마그 탐험대,"Hugo, Monad, Karbel",히어로 수집 육성,,전투 및 액션,"텍스트 오버레이, 클로즈업 및 줌",자연/야외 미학,"도전과 승부욕, 수집욕/소유욕","인간형 영웅, SD/치비 캐릭터, 성장 지표","2.5D 입체 그래픽, 2D 일러스트",직관적인 탱딜힐 구성으로 정통 RPG 유저의 파티 니즈 충족. 역할군 조합의 재미를 텍스트로 보강하여 효율 극대화 기대.
260406_VID_A-Charater-Collection01B-UA_L_1920x1080_EN;https://www.youtube.com/watch?v=rRGCh1x6a6M,YouTube 동영상,HQ_HQ_PH_US-EN_GA_NU_AD_ACA-PU_260429,M_1844_INTEREST_GENRE_ALL_NONE_260429_2,2026-04-29,0,KRW,126,16,0,0,VID,가로형,2026-04-06,A,Charater,Collection01B,EN;https://www,260406_VID_A-Charater-Collection01B-UA_L_1920x1080_EN,A-Charater-Collection01B-UA,https://www.youtube.com/watch?v=rRGCh1x6a6M,"질문/선택형, 캐릭터/유닛 외형",경쾌함,TRUE,,없음,"CHOOSE YOUR HERO, HUGO, PLAY FOR FREE","아트 퀄리티, 전략성",용병 모집,DIY 픽업 시스템,마그 탐험대,Hugo,히어로 수집 육성,,수집 및 도감,"텍스트 오버레이, 클로즈업 및 줌",심플/클린 UI,"수집욕/소유욕, 만족과 성취감","인간형 영웅, SD/치비 캐릭터","2.5D 입체 그래픽, 2D 일러스트","그리드 UI로 풍부한 캐릭터 풀을 어필해 수집 욕구를 자극하며, 캐릭터 강조 엔드카드를 통해 높은 잔존율을 확보합니다."
260406_VID_A-Charater-Collection01B-UA_V_1080x1920_EN;https://www.youtube.com/watch?v=u5diHTUsSOs,YouTube 동영상,HQ_HQ_PH_US-EN_GA_NU_AD_ACA-PU_260429,M_1844_INTEREST_GENRE_ALL_NONE_260429_2,2026-04-29,0,KRW,1198,15,0,0,VID,세로형,2026-04-06,A,Charater,Collection01B,EN;https://www,260406_VID_A-Charater-Collection01B-UA_V_1080x1920_EN,A-Charater-Collection01B-UA,https://www.youtube.com/watch?v=u5diHTUsSOs,"질문/선택형, 캐릭터/유닛 외형",경쾌함,TRUE,,없음,"CHOOSE YOUR HERO, HUGO, PLAY FOR FREE","아트 퀄리티, 전략성",용병 모집,DIY 픽업 시스템,마그 탐험대,Hugo,히어로 수집 육성,캐릭터 픽(Pick) 연출,수집 및 도감,"텍스트 오버레이, 클로즈업 및 줌",심플/클린 UI,"수집욕/소유욕, 만족과 성취감","인간형 영웅, SD/치비 캐릭터","2.5D 입체 그래픽, 2D 일러스트",직접 영웅을 선택하는 인터랙티브 경험으로 기대감 부여. 다양한 영웅 노출을 통해 유저 취향을 공략하고 반복적인 참여 유도.
260406_VID_A-Hooking-Reward02A-FK_L_1920x1080_EN;https://www.youtube.com/watch?v=oRlzfGbT3xY,YouTube 동영상,HQ_HQ_PH_US-EN_GA_NU_AD_ACA-PU_260429,M_1844_INTEREST_GENRE_ALL_NONE_260429_2,2026-04-29,2,KRW,9777,115,2,0,VID,가로형,2026-04-06,A,Hooking,Reward02A,EN;https://www,260406_VID_A-Hooking-Reward02A-FK_L_1920x1080_EN,A-Hooking-Reward02A-FK,https://www.youtube.com/watch?v=oRlzfGbT3xY,"실패/분노 유도, 압도적 보상",긴박함,TRUE,,없음,"Tap here to save him!, Help me!, HELP KARBEL CLEAR, Claim your SR character and rewards worth $100!, PLAY FOR FREE",보상,용병 모집,우호도 시스템,마그 탐험대,카르벨(Karbel),히어로 수집 육성,페이크 플레이(구출 미니게임) 형식 활용,퍼즐 및 논리,"손가락 지시선, 텍스트 오버레이",자연/야외 미학,"도전과 승부욕, 만족과 성취감","SD/치비 캐릭터, 재화/보물상자",2D 일러스트,구출 미니게임 방식을 활용해 시청자 이탈을 방지하고 즉각적인 행동을 유도합니다. 대량의 재화 보상으로 성취감을 자극하여 저단가 트래픽 확보 및 높은 클릭률을 공략합니다.
260406_VID_A-Hooking-Reward02A-FK_S_1080x1080_EN;https://www.youtube.com/watch?v=EgLwtP8WjE4,YouTube 동영상,HQ_HQ_PH_US-EN_GA_NU_AD_ACA-PU_260429,M_1844_INTEREST_GENRE_ALL_NONE_260429_2,2026-04-29,0,KRW,1457,6,1,0,VID,정방형,2026-04-06,A,Hooking,Reward02A,EN;https://www,260406_VID_A-Hooking-Reward02A-FK_S_1080x1080_EN,A-Hooking-Reward02A-FK,https://www.youtube.com/watch?v=EgLwtP8WjE4,"실패/분노 유도, 압도적 보상",긴박함,TRUE,,없음,"Tap here to save him!, Help me!, HELP KARBEL CLEAR, Claim your SR character and rewards worth $100!, PLAY FOR FREE",보상,용병 모집,우호도 시스템,마그 탐험대,카르벨(Karbel),히어로 수집 육성,페이크 플레이(구출 미니게임) 형식 활용,퍼즐 및 논리,"손가락 지시선, 텍스트 오버레이",자연/야외 미학,"도전과 승부욕, 만족과 성취감","SD/치비 캐릭터, 재화/보물상자",2D 일러스트,위기 상황 미션과 100달러 보상으로 유저 참여 및 전환 유도. 쉬운 조작성 강조로 진입 장벽을 낮춰 대량 유입용 런칭 소재로 적합.
260406_VID_A-Hooking-Reward02A-FK_V_1080x1920_EN;https://www.youtube.com/watch?v=b7LsalWUDvQ,YouTube 동영상,HQ_HQ_PH_US-EN_GA_NU_AD_ACA-PU_260429,M_1844_INTEREST_GENRE_ALL_NONE_260429_2,2026-04-29,0,KRW,183,9,0,0,VID,세로형,2026-04-06,A,Hooking,Reward02A,EN;https://www,260406_VID_A-Hooking-Reward02A-FK_V_1080x1920_EN,A-Hooking-Reward02A-FK,https://www.youtube.com/watch?v=b7LsalWUDvQ,"실패/분노 유도, 압도적 보상",긴박함,TRUE,,없음,"Tap here to save him!, Help me!, HELP KARBEL CLEAR, Claim your SR character and rewards worth $100!, PLAY FOR FREE",보상,용병 모집,우호도 시스템,마그 탐험대,카르벨(Karbel),히어로 수집 육성,페이크 플레이(구출 미니게임) 형식 활용,퍼즐 및 논리,"손가락 지시선, 텍스트 오버레이",자연/야외 미학,"도전과 승부욕, 만족과 성취감","SD/치비 캐릭터, 재화/보물상자",2D 일러스트,9:16 세로형 구조로 터치 인터랙션을 극대화하고 FOMO를 자극해 시청 완료율을 높입니다. 캐릭터 활용 및 실패 연출의 A/B 테스트 확장을 제안합니다.
260406_VID_A-Hooking-Reward03A-UA_L_1920x1080_EN;https://www.youtube.com/watch?v=XUrzh1Qrk5w,YouTube 동영상,HQ_HQ_PH_US-EN_GA_NU_AD_ACA-PU_260429,M_1844_INTEREST_GENRE_ALL_NONE_260429_2,2026-04-29,0,KRW,242,2,0,0,VID,가로형,2026-04-06,A,Hooking,Reward03A,EN;https://www,260406_VID_A-Hooking-Reward03A-UA_L_1920x1080_EN,A-Hooking-Reward03A-UA,https://www.youtube.com/watch?v=XUrzh1Qrk5w,"압도적 보상, 실패/분노 유도",경쾌함,TRUE,,없음,"WARNING Skip and you will lose your $100 rewards, Tap within 5 Seconds, SR, PLAY FOR FREE!, Claim your SR character and rewards worth $100!",보상,용병 모집,,마그 탐험대,Karbel,히어로 수집 육성,$100 가치 혜택 강조,수집 및 도감,"손가락 지시선, 텍스트 오버레이",심플/클린 UI,"만족과 성취감, 수집욕/소유욕","재화/보물상자, SD/치비 캐릭터","2D 일러스트, 2.5D 입체 그래픽","가로 화면을 활용한 화려한 연출로 시각적 몰입감을 높이고, 보상 상실에 대한 FOMO 심리를 자극하여 가로형 매체 타겟 광고 효율을 극대화함."
260406_VID_A-Hooking-Reward03A-UA_S_1080x1080_EN;https://www.youtube.com/watch?v=VGJB5tDWops,YouTube 동영상,HQ_HQ_PH_US-EN_GA_NU_AD_ACA-PU_260429,M_1844_INTEREST_GENRE_ALL_NONE_260429_2,2026-04-29,1,KRW,660,7,1,0,VID,정방형,2026-04-06,A,Hooking,Reward03A,EN;https://www,260406_VID_A-Hooking-Reward03A-UA_S_1080x1080_EN,A-Hooking-Reward03A-UA,https://www.youtube.com/watch?v=VGJB5tDWops,"압도적 보상, 실패/분노 유도",경쾌함,TRUE,,없음,"WARNING Skip and you will lose your $100 rewards, Tap within 5 Seconds, SR, PLAY FOR FREE!, Claim your SR character and rewards worth $100!",보상,용병 모집,,마그 탐험대,Karbel,히어로 수집 육성,$100 가치 혜택 강조,수집 및 도감,"손가락 지시선, 텍스트 오버레이",심플/클린 UI,"만족과 성취감, 수집욕/소유욕","재화/보물상자, SD/치비 캐릭터","2D 일러스트, 2.5D 입체 그래픽",부정적 후킹과 시간 제한으로 클릭 유도. $100 가치 및 SR 확정으로 수익 구체화. 높은 CVR 예상되며 보상 변주를 통한 라이브 옵스 제안.
260406_VID_A-Hooking-Reward03A-UA_V_1080x1920_EN;https://www.youtube.com/watch?v=jA_HAiz95x4,YouTube 동영상,HQ_HQ_PH_US-EN_GA_NU_AD_ACA-PU_260429,M_1844_INTEREST_GENRE_ALL_NONE_260429_2,2026-04-29,0,KRW,1162,28,0,0,VID,세로형,2026-04-06,A,Hooking,Reward03A,EN;https://www,260406_VID_A-Hooking-Reward03A-UA_V_1080x1920_EN,A-Hooking-Reward03A-UA,https://www.youtube.com/watch?v=jA_HAiz95x4,"압도적 보상, 실패/분노 유도",경쾌함,TRUE,,없음,"WARNING Skip and you will lose your $100 rewards, Tap within 5 Seconds, SR, PLAY FOR FREE!, Claim your SR character and rewards worth $100!",보상,용병 모집,,마그 탐험대,Karbel,히어로 수집 육성,$100 가치 혜택 강조,수집 및 도감,"손가락 지시선, 텍스트 오버레이",심플/클린 UI,"만족과 성취감, 수집욕/소유욕","재화/보물상자, SD/치비 캐릭터","2D 일러스트, 2.5D 입체 그래픽",도발적 문구와 타이머로 이탈을 방지하고 FOMO 심리를 자극함. 보상형 인벤토리 활용을 통해 UA 매체에서 압도적 전환율 달성 기대.
260406_VID_A-Mob-Adventure01A-UA_L_1920x1080_EN;https://www.youtube.com/watch?v=hVmkPdIsz70,YouTube 동영상,HQ_HQ_PH_US-EN_GA_NU_AD_ACA-PU_260429,M_1844_INTEREST_GENRE_ALL_NONE_260429_2,2026-04-29,0,KRW,380,10,0,0,VID,가로형,2026-04-06,A,Mob,Adventure01A,EN;https://www,260406_VID_A-Mob-Adventure01A-UA_L_1920x1080_EN,A-Mob-Adventure01A-UA,https://www.youtube.com/watch?v=hVmkPdIsz70,"비주얼 임팩트, 성장 비포애프터",긴박함,TRUE,,없음,"WARNING, GOBLINS INCOMING!, Goblins? Easy! Level UP! UP!, Power Boost! BOOM! BOOM!, Strategic deployment!, Get ready for BATTLE!","편의성, 전략성",AFK 기능,8인 실시간 전투,고블린,카르벨,렐릭 탐험 어드벤처,스마트폰 UI 팝업 연출,"시뮬레이션 및 관리, 장애물 및 도전","텍스트 오버레이, 클로즈업 및 줌",자연/야외 미학,"도전과 승부욕, 만족과 성취감","SD/치비 캐릭터, 성장 지표, 군단/대규모 유닛",2.5D 입체 그래픽,16:9 화면 대비로 대규모 전투와 모바일 최적화 강조. 방치형 육성 선호 유저 타겟으로 핵심 시스템 소구 및 브랜딩·퍼포먼스 효율 기대.
260406_VID_A-Mob-Adventure01A-UA_S_1080x1080_EN;https://www.youtube.com/watch?v=LMKl0g6yRJU,YouTube 동영상,HQ_HQ_PH_US-EN_GA_NU_AD_ACA-PU_260429,M_1844_INTEREST_GENRE_ALL_NONE_260429_2,2026-04-29,0,KRW,222,14,0,0,VID,정방형,2026-04-06,A,Mob,Adventure01A,EN;https://www,260406_VID_A-Mob-Adventure01A-UA_S_1080x1080_EN,A-Mob-Adventure01A-UA,https://www.youtube.com/watch?v=LMKl0g6yRJU,"비주얼 임팩트, 성장 비포애프터",긴박함,TRUE,,없음,"WARNING, GOBLINS INCOMING!, Goblins? Easy! Level UP! UP!, Power Boost! BOOM! BOOM!, Strategic deployment!, Get ready for BATTLE!","편의성, 전략성",AFK 기능,8인 실시간 전투,고블린,카르벨,렐릭 탐험 어드벤처,스마트폰 UI 팝업 연출,"시뮬레이션 및 관리, 장애물 및 도전","텍스트 오버레이, 클로즈업 및 줌",자연/야외 미학,"도전과 승부욕, 참여와 임장감","SD/치비 캐릭터, 성장 지표, 군단/대규모 유닛",2.5D 입체 그래픽,경고 연출로 몰입도를 높이고 쉬운 성장을 강조해 진입 장벽 완화. 대규모 레이드 소재 확장을 통한 중장기 성과 기대.
260406_VID_A-Mob-Adventure01A-UA_V_1080x1920_EN;https://www.youtube.com/watch?v=nIYkYZ-JFj0,YouTube 동영상,HQ_HQ_PH_US-EN_GA_NU_AD_ACA-PU_260429,M_1844_INTEREST_GENRE_ALL_NONE_260429_2,2026-04-29,0,KRW,685,24,0,0,VID,세로형,2026-04-06,A,Mob,Adventure01A,EN;https://www,260406_VID_A-Mob-Adventure01A-UA_V_1080x1920_EN,A-Mob-Adventure01A-UA,https://www.youtube.com/watch?v=nIYkYZ-JFj0,"비주얼 임팩트, 성장 비포애프터",긴박함,TRUE,,없음,"WARNING, GOBLINS INCOMING!, Goblins? Easy! Level UP! UP!, Power Boost! BOOM! BOOM!, Strategic deployment!, Get ready for BATTLE!","편의성, 전략성",AFK 기능,8인 실시간 전투,고블린,카르벨,렐릭 탐험 어드벤처,스마트폰 UI 팝업 연출,"시뮬레이션 및 관리, 장애물 및 도전","텍스트 오버레이, 클로즈업 및 줌",자연/야외 미학,"도전과 승부욕, 만족과 성취감","SD/치비 캐릭터, 성장 지표, 군단/대규모 유닛",2.5D 입체 그래픽,세로형 피드 최적화 UI와 마을 습격 반전 연출로 이탈 방지. 직관적 레벨업과 전략적 배치 중심의 성장 쾌감을 자극해 숏폼 환경 내 높은 시청 유지율 및 전환율 기대.
Cute but Powerful Squad,광고 제목,HQ_HQ_PH_US-EN_GA_NU_AD_ACi_260430,M_1844_INTEREST_GENRE_ALL_NONE_260430_3,2026-04-30,2,KRW,1947,33,3,0,TXT,,,,,,,,,,,,,,,,,,,,,,,,,,,,,
Let’s Hunt for Treasure!,광고 제목,HQ_HQ_PH_US-EN_GA_NU_AD_ACi_260430,M_1844_INTEREST_GENRE_ALL_NONE_260430_3,2026-04-30,0,KRW,75,22,1,0,TXT,,,,,,,,,,,,,,,,,,,,,,,,,,,,,
Pepp Heroes,광고 제목,HQ_HQ_PH_US-EN_GA_NU_AD_ACi_260430,M_1844_INTEREST_GENRE_ALL_NONE_260430_3,2026-04-30,0,KRW,424,45,2,0,TXT,,,,,,,,,,,,,,,,,,,,,,,,,,,,,
Play for Free,광고 제목,HQ_HQ_PH_US-EN_GA_NU_AD_ACi_260430,M_1844_INTEREST_GENRE_ALL_NONE_260430_3,2026-04-30,0,KRW,1062,156,3,0,TXT,,,,,,,,,,,,,,,,,,,,,,,,,,,,,
"Your RPG, In Your Hands",광고 제목,HQ_HQ_PH_US-EN_GA_NU_AD_ACi_260430,M_1844_INTEREST_GENRE_ALL_NONE_260430_3,2026-04-30,0,KRW,52,25,0,0,TXT,,,,,,,,,,,,,,,,,,,,,,,,,,,,,
Adorable Yet Powerful! Collect Heroes With Diverse Charms,설명,HQ_HQ_PH_US-EN_GA_NU_AD_ACi_260430,M_1844_INTEREST_GENRE_ALL_NONE_260430_3,2026-04-30,1,KRW,385,87,2,0,TXT,,,,,,,,,,,,,,,,,,,,,,,,,,,,,
Clock Out and Start Your Treasure Hunt!,설명,HQ_HQ_PH_US-EN_GA_NU_AD_ACi_260430,M_1844_INTEREST_GENRE_ALL_NONE_260430_3,2026-04-30,1,KRW,1047,107,2,0,TXT,,,,,,,,,,,,,,,,,,,,,,,,,,,,,
Get Rewards Worth $100! Play Now!,설명,HQ_HQ_PH_US-EN_GA_NU_AD_ACi_260430,M_1844_INTEREST_GENRE_ALL_NONE_260430_3,2026-04-30,1,KRW,2596,211,7,0,TXT,,,,,,,,,,,,,,,,,,,,,,,,,,,,,
Strategic Battles With Heroes Full of Personality! Win With Your Own Squad,설명,HQ_HQ_PH_US-EN_GA_NU_AD_ACi_260430,M_1844_INTEREST_GENRE_ALL_NONE_260430_3,2026-04-30,0,KRW,103,37,0,0,TXT,,,,,,,,,,,,,,,,,,,,,,,,,,,,,
Unique Hero Skills and Synergies! The Collectible RPG of Endless Team Combinations,설명,HQ_HQ_PH_US-EN_GA_NU_AD_ACi_260430,M_1844_INTEREST_GENRE_ALL_NONE_260430_3,2026-04-30,0,KRW,448,77,1,0,TXT,,,,,,,,,,,,,,,,,,,,,,,,,,,,,
260429_BNR_A-AI-Defeatmonster01A-DA_L_1200x628_EN.png;https://tpc.googlesyndication.com/simgad/5874425896871501801,가로형 이미지,HQ_HQ_PH_US-EN_GA_NU_AD_ACi_260430,M_1844_INTEREST_GENRE_ALL_NONE_260430_3,2026-04-30,0,KRW,0,3,0,0,BNR,가로형,2026-04-29,A,AI,Defeatmonster01A,EN,260429_BNR_A-AI-Defeatmonster01A-DA_L_1200x628_EN,A-AI-Defeatmonster01A-DA,https://tpc.googlesyndication.com/simgad/5874425896871501801,비주얼 임팩트,웅장함,,,,,아트 퀄리티,영지 빌딩,8인 실시간 전투,마그 탐험대,,어드벤처,,탐험 및 발견,클로즈업 및 줌,자연/야외 미학,만족과 성취감,인간형 영웅,2D 일러스트,성취감 테마를 통해 기존 RPG 유저의 도전 욕구를 충족시키며 클릭을 유도함.
260429_BNR_A-AI-Defeatmonster01A-DA_S_1200x1200_EN.png;https://tpc.googlesyndication.com/simgad/17279094099779978431,가로형 이미지,HQ_HQ_PH_US-EN_GA_NU_AD_ACi_260430,M_1844_INTEREST_GENRE_ALL_NONE_260430_3,2026-04-30,0,KRW,0,7,0,0,BNR,정방형,2026-04-29,A,AI,Defeatmonster01A,EN,260429_BNR_A-AI-Defeatmonster01A-DA_S_1200x1200_EN,A-AI-Defeatmonster01A-DA,https://tpc.googlesyndication.com/simgad/17279094099779978431,비주얼 임팩트,웅장함,,,,,아트 퀄리티,영지 빌딩,8인 실시간 전투,마그 탐험대,,어드벤처,,탐험 및 발견,클로즈업 및 줌,자연/야외 미학,만족과 성취감,인간형 영웅,2D 일러스트,성취감 테마를 통해 기존 RPG 유저의 도전 욕구를 충족시키며 클릭을 유도함.
260429_BNR_A-AI-Defeatmonster01A-DA_V_1200x1500_EN.png;https://tpc.googlesyndication.com/simgad/15179255730540632041,가로형 이미지,HQ_HQ_PH_US-EN_GA_NU_AD_ACi_260430,M_1844_INTEREST_GENRE_ALL_NONE_260430_3,2026-04-30,0,KRW,0,2,0,0,BNR,세로형,2026-04-29,A,AI,Defeatmonster01A,EN,260429_BNR_A-AI-Defeatmonster01A-DA_V_1200x1500_EN,A-AI-Defeatmonster01A-DA,https://tpc.googlesyndication.com/simgad/15179255730540632041,비주얼 임팩트,웅장함,,,,,아트 퀄리티,영지 빌딩,8인 실시간 전투,마그 탐험대,,어드벤처,,탐험 및 발견,클로즈업 및 줌,자연/야외 미학,만족과 성취감,인간형 영웅,2D 일러스트,성취감 테마를 통해 기존 RPG 유저의 도전 욕구를 충족시키며 클릭을 유도함.
260429_BNR_A-AI-Favoritehero01A-DA_L_1200x628_EN.png;https://tpc.googlesyndication.com/simgad/1998466068806704912,가로형 이미지,HQ_HQ_PH_US-EN_GA_NU_AD_ACi_260430,M_1844_INTEREST_GENRE_ALL_NONE_260430_3,2026-04-30,0,KRW,27,18,0,0,BNR,가로형,2026-04-29,A,AI,Favoritehero01A,EN,260429_BNR_A-AI-Favoritehero01A-DA_L_1200x628_EN,A-AI-Favoritehero01A-DA,https://tpc.googlesyndication.com/simgad/1998466068806704912,"질문/선택형, 캐릭터/유닛 외형",경쾌함,,,,"Who is your favorite hero?, VS, PLAY FOR FREE",아트 퀄리티,용병 모집,DIY 픽업 시스템,마그 탐험대,샤일린,히어로 수집 육성,,수집 및 도감,"분할 화면, 텍스트 오버레이",자연/야외 미학,수집욕/소유욕,"인간형 영웅, SD/치비 캐릭터",2D 일러스트,대조되는 속성의 캐릭터를 배치한 질문형 카피로 유저의 취향과 수집욕을 자극함.
260429_BNR_A-AI-Favoritehero01A-DA_S_1200x1200_EN.png;https://tpc.googlesyndication.com/simgad/5513864076699612430,가로형 이미지,HQ_HQ_PH_US-EN_GA_NU_AD_ACi_260430,M_1844_INTEREST_GENRE_ALL_NONE_260430_3,2026-04-30,0,KRW,1707,11,3,0,BNR,정방형,2026-04-29,A,AI,Favoritehero01A,EN,260429_BNR_A-AI-Favoritehero01A-DA_S_1200x1200_EN,A-AI-Favoritehero01A-DA,https://tpc.googlesyndication.com/simgad/5513864076699612430,"질문/선택형, 캐릭터/유닛 외형",경쾌함,,,,"Who is your favorite hero?, VS, PLAY FOR FREE",아트 퀄리티,용병 모집,DIY 픽업 시스템,마그 탐험대,샤일린,히어로 수집 육성,,수집 및 도감,"분할 화면, 텍스트 오버레이",자연/야외 미학,수집욕/소유욕,"인간형 영웅, SD/치비 캐릭터",2D 일러스트,대조되는 속성의 캐릭터를 배치한 질문형 카피로 유저의 취향과 수집욕을 자극함.
260429_BNR_A-AI-Favoritehero01B-DA_L_1200x628_EN.png;https://tpc.googlesyndication.com/simgad/13430850387343170645,가로형 이미지,HQ_HQ_PH_US-EN_GA_NU_AD_ACi_260430,M_1844_INTEREST_GENRE_ALL_NONE_260430_3,2026-04-30,0,KRW,0,7,0,0,BNR,가로형,2026-04-29,A,AI,Favoritehero01B,EN,260429_BNR_A-AI-Favoritehero01B-DA_L_1200x628_EN,A-AI-Favoritehero01B-DA,https://tpc.googlesyndication.com/simgad/13430850387343170645,"질문/선택형, 캐릭터/유닛 외형",,,,,"Who is your favorite hero?, VS, PLAY FOR FREE",아트 퀄리티,용병 모집,DIY 픽업 시스템,마그 탐험대,카르벨,히어로 수집 육성,,수집 및 도감,"분할 화면, 텍스트 오버레이",던전/신전,수집욕/소유욕,인간형 영웅,2D 일러스트,대조되는 속성의 캐릭터를 배치한 질문형 카피로 유저의 취향과 수집욕을 자극함.
260429_BNR_A-AI-Favoritehero01B-DA_S_1200x1200_EN.png;https://tpc.googlesyndication.com/simgad/4869773213661551192,가로형 이미지,HQ_HQ_PH_US-EN_GA_NU_AD_ACi_260430,M_1844_INTEREST_GENRE_ALL_NONE_260430_3,2026-04-30,0,KRW,773,16,1,0,BNR,정방형,2026-04-29,A,AI,Favoritehero01B,EN,260429_BNR_A-AI-Favoritehero01B-DA_S_1200x1200_EN,A-AI-Favoritehero01B-DA,https://tpc.googlesyndication.com/simgad/4869773213661551192,"질문/선택형, 캐릭터/유닛 외형",,,,,"Who is your favorite hero?, VS, PLAY FOR FREE",아트 퀄리티,용병 모집,DIY 픽업 시스템,마그 탐험대,카르벨,히어로 수집 육성,,수집 및 도감,"분할 화면, 텍스트 오버레이",던전/신전,수집욕/소유욕,인간형 영웅,2D 일러스트,대조되는 속성의 캐릭터를 배치한 질문형 카피로 유저의 취향과 수집욕을 자극함.
260429_BNR_A-AI-Victory01A-DA_L_1200x628_EN.png;https://tpc.googlesyndication.com/simgad/17680799217874309764,가로형 이미지,HQ_HQ_PH_US-EN_GA_NU_AD_ACi_260430,M_1844_INTEREST_GENRE_ALL_NONE_260430_3,2026-04-30,0,KRW,131,93,1,0,BNR,가로형,2026-04-29,A,AI,Victory01A,EN,260429_BNR_A-AI-Victory01A-DA_L_1200x628_EN,A-AI-Victory01A-DA,https://tpc.googlesyndication.com/simgad/17680799217874309764,"비주얼 임팩트, 압도적 보상",,,,,"VICTORY!, Crush The Monsters With the Top Squad, PLAY FREE","보상, 전략성",스쿼드 전투,보스 레이드,마그 탐험대,카르벨,렐릭 탐험 어드벤처,,"전투 및 액션, 장애물 및 도전",텍스트 오버레이,던전/신전,만족과 성취감,"인간형 영웅, 거대 보스, 재화/보물상자",2D 일러스트,보스 토벌 후 쏟아지는 재화 연출로 성취감을 주고 파티 편성 로망을 자극함.
260429_BNR_A-AI-Victory01A-DA_S_1200x1200_EN.png;https://tpc.googlesyndication.com/simgad/8323476710876020002,가로형 이미지,HQ_HQ_PH_US-EN_GA_NU_AD_ACi_260430,M_1844_INTEREST_GENRE_ALL_NONE_260430_3,2026-04-30,0,KRW,2698,139,3,0,BNR,정방형,2026-04-29,A,AI,Victory01A,EN,260429_BNR_A-AI-Victory01A-DA_S_1200x1200_EN,A-AI-Victory01A-DA,https://tpc.googlesyndication.com/simgad/8323476710876020002,"비주얼 임팩트, 압도적 보상",,,,,"VICTORY!, Crush The Monsters With the Top Squad, PLAY FREE","보상, 전략성",스쿼드 전투,보스 레이드,마그 탐험대,카르벨,렐릭 탐험 어드벤처,,"전투 및 액션, 장애물 및 도전",텍스트 오버레이,던전/신전,만족과 성취감,"인간형 영웅, 거대 보스, 재화/보물상자",2D 일러스트,보스 토벌 후 쏟아지는 재화 연출로 성취감을 주고 파티 편성 로망을 자극함.
260429_BNR_A-AI-Victory01A-DA_V_1200x1500_EN.png;https://tpc.googlesyndication.com/simgad/4104206601493878101,가로형 이미지,HQ_HQ_PH_US-EN_GA_NU_AD_ACi_260430,M_1844_INTEREST_GENRE_ALL_NONE_260430_3,2026-04-30,0,KRW,5,12,0,0,BNR,세로형,2026-04-29,A,AI,Victory01A,EN,260429_BNR_A-AI-Victory01A-DA_V_1200x1500_EN,A-AI-Victory01A-DA,https://tpc.googlesyndication.com/simgad/4104206601493878101,"비주얼 임팩트, 압도적 보상",,,,,"VICTORY!, Crush The Monsters With the Top Squad, PLAY FREE","보상, 전략성",스쿼드 전투,보스 레이드,마그 탐험대,카르벨,렐릭 탐험 어드벤처,,"전투 및 액션, 장애물 및 도전",텍스트 오버레이,던전/신전,만족과 성취감,"인간형 영웅, 거대 보스, 재화/보물상자",2D 일러스트,보스 토벌 후 쏟아지는 재화 연출로 성취감을 주고 파티 편성 로망을 자극함.
260406_VID_A-Character-Collection01B-UA_S_1080x1080_EN;https://www.youtube.com/watch?v=cTfY4JpFc-s,YouTube 동영상,HQ_HQ_PH_US-EN_GA_NU_AD_ACi_260430,M_1844_INTEREST_GENRE_ALL_NONE_260430_3,2026-04-30,0,KRW,841,15,0,0,VID,정방형,2026-04-06,A,Character,Collection01B,EN;https://www,260406_VID_A-Character-Collection01B-UA_S_1080x1080_EN,A-Character-Collection01B-UA,https://www.youtube.com/watch?v=cTfY4JpFc-s,"질문/선택형, 캐릭터/유닛 외형",경쾌함,TRUE,,없음,"CHOOSE YOUR HERO, HUGO, KARBEL, MONAD","캐릭터, 수집형RPG, 전략성",용병 모집(Gacha),DIY 픽업 시스템,마그 탐험대,"휴고, 카르벨, 모나드",히어로 수집 육성,남성 캐릭터 위주 배치,수집 및 도감,"텍스트 오버레이, 분할 화면",심플/클린 UI,수집욕/소유욕,"SD/치비 캐릭터, 인간형 영웅",2D 일러스트,캐릭터 구성 대조를 통한 타겟 취향별 효율 분석. 탱커 및 딜러 중심 덱 선호 심리 공략하며 캐릭터 조합 변주 소재로 리타겟팅 광고 활용 권장.
260406_VID_A-Character-Combat01A-UA_L_1920x1080_EN;https://www.youtube.com/watch?v=2W7-0AV2mfg,YouTube 동영상,HQ_HQ_PH_US-EN_GA_NU_AD_ACi_260430,M_1844_INTEREST_GENRE_ALL_NONE_260430_3,2026-04-30,0,KRW,8842,52,6,0,VID,가로형,2026-04-06,A,Character,Combat01A,EN;https://www,260406_VID_A-Character-Combat01A-UA_L_1920x1080_EN,A-Character-Combat01A-UA,https://www.youtube.com/watch?v=2W7-0AV2mfg,"비주얼 임팩트, 캐릭터/유닛 외형",긴박함,TRUE,,없음,"VINESSA, A DARK WIZARD WHO DOMINATES THE FIELD, SOPHIA, REMOVES ALL DEBUFFS! THE KEY TO SURVIVAL, BERNETA, A SYNERGY DEALER THAT PERFECTS YOUR TEAM, PLAY FOR FREE","아트 퀄리티, 캐릭터, 수집형RPG, 전략성",용병 모집,스킬 컷신 연출,마그 탐험대,"Vinessa, Sophia, Berneta",렐릭 탐험 어드벤처,캐릭터별 스킬 특징 강조,전투 및 액션,"텍스트 오버레이, 클로즈업 및 줌",자연/야외 미학,"도전과 승부욕, 수집욕/소유욕","인간형 영웅, SD/치비 캐릭터, 성장 지표","2.5D 입체 그래픽, 2D 일러스트",인게임 전투와 일러스트 교차 편집으로 몰입도 극대화. 캐릭터 스킬 및 시너지로 전략적 호기심 자극. 플레이 영상 기반 안정적 CVR 확보 및 캐릭터 속성 대비 변주 제안.
260406_VID_A-Character-Combat01A-UA_S_1080x1080_EN;https://www.youtube.com/watch?v=jnNAzjzUw8o,YouTube 동영상,HQ_HQ_PH_US-EN_GA_NU_AD_ACi_260430,M_1844_INTEREST_GENRE_ALL_NONE_260430_3,2026-04-30,2,KRW,2920,49,4,0,VID,정방형,2026-04-06,A,Character,Combat01A,EN;https://www,260406_VID_A-Character-Combat01A-UA_S_1080x1080_EN,A-Character-Combat01A-UA,https://www.youtube.com/watch?v=jnNAzjzUw8o,"비주얼 임팩트, 캐릭터/유닛 외형",긴박함,TRUE,,없음,"VINESSA, A DARK WIZARD WHO DOMINATES THE FIELD, SOPHIA, REMOVES ALL DEBUFFS! THE KEY TO SURVIVAL, BERNETA, A SYNERGY DEALER THAT PERFECTS YOUR TEAM, PLAY FOR FREE","아트 퀄리티, 캐릭터, 수집형RPG, 전략성",용병 모집,스킬 컷신 연출,마그 탐험대,"Vinessa, Sophia, Berneta",렐릭 탐험 어드벤처,캐릭터별 스킬 특징 강조,전투 및 액션,"텍스트 오버레이, 클로즈업 및 줌",자연/야외 미학,"도전과 승부욕, 수집욕/소유욕","인간형 영웅, SD/치비 캐릭터, 성장 지표","2.5D 입체 그래픽, 2D 일러스트",SSR 비네사 비주얼을 초반에 배치해 RPG 팬덤 시선 확보. 고퀄리티 애니메이션으로 캐릭터 소유욕을 자극하며 스킬 콤보 시리즈로 소재 확장 가능.
260406_VID_A-Character-Combat01A-UA_V_1080x1920_EN;https://www.youtube.com/watch?v=tHmXhOKu33A,YouTube 동영상,HQ_HQ_PH_US-EN_GA_NU_AD_ACi_260430,M_1844_INTEREST_GENRE_ALL_NONE_260430_3,2026-04-30,1,KRW,1242,39,1,0,VID,세로형,2026-04-06,A,Character,Combat01A,EN;https://www,260406_VID_A-Character-Combat01A-UA_V_1080x1920_EN,A-Character-Combat01A-UA,https://www.youtube.com/watch?v=tHmXhOKu33A,"비주얼 임팩트, 캐릭터/유닛 외형",긴박함,TRUE,,없음,"VINESSA, A DARK WIZARD WHO DOMINATES THE FIELD, SOPHIA, REMOVES ALL DEBUFFS! THE KEY TO SURVIVAL, BERNETA, A SYNERGY DEALER THAT PERFECTS YOUR TEAM, PLAY FOR FREE","아트 퀄리티, 캐릭터, 수집형RPG, 전략성",용병 모집,스킬 컷신 연출,마그 탐험대,"Vinessa, Sophia, Berneta",렐릭 탐험 어드벤처,캐릭터별 스킬 특징 강조,전투 및 액션,"텍스트 오버레이, 클로즈업 및 줌",자연/야외 미학,"도전과 승부욕, 수집욕/소유욕","인간형 영웅, SD/치비 캐릭터, 성장 지표","2.5D 입체 그래픽, 2D 일러스트",숏폼 최적화 세로 분할 화면으로 캐릭터와 전투 연출 강조. 한 손 플레이 선호 심리를 공략하여 틱톡 및 릴스 내 높은 조회수 확보 기대.
260406_VID_A-Character-Combat01B-UA_L_1920x1080_EN;https://www.youtube.com/watch?v=d4rVTfnnYhg,YouTube 동영상,HQ_HQ_PH_US-EN_GA_NU_AD_ACi_260430,M_1844_INTEREST_GENRE_ALL_NONE_260430_3,2026-04-30,0,KRW,463,23,2,0,VID,가로형,2026-04-06,A,Character,Combat01B,EN;https://www,260406_VID_A-Character-Combat01B-UA_L_1920x1080_EN,A-Character-Combat01B-UA,https://www.youtube.com/watch?v=d4rVTfnnYhg,"비주얼 임팩트, 캐릭터/유닛 외형",긴박함,TRUE,,없음,"HUGO, An indomitable warrior..., MONAD, A sage who devastates..., KARBEL, A fiery dealer..., PLAY FOR FREE","전략성, 아트 퀄리티",용병 모집,8인 실시간 전투,마그 탐험대,"Hugo, Monad, Karbel",히어로 수집 육성,,전투 및 액션,"텍스트 오버레이, 클로즈업 및 줌",자연/야외 미학,"도전과 승부욕, 수집욕/소유욕","인간형 영웅, SD/치비 캐릭터, 성장 지표","2.5D 입체 그래픽, 2D 일러스트",16:9 뷰로 넓은 전장과 스킬 강조. 화려한 연출로 타격감 선호 유저 공략. 전투 선호층 대상 높은 전환율 기대.
260406_VID_A-Character-Combat01B-UA_S_1080x1080_EN;https://www.youtube.com/watch?v=tcTIYuJi7pM,YouTube 동영상,HQ_HQ_PH_US-EN_GA_NU_AD_ACi_260430,M_1844_INTEREST_GENRE_ALL_NONE_260430_3,2026-04-30,2,KRW,7139,125,5,0,VID,정방형,2026-04-06,A,Character,Combat01B,EN;https://www,260406_VID_A-Character-Combat01B-UA_S_1080x1080_EN,A-Character-Combat01B-UA,https://www.youtube.com/watch?v=tcTIYuJi7pM,"비주얼 임팩트, 캐릭터/유닛 외형",긴박함,TRUE,,없음,"HUGO, An indomitable warrior..., MONAD, A sage who devastates..., KARBEL, A fiery dealer..., PLAY FOR FREE","전략성, 아트 퀄리티",용병 모집,8인 실시간 전투,마그 탐험대,"Hugo, Monad, Karbel",히어로 수집 육성,,전투 및 액션,"텍스트 오버레이, 클로즈업 및 줌",자연/야외 미학,"도전과 승부욕, 수집욕/소유욕","인간형 영웅, SD/치비 캐릭터, 성장 지표","2.5D 입체 그래픽, 2D 일러스트",소피아의 생존 및 지원 능력과 팀 시너지를 강조해 전략적 유저 공략. 비네사 소재 A/B 테스트로 타겟별 선호 캐릭터 최적화 및 성과 확장 도모.
260406_VID_A-Character-Combat01B-UA_V_1080x1920_EN;https://www.youtube.com/watch?v=rrd-TGZqEqc,YouTube 동영상,HQ_HQ_PH_US-EN_GA_NU_AD_ACi_260430,M_1844_INTEREST_GENRE_ALL_NONE_260430_3,2026-04-30,1,KRW,3919,75,4,0,VID,세로형,2026-04-06,A,Character,Combat01B,EN;https://www,260406_VID_A-Character-Combat01B-UA_V_1080x1920_EN,A-Character-Combat01B-UA,https://www.youtube.com/watch?v=rrd-TGZqEqc,"비주얼 임팩트, 캐릭터/유닛 외형",긴박함,TRUE,,없음,"HUGO, An indomitable warrior..., MONAD, A sage who devastates..., KARBEL, A fiery dealer..., PLAY FOR FREE","전략성, 아트 퀄리티",용병 모집,8인 실시간 전투,마그 탐험대,"Hugo, Monad, Karbel",히어로 수집 육성,,전투 및 액션,"텍스트 오버레이, 클로즈업 및 줌",자연/야외 미학,"도전과 승부욕, 수집욕/소유욕","인간형 영웅, SD/치비 캐릭터, 성장 지표","2.5D 입체 그래픽, 2D 일러스트",직관적인 탱딜힐 구성으로 정통 RPG 유저의 파티 니즈 충족. 역할군 조합의 재미를 텍스트로 보강하여 효율 극대화 기대.
260406_VID_A-Charater-Collection01B-UA_L_1920x1080_EN;https://www.youtube.com/watch?v=rRGCh1x6a6M,YouTube 동영상,HQ_HQ_PH_US-EN_GA_NU_AD_ACi_260430,M_1844_INTEREST_GENRE_ALL_NONE_260430_3,2026-04-30,0,KRW,1437,35,1,0,VID,가로형,2026-04-06,A,Charater,Collection01B,EN;https://www,260406_VID_A-Charater-Collection01B-UA_L_1920x1080_EN,A-Charater-Collection01B-UA,https://www.youtube.com/watch?v=rRGCh1x6a6M,"질문/선택형, 캐릭터/유닛 외형",경쾌함,TRUE,,없음,"CHOOSE YOUR HERO, HUGO, PLAY FOR FREE","아트 퀄리티, 전략성",용병 모집,DIY 픽업 시스템,마그 탐험대,Hugo,히어로 수집 육성,,수집 및 도감,"텍스트 오버레이, 클로즈업 및 줌",심플/클린 UI,"수집욕/소유욕, 만족과 성취감","인간형 영웅, SD/치비 캐릭터","2.5D 입체 그래픽, 2D 일러스트","그리드 UI로 풍부한 캐릭터 풀을 어필해 수집 욕구를 자극하며, 캐릭터 강조 엔드카드를 통해 높은 잔존율을 확보합니다."
260406_VID_A-Charater-Collection01B-UA_V_1080x1920_EN;https://www.youtube.com/watch?v=u5diHTUsSOs,YouTube 동영상,HQ_HQ_PH_US-EN_GA_NU_AD_ACi_260430,M_1844_INTEREST_GENRE_ALL_NONE_260430_3,2026-04-30,0,KRW,490,44,0,0,VID,세로형,2026-04-06,A,Charater,Collection01B,EN;https://www,260406_VID_A-Charater-Collection01B-UA_V_1080x1920_EN,A-Charater-Collection01B-UA,https://www.youtube.com/watch?v=u5diHTUsSOs,"질문/선택형, 캐릭터/유닛 외형",경쾌함,TRUE,,없음,"CHOOSE YOUR HERO, HUGO, PLAY FOR FREE","아트 퀄리티, 전략성",용병 모집,DIY 픽업 시스템,마그 탐험대,Hugo,히어로 수집 육성,캐릭터 픽(Pick) 연출,수집 및 도감,"텍스트 오버레이, 클로즈업 및 줌",심플/클린 UI,"수집욕/소유욕, 만족과 성취감","인간형 영웅, SD/치비 캐릭터","2.5D 입체 그래픽, 2D 일러스트",직접 영웅을 선택하는 인터랙티브 경험으로 기대감 부여. 다양한 영웅 노출을 통해 유저 취향을 공략하고 반복적인 참여 유도.
260406_VID_A-Hooking-Reward02A-FK_L_1920x1080_EN;https://www.youtube.com/watch?v=oRlzfGbT3xY,YouTube 동영상,HQ_HQ_PH_US-EN_GA_NU_AD_ACi_260430,M_1844_INTEREST_GENRE_ALL_NONE_260430_3,2026-04-30,5,KRW,16334,429,36,0,VID,가로형,2026-04-06,A,Hooking,Reward02A,EN;https://www,260406_VID_A-Hooking-Reward02A-FK_L_1920x1080_EN,A-Hooking-Reward02A-FK,https://www.youtube.com/watch?v=oRlzfGbT3xY,"실패/분노 유도, 압도적 보상",긴박함,TRUE,,없음,"Tap here to save him!, Help me!, HELP KARBEL CLEAR, Claim your SR character and rewards worth $100!, PLAY FOR FREE",보상,용병 모집,우호도 시스템,마그 탐험대,카르벨(Karbel),히어로 수집 육성,페이크 플레이(구출 미니게임) 형식 활용,퍼즐 및 논리,"손가락 지시선, 텍스트 오버레이",자연/야외 미학,"도전과 승부욕, 만족과 성취감","SD/치비 캐릭터, 재화/보물상자",2D 일러스트,구출 미니게임 방식을 활용해 시청자 이탈을 방지하고 즉각적인 행동을 유도합니다. 대량의 재화 보상으로 성취감을 자극하여 저단가 트래픽 확보 및 높은 클릭률을 공략합니다.
260406_VID_A-Hooking-Reward02A-FK_S_1080x1080_EN;https://www.youtube.com/watch?v=EgLwtP8WjE4,YouTube 동영상,HQ_HQ_PH_US-EN_GA_NU_AD_ACi_260430,M_1844_INTEREST_GENRE_ALL_NONE_260430_3,2026-04-30,5,KRW,14267,107,24,0,VID,정방형,2026-04-06,A,Hooking,Reward02A,EN;https://www,260406_VID_A-Hooking-Reward02A-FK_S_1080x1080_EN,A-Hooking-Reward02A-FK,https://www.youtube.com/watch?v=EgLwtP8WjE4,"실패/분노 유도, 압도적 보상",긴박함,TRUE,,없음,"Tap here to save him!, Help me!, HELP KARBEL CLEAR, Claim your SR character and rewards worth $100!, PLAY FOR FREE",보상,용병 모집,우호도 시스템,마그 탐험대,카르벨(Karbel),히어로 수집 육성,페이크 플레이(구출 미니게임) 형식 활용,퍼즐 및 논리,"손가락 지시선, 텍스트 오버레이",자연/야외 미학,"도전과 승부욕, 만족과 성취감","SD/치비 캐릭터, 재화/보물상자",2D 일러스트,위기 상황 미션과 100달러 보상으로 유저 참여 및 전환 유도. 쉬운 조작성 강조로 진입 장벽을 낮춰 대량 유입용 런칭 소재로 적합.
260406_VID_A-Hooking-Reward02A-FK_V_1080x1920_EN;https://www.youtube.com/watch?v=b7LsalWUDvQ,YouTube 동영상,HQ_HQ_PH_US-EN_GA_NU_AD_ACi_260430,M_1844_INTEREST_GENRE_ALL_NONE_260430_3,2026-04-30,0,KRW,3324,19,0,0,VID,세로형,2026-04-06,A,Hooking,Reward02A,EN;https://www,260406_VID_A-Hooking-Reward02A-FK_V_1080x1920_EN,A-Hooking-Reward02A-FK,https://www.youtube.com/watch?v=b7LsalWUDvQ,"실패/분노 유도, 압도적 보상",긴박함,TRUE,,없음,"Tap here to save him!, Help me!, HELP KARBEL CLEAR, Claim your SR character and rewards worth $100!, PLAY FOR FREE",보상,용병 모집,우호도 시스템,마그 탐험대,카르벨(Karbel),히어로 수집 육성,페이크 플레이(구출 미니게임) 형식 활용,퍼즐 및 논리,"손가락 지시선, 텍스트 오버레이",자연/야외 미학,"도전과 승부욕, 만족과 성취감","SD/치비 캐릭터, 재화/보물상자",2D 일러스트,9:16 세로형 구조로 터치 인터랙션을 극대화하고 FOMO를 자극해 시청 완료율을 높입니다. 캐릭터 활용 및 실패 연출의 A/B 테스트 확장을 제안합니다.
260406_VID_A-Hooking-Reward03A-UA_L_1920x1080_EN;https://www.youtube.com/watch?v=XUrzh1Qrk5w,YouTube 동영상,HQ_HQ_PH_US-EN_GA_NU_AD_ACi_260430,M_1844_INTEREST_GENRE_ALL_NONE_260430_3,2026-04-30,2,KRW,8039,42,8,0,VID,가로형,2026-04-06,A,Hooking,Reward03A,EN;https://www,260406_VID_A-Hooking-Reward03A-UA_L_1920x1080_EN,A-Hooking-Reward03A-UA,https://www.youtube.com/watch?v=XUrzh1Qrk5w,"압도적 보상, 실패/분노 유도",경쾌함,TRUE,,없음,"WARNING Skip and you will lose your $100 rewards, Tap within 5 Seconds, SR, PLAY FOR FREE!, Claim your SR character and rewards worth $100!",보상,용병 모집,,마그 탐험대,Karbel,히어로 수집 육성,$100 가치 혜택 강조,수집 및 도감,"손가락 지시선, 텍스트 오버레이",심플/클린 UI,"만족과 성취감, 수집욕/소유욕","재화/보물상자, SD/치비 캐릭터","2D 일러스트, 2.5D 입체 그래픽","가로 화면을 활용한 화려한 연출로 시각적 몰입감을 높이고, 보상 상실에 대한 FOMO 심리를 자극하여 가로형 매체 타겟 광고 효율을 극대화함."
260406_VID_A-Hooking-Reward03A-UA_S_1080x1080_EN;https://www.youtube.com/watch?v=VGJB5tDWops,YouTube 동영상,HQ_HQ_PH_US-EN_GA_NU_AD_ACi_260430,M_1844_INTEREST_GENRE_ALL_NONE_260430_3,2026-04-30,0,KRW,1239,29,2,0,VID,정방형,2026-04-06,A,Hooking,Reward03A,EN;https://www,260406_VID_A-Hooking-Reward03A-UA_S_1080x1080_EN,A-Hooking-Reward03A-UA,https://www.youtube.com/watch?v=VGJB5tDWops,"압도적 보상, 실패/분노 유도",경쾌함,TRUE,,없음,"WARNING Skip and you will lose your $100 rewards, Tap within 5 Seconds, SR, PLAY FOR FREE!, Claim your SR character and rewards worth $100!",보상,용병 모집,,마그 탐험대,Karbel,히어로 수집 육성,$100 가치 혜택 강조,수집 및 도감,"손가락 지시선, 텍스트 오버레이",심플/클린 UI,"만족과 성취감, 수집욕/소유욕","재화/보물상자, SD/치비 캐릭터","2D 일러스트, 2.5D 입체 그래픽",부정적 후킹과 시간 제한으로 클릭 유도. $100 가치 및 SR 확정으로 수익 구체화. 높은 CVR 예상되며 보상 변주를 통한 라이브 옵스 제안.
260406_VID_A-Hooking-Reward03A-UA_V_1080x1920_EN;https://www.youtube.com/watch?v=jA_HAiz95x4,YouTube 동영상,HQ_HQ_PH_US-EN_GA_NU_AD_ACi_260430,M_1844_INTEREST_GENRE_ALL_NONE_260430_3,2026-04-30,0,KRW,621,16,1,0,VID,세로형,2026-04-06,A,Hooking,Reward03A,EN;https://www,260406_VID_A-Hooking-Reward03A-UA_V_1080x1920_EN,A-Hooking-Reward03A-UA,https://www.youtube.com/watch?v=jA_HAiz95x4,"압도적 보상, 실패/분노 유도",경쾌함,TRUE,,없음,"WARNING Skip and you will lose your $100 rewards, Tap within 5 Seconds, SR, PLAY FOR FREE!, Claim your SR character and rewards worth $100!",보상,용병 모집,,마그 탐험대,Karbel,히어로 수집 육성,$100 가치 혜택 강조,수집 및 도감,"손가락 지시선, 텍스트 오버레이",심플/클린 UI,"만족과 성취감, 수집욕/소유욕","재화/보물상자, SD/치비 캐릭터","2D 일러스트, 2.5D 입체 그래픽",도발적 문구와 타이머로 이탈을 방지하고 FOMO 심리를 자극함. 보상형 인벤토리 활용을 통해 UA 매체에서 압도적 전환율 달성 기대.
260406_VID_A-Mob-Adventure01A-UA_L_1920x1080_EN;https://www.youtube.com/watch?v=hVmkPdIsz70,YouTube 동영상,HQ_HQ_PH_US-EN_GA_NU_AD_ACi_260430,M_1844_INTEREST_GENRE_ALL_NONE_260430_3,2026-04-30,0,KRW,4707,31,2,0,VID,가로형,2026-04-06,A,Mob,Adventure01A,EN;https://www,260406_VID_A-Mob-Adventure01A-UA_L_1920x1080_EN,A-Mob-Adventure01A-UA,https://www.youtube.com/watch?v=hVmkPdIsz70,"비주얼 임팩트, 성장 비포애프터",긴박함,TRUE,,없음,"WARNING, GOBLINS INCOMING!, Goblins? Easy! Level UP! UP!, Power Boost! BOOM! BOOM!, Strategic deployment!, Get ready for BATTLE!","편의성, 전략성",AFK 기능,8인 실시간 전투,고블린,카르벨,렐릭 탐험 어드벤처,스마트폰 UI 팝업 연출,"시뮬레이션 및 관리, 장애물 및 도전","텍스트 오버레이, 클로즈업 및 줌",자연/야외 미학,"도전과 승부욕, 만족과 성취감","SD/치비 캐릭터, 성장 지표, 군단/대규모 유닛",2.5D 입체 그래픽,16:9 화면 대비로 대규모 전투와 모바일 최적화 강조. 방치형 육성 선호 유저 타겟으로 핵심 시스템 소구 및 브랜딩·퍼포먼스 효율 기대.
260406_VID_A-Mob-Adventure01A-UA_S_1080x1080_EN;https://www.youtube.com/watch?v=LMKl0g6yRJU,YouTube 동영상,HQ_HQ_PH_US-EN_GA_NU_AD_ACi_260430,M_1844_INTEREST_GENRE_ALL_NONE_260430_3,2026-04-30,0,KRW,776,2,1,0,VID,정방형,2026-04-06,A,Mob,Adventure01A,EN;https://www,260406_VID_A-Mob-Adventure01A-UA_S_1080x1080_EN,A-Mob-Adventure01A-UA,https://www.youtube.com/watch?v=LMKl0g6yRJU,"비주얼 임팩트, 성장 비포애프터",긴박함,TRUE,,없음,"WARNING, GOBLINS INCOMING!, Goblins? Easy! Level UP! UP!, Power Boost! BOOM! BOOM!, Strategic deployment!, Get ready for BATTLE!","편의성, 전략성",AFK 기능,8인 실시간 전투,고블린,카르벨,렐릭 탐험 어드벤처,스마트폰 UI 팝업 연출,"시뮬레이션 및 관리, 장애물 및 도전","텍스트 오버레이, 클로즈업 및 줌",자연/야외 미학,"도전과 승부욕, 참여와 임장감","SD/치비 캐릭터, 성장 지표, 군단/대규모 유닛",2.5D 입체 그래픽,경고 연출로 몰입도를 높이고 쉬운 성장을 강조해 진입 장벽 완화. 대규모 레이드 소재 확장을 통한 중장기 성과 기대.
260406_VID_A-Mob-Adventure01A-UA_V_1080x1920_EN;https://www.youtube.com/watch?v=nIYkYZ-JFj0,YouTube 동영상,HQ_HQ_PH_US-EN_GA_NU_AD_ACi_260430,M_1844_INTEREST_GENRE_ALL_NONE_260430_3,2026-04-30,0,KRW,528,16,0,0,VID,세로형,2026-04-06,A,Mob,Adventure01A,EN;https://www,260406_VID_A-Mob-Adventure01A-UA_V_1080x1920_EN,A-Mob-Adventure01A-UA,https://www.youtube.com/watch?v=nIYkYZ-JFj0,"비주얼 임팩트, 성장 비포애프터",긴박함,TRUE,,없음,"WARNING, GOBLINS INCOMING!, Goblins? Easy! Level UP! UP!, Power Boost! BOOM! BOOM!, Strategic deployment!, Get ready for BATTLE!","편의성, 전략성",AFK 기능,8인 실시간 전투,고블린,카르벨,렐릭 탐험 어드벤처,스마트폰 UI 팝업 연출,"시뮬레이션 및 관리, 장애물 및 도전","텍스트 오버레이, 클로즈업 및 줌",자연/야외 미학,"도전과 승부욕, 만족과 성취감","SD/치비 캐릭터, 성장 지표, 군단/대규모 유닛",2.5D 입체 그래픽,세로형 피드 최적화 UI와 마을 습격 반전 연출로 이탈 방지. 직관적 레벨업과 전략적 배치 중심의 성장 쾌감을 자극해 숏폼 환경 내 높은 시청 유지율 및 전환율 기대.
Cute but Powerful Squad,광고 제목,HQ_HQ_PH_US-EN_GA_NU_AD_ACi_260430,M_1844_INTEREST_GENRE_ALL_NONE_260430,2026-04-30,1,KRW,761,28,3,0,TXT,,,,,,,,,,,,,,,,,,,,,,,,,,,,,
Let’s Hunt for Treasure!,광고 제목,HQ_HQ_PH_US-EN_GA_NU_AD_ACi_260430,M_1844_INTEREST_GENRE_ALL_NONE_260430,2026-04-30,0,KRW,174,25,0,0,TXT,,,,,,,,,,,,,,,,,,,,,,,,,,,,,
Pepp Heroes,광고 제목,HQ_HQ_PH_US-EN_GA_NU_AD_ACi_260430,M_1844_INTEREST_GENRE_ALL_NONE_260430,2026-04-30,0,KRW,1758,117,6,0,TXT,,,,,,,,,,,,,,,,,,,,,,,,,,,,,
Play for Free,광고 제목,HQ_HQ_PH_US-EN_GA_NU_AD_ACi_260430,M_1844_INTEREST_GENRE_ALL_NONE_260430,2026-04-30,0,KRW,783,192,2,0,TXT,,,,,,,,,,,,,,,,,,,,,,,,,,,,,
"Your RPG, In Your Hands",광고 제목,HQ_HQ_PH_US-EN_GA_NU_AD_ACi_260430,M_1844_INTEREST_GENRE_ALL_NONE_260430,2026-04-30,0,KRW,67,48,0,0,TXT,,,,,,,,,,,,,,,,,,,,,,,,,,,,,
Adorable Yet Powerful! Collect Heroes With Diverse Charms,설명,HQ_HQ_PH_US-EN_GA_NU_AD_ACi_260430,M_1844_INTEREST_GENRE_ALL_NONE_260430,2026-04-30,0,KRW,277,83,1,0,TXT,,,,,,,,,,,,,,,,,,,,,,,,,,,,,
Clock Out and Start Your Treasure Hunt!,설명,HQ_HQ_PH_US-EN_GA_NU_AD_ACi_260430,M_1844_INTEREST_GENRE_ALL_NONE_260430,2026-04-30,1,KRW,1488,107,3,0,TXT,,,,,,,,,,,,,,,,,,,,,,,,,,,,,
Get Rewards Worth $100! Play Now!,설명,HQ_HQ_PH_US-EN_GA_NU_AD_ACi_260430,M_1844_INTEREST_GENRE_ALL_NONE_260430,2026-04-30,1,KRW,1187,287,4,0,TXT,,,,,,,,,,,,,,,,,,,,,,,,,,,,,
Strategic Battles With Heroes Full of Personality! Win With Your Own Squad,설명,HQ_HQ_PH_US-EN_GA_NU_AD_ACi_260430,M_1844_INTEREST_GENRE_ALL_NONE_260430,2026-04-30,0,KRW,929,110,1,0,TXT,,,,,,,,,,,,,,,,,,,,,,,,,,,,,
Unique Hero Skills and Synergies! The Collectible RPG of Endless Team Combinations,설명,HQ_HQ_PH_US-EN_GA_NU_AD_ACi_260430,M_1844_INTEREST_GENRE_ALL_NONE_260430,2026-04-30,0,KRW,270,101,0,0,TXT,,,,,,,,,,,,,,,,,,,,,,,,,,,,,
251104_BNR_A-Character-Adventure01A-DA_L_1200x628_EN.jpg;https://tpc.googlesyndication.com/simgad/7852267225455295083,가로형 이미지,HQ_HQ_PH_US-EN_GA_NU_AD_ACi_260430,M_1844_INTEREST_GENRE_ALL_NONE_260430,2026-04-30,2,KRW,11868,244,28,0,BNR,가로형,2025-11-04,A,Character,Adventure01A,EN,251104_BNR_A-Character-Adventure01A-DA_L_1200x628_EN,A-Character-Adventure01A-DA,https://tpc.googlesyndication.com/simgad/7852267225455295083,"비주얼 임팩트, 캐릭터/유닛 외형",,,,,PEPP HEROES,"아트 퀄리티, 캐릭터, 수집형RPG","5인 분대 전투, 수집형 RPG",,"마그 탐험대, 고블린",카르벨(Karbel),렐릭 탐험 어드벤처,2.5D 입체 월드 강조,"전투 및 액션, 탐험 및 발견",텍스트 오버레이,자연/야외 미학,"도전과 승부욕, 수집욕/소유욕","인간형 영웅, SD/치비 캐릭터, 거대 보스","2.5D 입체 그래픽, 2D 일러스트",와이드 뷰로 보스 대립 및 레이드 강조. 소부대 전투의 스케일감으로 타겟 공략. SNS 최적화와 보상 정보 추가로 유입 및 전환 극대화.
251104_BNR_A-Character-Adventure01A-DA_S_1200x1200_EN.jpg;https://tpc.googlesyndication.com/simgad/13260462268912176542,가로형 이미지,HQ_HQ_PH_US-EN_GA_NU_AD_ACi_260430,M_1844_INTEREST_GENRE_ALL_NONE_260430,2026-04-30,0,KRW,0,16,0,0,BNR,정방형,2025-11-04,A,Character,Adventure01A,EN,251104_BNR_A-Character-Adventure01A-DA_S_1200x1200_EN,A-Character-Adventure01A-DA,https://tpc.googlesyndication.com/simgad/13260462268912176542,"비주얼 임팩트, 캐릭터/유닛 외형",,,,,PEPP HEROES,"아트 퀄리티, 캐릭터, 수집형RPG","5인 분대 전투, 수집형 RPG",,"마그 탐험대, 고블린",카르벨(Karbel),렐릭 탐험 어드벤처,2.5D 입체 월드 강조,"전투 및 액션, 탐험 및 발견",텍스트 오버레이,자연/야외 미학,"참여와 임장감, 수집욕/소유욕","인간형 영웅, SD/치비 캐릭터, 거대 보스","2.5D 입체 그래픽, 2D 일러스트",독창적인 2.5D 비주얼과 코어한 전투 재미로 RPG 유저 공략. 북미·글로벌 시장의 높은 CTR을 기반으로 SSR 소환 연출을 활용해 CVR 최적화.
251104_BNR_A-Character-Adventure01A-DA_V_1200x1500_EN.jpg;https://tpc.googlesyndication.com/simgad/11060997048456614631,가로형 이미지,HQ_HQ_PH_US-EN_GA_NU_AD_ACi_260430,M_1844_INTEREST_GENRE_ALL_NONE_260430,2026-04-30,0,KRW,95,6,0,0,BNR,세로형,2025-11-04,A,Character,Adventure01A,EN,251104_BNR_A-Character-Adventure01A-DA_V_1200x1500_EN,A-Character-Adventure01A-DA,https://tpc.googlesyndication.com/simgad/11060997048456614631,"비주얼 임팩트, 캐릭터/유닛 외형",,,,,PEPP HEROES,"아트 퀄리티, 캐릭터, 수집형RPG","5인 분대 전투, 수집형 RPG",,"마그 탐험대, 고블린",카르벨(Karbel),렐릭 탐험 어드벤처,2.5D 입체 월드 강조,"전투 및 액션, 탐험 및 발견",텍스트 오버레이,자연/야외 미학,"수집욕/소유욕, 만족과 성취감","인간형 영웅, SD/치비 캐릭터, 거대 보스","2.5D 입체 그래픽, 2D 일러스트",캐릭터 케미와 조합 시각화로 SSR 수집 재미 자극. 속성 상성 강조 소재로 고관여 유저 공략 및 확장.
260406_BNR_A-Character-Adventure02A-DA_L_1200x628_EN.jpg;https://tpc.googlesyndication.com/simgad/7571534943945847205,가로형 이미지,HQ_HQ_PH_US-EN_GA_NU_AD_ACi_260430,M_1844_INTEREST_GENRE_ALL_NONE_260430,2026-04-30,1,KRW,116,54,1,0,BNR,가로형,2026-04-06,A,Character,Adventure02A,EN,260406_BNR_A-Character-Adventure02A-DA_L_1200x628_EN,A-Character-Adventure02A-DA,https://tpc.googlesyndication.com/simgad/7571534943945847205,"캐릭터/유닛 외형, 비주얼 임팩트",,,,,"PEPP HEROES: RELIC QUEST, PRE-REGISTER NOW","아트 퀄리티, 릴리즈 예고, 캐릭터, 수집형RPG",용병 모집(Gacha),렐릭 퀘스트,마그 탐험대,샤일린(Shylin),렐릭 탐험 어드벤처,,수집 및 도감,텍스트 오버레이,자연/야외 미학,"수집욕/소유욕, 참여와 임장감",,"2.5D 입체 그래픽, 2D 일러스트",샤일린 비주얼을 활용해 2.5D 미학적 만족감을 강조하고 사전예약을 유도함. 고관여 유저 대상 높은 CTR이 기대되며 캐릭터 시너지 소재로 확장 계획임.
260406_BNR_A-Character-Adventure02A-DA_S_1200x1200_EN.jpg;https://tpc.googlesyndication.com/simgad/11186665980784424187,가로형 이미지,HQ_HQ_PH_US-EN_GA_NU_AD_ACi_260430,M_1844_INTEREST_GENRE_ALL_NONE_260430,2026-04-30,0,KRW,433,173,2,0,BNR,정방형,2026-04-06,A,Character,Adventure02A,EN,260406_BNR_A-Character-Adventure02A-DA_S_1200x1200_EN,A-Character-Adventure02A-DA,https://tpc.googlesyndication.com/simgad/11186665980784424187,"캐릭터/유닛 외형, 비주얼 임팩트",,,,,"PEPP HEROES: RELIC QUEST, PRE-REGISTER NOW","아트 퀄리티, 릴리즈 예고, 캐릭터, 수집형RPG",용병 모집(Gacha),렐릭 퀘스트,마그 탐험대,샤일린(Shylin),렐릭 탐험 어드벤처,,수집 및 도감,텍스트 오버레이,자연/야외 미학,"수집욕/소유욕, 참여와 임장감",,"2.5D 입체 그래픽, 2D 일러스트",정사각형 포맷 내 캐릭터 밀집도를 높여 시선 집중 및 수집 욕구 자극. 인스타그램 등 매체 최적화 및 보상 정보 결합으로 고효율 기대.
260406_BNR_A-Character-Adventure02A-DA_V_1200x1500_EN.jpg;https://tpc.googlesyndication.com/simgad/6053276405209869053,가로형 이미지,HQ_HQ_PH_US-EN_GA_NU_AD_ACi_260430,M_1844_INTEREST_GENRE_ALL_NONE_260430,2026-04-30,4,KRW,7339,42,4,0,BNR,세로형,2026-04-06,A,Character,Adventure02A,EN,260406_BNR_A-Character-Adventure02A-DA_V_1200x1500_EN,A-Character-Adventure02A-DA,https://tpc.googlesyndication.com/simgad/6053276405209869053,"캐릭터/유닛 외형, 비주얼 임팩트",,,,,"PEPP HEROES: RELIC QUEST, PRE-REGISTER NOW","아트 퀄리티, 릴리즈 예고, 캐릭터, 수집형RPG",용병 모집(Gacha),렐릭 퀘스트,마그 탐험대,샤일린(Shylin),렐릭 탐험 어드벤처,,수집 및 도감,텍스트 오버레이,자연/야외 미학,"수집욕/소유욕, 참여와 임장감",,"2.5D 입체 그래픽, 2D 일러스트",세로형 피드 최적화와 2.5D 배경으로 어드벤처 컨셉 전달. 영웅 캐릭터를 강조해 탐험 욕구를 자극하며 SNS 뉴스피드 내 높은 CTR 성과 기대함.
260406_BNR_A-Character-Life01A-DA_L_1200x628_EN.jpg;https://tpc.googlesyndication.com/simgad/4842260928888903016,가로형 이미지,HQ_HQ_PH_US-EN_GA_NU_AD_ACi_260430,M_1844_INTEREST_GENRE_ALL_NONE_260430,2026-04-30,0,KRW,13,19,0,0,BNR,가로형,2026-04-06,A,Character,Life01A,EN,260406_BNR_A-Character-Life01A-DA_L_1200x628_EN,A-Character-Life01A-DA,https://tpc.googlesyndication.com/simgad/4842260928888903016,"캐릭터/유닛 외형, 비주얼 임팩트",,,,,"PEPP HEROES, PLAY FOR FREE","아트 퀄리티, 전략성, 수집형RPG","8인 실시간 전투, 8종 직업 및 4종 클래스 체계","렐릭 퀘스트, 8인 실시간 전투",마그 탐험대,카르벨(Karbel),"렐릭 탐험 어드벤처, 히어로 수집 육성",,"수집 및 도감, 탐험 및 발견","텍스트 오버레이, 심플/클린 UI",자연/야외 미학,"휴식과 힐링, 수집욕/소유욕","SD/치비 캐릭터, 인간형 영웅","2.5D 입체 그래픽, 2D 일러스트",2.5D 월드의 공간감을 강조하여 어드벤처 유저를 타겟팅합니다. 리마케팅에 효과적이며 수집 문구 추가로 정보 전달력 보강을 추천합니다.
260406_BNR_A-Character-Life01A-DA_S_1200x1200_EN.jpg;https://tpc.googlesyndication.com/simgad/1365671312776743899,가로형 이미지,HQ_HQ_PH_US-EN_GA_NU_AD_ACi_260430,M_1844_INTEREST_GENRE_ALL_NONE_260430,2026-04-30,0,KRW,0,12,0,0,BNR,정방형,2026-04-06,A,Character,Life01A,EN,260406_BNR_A-Character-Life01A-DA_S_1200x1200_EN,A-Character-Life01A-DA,https://tpc.googlesyndication.com/simgad/1365671312776743899,"캐릭터/유닛 외형, 비주얼 임팩트",,,,,"PEPP HEROES, PLAY FOR FREE","아트 퀄리티, 캐릭터, 수집형RPG","8인 실시간 전투, 8종 직업 및 4종 클래스 체계","렐릭 퀘스트, 8인 실시간 전투",마그 탐험대,카르벨(Karbel),"렐릭 탐험 어드벤처, 히어로 수집 육성",,"수집 및 도감, 탐험 및 발견","텍스트 오버레이, 심플/클린 UI",자연/야외 미학,"휴식과 힐링, 수집욕/소유욕","SD/치비 캐릭터, 인간형 영웅","2.5D 입체 그래픽, 2D 일러스트","고퀄리티 일러스트와 실제 화면을 합성해 신뢰감을 조성함. 캐주얼 유저의 힐링 욕구를 공략하여 높은 클릭률을 유도하고, 사전예약 보상 강조로 전환율 극대화가 필요함."
260406_BNR_A-Character-Life01A-DA_V_1200x1500_EN.jpg;https://tpc.googlesyndication.com/simgad/4106688461642527637,가로형 이미지,HQ_HQ_PH_US-EN_GA_NU_AD_ACi_260430,M_1844_INTEREST_GENRE_ALL_NONE_260430,2026-04-30,0,KRW,0,1,0,0,BNR,세로형,2026-04-06,A,Character,Life01A,EN,260406_BNR_A-Character-Life01A-DA_V_1200x1500_EN,A-Character-Life01A-DA,https://tpc.googlesyndication.com/simgad/4106688461642527637,"캐릭터/유닛 외형, 비주얼 임팩트",,,,,"PEPP HEROES, PLAY FOR FREE","아트 퀄리티, 캐릭터, 수집형RPG","8인 실시간 전투, 8종 직업 및 4종 클래스 체계","렐릭 퀘스트, 8인 실시간 전투",마그 탐험대,카르벨(Karbel),"렐릭 탐험 어드벤처, 히어로 수집 육성",,"수집 및 도감, 탐험 및 발견","텍스트 오버레이, 심플/클린 UI",자연/야외 미학,"휴식과 힐링, 수집욕/소유욕","SD/치비 캐릭터, 인간형 영웅","2.5D 입체 그래픽, 2D 일러스트",중간 비율로 캐릭터 디테일을 강조하여 수집 욕구를 자극합니다. 보스 대치 장면을 대조 삽입하여 도전 욕구를 자극하고 효율을 개선합니다.
260406_BNR_A-Mob-Adventure01A-DA_L_1200x628_EN.jpg;https://tpc.googlesyndication.com/simgad/16600105301133976800,가로형 이미지,HQ_HQ_PH_US-EN_GA_NU_AD_ACi_260430,M_1844_INTEREST_GENRE_ALL_NONE_260430,2026-04-30,0,KRW,0,2,0,0,BNR,가로형,2026-04-06,A,Mob,Adventure01A,EN,260406_BNR_A-Mob-Adventure01A-DA_L_1200x628_EN,A-Mob-Adventure01A-DA,https://tpc.googlesyndication.com/simgad/16600105301133976800,"캐릭터/유닛 외형, 비주얼 임팩트",,,,,"Peppy & Ready to Fight, PLAY FOR FREE","아트 퀄리티, 캐릭터, 수집형RPG",8인 실시간 전투,8종 직업 및 4종 클래스 체계,고블린,,렐릭 탐험 어드벤처,몬스터 군단 중심의 구도,"전투 및 액션, 탐험 및 발견",텍스트 오버레이,자연/야외 미학,"참여와 임장감, 수집욕/소유욕","SD/치비 캐릭터, 군단/대규모 유닛","2.5D 입체 그래픽, 2D 일러스트",몬스터 군단과 2.5D 아트 중심의 모험 소구. 독특한 크리처 디자인으로 고관여 유저의 CTR 유도 및 전략적 시너지 강조.
260406_BNR_A-Mob-Adventure01A-DA_S_1200x1200_EN.jpg;https://tpc.googlesyndication.com/simgad/9569657006008026943,가로형 이미지,HQ_HQ_PH_US-EN_GA_NU_AD_ACi_260430,M_1844_INTEREST_GENRE_ALL_NONE_260430,2026-04-30,0,KRW,105,15,1,0,BNR,정방형,2026-04-06,A,Mob,Adventure01A,EN,260406_BNR_A-Mob-Adventure01A-DA_S_1200x1200_EN,A-Mob-Adventure01A-DA,https://tpc.googlesyndication.com/simgad/9569657006008026943,"캐릭터/유닛 외형, 비주얼 임팩트",,,,,"Peppy & Ready to Fight, PLAY FOR FREE","아트 퀄리티, 캐릭터, 수집형RPG",8인 실시간 전투,8종 직업 및 4종 클래스 체계,고블린,,렐릭 탐험 어드벤처,몬스터 군단 중심의 구도,"전투 및 액션, 탐험 및 발견",텍스트 오버레이,자연/야외 미학,"참여와 임장감, 수집욕/소유욕","SD/치비 캐릭터, 군단/대규모 유닛","2.5D 입체 그래픽, 2D 일러스트","1:1 비율로 SD 캐릭터의 디테일과 2.5D 비주얼을 강조함. 높은 아트 퀄리티로 유저 시선을 유도하며, 시간 및 날씨 변화를 활용한 소재 확장을 제안함."
260406_VID_A-Character-Collection01B-UA_S_1080x1080_EN;https://www.youtube.com/watch?v=cTfY4JpFc-s,YouTube 동영상,HQ_HQ_PH_US-EN_GA_NU_AD_ACi_260430,M_1844_INTEREST_GENRE_ALL_NONE_260430,2026-04-30,0,KRW,2215,49,1,0,VID,정방형,2026-04-06,A,Character,Collection01B,EN;https://www,260406_VID_A-Character-Collection01B-UA_S_1080x1080_EN,A-Character-Collection01B-UA,https://www.youtube.com/watch?v=cTfY4JpFc-s,"질문/선택형, 캐릭터/유닛 외형",경쾌함,TRUE,,없음,"CHOOSE YOUR HERO, HUGO, KARBEL, MONAD","캐릭터, 수집형RPG, 전략성",용병 모집(Gacha),DIY 픽업 시스템,마그 탐험대,"휴고, 카르벨, 모나드",히어로 수집 육성,남성 캐릭터 위주 배치,수집 및 도감,"텍스트 오버레이, 분할 화면",심플/클린 UI,수집욕/소유욕,"SD/치비 캐릭터, 인간형 영웅",2D 일러스트,캐릭터 구성 대조를 통한 타겟 취향별 효율 분석. 탱커 및 딜러 중심 덱 선호 심리 공략하며 캐릭터 조합 변주 소재로 리타겟팅 광고 활용 권장.
260406_VID_A-Character-Combat01A-UA_L_1920x1080_EN;https://www.youtube.com/watch?v=2W7-0AV2mfg,YouTube 동영상,HQ_HQ_PH_US-EN_GA_NU_AD_ACi_260430,M_1844_INTEREST_GENRE_ALL_NONE_260430,2026-04-30,0,KRW,5376,65,5,0,VID,가로형,2026-04-06,A,Character,Combat01A,EN;https://www,260406_VID_A-Character-Combat01A-UA_L_1920x1080_EN,A-Character-Combat01A-UA,https://www.youtube.com/watch?v=2W7-0AV2mfg,"비주얼 임팩트, 캐릭터/유닛 외형",긴박함,TRUE,,없음,"VINESSA, A DARK WIZARD WHO DOMINATES THE FIELD, SOPHIA, REMOVES ALL DEBUFFS! THE KEY TO SURVIVAL, BERNETA, A SYNERGY DEALER THAT PERFECTS YOUR TEAM, PLAY FOR FREE","아트 퀄리티, 캐릭터, 수집형RPG, 전략성",용병 모집,스킬 컷신 연출,마그 탐험대,"Vinessa, Sophia, Berneta",렐릭 탐험 어드벤처,캐릭터별 스킬 특징 강조,전투 및 액션,"텍스트 오버레이, 클로즈업 및 줌",자연/야외 미학,"도전과 승부욕, 수집욕/소유욕","인간형 영웅, SD/치비 캐릭터, 성장 지표","2.5D 입체 그래픽, 2D 일러스트",인게임 전투와 일러스트 교차 편집으로 몰입도 극대화. 캐릭터 스킬 및 시너지로 전략적 호기심 자극. 플레이 영상 기반 안정적 CVR 확보 및 캐릭터 속성 대비 변주 제안.
260406_VID_A-Character-Combat01A-UA_S_1080x1080_EN;https://www.youtube.com/watch?v=jnNAzjzUw8o,YouTube 동영상,HQ_HQ_PH_US-EN_GA_NU_AD_ACi_260430,M_1844_INTEREST_GENRE_ALL_NONE_260430,2026-04-30,0,KRW,6931,110,1,0,VID,정방형,2026-04-06,A,Character,Combat01A,EN;https://www,260406_VID_A-Character-Combat01A-UA_S_1080x1080_EN,A-Character-Combat01A-UA,https://www.youtube.com/watch?v=jnNAzjzUw8o,"비주얼 임팩트, 캐릭터/유닛 외형",긴박함,TRUE,,없음,"VINESSA, A DARK WIZARD WHO DOMINATES THE FIELD, SOPHIA, REMOVES ALL DEBUFFS! THE KEY TO SURVIVAL, BERNETA, A SYNERGY DEALER THAT PERFECTS YOUR TEAM, PLAY FOR FREE","아트 퀄리티, 캐릭터, 수집형RPG, 전략성",용병 모집,스킬 컷신 연출,마그 탐험대,"Vinessa, Sophia, Berneta",렐릭 탐험 어드벤처,캐릭터별 스킬 특징 강조,전투 및 액션,"텍스트 오버레이, 클로즈업 및 줌",자연/야외 미학,"도전과 승부욕, 수집욕/소유욕","인간형 영웅, SD/치비 캐릭터, 성장 지표","2.5D 입체 그래픽, 2D 일러스트",SSR 비네사 비주얼을 초반에 배치해 RPG 팬덤 시선 확보. 고퀄리티 애니메이션으로 캐릭터 소유욕을 자극하며 스킬 콤보 시리즈로 소재 확장 가능.
260406_VID_A-Character-Combat01A-UA_V_1080x1920_EN;https://www.youtube.com/watch?v=tHmXhOKu33A,YouTube 동영상,HQ_HQ_PH_US-EN_GA_NU_AD_ACi_260430,M_1844_INTEREST_GENRE_ALL_NONE_260430,2026-04-30,1,KRW,3363,52,4,0,VID,세로형,2026-04-06,A,Character,Combat01A,EN;https://www,260406_VID_A-Character-Combat01A-UA_V_1080x1920_EN,A-Character-Combat01A-UA,https://www.youtube.com/watch?v=tHmXhOKu33A,"비주얼 임팩트, 캐릭터/유닛 외형",긴박함,TRUE,,없음,"VINESSA, A DARK WIZARD WHO DOMINATES THE FIELD, SOPHIA, REMOVES ALL DEBUFFS! THE KEY TO SURVIVAL, BERNETA, A SYNERGY DEALER THAT PERFECTS YOUR TEAM, PLAY FOR FREE","아트 퀄리티, 캐릭터, 수집형RPG, 전략성",용병 모집,스킬 컷신 연출,마그 탐험대,"Vinessa, Sophia, Berneta",렐릭 탐험 어드벤처,캐릭터별 스킬 특징 강조,전투 및 액션,"텍스트 오버레이, 클로즈업 및 줌",자연/야외 미학,"도전과 승부욕, 수집욕/소유욕","인간형 영웅, SD/치비 캐릭터, 성장 지표","2.5D 입체 그래픽, 2D 일러스트",숏폼 최적화 세로 분할 화면으로 캐릭터와 전투 연출 강조. 한 손 플레이 선호 심리를 공략하여 틱톡 및 릴스 내 높은 조회수 확보 기대.
260406_VID_A-Character-Combat01B-UA_L_1920x1080_EN;https://www.youtube.com/watch?v=d4rVTfnnYhg,YouTube 동영상,HQ_HQ_PH_US-EN_GA_NU_AD_ACi_260430,M_1844_INTEREST_GENRE_ALL_NONE_260430,2026-04-30,0,KRW,621,18,1,0,VID,가로형,2026-04-06,A,Character,Combat01B,EN;https://www,260406_VID_A-Character-Combat01B-UA_L_1920x1080_EN,A-Character-Combat01B-UA,https://www.youtube.com/watch?v=d4rVTfnnYhg,"비주얼 임팩트, 캐릭터/유닛 외형",긴박함,TRUE,,없음,"HUGO, An indomitable warrior..., MONAD, A sage who devastates..., KARBEL, A fiery dealer..., PLAY FOR FREE","전략성, 아트 퀄리티",용병 모집,8인 실시간 전투,마그 탐험대,"Hugo, Monad, Karbel",히어로 수집 육성,,전투 및 액션,"텍스트 오버레이, 클로즈업 및 줌",자연/야외 미학,"도전과 승부욕, 수집욕/소유욕","인간형 영웅, SD/치비 캐릭터, 성장 지표","2.5D 입체 그래픽, 2D 일러스트",16:9 뷰로 넓은 전장과 스킬 강조. 화려한 연출로 타격감 선호 유저 공략. 전투 선호층 대상 높은 전환율 기대.
260406_VID_A-Character-Combat01B-UA_S_1080x1080_EN;https://www.youtube.com/watch?v=tcTIYuJi7pM,YouTube 동영상,HQ_HQ_PH_US-EN_GA_NU_AD_ACi_260430,M_1844_INTEREST_GENRE_ALL_NONE_260430,2026-04-30,1,KRW,2237,29,3,0,VID,정방형,2026-04-06,A,Character,Combat01B,EN;https://www,260406_VID_A-Character-Combat01B-UA_S_1080x1080_EN,A-Character-Combat01B-UA,https://www.youtube.com/watch?v=tcTIYuJi7pM,"비주얼 임팩트, 캐릭터/유닛 외형",긴박함,TRUE,,없음,"HUGO, An indomitable warrior..., MONAD, A sage who devastates..., KARBEL, A fiery dealer..., PLAY FOR FREE","전략성, 아트 퀄리티",용병 모집,8인 실시간 전투,마그 탐험대,"Hugo, Monad, Karbel",히어로 수집 육성,,전투 및 액션,"텍스트 오버레이, 클로즈업 및 줌",자연/야외 미학,"도전과 승부욕, 수집욕/소유욕","인간형 영웅, SD/치비 캐릭터, 성장 지표","2.5D 입체 그래픽, 2D 일러스트",소피아의 생존 및 지원 능력과 팀 시너지를 강조해 전략적 유저 공략. 비네사 소재 A/B 테스트로 타겟별 선호 캐릭터 최적화 및 성과 확장 도모.
260406_VID_A-Character-Combat01B-UA_V_1080x1920_EN;https://www.youtube.com/watch?v=rrd-TGZqEqc,YouTube 동영상,HQ_HQ_PH_US-EN_GA_NU_AD_ACi_260430,M_1844_INTEREST_GENRE_ALL_NONE_260430,2026-04-30,0,KRW,1696,31,0,0,VID,세로형,2026-04-06,A,Character,Combat01B,EN;https://www,260406_VID_A-Character-Combat01B-UA_V_1080x1920_EN,A-Character-Combat01B-UA,https://www.youtube.com/watch?v=rrd-TGZqEqc,"비주얼 임팩트, 캐릭터/유닛 외형",긴박함,TRUE,,없음,"HUGO, An indomitable warrior..., MONAD, A sage who devastates..., KARBEL, A fiery dealer..., PLAY FOR FREE","전략성, 아트 퀄리티",용병 모집,8인 실시간 전투,마그 탐험대,"Hugo, Monad, Karbel",히어로 수집 육성,,전투 및 액션,"텍스트 오버레이, 클로즈업 및 줌",자연/야외 미학,"도전과 승부욕, 수집욕/소유욕","인간형 영웅, SD/치비 캐릭터, 성장 지표","2.5D 입체 그래픽, 2D 일러스트",직관적인 탱딜힐 구성으로 정통 RPG 유저의 파티 니즈 충족. 역할군 조합의 재미를 텍스트로 보강하여 효율 극대화 기대.
260406_VID_A-Charater-Collection01B-UA_L_1920x1080_EN;https://www.youtube.com/watch?v=rRGCh1x6a6M,YouTube 동영상,HQ_HQ_PH_US-EN_GA_NU_AD_ACi_260430,M_1844_INTEREST_GENRE_ALL_NONE_260430,2026-04-30,0,KRW,6300,92,5,0,VID,가로형,2026-04-06,A,Charater,Collection01B,EN;https://www,260406_VID_A-Charater-Collection01B-UA_L_1920x1080_EN,A-Charater-Collection01B-UA,https://www.youtube.com/watch?v=rRGCh1x6a6M,"질문/선택형, 캐릭터/유닛 외형",경쾌함,TRUE,,없음,"CHOOSE YOUR HERO, HUGO, PLAY FOR FREE","아트 퀄리티, 전략성",용병 모집,DIY 픽업 시스템,마그 탐험대,Hugo,히어로 수집 육성,,수집 및 도감,"텍스트 오버레이, 클로즈업 및 줌",심플/클린 UI,"수집욕/소유욕, 만족과 성취감","인간형 영웅, SD/치비 캐릭터","2.5D 입체 그래픽, 2D 일러스트","그리드 UI로 풍부한 캐릭터 풀을 어필해 수집 욕구를 자극하며, 캐릭터 강조 엔드카드를 통해 높은 잔존율을 확보합니다."
260406_VID_A-Charater-Collection01B-UA_V_1080x1920_EN;https://www.youtube.com/watch?v=u5diHTUsSOs,YouTube 동영상,HQ_HQ_PH_US-EN_GA_NU_AD_ACi_260430,M_1844_INTEREST_GENRE_ALL_NONE_260430,2026-04-30,0,KRW,343,21,0,0,VID,세로형,2026-04-06,A,Charater,Collection01B,EN;https://www,260406_VID_A-Charater-Collection01B-UA_V_1080x1920_EN,A-Charater-Collection01B-UA,https://www.youtube.com/watch?v=u5diHTUsSOs,"질문/선택형, 캐릭터/유닛 외형",경쾌함,TRUE,,없음,"CHOOSE YOUR HERO, HUGO, PLAY FOR FREE","아트 퀄리티, 전략성",용병 모집,DIY 픽업 시스템,마그 탐험대,Hugo,히어로 수집 육성,캐릭터 픽(Pick) 연출,수집 및 도감,"텍스트 오버레이, 클로즈업 및 줌",심플/클린 UI,"수집욕/소유욕, 만족과 성취감","인간형 영웅, SD/치비 캐릭터","2.5D 입체 그래픽, 2D 일러스트",직접 영웅을 선택하는 인터랙티브 경험으로 기대감 부여. 다양한 영웅 노출을 통해 유저 취향을 공략하고 반복적인 참여 유도.
260406_VID_A-Hooking-Reward02A-FK_L_1920x1080_EN;https://www.youtube.com/watch?v=oRlzfGbT3xY,YouTube 동영상,HQ_HQ_PH_US-EN_GA_NU_AD_ACi_260430,M_1844_INTEREST_GENRE_ALL_NONE_260430,2026-04-30,8,KRW,37200,969,16,0,VID,가로형,2026-04-06,A,Hooking,Reward02A,EN;https://www,260406_VID_A-Hooking-Reward02A-FK_L_1920x1080_EN,A-Hooking-Reward02A-FK,https://www.youtube.com/watch?v=oRlzfGbT3xY,"실패/분노 유도, 압도적 보상",긴박함,TRUE,,없음,"Tap here to save him!, Help me!, HELP KARBEL CLEAR, Claim your SR character and rewards worth $100!, PLAY FOR FREE",보상,용병 모집,우호도 시스템,마그 탐험대,카르벨(Karbel),히어로 수집 육성,페이크 플레이(구출 미니게임) 형식 활용,퍼즐 및 논리,"손가락 지시선, 텍스트 오버레이",자연/야외 미학,"도전과 승부욕, 만족과 성취감","SD/치비 캐릭터, 재화/보물상자",2D 일러스트,구출 미니게임 방식을 활용해 시청자 이탈을 방지하고 즉각적인 행동을 유도합니다. 대량의 재화 보상으로 성취감을 자극하여 저단가 트래픽 확보 및 높은 클릭률을 공략합니다.
260406_VID_A-Hooking-Reward02A-FK_S_1080x1080_EN;https://www.youtube.com/watch?v=EgLwtP8WjE4,YouTube 동영상,HQ_HQ_PH_US-EN_GA_NU_AD_ACi_260430,M_1844_INTEREST_GENRE_ALL_NONE_260430,2026-04-30,3,KRW,11361,85,8,0,VID,정방형,2026-04-06,A,Hooking,Reward02A,EN;https://www,260406_VID_A-Hooking-Reward02A-FK_S_1080x1080_EN,A-Hooking-Reward02A-FK,https://www.youtube.com/watch?v=EgLwtP8WjE4,"실패/분노 유도, 압도적 보상",긴박함,TRUE,,없음,"Tap here to save him!, Help me!, HELP KARBEL CLEAR, Claim your SR character and rewards worth $100!, PLAY FOR FREE",보상,용병 모집,우호도 시스템,마그 탐험대,카르벨(Karbel),히어로 수집 육성,페이크 플레이(구출 미니게임) 형식 활용,퍼즐 및 논리,"손가락 지시선, 텍스트 오버레이",자연/야외 미학,"도전과 승부욕, 만족과 성취감","SD/치비 캐릭터, 재화/보물상자",2D 일러스트,위기 상황 미션과 100달러 보상으로 유저 참여 및 전환 유도. 쉬운 조작성 강조로 진입 장벽을 낮춰 대량 유입용 런칭 소재로 적합.
260406_VID_A-Hooking-Reward02A-FK_V_1080x1920_EN;https://www.youtube.com/watch?v=b7LsalWUDvQ,YouTube 동영상,HQ_HQ_PH_US-EN_GA_NU_AD_ACi_260430,M_1844_INTEREST_GENRE_ALL_NONE_260430,2026-04-30,0,KRW,66,6,0,0,VID,세로형,2026-04-06,A,Hooking,Reward02A,EN;https://www,260406_VID_A-Hooking-Reward02A-FK_V_1080x1920_EN,A-Hooking-Reward02A-FK,https://www.youtube.com/watch?v=b7LsalWUDvQ,"실패/분노 유도, 압도적 보상",긴박함,TRUE,,없음,"Tap here to save him!, Help me!, HELP KARBEL CLEAR, Claim your SR character and rewards worth $100!, PLAY FOR FREE",보상,용병 모집,우호도 시스템,마그 탐험대,카르벨(Karbel),히어로 수집 육성,페이크 플레이(구출 미니게임) 형식 활용,퍼즐 및 논리,"손가락 지시선, 텍스트 오버레이",자연/야외 미학,"도전과 승부욕, 만족과 성취감","SD/치비 캐릭터, 재화/보물상자",2D 일러스트,9:16 세로형 구조로 터치 인터랙션을 극대화하고 FOMO를 자극해 시청 완료율을 높입니다. 캐릭터 활용 및 실패 연출의 A/B 테스트 확장을 제안합니다.
260406_VID_A-Hooking-Reward03A-UA_L_1920x1080_EN;https://www.youtube.com/watch?v=XUrzh1Qrk5w,YouTube 동영상,HQ_HQ_PH_US-EN_GA_NU_AD_ACi_260430,M_1844_INTEREST_GENRE_ALL_NONE_260430,2026-04-30,6,KRW,8889,53,6,0,VID,가로형,2026-04-06,A,Hooking,Reward03A,EN;https://www,260406_VID_A-Hooking-Reward03A-UA_L_1920x1080_EN,A-Hooking-Reward03A-UA,https://www.youtube.com/watch?v=XUrzh1Qrk5w,"압도적 보상, 실패/분노 유도",경쾌함,TRUE,,없음,"WARNING Skip and you will lose your $100 rewards, Tap within 5 Seconds, SR, PLAY FOR FREE!, Claim your SR character and rewards worth $100!",보상,용병 모집,,마그 탐험대,Karbel,히어로 수집 육성,$100 가치 혜택 강조,수집 및 도감,"손가락 지시선, 텍스트 오버레이",심플/클린 UI,"만족과 성취감, 수집욕/소유욕","재화/보물상자, SD/치비 캐릭터","2D 일러스트, 2.5D 입체 그래픽","가로 화면을 활용한 화려한 연출로 시각적 몰입감을 높이고, 보상 상실에 대한 FOMO 심리를 자극하여 가로형 매체 타겟 광고 효율을 극대화함."
260406_VID_A-Hooking-Reward03A-UA_S_1080x1080_EN;https://www.youtube.com/watch?v=VGJB5tDWops,YouTube 동영상,HQ_HQ_PH_US-EN_GA_NU_AD_ACi_260430,M_1844_INTEREST_GENRE_ALL_NONE_260430,2026-04-30,0,KRW,424,10,0,0,VID,정방형,2026-04-06,A,Hooking,Reward03A,EN;https://www,260406_VID_A-Hooking-Reward03A-UA_S_1080x1080_EN,A-Hooking-Reward03A-UA,https://www.youtube.com/watch?v=VGJB5tDWops,"압도적 보상, 실패/분노 유도",경쾌함,TRUE,,없음,"WARNING Skip and you will lose your $100 rewards, Tap within 5 Seconds, SR, PLAY FOR FREE!, Claim your SR character and rewards worth $100!",보상,용병 모집,,마그 탐험대,Karbel,히어로 수집 육성,$100 가치 혜택 강조,수집 및 도감,"손가락 지시선, 텍스트 오버레이",심플/클린 UI,"만족과 성취감, 수집욕/소유욕","재화/보물상자, SD/치비 캐릭터","2D 일러스트, 2.5D 입체 그래픽",부정적 후킹과 시간 제한으로 클릭 유도. $100 가치 및 SR 확정으로 수익 구체화. 높은 CVR 예상되며 보상 변주를 통한 라이브 옵스 제안.
260406_VID_A-Hooking-Reward03A-UA_V_1080x1920_EN;https://www.youtube.com/watch?v=jA_HAiz95x4,YouTube 동영상,HQ_HQ_PH_US-EN_GA_NU_AD_ACi_260430,M_1844_INTEREST_GENRE_ALL_NONE_260430,2026-04-30,0,KRW,510,13,2,0,VID,세로형,2026-04-06,A,Hooking,Reward03A,EN;https://www,260406_VID_A-Hooking-Reward03A-UA_V_1080x1920_EN,A-Hooking-Reward03A-UA,https://www.youtube.com/watch?v=jA_HAiz95x4,"압도적 보상, 실패/분노 유도",경쾌함,TRUE,,없음,"WARNING Skip and you will lose your $100 rewards, Tap within 5 Seconds, SR, PLAY FOR FREE!, Claim your SR character and rewards worth $100!",보상,용병 모집,,마그 탐험대,Karbel,히어로 수집 육성,$100 가치 혜택 강조,수집 및 도감,"손가락 지시선, 텍스트 오버레이",심플/클린 UI,"만족과 성취감, 수집욕/소유욕","재화/보물상자, SD/치비 캐릭터","2D 일러스트, 2.5D 입체 그래픽",도발적 문구와 타이머로 이탈을 방지하고 FOMO 심리를 자극함. 보상형 인벤토리 활용을 통해 UA 매체에서 압도적 전환율 달성 기대.
260406_VID_A-Mob-Adventure01A-UA_L_1920x1080_EN;https://www.youtube.com/watch?v=hVmkPdIsz70,YouTube 동영상,HQ_HQ_PH_US-EN_GA_NU_AD_ACi_260430,M_1844_INTEREST_GENRE_ALL_NONE_260430,2026-04-30,1,KRW,541,13,2,0,VID,가로형,2026-04-06,A,Mob,Adventure01A,EN;https://www,260406_VID_A-Mob-Adventure01A-UA_L_1920x1080_EN,A-Mob-Adventure01A-UA,https://www.youtube.com/watch?v=hVmkPdIsz70,"비주얼 임팩트, 성장 비포애프터",긴박함,TRUE,,없음,"WARNING, GOBLINS INCOMING!, Goblins? Easy! Level UP! UP!, Power Boost! BOOM! BOOM!, Strategic deployment!, Get ready for BATTLE!","편의성, 전략성",AFK 기능,8인 실시간 전투,고블린,카르벨,렐릭 탐험 어드벤처,스마트폰 UI 팝업 연출,"시뮬레이션 및 관리, 장애물 및 도전","텍스트 오버레이, 클로즈업 및 줌",자연/야외 미학,"도전과 승부욕, 만족과 성취감","SD/치비 캐릭터, 성장 지표, 군단/대규모 유닛",2.5D 입체 그래픽,16:9 화면 대비로 대규모 전투와 모바일 최적화 강조. 방치형 육성 선호 유저 타겟으로 핵심 시스템 소구 및 브랜딩·퍼포먼스 효율 기대.
260406_VID_A-Mob-Adventure01A-UA_S_1080x1080_EN;https://www.youtube.com/watch?v=LMKl0g6yRJU,YouTube 동영상,HQ_HQ_PH_US-EN_GA_NU_AD_ACi_260430,M_1844_INTEREST_GENRE_ALL_NONE_260430,2026-04-30,0,KRW,205,5,0,0,VID,정방형,2026-04-06,A,Mob,Adventure01A,EN;https://www,260406_VID_A-Mob-Adventure01A-UA_S_1080x1080_EN,A-Mob-Adventure01A-UA,https://www.youtube.com/watch?v=LMKl0g6yRJU,"비주얼 임팩트, 성장 비포애프터",긴박함,TRUE,,없음,"WARNING, GOBLINS INCOMING!, Goblins? Easy! Level UP! UP!, Power Boost! BOOM! BOOM!, Strategic deployment!, Get ready for BATTLE!","편의성, 전략성",AFK 기능,8인 실시간 전투,고블린,카르벨,렐릭 탐험 어드벤처,스마트폰 UI 팝업 연출,"시뮬레이션 및 관리, 장애물 및 도전","텍스트 오버레이, 클로즈업 및 줌",자연/야외 미학,"도전과 승부욕, 참여와 임장감","SD/치비 캐릭터, 성장 지표, 군단/대규모 유닛",2.5D 입체 그래픽,경고 연출로 몰입도를 높이고 쉬운 성장을 강조해 진입 장벽 완화. 대규모 레이드 소재 확장을 통한 중장기 성과 기대.
260406_VID_A-Mob-Adventure01A-UA_V_1080x1920_EN;https://www.youtube.com/watch?v=nIYkYZ-JFj0,YouTube 동영상,HQ_HQ_PH_US-EN_GA_NU_AD_ACi_260430,M_1844_INTEREST_GENRE_ALL_NONE_260430,2026-04-30,0,KRW,666,17,1,0,VID,세로형,2026-04-06,A,Mob,Adventure01A,EN;https://www,260406_VID_A-Mob-Adventure01A-UA_V_1080x1920_EN,A-Mob-Adventure01A-UA,https://www.youtube.com/watch?v=nIYkYZ-JFj0,"비주얼 임팩트, 성장 비포애프터",긴박함,TRUE,,없음,"WARNING, GOBLINS INCOMING!, Goblins? Easy! Level UP! UP!, Power Boost! BOOM! BOOM!, Strategic deployment!, Get ready for BATTLE!","편의성, 전략성",AFK 기능,8인 실시간 전투,고블린,카르벨,렐릭 탐험 어드벤처,스마트폰 UI 팝업 연출,"시뮬레이션 및 관리, 장애물 및 도전","텍스트 오버레이, 클로즈업 및 줌",자연/야외 미학,"도전과 승부욕, 만족과 성취감","SD/치비 캐릭터, 성장 지표, 군단/대규모 유닛",2.5D 입체 그래픽,세로형 피드 최적화 UI와 마을 습격 반전 연출로 이탈 방지. 직관적 레벨업과 전략적 배치 중심의 성장 쾌감을 자극해 숏폼 환경 내 높은 시청 유지율 및 전환율 기대.
Cute but Powerful Squad,광고 제목,HQ_HQ_PH_US-EN_GA_NU_AD_ACi_260430,M_1844_INTEREST_GENRE_ALL_NONE_260430_2,2026-04-30,0,KRW,70,73,0,0,TXT,,,,,,,,,,,,,,,,,,,,,,,,,,,,,
Let’s Hunt for Treasure!,광고 제목,HQ_HQ_PH_US-EN_GA_NU_AD_ACi_260430,M_1844_INTEREST_GENRE_ALL_NONE_260430_2,2026-04-30,4,KRW,6110,188,7,0,TXT,,,,,,,,,,,,,,,,,,,,,,,,,,,,,
Pepp Heroes,광고 제목,HQ_HQ_PH_US-EN_GA_NU_AD_ACi_260430,M_1844_INTEREST_GENRE_ALL_NONE_260430_2,2026-04-30,0,KRW,2704,679,7,0,TXT,,,,,,,,,,,,,,,,,,,,,,,,,,,,,
Play for Free,광고 제목,HQ_HQ_PH_US-EN_GA_NU_AD_ACi_260430,M_1844_INTEREST_GENRE_ALL_NONE_260430_2,2026-04-30,1,KRW,2366,274,9,0,TXT,,,,,,,,,,,,,,,,,,,,,,,,,,,,,
"Your RPG, In Your Hands",광고 제목,HQ_HQ_PH_US-EN_GA_NU_AD_ACi_260430,M_1844_INTEREST_GENRE_ALL_NONE_260430_2,2026-04-30,1,KRW,3207,174,6,0,TXT,,,,,,,,,,,,,,,,,,,,,,,,,,,,,
Adorable Yet Powerful! Collect Heroes With Diverse Charms,설명,HQ_HQ_PH_US-EN_GA_NU_AD_ACi_260430,M_1844_INTEREST_GENRE_ALL_NONE_260430_2,2026-04-30,1,KRW,838,238,2,0,TXT,,,,,,,,,,,,,,,,,,,,,,,,,,,,,
Clock Out and Start Your Treasure Hunt!,설명,HQ_HQ_PH_US-EN_GA_NU_AD_ACi_260430,M_1844_INTEREST_GENRE_ALL_NONE_260430_2,2026-04-30,1,KRW,4070,147,2,0,TXT,,,,,,,,,,,,,,,,,,,,,,,,,,,,,
Get Rewards Worth $100! Play Now!,설명,HQ_HQ_PH_US-EN_GA_NU_AD_ACi_260430,M_1844_INTEREST_GENRE_ALL_NONE_260430_2,2026-04-30,0,KRW,6926,"1,371",24,0,TXT,,,,,,,,,,,,,,,,,,,,,,,,,,,,,
Strategic Battles With Heroes Full of Personality! Win With Your Own Squad,설명,HQ_HQ_PH_US-EN_GA_NU_AD_ACi_260430,M_1844_INTEREST_GENRE_ALL_NONE_260430_2,2026-04-30,2,KRW,1413,96,2,0,TXT,,,,,,,,,,,,,,,,,,,,,,,,,,,,,
Unique Hero Skills and Synergies! The Collectible RPG of Endless Team Combinations,설명,HQ_HQ_PH_US-EN_GA_NU_AD_ACi_260430,M_1844_INTEREST_GENRE_ALL_NONE_260430_2,2026-04-30,2,KRW,4313,127,2,0,TXT,,,,,,,,,,,,,,,,,,,,,,,,,,,,,
260406_BNR_A-Character-100usd01A-DA_L_1200x628_EN.jpg;https://tpc.googlesyndication.com/simgad/128038747177600361,가로형 이미지,HQ_HQ_PH_US-EN_GA_NU_AD_ACi_260430,M_1844_INTEREST_GENRE_ALL_NONE_260430_2,2026-04-30,0,KRW,2,4,0,0,BNR,가로형,2026-04-06,A,Character,100usd01A,EN,260406_BNR_A-Character-100usd01A-DA_L_1200x628_EN,A-Character-100usd01A-DA,https://tpc.googlesyndication.com/simgad/128038747177600361,"압도적 보상, 캐릭터/유닛 외형",,,,,"Pre-registration Event, $100, Pre-register and Earn Rewards Worth $100!, Claim Rewards","보상, 릴리즈 예고",용병 모집(Gacha),사전예약 혜택,마그 탐험대,카르벨(Karbel),히어로 수집 육성,,수집 및 도감,"텍스트 오버레이, 클로즈업 및 줌",심플/클린 UI,"수집욕/소유욕, 만족과 성취감","인간형 영웅, 재화/보물상자","2D 일러스트, 2.5D 입체 그래픽","100달러 가치 강조로 사전예약 전환율을 극대화합니다. 보상 강조를 통해 초반 성장 불안을 해소하며, 향후 보상 아이템 노출을 통해 높은 클릭률을 유도합니다."
260406_BNR_A-Character-100usd01A-DA_S_1200x1200_EN.jpg;https://tpc.googlesyndication.com/simgad/10042032527036690642,가로형 이미지,HQ_HQ_PH_US-EN_GA_NU_AD_ACi_260430,M_1844_INTEREST_GENRE_ALL_NONE_260430_2,2026-04-30,0,KRW,837,78,4,0,BNR,정방형,2026-04-06,A,Character,100usd01A,EN,260406_BNR_A-Character-100usd01A-DA_S_1200x1200_EN,A-Character-100usd01A-DA,https://tpc.googlesyndication.com/simgad/10042032527036690642,"압도적 보상, 캐릭터/유닛 외형",,,,,"Pre-registration Event, $100, Pre-register and Earn Rewards Worth $100!, Claim Rewards","보상, 릴리즈 예고",용병 모집(Gacha),사전예약 혜택,마그 탐험대,카르벨(Karbel),히어로 수집 육성,,수집 및 도감,"텍스트 오버레이, 클로즈업 및 줌",심플/클린 UI,"수집욕/소유욕, 만족과 성취감","인간형 영웅, 재화/보물상자","2D 일러스트, 2.5D 입체 그래픽",정방형 레이아웃과 $100 보상 텍스트로 시인성을 극대화했습니다. 혜택 중심 소구로 스낵 컬처 타겟의 전환을 유도하며 대비를 높인 A/B 테스트를 제안합니다.
260406_BNR_A-Character-100usd01A-DA_V_1200x1500_EN.jpg;https://tpc.googlesyndication.com/simgad/18256489507350070227,가로형 이미지,HQ_HQ_PH_US-EN_GA_NU_AD_ACi_260430,M_1844_INTEREST_GENRE_ALL_NONE_260430_2,2026-04-30,0,KRW,0,4,0,0,BNR,세로형,2026-04-06,A,Character,100usd01A,EN,260406_BNR_A-Character-100usd01A-DA_V_1200x1500_EN,A-Character-100usd01A-DA,https://tpc.googlesyndication.com/simgad/18256489507350070227,"압도적 보상, 캐릭터/유닛 외형",,,,,"Pre-registration Event, $100, Pre-register and Earn Rewards Worth $100!, Claim Rewards","보상, 릴리즈 예고",용병 모집(Gacha),사전예약 혜택,마그 탐험대,카르벨(Karbel),히어로 수집 육성,,수집 및 도감,"텍스트 오버레이, 클로즈업 및 줌",심플/클린 UI,"수집욕/소유욕, 만족과 성취감","인간형 영웅, 재화/보물상자","2D 일러스트, 2.5D 입체 그래픽",고퀄리티 2.5D 그래픽과 일러스트 밀도를 높여 수집 욕구 및 신뢰 형성. 아트 USP 기반의 캐릭터별 선호도 분석과 성과 확장 기대.
260406_BNR_A-Character-Adventure04A-DA_L_1200x628_EN.jpg;https://tpc.googlesyndication.com/simgad/11190732183298883065,가로형 이미지,HQ_HQ_PH_US-EN_GA_NU_AD_ACi_260430,M_1844_INTEREST_GENRE_ALL_NONE_260430_2,2026-04-30,2,KRW,4518,123,3,0,BNR,가로형,2026-04-06,A,Character,Adventure04A,EN,260406_BNR_A-Character-Adventure04A-DA_L_1200x628_EN,A-Character-Adventure04A-DA,https://tpc.googlesyndication.com/simgad/11190732183298883065,"비주얼 임팩트, 캐릭터/유닛 외형",,,,,PEPP HEROES,"아트 퀄리티, 수집형RPG, 릴리즈 예고","8인 실시간 전투, 수집형 RPG",8인 실시간 전투,"마그 탐험대, 고블린","카르벨(Karbel), 샤일린(Shylin)",히어로 수집 육성,,"전투 및 액션, 장애물 및 도전",텍스트 오버레이,자연/야외 미학,"도전과 승부욕, 참여와 임장감","인간형 영웅, 거대 보스, SD/치비 캐릭터","2.5D 입체 그래픽, 2D 일러스트",SD 영웅과 거대 보스의 대치로 모험심 자극. 정적 RPG 유저에게 액션 소구 및 보상 텍스트로 CTR·CVR 최적화.
260406_BNR_A-Character-Adventure04A-DA_S_1200x1200_EN.jpg;https://tpc.googlesyndication.com/simgad/4078122247307565443,가로형 이미지,HQ_HQ_PH_US-EN_GA_NU_AD_ACi_260430,M_1844_INTEREST_GENRE_ALL_NONE_260430_2,2026-04-30,0,KRW,623,38,2,0,BNR,정방형,2026-04-06,A,Character,Adventure04A,EN,260406_BNR_A-Character-Adventure04A-DA_S_1200x1200_EN,A-Character-Adventure04A-DA,https://tpc.googlesyndication.com/simgad/4078122247307565443,"비주얼 임팩트, 캐릭터/유닛 외형",,,,,PEPP HEROES,"아트 퀄리티, 수집형RPG, 릴리즈 예고","8인 실시간 전투, 수집형 RPG",8인 실시간 전투,"마그 탐험대, 고블린","카르벨(Karbel), 샤일린(Shylin)",히어로 수집 육성,,"전투 및 액션, 장애물 및 도전",텍스트 오버레이,자연/야외 미학,"도전과 승부욕, 참여와 임장감","인간형 영웅, 거대 보스, SD/치비 캐릭터","2.5D 입체 그래픽, 2D 일러스트","정방형 규격의 캐릭터 밀집 배치를 통해 스쿼드 일체감을 강조하고, 직업 아이콘 오버레이로 팀 빌딩의 전략적 재미와 영웅의 매력을 소구함."
260406_BNR_A-Character-Adventure05A-DA_L_1200x628_EN.jpg;https://tpc.googlesyndication.com/simgad/14620542589526622535,가로형 이미지,HQ_HQ_PH_US-EN_GA_NU_AD_ACi_260430,M_1844_INTEREST_GENRE_ALL_NONE_260430_2,2026-04-30,0,KRW,447,25,1,0,BNR,가로형,2026-04-06,A,Character,Adventure05A,EN,260406_BNR_A-Character-Adventure05A-DA_L_1200x628_EN,A-Character-Adventure05A-DA,https://tpc.googlesyndication.com/simgad/14620542589526622535,"캐릭터/유닛 외형, 비주얼 임팩트",,,,,Every Hero Needs a Little Pepp,"아트 퀄리티, 수집형RPG, 캐릭터","8인 실시간 전투, 수집형 RPG",렐릭 퀘스트,"마그 탐험대, 고블린","샤일린(Shylin), 카르벨(Karbel)",렐릭 탐험 어드벤처,2.5D 독보적 그래픽 강조,"전투 및 액션, 수집 및 도감","텍스트 오버레이, 클로즈업 및 줌",던전/신전,"수집욕/소유욕, 참여와 임장감","인간형 영웅, SD/치비 캐릭터","2.5D 입체 그래픽, 2D 일러스트",독보적인 2.5D 비주얼과 대립 구도로 정체성 각인. 입체적 모험 선사 및 고퀄리티 아트로 글로벌 CTR 유도. SSR 스킬 컷신 활용해 CVR 극대화 기대.
260406_BNR_A-Character-Adventure05A-DA_S_1200x1200_EN.jpg;https://tpc.googlesyndication.com/simgad/13772335840655466460,가로형 이미지,HQ_HQ_PH_US-EN_GA_NU_AD_ACi_260430,M_1844_INTEREST_GENRE_ALL_NONE_260430_2,2026-04-30,0,KRW,177,6,1,0,BNR,정방형,2026-04-06,A,Character,Adventure05A,EN,260406_BNR_A-Character-Adventure05A-DA_S_1200x1200_EN,A-Character-Adventure05A-DA,https://tpc.googlesyndication.com/simgad/13772335840655466460,"캐릭터/유닛 외형, 비주얼 임팩트",,,,,Every Hero Needs a Little Pepp,"아트 퀄리티, 수집형RPG, 캐릭터","8인 실시간 전투, 수집형 RPG",렐릭 퀘스트,"마그 탐험대, 고블린","샤일린(Shylin), 카르벨(Karbel)",렐릭 탐험 어드벤처,2.5D 독보적 그래픽 강조,"전투 및 액션, 수집 및 도감","텍스트 오버레이, 클로즈업 및 줌",던전/신전,"수집욕/소유욕, 참여와 임장감","인간형 영웅, SD/치비 캐릭터","2.5D 입체 그래픽, 2D 일러스트",정방형 규격의 캐릭터 밀집 노출로 수집 재미를 강조함. 영웅 반전 매력 소유욕을 자극하며 피드 최적화로 클릭률 극대화 유도. 보상 텍스트 오버레이로 전환율 보완 필요.
260406_BNR_A-Character-Comics01A-DA_L_1200x628_EN.jpg;https://tpc.googlesyndication.com/simgad/3049438568803176011,가로형 이미지,HQ_HQ_PH_US-EN_GA_NU_AD_ACi_260430,M_1844_INTEREST_GENRE_ALL_NONE_260430_2,2026-04-30,0,KRW,67,19,0,0,BNR,가로형,2026-04-06,A,Character,Comics01A,EN,260406_BNR_A-Character-Comics01A-DA_L_1200x628_EN,A-Character-Comics01A-DA,https://tpc.googlesyndication.com/simgad/3049438568803176011,"비주얼 임팩트, 캐릭터/유닛 외형",,,,,"EVERY HERO NEEDS A LITTLE PEPP, PEPP HEROES","아트 퀄리티, 캐릭터, 수집형RPG","용병 모집(Gacha), 8인 실시간 전투",8인 실시간 전투,마그 탐험대,카르벨(Karbel),"히어로 수집 육성, 렐릭 탐험 어드벤처",코믹스 스타일 레이아웃,"수집 및 도감, 전투 및 액션","분할 화면, 텍스트 오버레이",자연/야외 미학,"수집욕/소유욕, 휴식과 힐링","SD/치비 캐릭터, 인간형 영웅",2.5D 입체 그래픽,코믹스 레이아웃과 친근한 아트 스타일로 진입 장벽을 낮추고 개성을 강조함. 가독성 높은 카피로 높은 CTR을 유도하며 SSR 캐릭터 중심의 수집 욕구 자극 전략을 제안함.
260406_BNR_A-Character-Comics01A-DA_S_1200x1200_EN.jpg;https://tpc.googlesyndication.com/simgad/4695384483296336434,가로형 이미지,HQ_HQ_PH_US-EN_GA_NU_AD_ACi_260430,M_1844_INTEREST_GENRE_ALL_NONE_260430_2,2026-04-30,1,KRW,5180,754,13,0,BNR,정방형,2026-04-06,A,Character,Comics01A,EN,260406_BNR_A-Character-Comics01A-DA_S_1200x1200_EN,A-Character-Comics01A-DA,https://tpc.googlesyndication.com/simgad/4695384483296336434,"비주얼 임팩트, 캐릭터/유닛 외형",,,,,"EVERY HERO NEEDS A LITTLE PEPP, PEPP HEROES","아트 퀄리티, 캐릭터, 수집형RPG","용병 모집(Gacha), 8인 실시간 전투",8인 실시간 전투,마그 탐험대,카르벨(Karbel),"히어로 수집 육성, 렐릭 탐험 어드벤처",코믹스 스타일 레이아웃,"수집 및 도감, 전투 및 액션","분할 화면, 텍스트 오버레이",자연/야외 미학,"수집욕/소유욕, 휴식과 힐링","SD/치비 캐릭터, 인간형 영웅",2.5D 입체 그래픽,십자 분할 레이아웃으로 카피 집중도를 높이고 SD 캐릭터로 수집욕 자극. SNS 최적화 규격으로 유저 유입 유도 및 직업별 변주 제안.
260406_BNR_A-Character-Comics01A-DA_V_1200x1500_EN.jpg;https://tpc.googlesyndication.com/simgad/13581844973087919256,가로형 이미지,HQ_HQ_PH_US-EN_GA_NU_AD_ACi_260430,M_1844_INTEREST_GENRE_ALL_NONE_260430_2,2026-04-30,0,KRW,14,2,0,0,BNR,세로형,2026-04-06,A,Character,Comics01A,EN,260406_BNR_A-Character-Comics01A-DA_V_1200x1500_EN,A-Character-Comics01A-DA,https://tpc.googlesyndication.com/simgad/13581844973087919256,"비주얼 임팩트, 캐릭터/유닛 외형",,,,,"EVERY HERO NEEDS A LITTLE PEPP, PEPP HEROES","아트 퀄리티, 캐릭터, 수집형RPG","용병 모집(Gacha), 8인 실시간 전투",8인 실시간 전투,마그 탐험대,카르벨(Karbel),"히어로 수집 육성, 렐릭 탐험 어드벤처",코믹스 스타일 레이아웃,"수집 및 도감, 전투 및 액션","분할 화면, 텍스트 오버레이",자연/야외 미학,"수집욕/소유욕, 휴식과 힐링","SD/치비 캐릭터, 인간형 영웅",2.5D 입체 그래픽,독보적 화풍의 2.5D 그래픽으로 차별화된 비주얼 소구. 세로 규격의 범용성을 활용하며 보스 레이드 테마를 병행해 유저 반응 테스트 및 세그먼트 공략 필요.
260406_BNR_A-Charater-Collection01A-DA_L_1200x628_EN.jpg;https://tpc.googlesyndication.com/simgad/9157278201026773067,가로형 이미지,HQ_HQ_PH_US-EN_GA_NU_AD_ACi_260430,M_1844_INTEREST_GENRE_ALL_NONE_260430_2,2026-04-30,1,KRW,395,9,1,0,BNR,가로형,2026-04-06,A,Charater,Collection01A,EN,260406_BNR_A-Charater-Collection01A-DA_L_1200x628_EN,A-Charater-Collection01A-DA,https://tpc.googlesyndication.com/simgad/9157278201026773067,"캐릭터/유닛 외형, 비주얼 임팩트",,,,,"Get Pepp'd, com2us, PEPP HEROES","아트 퀄리티, 캐릭터, 수집형RPG",수집형 RPG,용병 모집(Gacha),마그 탐험대,다수의 SD 영웅,히어로 수집 육성,,수집 및 도감,텍스트 오버레이,심플/클린 UI,수집욕/소유욕,SD/치비 캐릭터,2.5D 입체 그래픽,"'Get Pepp'd' 슬로건과 촘촘한 캐릭터 배치로 방대한 수집성 강조. 2.5D 및 SD 캐릭터로 유저 소유욕 자극 및 높은 CTR 유도, 인기 캐릭터 중심 확장 용이."
260406_BNR_A-Charater-Collection01A-DA_S_1200x1200_EN.jpg;https://tpc.googlesyndication.com/simgad/2322926171558263908,가로형 이미지,HQ_HQ_PH_US-EN_GA_NU_AD_ACi_260430,M_1844_INTEREST_GENRE_ALL_NONE_260430_2,2026-04-30,0,KRW,3124,658,12,0,BNR,정방형,2026-04-06,A,Charater,Collection01A,EN,260406_BNR_A-Charater-Collection01A-DA_S_1200x1200_EN,A-Charater-Collection01A-DA,https://tpc.googlesyndication.com/simgad/2322926171558263908,"캐릭터/유닛 외형, 비주얼 임팩트",,,,,"Get Pepp'd, com2us, PEPP HEROES","아트 퀄리티, 캐릭터, 수집형RPG",수집형 RPG,용병 모집(Gacha),마그 탐험대,다수의 SD 영웅,히어로 수집 육성,,수집 및 도감,텍스트 오버레이,심플/클린 UI,수집욕/소유욕,SD/치비 캐릭터,2.5D 입체 그래픽,정방형 구도로 캐릭터 밀도와 시각적 풍성함 극대화. SNS 주목도 확보 및 캐릭터 등급 변주를 통한 전환율 개선 기대.
260406_BNR_A-Charater-Collection01A-DA_V_1200x1500_EN.jpg;https://tpc.googlesyndication.com/simgad/5699446522298240409,가로형 이미지,HQ_HQ_PH_US-EN_GA_NU_AD_ACi_260430,M_1844_INTEREST_GENRE_ALL_NONE_260430_2,2026-04-30,2,KRW,3812,15,4,0,BNR,세로형,2026-04-06,A,Charater,Collection01A,EN,260406_BNR_A-Charater-Collection01A-DA_V_1200x1500_EN,A-Charater-Collection01A-DA,https://tpc.googlesyndication.com/simgad/5699446522298240409,"캐릭터/유닛 외형, 비주얼 임팩트",,,,,"Get Pepp'd, com2us, PEPP HEROES","아트 퀄리티, 캐릭터, 수집형RPG",수집형 RPG,용병 모집(Gacha),마그 탐험대,다수의 SD 영웅,히어로 수집 육성,,수집 및 도감,텍스트 오버레이,심플/클린 UI,수집욕/소유욕,SD/치비 캐릭터,2.5D 입체 그래픽,세로 뷰로 50종 영웅 노출을 극대화하여 전략적 흥미 유발. 무료 소환권 혜택 강조로 전환율 제고 및 안정적 성과 기대.
260406_BNR_A-Mob-Adventure02A-DA_L_1200x628_EN.jpg;https://tpc.googlesyndication.com/simgad/17125206759944352040,가로형 이미지,HQ_HQ_PH_US-EN_GA_NU_AD_ACi_260430,M_1844_INTEREST_GENRE_ALL_NONE_260430_2,2026-04-30,0,KRW,5,16,0,0,BNR,가로형,2026-04-06,A,Mob,Adventure02A,EN,260406_BNR_A-Mob-Adventure02A-DA_L_1200x628_EN,A-Mob-Adventure02A-DA,https://tpc.googlesyndication.com/simgad/17125206759944352040,비주얼 임팩트,,,,,PEPP HEROES,"아트 퀄리티, 수집형RPG",5인 분대 전투,거대 보스 레이드,"마그 탐험대, 고블린",,렐릭 탐험 어드벤처,2.5D 입체 월드 강조,"장애물 및 도전, 전투 및 액션",텍스트 오버레이,자연/야외 미학,도전과 승부욕,"거대 보스, SD/치비 캐릭터",2.5D 입체 그래픽,5인 파티 레이드와 SD 캐릭터로 어드벤처 RPG 정체성 강조. 2.5D 그래픽으로 CTR을 높이고 사전예약 보상을 통해 CVR 극대화 유도.
260406_BNR_A-Mob-Adventure02A-DA_S_1200x1200_EN.jpg;https://tpc.googlesyndication.com/simgad/17573267286983610733,가로형 이미지,HQ_HQ_PH_US-EN_GA_NU_AD_ACi_260430,M_1844_INTEREST_GENRE_ALL_NONE_260430_2,2026-04-30,0,KRW,0,16,0,0,BNR,정방형,2026-04-06,A,Mob,Adventure02A,EN,260406_BNR_A-Mob-Adventure02A-DA_S_1200x1200_EN,A-Mob-Adventure02A-DA,https://tpc.googlesyndication.com/simgad/17573267286983610733,비주얼 임팩트,,,,,PEPP HEROES,"아트 퀄리티, 수집형RPG",5인 분대 전투,거대 보스 레이드,"마그 탐험대, 고블린",,렐릭 탐험 어드벤처,2.5D 입체 월드 강조,"장애물 및 도전, 전투 및 액션",텍스트 오버레이,자연/야외 미학,도전과 승부욕,"거대 보스, SD/치비 캐릭터",2.5D 입체 그래픽,2.5D 비주얼과 거대 보스 대치 구도로 몰입감 강조. 직접 조작 및 전략 조합을 선호하는 수집형 RPG 유저를 공략해 높은 클릭률과 수집욕 자극 기대.
260406_BNR_A-Mob-Adventure02A-DA_V_1200x1500_EN.jpg;https://tpc.googlesyndication.com/simgad/12487452563763707002,가로형 이미지,HQ_HQ_PH_US-EN_GA_NU_AD_ACi_260430,M_1844_INTEREST_GENRE_ALL_NONE_260430_2,2026-04-30,5,KRW,8312,157,7,0,BNR,세로형,2026-04-06,A,Mob,Adventure02A,EN,260406_BNR_A-Mob-Adventure02A-DA_V_1200x1500_EN,A-Mob-Adventure02A-DA,https://tpc.googlesyndication.com/simgad/12487452563763707002,비주얼 임팩트,,,,,PEPP HEROES,"아트 퀄리티, 수집형RPG",5인 분대 전투,거대 보스 레이드,"마그 탐험대, 고블린",,렐릭 탐험 어드벤처,2.5D 입체 월드 강조,"장애물 및 도전, 전투 및 액션",텍스트 오버레이,자연/야외 미학,도전과 승부욕,"거대 보스, SD/치비 캐릭터",2.5D 입체 그래픽,초기 핵심 영웅 노출로 수집 재미 강조 및 따뜻한 아트 스타일로 힐링 소구. 방대한 콘텐츠 중심의 텍스트 보강으로 캐주얼 유저 유입 및 잔존율 제고.
260406_VID_A-Character-Collection01B-UA_S_1080x1080_EN;https://www.youtube.com/watch?v=cTfY4JpFc-s,YouTube 동영상,HQ_HQ_PH_US-EN_GA_NU_AD_ACi_260430,M_1844_INTEREST_GENRE_ALL_NONE_260430_2,2026-04-30,0,KRW,965,32,1,0,VID,정방형,2026-04-06,A,Character,Collection01B,EN;https://www,260406_VID_A-Character-Collection01B-UA_S_1080x1080_EN,A-Character-Collection01B-UA,https://www.youtube.com/watch?v=cTfY4JpFc-s,"질문/선택형, 캐릭터/유닛 외형",경쾌함,TRUE,,없음,"CHOOSE YOUR HERO, HUGO, KARBEL, MONAD","캐릭터, 수집형RPG, 전략성",용병 모집(Gacha),DIY 픽업 시스템,마그 탐험대,"휴고, 카르벨, 모나드",히어로 수집 육성,남성 캐릭터 위주 배치,수집 및 도감,"텍스트 오버레이, 분할 화면",심플/클린 UI,수집욕/소유욕,"SD/치비 캐릭터, 인간형 영웅",2D 일러스트,캐릭터 구성 대조를 통한 타겟 취향별 효율 분석. 탱커 및 딜러 중심 덱 선호 심리 공략하며 캐릭터 조합 변주 소재로 리타겟팅 광고 활용 권장.
260406_VID_A-Character-Combat01A-UA_L_1920x1080_EN;https://www.youtube.com/watch?v=2W7-0AV2mfg,YouTube 동영상,HQ_HQ_PH_US-EN_GA_NU_AD_ACi_260430,M_1844_INTEREST_GENRE_ALL_NONE_260430_2,2026-04-30,0,KRW,869,16,3,0,VID,가로형,2026-04-06,A,Character,Combat01A,EN;https://www,260406_VID_A-Character-Combat01A-UA_L_1920x1080_EN,A-Character-Combat01A-UA,https://www.youtube.com/watch?v=2W7-0AV2mfg,"비주얼 임팩트, 캐릭터/유닛 외형",긴박함,TRUE,,없음,"VINESSA, A DARK WIZARD WHO DOMINATES THE FIELD, SOPHIA, REMOVES ALL DEBUFFS! THE KEY TO SURVIVAL, BERNETA, A SYNERGY DEALER THAT PERFECTS YOUR TEAM, PLAY FOR FREE","아트 퀄리티, 캐릭터, 수집형RPG, 전략성",용병 모집,스킬 컷신 연출,마그 탐험대,"Vinessa, Sophia, Berneta",렐릭 탐험 어드벤처,캐릭터별 스킬 특징 강조,전투 및 액션,"텍스트 오버레이, 클로즈업 및 줌",자연/야외 미학,"도전과 승부욕, 수집욕/소유욕","인간형 영웅, SD/치비 캐릭터, 성장 지표","2.5D 입체 그래픽, 2D 일러스트",인게임 전투와 일러스트 교차 편집으로 몰입도 극대화. 캐릭터 스킬 및 시너지로 전략적 호기심 자극. 플레이 영상 기반 안정적 CVR 확보 및 캐릭터 속성 대비 변주 제안.
260406_VID_A-Character-Combat01A-UA_S_1080x1080_EN;https://www.youtube.com/watch?v=jnNAzjzUw8o,YouTube 동영상,HQ_HQ_PH_US-EN_GA_NU_AD_ACi_260430,M_1844_INTEREST_GENRE_ALL_NONE_260430_2,2026-04-30,0,KRW,2263,103,0,0,VID,정방형,2026-04-06,A,Character,Combat01A,EN;https://www,260406_VID_A-Character-Combat01A-UA_S_1080x1080_EN,A-Character-Combat01A-UA,https://www.youtube.com/watch?v=jnNAzjzUw8o,"비주얼 임팩트, 캐릭터/유닛 외형",긴박함,TRUE,,없음,"VINESSA, A DARK WIZARD WHO DOMINATES THE FIELD, SOPHIA, REMOVES ALL DEBUFFS! THE KEY TO SURVIVAL, BERNETA, A SYNERGY DEALER THAT PERFECTS YOUR TEAM, PLAY FOR FREE","아트 퀄리티, 캐릭터, 수집형RPG, 전략성",용병 모집,스킬 컷신 연출,마그 탐험대,"Vinessa, Sophia, Berneta",렐릭 탐험 어드벤처,캐릭터별 스킬 특징 강조,전투 및 액션,"텍스트 오버레이, 클로즈업 및 줌",자연/야외 미학,"도전과 승부욕, 수집욕/소유욕","인간형 영웅, SD/치비 캐릭터, 성장 지표","2.5D 입체 그래픽, 2D 일러스트",SSR 비네사 비주얼을 초반에 배치해 RPG 팬덤 시선 확보. 고퀄리티 애니메이션으로 캐릭터 소유욕을 자극하며 스킬 콤보 시리즈로 소재 확장 가능.
260406_VID_A-Character-Combat01A-UA_V_1080x1920_EN;https://www.youtube.com/watch?v=tHmXhOKu33A,YouTube 동영상,HQ_HQ_PH_US-EN_GA_NU_AD_ACi_260430,M_1844_INTEREST_GENRE_ALL_NONE_260430_2,2026-04-30,1,KRW,1110,43,1,0,VID,세로형,2026-04-06,A,Character,Combat01A,EN;https://www,260406_VID_A-Character-Combat01A-UA_V_1080x1920_EN,A-Character-Combat01A-UA,https://www.youtube.com/watch?v=tHmXhOKu33A,"비주얼 임팩트, 캐릭터/유닛 외형",긴박함,TRUE,,없음,"VINESSA, A DARK WIZARD WHO DOMINATES THE FIELD, SOPHIA, REMOVES ALL DEBUFFS! THE KEY TO SURVIVAL, BERNETA, A SYNERGY DEALER THAT PERFECTS YOUR TEAM, PLAY FOR FREE","아트 퀄리티, 캐릭터, 수집형RPG, 전략성",용병 모집,스킬 컷신 연출,마그 탐험대,"Vinessa, Sophia, Berneta",렐릭 탐험 어드벤처,캐릭터별 스킬 특징 강조,전투 및 액션,"텍스트 오버레이, 클로즈업 및 줌",자연/야외 미학,"도전과 승부욕, 수집욕/소유욕","인간형 영웅, SD/치비 캐릭터, 성장 지표","2.5D 입체 그래픽, 2D 일러스트",숏폼 최적화 세로 분할 화면으로 캐릭터와 전투 연출 강조. 한 손 플레이 선호 심리를 공략하여 틱톡 및 릴스 내 높은 조회수 확보 기대.
260406_VID_A-Character-Combat01B-UA_L_1920x1080_EN;https://www.youtube.com/watch?v=d4rVTfnnYhg,YouTube 동영상,HQ_HQ_PH_US-EN_GA_NU_AD_ACi_260430,M_1844_INTEREST_GENRE_ALL_NONE_260430_2,2026-04-30,0,KRW,345,22,0,0,VID,가로형,2026-04-06,A,Character,Combat01B,EN;https://www,260406_VID_A-Character-Combat01B-UA_L_1920x1080_EN,A-Character-Combat01B-UA,https://www.youtube.com/watch?v=d4rVTfnnYhg,"비주얼 임팩트, 캐릭터/유닛 외형",긴박함,TRUE,,없음,"HUGO, An indomitable warrior..., MONAD, A sage who devastates..., KARBEL, A fiery dealer..., PLAY FOR FREE","전략성, 아트 퀄리티",용병 모집,8인 실시간 전투,마그 탐험대,"Hugo, Monad, Karbel",히어로 수집 육성,,전투 및 액션,"텍스트 오버레이, 클로즈업 및 줌",자연/야외 미학,"도전과 승부욕, 수집욕/소유욕","인간형 영웅, SD/치비 캐릭터, 성장 지표","2.5D 입체 그래픽, 2D 일러스트",16:9 뷰로 넓은 전장과 스킬 강조. 화려한 연출로 타격감 선호 유저 공략. 전투 선호층 대상 높은 전환율 기대.
260406_VID_A-Character-Combat01B-UA_S_1080x1080_EN;https://www.youtube.com/watch?v=tcTIYuJi7pM,YouTube 동영상,HQ_HQ_PH_US-EN_GA_NU_AD_ACi_260430,M_1844_INTEREST_GENRE_ALL_NONE_260430_2,2026-04-30,0,KRW,785,12,1,0,VID,정방형,2026-04-06,A,Character,Combat01B,EN;https://www,260406_VID_A-Character-Combat01B-UA_S_1080x1080_EN,A-Character-Combat01B-UA,https://www.youtube.com/watch?v=tcTIYuJi7pM,"비주얼 임팩트, 캐릭터/유닛 외형",긴박함,TRUE,,없음,"HUGO, An indomitable warrior..., MONAD, A sage who devastates..., KARBEL, A fiery dealer..., PLAY FOR FREE","전략성, 아트 퀄리티",용병 모집,8인 실시간 전투,마그 탐험대,"Hugo, Monad, Karbel",히어로 수집 육성,,전투 및 액션,"텍스트 오버레이, 클로즈업 및 줌",자연/야외 미학,"도전과 승부욕, 수집욕/소유욕","인간형 영웅, SD/치비 캐릭터, 성장 지표","2.5D 입체 그래픽, 2D 일러스트",소피아의 생존 및 지원 능력과 팀 시너지를 강조해 전략적 유저 공략. 비네사 소재 A/B 테스트로 타겟별 선호 캐릭터 최적화 및 성과 확장 도모.
260406_VID_A-Character-Combat01B-UA_V_1080x1920_EN;https://www.youtube.com/watch?v=rrd-TGZqEqc,YouTube 동영상,HQ_HQ_PH_US-EN_GA_NU_AD_ACi_260430,M_1844_INTEREST_GENRE_ALL_NONE_260430_2,2026-04-30,0,KRW,2115,28,0,0,VID,세로형,2026-04-06,A,Character,Combat01B,EN;https://www,260406_VID_A-Character-Combat01B-UA_V_1080x1920_EN,A-Character-Combat01B-UA,https://www.youtube.com/watch?v=rrd-TGZqEqc,"비주얼 임팩트, 캐릭터/유닛 외형",긴박함,TRUE,,없음,"HUGO, An indomitable warrior..., MONAD, A sage who devastates..., KARBEL, A fiery dealer..., PLAY FOR FREE","전략성, 아트 퀄리티",용병 모집,8인 실시간 전투,마그 탐험대,"Hugo, Monad, Karbel",히어로 수집 육성,,전투 및 액션,"텍스트 오버레이, 클로즈업 및 줌",자연/야외 미학,"도전과 승부욕, 수집욕/소유욕","인간형 영웅, SD/치비 캐릭터, 성장 지표","2.5D 입체 그래픽, 2D 일러스트",직관적인 탱딜힐 구성으로 정통 RPG 유저의 파티 니즈 충족. 역할군 조합의 재미를 텍스트로 보강하여 효율 극대화 기대.
260406_VID_A-Charater-Collection01B-UA_L_1920x1080_EN;https://www.youtube.com/watch?v=rRGCh1x6a6M,YouTube 동영상,HQ_HQ_PH_US-EN_GA_NU_AD_ACi_260430,M_1844_INTEREST_GENRE_ALL_NONE_260430_2,2026-04-30,0,KRW,2075,35,1,0,VID,가로형,2026-04-06,A,Charater,Collection01B,EN;https://www,260406_VID_A-Charater-Collection01B-UA_L_1920x1080_EN,A-Charater-Collection01B-UA,https://www.youtube.com/watch?v=rRGCh1x6a6M,"질문/선택형, 캐릭터/유닛 외형",경쾌함,TRUE,,없음,"CHOOSE YOUR HERO, HUGO, PLAY FOR FREE","아트 퀄리티, 전략성",용병 모집,DIY 픽업 시스템,마그 탐험대,Hugo,히어로 수집 육성,,수집 및 도감,"텍스트 오버레이, 클로즈업 및 줌",심플/클린 UI,"수집욕/소유욕, 만족과 성취감","인간형 영웅, SD/치비 캐릭터","2.5D 입체 그래픽, 2D 일러스트","그리드 UI로 풍부한 캐릭터 풀을 어필해 수집 욕구를 자극하며, 캐릭터 강조 엔드카드를 통해 높은 잔존율을 확보합니다."
260406_VID_A-Charater-Collection01B-UA_V_1080x1920_EN;https://www.youtube.com/watch?v=u5diHTUsSOs,YouTube 동영상,HQ_HQ_PH_US-EN_GA_NU_AD_ACi_260430,M_1844_INTEREST_GENRE_ALL_NONE_260430_2,2026-04-30,0,KRW,267,22,0,0,VID,세로형,2026-04-06,A,Charater,Collection01B,EN;https://www,260406_VID_A-Charater-Collection01B-UA_V_1080x1920_EN,A-Charater-Collection01B-UA,https://www.youtube.com/watch?v=u5diHTUsSOs,"질문/선택형, 캐릭터/유닛 외형",경쾌함,TRUE,,없음,"CHOOSE YOUR HERO, HUGO, PLAY FOR FREE","아트 퀄리티, 전략성",용병 모집,DIY 픽업 시스템,마그 탐험대,Hugo,히어로 수집 육성,캐릭터 픽(Pick) 연출,수집 및 도감,"텍스트 오버레이, 클로즈업 및 줌",심플/클린 UI,"수집욕/소유욕, 만족과 성취감","인간형 영웅, SD/치비 캐릭터","2.5D 입체 그래픽, 2D 일러스트",직접 영웅을 선택하는 인터랙티브 경험으로 기대감 부여. 다양한 영웅 노출을 통해 유저 취향을 공략하고 반복적인 참여 유도.
260406_VID_A-Hooking-Reward02A-FK_L_1920x1080_EN;https://www.youtube.com/watch?v=oRlzfGbT3xY,YouTube 동영상,HQ_HQ_PH_US-EN_GA_NU_AD_ACi_260430,M_1844_INTEREST_GENRE_ALL_NONE_260430_2,2026-04-30,3,KRW,21155,630,6,0,VID,가로형,2026-04-06,A,Hooking,Reward02A,EN;https://www,260406_VID_A-Hooking-Reward02A-FK_L_1920x1080_EN,A-Hooking-Reward02A-FK,https://www.youtube.com/watch?v=oRlzfGbT3xY,"실패/분노 유도, 압도적 보상",긴박함,TRUE,,없음,"Tap here to save him!, Help me!, HELP KARBEL CLEAR, Claim your SR character and rewards worth $100!, PLAY FOR FREE",보상,용병 모집,우호도 시스템,마그 탐험대,카르벨(Karbel),히어로 수집 육성,페이크 플레이(구출 미니게임) 형식 활용,퍼즐 및 논리,"손가락 지시선, 텍스트 오버레이",자연/야외 미학,"도전과 승부욕, 만족과 성취감","SD/치비 캐릭터, 재화/보물상자",2D 일러스트,구출 미니게임 방식을 활용해 시청자 이탈을 방지하고 즉각적인 행동을 유도합니다. 대량의 재화 보상으로 성취감을 자극하여 저단가 트래픽 확보 및 높은 클릭률을 공략합니다.
260406_VID_A-Hooking-Reward02A-FK_S_1080x1080_EN;https://www.youtube.com/watch?v=EgLwtP8WjE4,YouTube 동영상,HQ_HQ_PH_US-EN_GA_NU_AD_ACi_260430,M_1844_INTEREST_GENRE_ALL_NONE_260430_2,2026-04-30,0,KRW,4591,38,5,0,VID,정방형,2026-04-06,A,Hooking,Reward02A,EN;https://www,260406_VID_A-Hooking-Reward02A-FK_S_1080x1080_EN,A-Hooking-Reward02A-FK,https://www.youtube.com/watch?v=EgLwtP8WjE4,"실패/분노 유도, 압도적 보상",긴박함,TRUE,,없음,"Tap here to save him!, Help me!, HELP KARBEL CLEAR, Claim your SR character and rewards worth $100!, PLAY FOR FREE",보상,용병 모집,우호도 시스템,마그 탐험대,카르벨(Karbel),히어로 수집 육성,페이크 플레이(구출 미니게임) 형식 활용,퍼즐 및 논리,"손가락 지시선, 텍스트 오버레이",자연/야외 미학,"도전과 승부욕, 만족과 성취감","SD/치비 캐릭터, 재화/보물상자",2D 일러스트,위기 상황 미션과 100달러 보상으로 유저 참여 및 전환 유도. 쉬운 조작성 강조로 진입 장벽을 낮춰 대량 유입용 런칭 소재로 적합.
260406_VID_A-Hooking-Reward02A-FK_V_1080x1920_EN;https://www.youtube.com/watch?v=b7LsalWUDvQ,YouTube 동영상,HQ_HQ_PH_US-EN_GA_NU_AD_ACi_260430,M_1844_INTEREST_GENRE_ALL_NONE_260430_2,2026-04-30,0,KRW,77,11,0,0,VID,세로형,2026-04-06,A,Hooking,Reward02A,EN;https://www,260406_VID_A-Hooking-Reward02A-FK_V_1080x1920_EN,A-Hooking-Reward02A-FK,https://www.youtube.com/watch?v=b7LsalWUDvQ,"실패/분노 유도, 압도적 보상",긴박함,TRUE,,없음,"Tap here to save him!, Help me!, HELP KARBEL CLEAR, Claim your SR character and rewards worth $100!, PLAY FOR FREE",보상,용병 모집,우호도 시스템,마그 탐험대,카르벨(Karbel),히어로 수집 육성,페이크 플레이(구출 미니게임) 형식 활용,퍼즐 및 논리,"손가락 지시선, 텍스트 오버레이",자연/야외 미학,"도전과 승부욕, 만족과 성취감","SD/치비 캐릭터, 재화/보물상자",2D 일러스트,9:16 세로형 구조로 터치 인터랙션을 극대화하고 FOMO를 자극해 시청 완료율을 높입니다. 캐릭터 활용 및 실패 연출의 A/B 테스트 확장을 제안합니다.
260406_VID_A-Hooking-Reward03A-UA_L_1920x1080_EN;https://www.youtube.com/watch?v=XUrzh1Qrk5w,YouTube 동영상,HQ_HQ_PH_US-EN_GA_NU_AD_ACi_260430,M_1844_INTEREST_GENRE_ALL_NONE_260430_2,2026-04-30,0,KRW,1321,24,0,0,VID,가로형,2026-04-06,A,Hooking,Reward03A,EN;https://www,260406_VID_A-Hooking-Reward03A-UA_L_1920x1080_EN,A-Hooking-Reward03A-UA,https://www.youtube.com/watch?v=XUrzh1Qrk5w,"압도적 보상, 실패/분노 유도",경쾌함,TRUE,,없음,"WARNING Skip and you will lose your $100 rewards, Tap within 5 Seconds, SR, PLAY FOR FREE!, Claim your SR character and rewards worth $100!",보상,용병 모집,,마그 탐험대,Karbel,히어로 수집 육성,$100 가치 혜택 강조,수집 및 도감,"손가락 지시선, 텍스트 오버레이",심플/클린 UI,"만족과 성취감, 수집욕/소유욕","재화/보물상자, SD/치비 캐릭터","2D 일러스트, 2.5D 입체 그래픽","가로 화면을 활용한 화려한 연출로 시각적 몰입감을 높이고, 보상 상실에 대한 FOMO 심리를 자극하여 가로형 매체 타겟 광고 효율을 극대화함."
260406_VID_A-Hooking-Reward03A-UA_S_1080x1080_EN;https://www.youtube.com/watch?v=VGJB5tDWops,YouTube 동영상,HQ_HQ_PH_US-EN_GA_NU_AD_ACi_260430,M_1844_INTEREST_GENRE_ALL_NONE_260430_2,2026-04-30,1,KRW,1740,8,1,0,VID,정방형,2026-04-06,A,Hooking,Reward03A,EN;https://www,260406_VID_A-Hooking-Reward03A-UA_S_1080x1080_EN,A-Hooking-Reward03A-UA,https://www.youtube.com/watch?v=VGJB5tDWops,"압도적 보상, 실패/분노 유도",경쾌함,TRUE,,없음,"WARNING Skip and you will lose your $100 rewards, Tap within 5 Seconds, SR, PLAY FOR FREE!, Claim your SR character and rewards worth $100!",보상,용병 모집,,마그 탐험대,Karbel,히어로 수집 육성,$100 가치 혜택 강조,수집 및 도감,"손가락 지시선, 텍스트 오버레이",심플/클린 UI,"만족과 성취감, 수집욕/소유욕","재화/보물상자, SD/치비 캐릭터","2D 일러스트, 2.5D 입체 그래픽",부정적 후킹과 시간 제한으로 클릭 유도. $100 가치 및 SR 확정으로 수익 구체화. 높은 CVR 예상되며 보상 변주를 통한 라이브 옵스 제안.
260406_VID_A-Hooking-Reward03A-UA_V_1080x1920_EN;https://www.youtube.com/watch?v=jA_HAiz95x4,YouTube 동영상,HQ_HQ_PH_US-EN_GA_NU_AD_ACi_260430,M_1844_INTEREST_GENRE_ALL_NONE_260430_2,2026-04-30,0,KRW,944,20,5,0,VID,세로형,2026-04-06,A,Hooking,Reward03A,EN;https://www,260406_VID_A-Hooking-Reward03A-UA_V_1080x1920_EN,A-Hooking-Reward03A-UA,https://www.youtube.com/watch?v=jA_HAiz95x4,"압도적 보상, 실패/분노 유도",경쾌함,TRUE,,없음,"WARNING Skip and you will lose your $100 rewards, Tap within 5 Seconds, SR, PLAY FOR FREE!, Claim your SR character and rewards worth $100!",보상,용병 모집,,마그 탐험대,Karbel,히어로 수집 육성,$100 가치 혜택 강조,수집 및 도감,"손가락 지시선, 텍스트 오버레이",심플/클린 UI,"만족과 성취감, 수집욕/소유욕","재화/보물상자, SD/치비 캐릭터","2D 일러스트, 2.5D 입체 그래픽",도발적 문구와 타이머로 이탈을 방지하고 FOMO 심리를 자극함. 보상형 인벤토리 활용을 통해 UA 매체에서 압도적 전환율 달성 기대.
260406_VID_A-Mob-Adventure01A-UA_L_1920x1080_EN;https://www.youtube.com/watch?v=hVmkPdIsz70,YouTube 동영상,HQ_HQ_PH_US-EN_GA_NU_AD_ACi_260430,M_1844_INTEREST_GENRE_ALL_NONE_260430_2,2026-04-30,0,KRW,210,7,0,0,VID,가로형,2026-04-06,A,Mob,Adventure01A,EN;https://www,260406_VID_A-Mob-Adventure01A-UA_L_1920x1080_EN,A-Mob-Adventure01A-UA,https://www.youtube.com/watch?v=hVmkPdIsz70,"비주얼 임팩트, 성장 비포애프터",긴박함,TRUE,,없음,"WARNING, GOBLINS INCOMING!, Goblins? Easy! Level UP! UP!, Power Boost! BOOM! BOOM!, Strategic deployment!, Get ready for BATTLE!","편의성, 전략성",AFK 기능,8인 실시간 전투,고블린,카르벨,렐릭 탐험 어드벤처,스마트폰 UI 팝업 연출,"시뮬레이션 및 관리, 장애물 및 도전","텍스트 오버레이, 클로즈업 및 줌",자연/야외 미학,"도전과 승부욕, 만족과 성취감","SD/치비 캐릭터, 성장 지표, 군단/대규모 유닛",2.5D 입체 그래픽,16:9 화면 대비로 대규모 전투와 모바일 최적화 강조. 방치형 육성 선호 유저 타겟으로 핵심 시스템 소구 및 브랜딩·퍼포먼스 효율 기대.
260406_VID_A-Mob-Adventure01A-UA_S_1080x1080_EN;https://www.youtube.com/watch?v=LMKl0g6yRJU,YouTube 동영상,HQ_HQ_PH_US-EN_GA_NU_AD_ACi_260430,M_1844_INTEREST_GENRE_ALL_NONE_260430_2,2026-04-30,1,KRW,342,6,1,0,VID,정방형,2026-04-06,A,Mob,Adventure01A,EN;https://www,260406_VID_A-Mob-Adventure01A-UA_S_1080x1080_EN,A-Mob-Adventure01A-UA,https://www.youtube.com/watch?v=LMKl0g6yRJU,"비주얼 임팩트, 성장 비포애프터",긴박함,TRUE,,없음,"WARNING, GOBLINS INCOMING!, Goblins? Easy! Level UP! UP!, Power Boost! BOOM! BOOM!, Strategic deployment!, Get ready for BATTLE!","편의성, 전략성",AFK 기능,8인 실시간 전투,고블린,카르벨,렐릭 탐험 어드벤처,스마트폰 UI 팝업 연출,"시뮬레이션 및 관리, 장애물 및 도전","텍스트 오버레이, 클로즈업 및 줌",자연/야외 미학,"도전과 승부욕, 참여와 임장감","SD/치비 캐릭터, 성장 지표, 군단/대규모 유닛",2.5D 입체 그래픽,경고 연출로 몰입도를 높이고 쉬운 성장을 강조해 진입 장벽 완화. 대규모 레이드 소재 확장을 통한 중장기 성과 기대.
260406_VID_A-Mob-Adventure01A-UA_V_1080x1920_EN;https://www.youtube.com/watch?v=nIYkYZ-JFj0,YouTube 동영상,HQ_HQ_PH_US-EN_GA_NU_AD_ACi_260430,M_1844_INTEREST_GENRE_ALL_NONE_260430_2,2026-04-30,0,KRW,1438,19,0,0,VID,세로형,2026-04-06,A,Mob,Adventure01A,EN;https://www,260406_VID_A-Mob-Adventure01A-UA_V_1080x1920_EN,A-Mob-Adventure01A-UA,https://www.youtube.com/watch?v=nIYkYZ-JFj0,"비주얼 임팩트, 성장 비포애프터",긴박함,TRUE,,없음,"WARNING, GOBLINS INCOMING!, Goblins? Easy! Level UP! UP!, Power Boost! BOOM! BOOM!, Strategic deployment!, Get ready for BATTLE!","편의성, 전략성",AFK 기능,8인 실시간 전투,고블린,카르벨,렐릭 탐험 어드벤처,스마트폰 UI 팝업 연출,"시뮬레이션 및 관리, 장애물 및 도전","텍스트 오버레이, 클로즈업 및 줌",자연/야외 미학,"도전과 승부욕, 만족과 성취감","SD/치비 캐릭터, 성장 지표, 군단/대규모 유닛",2.5D 입체 그래픽,세로형 피드 최적화 UI와 마을 습격 반전 연출로 이탈 방지. 직관적 레벨업과 전략적 배치 중심의 성장 쾌감을 자극해 숏폼 환경 내 높은 시청 유지율 및 전환율 기대.
Cute but Powerful Squad,광고 제목,HQ_HQ_PH_US-EN_GA_NU_AD_ACA-PU_260429,M_1844_INTEREST_GENRE_ALL_NONE_260429,2026-04-30,29,KRW,50621,189,14,"201,052.39",TXT,,,,,,,,,,,,,,,,,,,,,,,,,,,,,
Let’s Hunt for Treasure!,광고 제목,HQ_HQ_PH_US-EN_GA_NU_AD_ACA-PU_260429,M_1844_INTEREST_GENRE_ALL_NONE_260429,2026-04-30,0,KRW,5074,142,0,0,TXT,,,,,,,,,,,,,,,,,,,,,,,,,,,,,
Pepp Heroes,광고 제목,HQ_HQ_PH_US-EN_GA_NU_AD_ACA-PU_260429,M_1844_INTEREST_GENRE_ALL_NONE_260429,2026-04-30,0,KRW,130168,262,13,0,TXT,,,,,,,,,,,,,,,,,,,,,,,,,,,,,
Play for Free,광고 제목,HQ_HQ_PH_US-EN_GA_NU_AD_ACA-PU_260429,M_1844_INTEREST_GENRE_ALL_NONE_260429,2026-04-30,2,KRW,6730,234,4,0,TXT,,,,,,,,,,,,,,,,,,,,,,,,,,,,,
"Your RPG, In Your Hands",광고 제목,HQ_HQ_PH_US-EN_GA_NU_AD_ACA-PU_260429,M_1844_INTEREST_GENRE_ALL_NONE_260429,2026-04-30,0,KRW,4111,154,0,0,TXT,,,,,,,,,,,,,,,,,,,,,,,,,,,,,
Adorable Yet Powerful! Collect Heroes With Diverse Charms,설명,HQ_HQ_PH_US-EN_GA_NU_AD_ACA-PU_260429,M_1844_INTEREST_GENRE_ALL_NONE_260429,2026-04-30,0,KRW,4479,232,2,0,TXT,,,,,,,,,,,,,,,,,,,,,,,,,,,,,
Clock Out and Start Your Treasure Hunt!,설명,HQ_HQ_PH_US-EN_GA_NU_AD_ACA-PU_260429,M_1844_INTEREST_GENRE_ALL_NONE_260429,2026-04-30,32,KRW,99005,258,26,"201,052.39",TXT,,,,,,,,,,,,,,,,,,,,,,,,,,,,,
Get Rewards Worth $100! Play Now!,설명,HQ_HQ_PH_US-EN_GA_NU_AD_ACA-PU_260429,M_1844_INTEREST_GENRE_ALL_NONE_260429,2026-04-30,0,KRW,6997,271,4,0,TXT,,,,,,,,,,,,,,,,,,,,,,,,,,,,,
Strategic Battles With Heroes Full of Personality! Win With Your Own Squad,설명,HQ_HQ_PH_US-EN_GA_NU_AD_ACA-PU_260429,M_1844_INTEREST_GENRE_ALL_NONE_260429,2026-04-30,0,KRW,4418,155,0,0,TXT,,,,,,,,,,,,,,,,,,,,,,,,,,,,,
Unique Hero Skills and Synergies! The Collectible RPG of Endless Team Combinations,설명,HQ_HQ_PH_US-EN_GA_NU_AD_ACA-PU_260429,M_1844_INTEREST_GENRE_ALL_NONE_260429,2026-04-30,0,KRW,6943,499,4,0,TXT,,,,,,,,,,,,,,,,,,,,,,,,,,,,,
251104_BNR_A-Character-Adventure01A-DA_L_1200x628_EN.jpg;https://tpc.googlesyndication.com/simgad/7852267225455295083,가로형 이미지,HQ_HQ_PH_US-EN_GA_NU_AD_ACA-PU_260429,M_1844_INTEREST_GENRE_ALL_NONE_260429,2026-04-30,38,KRW,232677,674,66,"201,052.39",BNR,가로형,2025-11-04,A,Character,Adventure01A,EN,251104_BNR_A-Character-Adventure01A-DA_L_1200x628_EN,A-Character-Adventure01A-DA,https://tpc.googlesyndication.com/simgad/7852267225455295083,"비주얼 임팩트, 캐릭터/유닛 외형",,,,,PEPP HEROES,"아트 퀄리티, 캐릭터, 수집형RPG","5인 분대 전투, 수집형 RPG",,"마그 탐험대, 고블린",카르벨(Karbel),렐릭 탐험 어드벤처,2.5D 입체 월드 강조,"전투 및 액션, 탐험 및 발견",텍스트 오버레이,자연/야외 미학,"도전과 승부욕, 수집욕/소유욕","인간형 영웅, SD/치비 캐릭터, 거대 보스","2.5D 입체 그래픽, 2D 일러스트",와이드 뷰로 보스 대립 및 레이드 강조. 소부대 전투의 스케일감으로 타겟 공략. SNS 최적화와 보상 정보 추가로 유입 및 전환 극대화.
251104_BNR_A-Character-Adventure01A-DA_S_1200x1200_EN.jpg;https://tpc.googlesyndication.com/simgad/13260462268912176542,가로형 이미지,HQ_HQ_PH_US-EN_GA_NU_AD_ACA-PU_260429,M_1844_INTEREST_GENRE_ALL_NONE_260429,2026-04-30,0,KRW,1385,117,3,0,BNR,정방형,2025-11-04,A,Character,Adventure01A,EN,251104_BNR_A-Character-Adventure01A-DA_S_1200x1200_EN,A-Character-Adventure01A-DA,https://tpc.googlesyndication.com/simgad/13260462268912176542,"비주얼 임팩트, 캐릭터/유닛 외형",,,,,PEPP HEROES,"아트 퀄리티, 캐릭터, 수집형RPG","5인 분대 전투, 수집형 RPG",,"마그 탐험대, 고블린",카르벨(Karbel),렐릭 탐험 어드벤처,2.5D 입체 월드 강조,"전투 및 액션, 탐험 및 발견",텍스트 오버레이,자연/야외 미학,"참여와 임장감, 수집욕/소유욕","인간형 영웅, SD/치비 캐릭터, 거대 보스","2.5D 입체 그래픽, 2D 일러스트",독창적인 2.5D 비주얼과 코어한 전투 재미로 RPG 유저 공략. 북미·글로벌 시장의 높은 CTR을 기반으로 SSR 소환 연출을 활용해 CVR 최적화.
260406_BNR_A-Character-Adventure02A-DA_L_1200x628_EN.jpg;https://tpc.googlesyndication.com/simgad/7571534943945847205,가로형 이미지,HQ_HQ_PH_US-EN_GA_NU_AD_ACA-PU_260429,M_1844_INTEREST_GENRE_ALL_NONE_260429,2026-04-30,0,KRW,0,7,0,0,BNR,가로형,2026-04-06,A,Character,Adventure02A,EN,260406_BNR_A-Character-Adventure02A-DA_L_1200x628_EN,A-Character-Adventure02A-DA,https://tpc.googlesyndication.com/simgad/7571534943945847205,"캐릭터/유닛 외형, 비주얼 임팩트",,,,,"PEPP HEROES: RELIC QUEST, PRE-REGISTER NOW","아트 퀄리티, 릴리즈 예고, 캐릭터, 수집형RPG",용병 모집(Gacha),렐릭 퀘스트,마그 탐험대,샤일린(Shylin),렐릭 탐험 어드벤처,,수집 및 도감,텍스트 오버레이,자연/야외 미학,"수집욕/소유욕, 참여와 임장감",,"2.5D 입체 그래픽, 2D 일러스트",샤일린 비주얼을 활용해 2.5D 미학적 만족감을 강조하고 사전예약을 유도함. 고관여 유저 대상 높은 CTR이 기대되며 캐릭터 시너지 소재로 확장 계획임.
260406_BNR_A-Character-Adventure02A-DA_S_1200x1200_EN.jpg;https://tpc.googlesyndication.com/simgad/11186665980784424187,가로형 이미지,HQ_HQ_PH_US-EN_GA_NU_AD_ACA-PU_260429,M_1844_INTEREST_GENRE_ALL_NONE_260429,2026-04-30,0,KRW,387,52,1,0,BNR,정방형,2026-04-06,A,Character,Adventure02A,EN,260406_BNR_A-Character-Adventure02A-DA_S_1200x1200_EN,A-Character-Adventure02A-DA,https://tpc.googlesyndication.com/simgad/11186665980784424187,"캐릭터/유닛 외형, 비주얼 임팩트",,,,,"PEPP HEROES: RELIC QUEST, PRE-REGISTER NOW","아트 퀄리티, 릴리즈 예고, 캐릭터, 수집형RPG",용병 모집(Gacha),렐릭 퀘스트,마그 탐험대,샤일린(Shylin),렐릭 탐험 어드벤처,,수집 및 도감,텍스트 오버레이,자연/야외 미학,"수집욕/소유욕, 참여와 임장감",,"2.5D 입체 그래픽, 2D 일러스트",정사각형 포맷 내 캐릭터 밀집도를 높여 시선 집중 및 수집 욕구 자극. 인스타그램 등 매체 최적화 및 보상 정보 결합으로 고효율 기대.
260406_BNR_A-Character-Life01A-DA_L_1200x628_EN.jpg;https://tpc.googlesyndication.com/simgad/4842260928888903016,가로형 이미지,HQ_HQ_PH_US-EN_GA_NU_AD_ACA-PU_260429,M_1844_INTEREST_GENRE_ALL_NONE_260429,2026-04-30,0,KRW,12,14,0,0,BNR,가로형,2026-04-06,A,Character,Life01A,EN,260406_BNR_A-Character-Life01A-DA_L_1200x628_EN,A-Character-Life01A-DA,https://tpc.googlesyndication.com/simgad/4842260928888903016,"캐릭터/유닛 외형, 비주얼 임팩트",,,,,"PEPP HEROES, PLAY FOR FREE","아트 퀄리티, 전략성, 수집형RPG","8인 실시간 전투, 8종 직업 및 4종 클래스 체계","렐릭 퀘스트, 8인 실시간 전투",마그 탐험대,카르벨(Karbel),"렐릭 탐험 어드벤처, 히어로 수집 육성",,"수집 및 도감, 탐험 및 발견","텍스트 오버레이, 심플/클린 UI",자연/야외 미학,"휴식과 힐링, 수집욕/소유욕","SD/치비 캐릭터, 인간형 영웅","2.5D 입체 그래픽, 2D 일러스트",2.5D 월드의 공간감을 강조하여 어드벤처 유저를 타겟팅합니다. 리마케팅에 효과적이며 수집 문구 추가로 정보 전달력 보강을 추천합니다.
260406_BNR_A-Character-Life01A-DA_S_1200x1200_EN.jpg;https://tpc.googlesyndication.com/simgad/1365671312776743899,가로형 이미지,HQ_HQ_PH_US-EN_GA_NU_AD_ACA-PU_260429,M_1844_INTEREST_GENRE_ALL_NONE_260429,2026-04-30,0,KRW,2,13,0,0,BNR,정방형,2026-04-06,A,Character,Life01A,EN,260406_BNR_A-Character-Life01A-DA_S_1200x1200_EN,A-Character-Life01A-DA,https://tpc.googlesyndication.com/simgad/1365671312776743899,"캐릭터/유닛 외형, 비주얼 임팩트",,,,,"PEPP HEROES, PLAY FOR FREE","아트 퀄리티, 캐릭터, 수집형RPG","8인 실시간 전투, 8종 직업 및 4종 클래스 체계","렐릭 퀘스트, 8인 실시간 전투",마그 탐험대,카르벨(Karbel),"렐릭 탐험 어드벤처, 히어로 수집 육성",,"수집 및 도감, 탐험 및 발견","텍스트 오버레이, 심플/클린 UI",자연/야외 미학,"휴식과 힐링, 수집욕/소유욕","SD/치비 캐릭터, 인간형 영웅","2.5D 입체 그래픽, 2D 일러스트","고퀄리티 일러스트와 실제 화면을 합성해 신뢰감을 조성함. 캐주얼 유저의 힐링 욕구를 공략하여 높은 클릭률을 유도하고, 사전예약 보상 강조로 전환율 극대화가 필요함."
260406_BNR_A-Character-Life01A-DA_V_1200x1500_EN.jpg;https://tpc.googlesyndication.com/simgad/4106688461642527637,가로형 이미지,HQ_HQ_PH_US-EN_GA_NU_AD_ACA-PU_260429,M_1844_INTEREST_GENRE_ALL_NONE_260429,2026-04-30,0,KRW,8,9,0,0,BNR,세로형,2026-04-06,A,Character,Life01A,EN,260406_BNR_A-Character-Life01A-DA_V_1200x1500_EN,A-Character-Life01A-DA,https://tpc.googlesyndication.com/simgad/4106688461642527637,"캐릭터/유닛 외형, 비주얼 임팩트",,,,,"PEPP HEROES, PLAY FOR FREE","아트 퀄리티, 캐릭터, 수집형RPG","8인 실시간 전투, 8종 직업 및 4종 클래스 체계","렐릭 퀘스트, 8인 실시간 전투",마그 탐험대,카르벨(Karbel),"렐릭 탐험 어드벤처, 히어로 수집 육성",,"수집 및 도감, 탐험 및 발견","텍스트 오버레이, 심플/클린 UI",자연/야외 미학,"휴식과 힐링, 수집욕/소유욕","SD/치비 캐릭터, 인간형 영웅","2.5D 입체 그래픽, 2D 일러스트",중간 비율로 캐릭터 디테일을 강조하여 수집 욕구를 자극합니다. 보스 대치 장면을 대조 삽입하여 도전 욕구를 자극하고 효율을 개선합니다.
260406_BNR_A-Mob-Adventure01A-DA_L_1200x628_EN.jpg;https://tpc.googlesyndication.com/simgad/16600105301133976800,가로형 이미지,HQ_HQ_PH_US-EN_GA_NU_AD_ACA-PU_260429,M_1844_INTEREST_GENRE_ALL_NONE_260429,2026-04-30,0,KRW,0,2,0,0,BNR,가로형,2026-04-06,A,Mob,Adventure01A,EN,260406_BNR_A-Mob-Adventure01A-DA_L_1200x628_EN,A-Mob-Adventure01A-DA,https://tpc.googlesyndication.com/simgad/16600105301133976800,"캐릭터/유닛 외형, 비주얼 임팩트",,,,,"Peppy & Ready to Fight, PLAY FOR FREE","아트 퀄리티, 캐릭터, 수집형RPG",8인 실시간 전투,8종 직업 및 4종 클래스 체계,고블린,,렐릭 탐험 어드벤처,몬스터 군단 중심의 구도,"전투 및 액션, 탐험 및 발견",텍스트 오버레이,자연/야외 미학,"참여와 임장감, 수집욕/소유욕","SD/치비 캐릭터, 군단/대규모 유닛","2.5D 입체 그래픽, 2D 일러스트",몬스터 군단과 2.5D 아트 중심의 모험 소구. 독특한 크리처 디자인으로 고관여 유저의 CTR 유도 및 전략적 시너지 강조.
260406_BNR_A-Mob-Adventure01A-DA_S_1200x1200_EN.jpg;https://tpc.googlesyndication.com/simgad/9569657006008026943,가로형 이미지,HQ_HQ_PH_US-EN_GA_NU_AD_ACA-PU_260429,M_1844_INTEREST_GENRE_ALL_NONE_260429,2026-04-30,0,KRW,1933,303,3,0,BNR,정방형,2026-04-06,A,Mob,Adventure01A,EN,260406_BNR_A-Mob-Adventure01A-DA_S_1200x1200_EN,A-Mob-Adventure01A-DA,https://tpc.googlesyndication.com/simgad/9569657006008026943,"캐릭터/유닛 외형, 비주얼 임팩트",,,,,"Peppy & Ready to Fight, PLAY FOR FREE","아트 퀄리티, 캐릭터, 수집형RPG",8인 실시간 전투,8종 직업 및 4종 클래스 체계,고블린,,렐릭 탐험 어드벤처,몬스터 군단 중심의 구도,"전투 및 액션, 탐험 및 발견",텍스트 오버레이,자연/야외 미학,"참여와 임장감, 수집욕/소유욕","SD/치비 캐릭터, 군단/대규모 유닛","2.5D 입체 그래픽, 2D 일러스트","1:1 비율로 SD 캐릭터의 디테일과 2.5D 비주얼을 강조함. 높은 아트 퀄리티로 유저 시선을 유도하며, 시간 및 날씨 변화를 활용한 소재 확장을 제안함."
260406_VID_A-Character-Collection01B-UA_S_1080x1080_EN;https://www.youtube.com/watch?v=cTfY4JpFc-s,YouTube 동영상,HQ_HQ_PH_US-EN_GA_NU_AD_ACA-PU_260429,M_1844_INTEREST_GENRE_ALL_NONE_260429,2026-04-30,0,KRW,1186,23,0,0,VID,정방형,2026-04-06,A,Character,Collection01B,EN;https://www,260406_VID_A-Character-Collection01B-UA_S_1080x1080_EN,A-Character-Collection01B-UA,https://www.youtube.com/watch?v=cTfY4JpFc-s,"질문/선택형, 캐릭터/유닛 외형",경쾌함,TRUE,,없음,"CHOOSE YOUR HERO, HUGO, KARBEL, MONAD","캐릭터, 수집형RPG, 전략성",용병 모집(Gacha),DIY 픽업 시스템,마그 탐험대,"휴고, 카르벨, 모나드",히어로 수집 육성,남성 캐릭터 위주 배치,수집 및 도감,"텍스트 오버레이, 분할 화면",심플/클린 UI,수집욕/소유욕,"SD/치비 캐릭터, 인간형 영웅",2D 일러스트,캐릭터 구성 대조를 통한 타겟 취향별 효율 분석. 탱커 및 딜러 중심 덱 선호 심리 공략하며 캐릭터 조합 변주 소재로 리타겟팅 광고 활용 권장.
260406_VID_A-Character-Combat01A-UA_L_1920x1080_EN;https://www.youtube.com/watch?v=2W7-0AV2mfg,YouTube 동영상,HQ_HQ_PH_US-EN_GA_NU_AD_ACA-PU_260429,M_1844_INTEREST_GENRE_ALL_NONE_260429,2026-04-30,2,KRW,21157,285,2,0,VID,가로형,2026-04-06,A,Character,Combat01A,EN;https://www,260406_VID_A-Character-Combat01A-UA_L_1920x1080_EN,A-Character-Combat01A-UA,https://www.youtube.com/watch?v=2W7-0AV2mfg,"비주얼 임팩트, 캐릭터/유닛 외형",긴박함,TRUE,,없음,"VINESSA, A DARK WIZARD WHO DOMINATES THE FIELD, SOPHIA, REMOVES ALL DEBUFFS! THE KEY TO SURVIVAL, BERNETA, A SYNERGY DEALER THAT PERFECTS YOUR TEAM, PLAY FOR FREE","아트 퀄리티, 캐릭터, 수집형RPG, 전략성",용병 모집,스킬 컷신 연출,마그 탐험대,"Vinessa, Sophia, Berneta",렐릭 탐험 어드벤처,캐릭터별 스킬 특징 강조,전투 및 액션,"텍스트 오버레이, 클로즈업 및 줌",자연/야외 미학,"도전과 승부욕, 수집욕/소유욕","인간형 영웅, SD/치비 캐릭터, 성장 지표","2.5D 입체 그래픽, 2D 일러스트",인게임 전투와 일러스트 교차 편집으로 몰입도 극대화. 캐릭터 스킬 및 시너지로 전략적 호기심 자극. 플레이 영상 기반 안정적 CVR 확보 및 캐릭터 속성 대비 변주 제안.
260406_VID_A-Character-Combat01A-UA_S_1080x1080_EN;https://www.youtube.com/watch?v=jnNAzjzUw8o,YouTube 동영상,HQ_HQ_PH_US-EN_GA_NU_AD_ACA-PU_260429,M_1844_INTEREST_GENRE_ALL_NONE_260429,2026-04-30,0,KRW,11587,108,0,0,VID,정방형,2026-04-06,A,Character,Combat01A,EN;https://www,260406_VID_A-Character-Combat01A-UA_S_1080x1080_EN,A-Character-Combat01A-UA,https://www.youtube.com/watch?v=jnNAzjzUw8o,"비주얼 임팩트, 캐릭터/유닛 외형",긴박함,TRUE,,없음,"VINESSA, A DARK WIZARD WHO DOMINATES THE FIELD, SOPHIA, REMOVES ALL DEBUFFS! THE KEY TO SURVIVAL, BERNETA, A SYNERGY DEALER THAT PERFECTS YOUR TEAM, PLAY FOR FREE","아트 퀄리티, 캐릭터, 수집형RPG, 전략성",용병 모집,스킬 컷신 연출,마그 탐험대,"Vinessa, Sophia, Berneta",렐릭 탐험 어드벤처,캐릭터별 스킬 특징 강조,전투 및 액션,"텍스트 오버레이, 클로즈업 및 줌",자연/야외 미학,"도전과 승부욕, 수집욕/소유욕","인간형 영웅, SD/치비 캐릭터, 성장 지표","2.5D 입체 그래픽, 2D 일러스트",SSR 비네사 비주얼을 초반에 배치해 RPG 팬덤 시선 확보. 고퀄리티 애니메이션으로 캐릭터 소유욕을 자극하며 스킬 콤보 시리즈로 소재 확장 가능.
260406_VID_A-Character-Combat01A-UA_V_1080x1920_EN;https://www.youtube.com/watch?v=tHmXhOKu33A,YouTube 동영상,HQ_HQ_PH_US-EN_GA_NU_AD_ACA-PU_260429,M_1844_INTEREST_GENRE_ALL_NONE_260429,2026-04-30,0,KRW,8626,96,2,0,VID,세로형,2026-04-06,A,Character,Combat01A,EN;https://www,260406_VID_A-Character-Combat01A-UA_V_1080x1920_EN,A-Character-Combat01A-UA,https://www.youtube.com/watch?v=tHmXhOKu33A,"비주얼 임팩트, 캐릭터/유닛 외형",긴박함,TRUE,,없음,"VINESSA, A DARK WIZARD WHO DOMINATES THE FIELD, SOPHIA, REMOVES ALL DEBUFFS! THE KEY TO SURVIVAL, BERNETA, A SYNERGY DEALER THAT PERFECTS YOUR TEAM, PLAY FOR FREE","아트 퀄리티, 캐릭터, 수집형RPG, 전략성",용병 모집,스킬 컷신 연출,마그 탐험대,"Vinessa, Sophia, Berneta",렐릭 탐험 어드벤처,캐릭터별 스킬 특징 강조,전투 및 액션,"텍스트 오버레이, 클로즈업 및 줌",자연/야외 미학,"도전과 승부욕, 수집욕/소유욕","인간형 영웅, SD/치비 캐릭터, 성장 지표","2.5D 입체 그래픽, 2D 일러스트",숏폼 최적화 세로 분할 화면으로 캐릭터와 전투 연출 강조. 한 손 플레이 선호 심리를 공략하여 틱톡 및 릴스 내 높은 조회수 확보 기대.
260406_VID_A-Character-Combat01B-UA_L_1920x1080_EN;https://www.youtube.com/watch?v=d4rVTfnnYhg,YouTube 동영상,HQ_HQ_PH_US-EN_GA_NU_AD_ACA-PU_260429,M_1844_INTEREST_GENRE_ALL_NONE_260429,2026-04-30,2,KRW,28251,471,8,0,VID,가로형,2026-04-06,A,Character,Combat01B,EN;https://www,260406_VID_A-Character-Combat01B-UA_L_1920x1080_EN,A-Character-Combat01B-UA,https://www.youtube.com/watch?v=d4rVTfnnYhg,"비주얼 임팩트, 캐릭터/유닛 외형",긴박함,TRUE,,없음,"HUGO, An indomitable warrior..., MONAD, A sage who devastates..., KARBEL, A fiery dealer..., PLAY FOR FREE","전략성, 아트 퀄리티",용병 모집,8인 실시간 전투,마그 탐험대,"Hugo, Monad, Karbel",히어로 수집 육성,,전투 및 액션,"텍스트 오버레이, 클로즈업 및 줌",자연/야외 미학,"도전과 승부욕, 수집욕/소유욕","인간형 영웅, SD/치비 캐릭터, 성장 지표","2.5D 입체 그래픽, 2D 일러스트",16:9 뷰로 넓은 전장과 스킬 강조. 화려한 연출로 타격감 선호 유저 공략. 전투 선호층 대상 높은 전환율 기대.
260406_VID_A-Character-Combat01B-UA_S_1080x1080_EN;https://www.youtube.com/watch?v=tcTIYuJi7pM,YouTube 동영상,HQ_HQ_PH_US-EN_GA_NU_AD_ACA-PU_260429,M_1844_INTEREST_GENRE_ALL_NONE_260429,2026-04-30,0,KRW,4491,49,1,0,VID,정방형,2026-04-06,A,Character,Combat01B,EN;https://www,260406_VID_A-Character-Combat01B-UA_S_1080x1080_EN,A-Character-Combat01B-UA,https://www.youtube.com/watch?v=tcTIYuJi7pM,"비주얼 임팩트, 캐릭터/유닛 외형",긴박함,TRUE,,없음,"HUGO, An indomitable warrior..., MONAD, A sage who devastates..., KARBEL, A fiery dealer..., PLAY FOR FREE","전략성, 아트 퀄리티",용병 모집,8인 실시간 전투,마그 탐험대,"Hugo, Monad, Karbel",히어로 수집 육성,,전투 및 액션,"텍스트 오버레이, 클로즈업 및 줌",자연/야외 미학,"도전과 승부욕, 수집욕/소유욕","인간형 영웅, SD/치비 캐릭터, 성장 지표","2.5D 입체 그래픽, 2D 일러스트",소피아의 생존 및 지원 능력과 팀 시너지를 강조해 전략적 유저 공략. 비네사 소재 A/B 테스트로 타겟별 선호 캐릭터 최적화 및 성과 확장 도모.
260406_VID_A-Character-Combat01B-UA_V_1080x1920_EN;https://www.youtube.com/watch?v=rrd-TGZqEqc,YouTube 동영상,HQ_HQ_PH_US-EN_GA_NU_AD_ACA-PU_260429,M_1844_INTEREST_GENRE_ALL_NONE_260429,2026-04-30,0,KRW,8769,259,0,0,VID,세로형,2026-04-06,A,Character,Combat01B,EN;https://www,260406_VID_A-Character-Combat01B-UA_V_1080x1920_EN,A-Character-Combat01B-UA,https://www.youtube.com/watch?v=rrd-TGZqEqc,"비주얼 임팩트, 캐릭터/유닛 외형",긴박함,TRUE,,없음,"HUGO, An indomitable warrior..., MONAD, A sage who devastates..., KARBEL, A fiery dealer..., PLAY FOR FREE","전략성, 아트 퀄리티",용병 모집,8인 실시간 전투,마그 탐험대,"Hugo, Monad, Karbel",히어로 수집 육성,,전투 및 액션,"텍스트 오버레이, 클로즈업 및 줌",자연/야외 미학,"도전과 승부욕, 수집욕/소유욕","인간형 영웅, SD/치비 캐릭터, 성장 지표","2.5D 입체 그래픽, 2D 일러스트",직관적인 탱딜힐 구성으로 정통 RPG 유저의 파티 니즈 충족. 역할군 조합의 재미를 텍스트로 보강하여 효율 극대화 기대.
260406_VID_A-Charater-Collection01B-UA_L_1920x1080_EN;https://www.youtube.com/watch?v=rRGCh1x6a6M,YouTube 동영상,HQ_HQ_PH_US-EN_GA_NU_AD_ACA-PU_260429,M_1844_INTEREST_GENRE_ALL_NONE_260429,2026-04-30,2,KRW,12444,246,3,0,VID,가로형,2026-04-06,A,Charater,Collection01B,EN;https://www,260406_VID_A-Charater-Collection01B-UA_L_1920x1080_EN,A-Charater-Collection01B-UA,https://www.youtube.com/watch?v=rRGCh1x6a6M,"질문/선택형, 캐릭터/유닛 외형",경쾌함,TRUE,,없음,"CHOOSE YOUR HERO, HUGO, PLAY FOR FREE","아트 퀄리티, 전략성",용병 모집,DIY 픽업 시스템,마그 탐험대,Hugo,히어로 수집 육성,,수집 및 도감,"텍스트 오버레이, 클로즈업 및 줌",심플/클린 UI,"수집욕/소유욕, 만족과 성취감","인간형 영웅, SD/치비 캐릭터","2.5D 입체 그래픽, 2D 일러스트","그리드 UI로 풍부한 캐릭터 풀을 어필해 수집 욕구를 자극하며, 캐릭터 강조 엔드카드를 통해 높은 잔존율을 확보합니다."
260406_VID_A-Charater-Collection01B-UA_V_1080x1920_EN;https://www.youtube.com/watch?v=u5diHTUsSOs,YouTube 동영상,HQ_HQ_PH_US-EN_GA_NU_AD_ACA-PU_260429,M_1844_INTEREST_GENRE_ALL_NONE_260429,2026-04-30,0,KRW,8301,27,0,0,VID,세로형,2026-04-06,A,Charater,Collection01B,EN;https://www,260406_VID_A-Charater-Collection01B-UA_V_1080x1920_EN,A-Charater-Collection01B-UA,https://www.youtube.com/watch?v=u5diHTUsSOs,"질문/선택형, 캐릭터/유닛 외형",경쾌함,TRUE,,없음,"CHOOSE YOUR HERO, HUGO, PLAY FOR FREE","아트 퀄리티, 전략성",용병 모집,DIY 픽업 시스템,마그 탐험대,Hugo,히어로 수집 육성,캐릭터 픽(Pick) 연출,수집 및 도감,"텍스트 오버레이, 클로즈업 및 줌",심플/클린 UI,"수집욕/소유욕, 만족과 성취감","인간형 영웅, SD/치비 캐릭터","2.5D 입체 그래픽, 2D 일러스트",직접 영웅을 선택하는 인터랙티브 경험으로 기대감 부여. 다양한 영웅 노출을 통해 유저 취향을 공략하고 반복적인 참여 유도.
260406_VID_A-Hooking-Reward02A-FK_L_1920x1080_EN;https://www.youtube.com/watch?v=oRlzfGbT3xY,YouTube 동영상,HQ_HQ_PH_US-EN_GA_NU_AD_ACA-PU_260429,M_1844_INTEREST_GENRE_ALL_NONE_260429,2026-04-30,1,KRW,50501,542,2,0,VID,가로형,2026-04-06,A,Hooking,Reward02A,EN;https://www,260406_VID_A-Hooking-Reward02A-FK_L_1920x1080_EN,A-Hooking-Reward02A-FK,https://www.youtube.com/watch?v=oRlzfGbT3xY,"실패/분노 유도, 압도적 보상",긴박함,TRUE,,없음,"Tap here to save him!, Help me!, HELP KARBEL CLEAR, Claim your SR character and rewards worth $100!, PLAY FOR FREE",보상,용병 모집,우호도 시스템,마그 탐험대,카르벨(Karbel),히어로 수집 육성,페이크 플레이(구출 미니게임) 형식 활용,퍼즐 및 논리,"손가락 지시선, 텍스트 오버레이",자연/야외 미학,"도전과 승부욕, 만족과 성취감","SD/치비 캐릭터, 재화/보물상자",2D 일러스트,구출 미니게임 방식을 활용해 시청자 이탈을 방지하고 즉각적인 행동을 유도합니다. 대량의 재화 보상으로 성취감을 자극하여 저단가 트래픽 확보 및 높은 클릭률을 공략합니다.
260406_VID_A-Hooking-Reward02A-FK_S_1080x1080_EN;https://www.youtube.com/watch?v=EgLwtP8WjE4,YouTube 동영상,HQ_HQ_PH_US-EN_GA_NU_AD_ACA-PU_260429,M_1844_INTEREST_GENRE_ALL_NONE_260429,2026-04-30,1,KRW,656,9,0,0,VID,정방형,2026-04-06,A,Hooking,Reward02A,EN;https://www,260406_VID_A-Hooking-Reward02A-FK_S_1080x1080_EN,A-Hooking-Reward02A-FK,https://www.youtube.com/watch?v=EgLwtP8WjE4,"실패/분노 유도, 압도적 보상",긴박함,TRUE,,없음,"Tap here to save him!, Help me!, HELP KARBEL CLEAR, Claim your SR character and rewards worth $100!, PLAY FOR FREE",보상,용병 모집,우호도 시스템,마그 탐험대,카르벨(Karbel),히어로 수집 육성,페이크 플레이(구출 미니게임) 형식 활용,퍼즐 및 논리,"손가락 지시선, 텍스트 오버레이",자연/야외 미학,"도전과 승부욕, 만족과 성취감","SD/치비 캐릭터, 재화/보물상자",2D 일러스트,위기 상황 미션과 100달러 보상으로 유저 참여 및 전환 유도. 쉬운 조작성 강조로 진입 장벽을 낮춰 대량 유입용 런칭 소재로 적합.
260406_VID_A-Hooking-Reward02A-FK_V_1080x1920_EN;https://www.youtube.com/watch?v=b7LsalWUDvQ,YouTube 동영상,HQ_HQ_PH_US-EN_GA_NU_AD_ACA-PU_260429,M_1844_INTEREST_GENRE_ALL_NONE_260429,2026-04-30,0,KRW,1565,23,0,0,VID,세로형,2026-04-06,A,Hooking,Reward02A,EN;https://www,260406_VID_A-Hooking-Reward02A-FK_V_1080x1920_EN,A-Hooking-Reward02A-FK,https://www.youtube.com/watch?v=b7LsalWUDvQ,"실패/분노 유도, 압도적 보상",긴박함,TRUE,,없음,"Tap here to save him!, Help me!, HELP KARBEL CLEAR, Claim your SR character and rewards worth $100!, PLAY FOR FREE",보상,용병 모집,우호도 시스템,마그 탐험대,카르벨(Karbel),히어로 수집 육성,페이크 플레이(구출 미니게임) 형식 활용,퍼즐 및 논리,"손가락 지시선, 텍스트 오버레이",자연/야외 미학,"도전과 승부욕, 만족과 성취감","SD/치비 캐릭터, 재화/보물상자",2D 일러스트,9:16 세로형 구조로 터치 인터랙션을 극대화하고 FOMO를 자극해 시청 완료율을 높입니다. 캐릭터 활용 및 실패 연출의 A/B 테스트 확장을 제안합니다.
260406_VID_A-Hooking-Reward03A-UA_L_1920x1080_EN;https://www.youtube.com/watch?v=XUrzh1Qrk5w,YouTube 동영상,HQ_HQ_PH_US-EN_GA_NU_AD_ACA-PU_260429,M_1844_INTEREST_GENRE_ALL_NONE_260429,2026-04-30,0,KRW,14515,140,1,0,VID,가로형,2026-04-06,A,Hooking,Reward03A,EN;https://www,260406_VID_A-Hooking-Reward03A-UA_L_1920x1080_EN,A-Hooking-Reward03A-UA,https://www.youtube.com/watch?v=XUrzh1Qrk5w,"압도적 보상, 실패/분노 유도",경쾌함,TRUE,,없음,"WARNING Skip and you will lose your $100 rewards, Tap within 5 Seconds, SR, PLAY FOR FREE!, Claim your SR character and rewards worth $100!",보상,용병 모집,,마그 탐험대,Karbel,히어로 수집 육성,$100 가치 혜택 강조,수집 및 도감,"손가락 지시선, 텍스트 오버레이",심플/클린 UI,"만족과 성취감, 수집욕/소유욕","재화/보물상자, SD/치비 캐릭터","2D 일러스트, 2.5D 입체 그래픽","가로 화면을 활용한 화려한 연출로 시각적 몰입감을 높이고, 보상 상실에 대한 FOMO 심리를 자극하여 가로형 매체 타겟 광고 효율을 극대화함."
260406_VID_A-Hooking-Reward03A-UA_S_1080x1080_EN;https://www.youtube.com/watch?v=VGJB5tDWops,YouTube 동영상,HQ_HQ_PH_US-EN_GA_NU_AD_ACA-PU_260429,M_1844_INTEREST_GENRE_ALL_NONE_260429,2026-04-30,0,KRW,1479,34,0,0,VID,정방형,2026-04-06,A,Hooking,Reward03A,EN;https://www,260406_VID_A-Hooking-Reward03A-UA_S_1080x1080_EN,A-Hooking-Reward03A-UA,https://www.youtube.com/watch?v=VGJB5tDWops,"압도적 보상, 실패/분노 유도",경쾌함,TRUE,,없음,"WARNING Skip and you will lose your $100 rewards, Tap within 5 Seconds, SR, PLAY FOR FREE!, Claim your SR character and rewards worth $100!",보상,용병 모집,,마그 탐험대,Karbel,히어로 수집 육성,$100 가치 혜택 강조,수집 및 도감,"손가락 지시선, 텍스트 오버레이",심플/클린 UI,"만족과 성취감, 수집욕/소유욕","재화/보물상자, SD/치비 캐릭터","2D 일러스트, 2.5D 입체 그래픽",부정적 후킹과 시간 제한으로 클릭 유도. $100 가치 및 SR 확정으로 수익 구체화. 높은 CVR 예상되며 보상 변주를 통한 라이브 옵스 제안.
260406_VID_A-Hooking-Reward03A-UA_V_1080x1920_EN;https://www.youtube.com/watch?v=jA_HAiz95x4,YouTube 동영상,HQ_HQ_PH_US-EN_GA_NU_AD_ACA-PU_260429,M_1844_INTEREST_GENRE_ALL_NONE_260429,2026-04-30,0,KRW,16609,228,1,0,VID,세로형,2026-04-06,A,Hooking,Reward03A,EN;https://www,260406_VID_A-Hooking-Reward03A-UA_V_1080x1920_EN,A-Hooking-Reward03A-UA,https://www.youtube.com/watch?v=jA_HAiz95x4,"압도적 보상, 실패/분노 유도",경쾌함,TRUE,,없음,"WARNING Skip and you will lose your $100 rewards, Tap within 5 Seconds, SR, PLAY FOR FREE!, Claim your SR character and rewards worth $100!",보상,용병 모집,,마그 탐험대,Karbel,히어로 수집 육성,$100 가치 혜택 강조,수집 및 도감,"손가락 지시선, 텍스트 오버레이",심플/클린 UI,"만족과 성취감, 수집욕/소유욕","재화/보물상자, SD/치비 캐릭터","2D 일러스트, 2.5D 입체 그래픽",도발적 문구와 타이머로 이탈을 방지하고 FOMO 심리를 자극함. 보상형 인벤토리 활용을 통해 UA 매체에서 압도적 전환율 달성 기대.
260406_VID_A-Mob-Adventure01A-UA_L_1920x1080_EN;https://www.youtube.com/watch?v=hVmkPdIsz70,YouTube 동영상,HQ_HQ_PH_US-EN_GA_NU_AD_ACA-PU_260429,M_1844_INTEREST_GENRE_ALL_NONE_260429,2026-04-30,0,KRW,6770,68,0,0,VID,가로형,2026-04-06,A,Mob,Adventure01A,EN;https://www,260406_VID_A-Mob-Adventure01A-UA_L_1920x1080_EN,A-Mob-Adventure01A-UA,https://www.youtube.com/watch?v=hVmkPdIsz70,"비주얼 임팩트, 성장 비포애프터",긴박함,TRUE,,없음,"WARNING, GOBLINS INCOMING!, Goblins? Easy! Level UP! UP!, Power Boost! BOOM! BOOM!, Strategic deployment!, Get ready for BATTLE!","편의성, 전략성",AFK 기능,8인 실시간 전투,고블린,카르벨,렐릭 탐험 어드벤처,스마트폰 UI 팝업 연출,"시뮬레이션 및 관리, 장애물 및 도전","텍스트 오버레이, 클로즈업 및 줌",자연/야외 미학,"도전과 승부욕, 만족과 성취감","SD/치비 캐릭터, 성장 지표, 군단/대규모 유닛",2.5D 입체 그래픽,16:9 화면 대비로 대규모 전투와 모바일 최적화 강조. 방치형 육성 선호 유저 타겟으로 핵심 시스템 소구 및 브랜딩·퍼포먼스 효율 기대.
260406_VID_A-Mob-Adventure01A-UA_S_1080x1080_EN;https://www.youtube.com/watch?v=LMKl0g6yRJU,YouTube 동영상,HQ_HQ_PH_US-EN_GA_NU_AD_ACA-PU_260429,M_1844_INTEREST_GENRE_ALL_NONE_260429,2026-04-30,1,KRW,18689,311,4,0,VID,정방형,2026-04-06,A,Mob,Adventure01A,EN;https://www,260406_VID_A-Mob-Adventure01A-UA_S_1080x1080_EN,A-Mob-Adventure01A-UA,https://www.youtube.com/watch?v=LMKl0g6yRJU,"비주얼 임팩트, 성장 비포애프터",긴박함,TRUE,,없음,"WARNING, GOBLINS INCOMING!, Goblins? Easy! Level UP! UP!, Power Boost! BOOM! BOOM!, Strategic deployment!, Get ready for BATTLE!","편의성, 전략성",AFK 기능,8인 실시간 전투,고블린,카르벨,렐릭 탐험 어드벤처,스마트폰 UI 팝업 연출,"시뮬레이션 및 관리, 장애물 및 도전","텍스트 오버레이, 클로즈업 및 줌",자연/야외 미학,"도전과 승부욕, 참여와 임장감","SD/치비 캐릭터, 성장 지표, 군단/대규모 유닛",2.5D 입체 그래픽,경고 연출로 몰입도를 높이고 쉬운 성장을 강조해 진입 장벽 완화. 대규모 레이드 소재 확장을 통한 중장기 성과 기대.
260406_VID_A-Mob-Adventure01A-UA_V_1080x1920_EN;https://www.youtube.com/watch?v=nIYkYZ-JFj0,YouTube 동영상,HQ_HQ_PH_US-EN_GA_NU_AD_ACA-PU_260429,M_1844_INTEREST_GENRE_ALL_NONE_260429,2026-04-30,0,KRW,1603,23,0,0,VID,세로형,2026-04-06,A,Mob,Adventure01A,EN;https://www,260406_VID_A-Mob-Adventure01A-UA_V_1080x1920_EN,A-Mob-Adventure01A-UA,https://www.youtube.com/watch?v=nIYkYZ-JFj0,"비주얼 임팩트, 성장 비포애프터",긴박함,TRUE,,없음,"WARNING, GOBLINS INCOMING!, Goblins? Easy! Level UP! UP!, Power Boost! BOOM! BOOM!, Strategic deployment!, Get ready for BATTLE!","편의성, 전략성",AFK 기능,8인 실시간 전투,고블린,카르벨,렐릭 탐험 어드벤처,스마트폰 UI 팝업 연출,"시뮬레이션 및 관리, 장애물 및 도전","텍스트 오버레이, 클로즈업 및 줌",자연/야외 미학,"도전과 승부욕, 만족과 성취감","SD/치비 캐릭터, 성장 지표, 군단/대규모 유닛",2.5D 입체 그래픽,세로형 피드 최적화 UI와 마을 습격 반전 연출로 이탈 방지. 직관적 레벨업과 전략적 배치 중심의 성장 쾌감을 자극해 숏폼 환경 내 높은 시청 유지율 및 전환율 기대.
Cute but Powerful Squad,광고 제목,HQ_HQ_PH_US-EN_GA_NU_AD_ACA-PU_260429,M_1844_INTEREST_GENRE_ALL_NONE_260429_3,2026-04-30,6,KRW,29296,"1,523",7,"29,632.08",TXT,,,,,,,,,,,,,,,,,,,,,,,,,,,,,
Let’s Hunt for Treasure!,광고 제목,HQ_HQ_PH_US-EN_GA_NU_AD_ACA-PU_260429,M_1844_INTEREST_GENRE_ALL_NONE_260429_3,2026-04-30,2,KRW,23693,915,3,"5,894.19",TXT,,,,,,,,,,,,,,,,,,,,,,,,,,,,,
Pepp Heroes,광고 제목,HQ_HQ_PH_US-EN_GA_NU_AD_ACA-PU_260429,M_1844_INTEREST_GENRE_ALL_NONE_260429_3,2026-04-30,0,KRW,27453,"1,155",2,0,TXT,,,,,,,,,,,,,,,,,,,,,,,,,,,,,
Play for Free,광고 제목,HQ_HQ_PH_US-EN_GA_NU_AD_ACA-PU_260429,M_1844_INTEREST_GENRE_ALL_NONE_260429_3,2026-04-30,2,KRW,39197,"2,198",8,"5,881.48",TXT,,,,,,,,,,,,,,,,,,,,,,,,,,,,,
"Your RPG, In Your Hands",광고 제목,HQ_HQ_PH_US-EN_GA_NU_AD_ACA-PU_260429,M_1844_INTEREST_GENRE_ALL_NONE_260429_3,2026-04-30,0,KRW,18239,982,3,0,TXT,,,,,,,,,,,,,,,,,,,,,,,,,,,,,
Adorable Yet Powerful! Collect Heroes With Diverse Charms,설명,HQ_HQ_PH_US-EN_GA_NU_AD_ACA-PU_260429,M_1844_INTEREST_GENRE_ALL_NONE_260429_3,2026-04-30,2,KRW,36589,"2,186",21,0,TXT,,,,,,,,,,,,,,,,,,,,,,,,,,,,,
Clock Out and Start Your Treasure Hunt!,설명,HQ_HQ_PH_US-EN_GA_NU_AD_ACA-PU_260429,M_1844_INTEREST_GENRE_ALL_NONE_260429_3,2026-04-30,2,KRW,30177,"1,560",8,"5,881.48",TXT,,,,,,,,,,,,,,,,,,,,,,,,,,,,,
Get Rewards Worth $100! Play Now!,설명,HQ_HQ_PH_US-EN_GA_NU_AD_ACA-PU_260429,M_1844_INTEREST_GENRE_ALL_NONE_260429_3,2026-04-30,5,KRW,42569,"2,542",24,"5,894.19",TXT,,,,,,,,,,,,,,,,,,,,,,,,,,,,,
Strategic Battles With Heroes Full of Personality! Win With Your Own Squad,설명,HQ_HQ_PH_US-EN_GA_NU_AD_ACA-PU_260429,M_1844_INTEREST_GENRE_ALL_NONE_260429_3,2026-04-30,0,KRW,24901,"1,368",1,0,TXT,,,,,,,,,,,,,,,,,,,,,,,,,,,,,
Unique Hero Skills and Synergies! The Collectible RPG of Endless Team Combinations,설명,HQ_HQ_PH_US-EN_GA_NU_AD_ACA-PU_260429,M_1844_INTEREST_GENRE_ALL_NONE_260429_3,2026-04-30,7,KRW,54658,"4,640",36,"29,632.08",TXT,,,,,,,,,,,,,,,,,,,,,,,,,,,,,
260429_BNR_A-AI-Defeatmonster01A-DA_L_1200x628_EN.png;https://tpc.googlesyndication.com/simgad/5874425896871501801,가로형 이미지,HQ_HQ_PH_US-EN_GA_NU_AD_ACA-PU_260429,M_1844_INTEREST_GENRE_ALL_NONE_260429_3,2026-04-30,0,KRW,17114,"2,197",18,0,BNR,가로형,2026-04-29,A,AI,Defeatmonster01A,EN,260429_BNR_A-AI-Defeatmonster01A-DA_L_1200x628_EN,A-AI-Defeatmonster01A-DA,https://tpc.googlesyndication.com/simgad/5874425896871501801,비주얼 임팩트,웅장함,,,,,아트 퀄리티,영지 빌딩,8인 실시간 전투,마그 탐험대,,어드벤처,,탐험 및 발견,클로즈업 및 줌,자연/야외 미학,만족과 성취감,인간형 영웅,2D 일러스트,성취감 테마를 통해 기존 RPG 유저의 도전 욕구를 충족시키며 클릭을 유도함.
260429_BNR_A-AI-Defeatmonster01A-DA_S_1200x1200_EN.png;https://tpc.googlesyndication.com/simgad/17279094099779978431,가로형 이미지,HQ_HQ_PH_US-EN_GA_NU_AD_ACA-PU_260429,M_1844_INTEREST_GENRE_ALL_NONE_260429_3,2026-04-30,0,KRW,1104,120,3,0,BNR,정방형,2026-04-29,A,AI,Defeatmonster01A,EN,260429_BNR_A-AI-Defeatmonster01A-DA_S_1200x1200_EN,A-AI-Defeatmonster01A-DA,https://tpc.googlesyndication.com/simgad/17279094099779978431,비주얼 임팩트,웅장함,,,,,아트 퀄리티,영지 빌딩,8인 실시간 전투,마그 탐험대,,어드벤처,,탐험 및 발견,클로즈업 및 줌,자연/야외 미학,만족과 성취감,인간형 영웅,2D 일러스트,성취감 테마를 통해 기존 RPG 유저의 도전 욕구를 충족시키며 클릭을 유도함.
260429_BNR_A-AI-Favoritehero01A-DA_L_1200x628_EN.png;https://tpc.googlesyndication.com/simgad/1998466068806704912,가로형 이미지,HQ_HQ_PH_US-EN_GA_NU_AD_ACA-PU_260429,M_1844_INTEREST_GENRE_ALL_NONE_260429_3,2026-04-30,0,KRW,2357,97,1,0,BNR,가로형,2026-04-29,A,AI,Favoritehero01A,EN,260429_BNR_A-AI-Favoritehero01A-DA_L_1200x628_EN,A-AI-Favoritehero01A-DA,https://tpc.googlesyndication.com/simgad/1998466068806704912,"질문/선택형, 캐릭터/유닛 외형",경쾌함,,,,"Who is your favorite hero?, VS, PLAY FOR FREE",아트 퀄리티,용병 모집,DIY 픽업 시스템,마그 탐험대,샤일린,히어로 수집 육성,,수집 및 도감,"분할 화면, 텍스트 오버레이",자연/야외 미학,수집욕/소유욕,"인간형 영웅, SD/치비 캐릭터",2D 일러스트,대조되는 속성의 캐릭터를 배치한 질문형 카피로 유저의 취향과 수집욕을 자극함.
260429_BNR_A-AI-Favoritehero01A-DA_S_1200x1200_EN.png;https://tpc.googlesyndication.com/simgad/5513864076699612430,가로형 이미지,HQ_HQ_PH_US-EN_GA_NU_AD_ACA-PU_260429,M_1844_INTEREST_GENRE_ALL_NONE_260429_3,2026-04-30,3,KRW,9659,392,11,0,BNR,정방형,2026-04-29,A,AI,Favoritehero01A,EN,260429_BNR_A-AI-Favoritehero01A-DA_S_1200x1200_EN,A-AI-Favoritehero01A-DA,https://tpc.googlesyndication.com/simgad/5513864076699612430,"질문/선택형, 캐릭터/유닛 외형",경쾌함,,,,"Who is your favorite hero?, VS, PLAY FOR FREE",아트 퀄리티,용병 모집,DIY 픽업 시스템,마그 탐험대,샤일린,히어로 수집 육성,,수집 및 도감,"분할 화면, 텍스트 오버레이",자연/야외 미학,수집욕/소유욕,"인간형 영웅, SD/치비 캐릭터",2D 일러스트,대조되는 속성의 캐릭터를 배치한 질문형 카피로 유저의 취향과 수집욕을 자극함.
260429_BNR_A-AI-Favoritehero01B-DA_L_1200x628_EN.png;https://tpc.googlesyndication.com/simgad/13430850387343170645,가로형 이미지,HQ_HQ_PH_US-EN_GA_NU_AD_ACA-PU_260429,M_1844_INTEREST_GENRE_ALL_NONE_260429_3,2026-04-30,0,KRW,54,75,0,0,BNR,가로형,2026-04-29,A,AI,Favoritehero01B,EN,260429_BNR_A-AI-Favoritehero01B-DA_L_1200x628_EN,A-AI-Favoritehero01B-DA,https://tpc.googlesyndication.com/simgad/13430850387343170645,"질문/선택형, 캐릭터/유닛 외형",,,,,"Who is your favorite hero?, VS, PLAY FOR FREE",아트 퀄리티,용병 모집,DIY 픽업 시스템,마그 탐험대,카르벨,히어로 수집 육성,,수집 및 도감,"분할 화면, 텍스트 오버레이",던전/신전,수집욕/소유욕,인간형 영웅,2D 일러스트,대조되는 속성의 캐릭터를 배치한 질문형 카피로 유저의 취향과 수집욕을 자극함.
260429_BNR_A-AI-Favoritehero01B-DA_S_1200x1200_EN.png;https://tpc.googlesyndication.com/simgad/4869773213661551192,가로형 이미지,HQ_HQ_PH_US-EN_GA_NU_AD_ACA-PU_260429,M_1844_INTEREST_GENRE_ALL_NONE_260429_3,2026-04-30,1,KRW,21950,"1,768",21,0,BNR,정방형,2026-04-29,A,AI,Favoritehero01B,EN,260429_BNR_A-AI-Favoritehero01B-DA_S_1200x1200_EN,A-AI-Favoritehero01B-DA,https://tpc.googlesyndication.com/simgad/4869773213661551192,"질문/선택형, 캐릭터/유닛 외형",,,,,"Who is your favorite hero?, VS, PLAY FOR FREE",아트 퀄리티,용병 모집,DIY 픽업 시스템,마그 탐험대,카르벨,히어로 수집 육성,,수집 및 도감,"분할 화면, 텍스트 오버레이",던전/신전,수집욕/소유욕,인간형 영웅,2D 일러스트,대조되는 속성의 캐릭터를 배치한 질문형 카피로 유저의 취향과 수집욕을 자극함.
260429_BNR_A-AI-Victory01A-DA_L_1200x628_EN.png;https://tpc.googlesyndication.com/simgad/17680799217874309764,가로형 이미지,HQ_HQ_PH_US-EN_GA_NU_AD_ACA-PU_260429,M_1844_INTEREST_GENRE_ALL_NONE_260429_3,2026-04-30,0,KRW,843,51,1,0,BNR,가로형,2026-04-29,A,AI,Victory01A,EN,260429_BNR_A-AI-Victory01A-DA_L_1200x628_EN,A-AI-Victory01A-DA,https://tpc.googlesyndication.com/simgad/17680799217874309764,"비주얼 임팩트, 압도적 보상",,,,,"VICTORY!, Crush The Monsters With the Top Squad, PLAY FREE","보상, 전략성",스쿼드 전투,보스 레이드,마그 탐험대,카르벨,렐릭 탐험 어드벤처,,"전투 및 액션, 장애물 및 도전",텍스트 오버레이,던전/신전,만족과 성취감,"인간형 영웅, 거대 보스, 재화/보물상자",2D 일러스트,보스 토벌 후 쏟아지는 재화 연출로 성취감을 주고 파티 편성 로망을 자극함.
260429_BNR_A-AI-Victory01A-DA_S_1200x1200_EN.png;https://tpc.googlesyndication.com/simgad/8323476710876020002,가로형 이미지,HQ_HQ_PH_US-EN_GA_NU_AD_ACA-PU_260429,M_1844_INTEREST_GENRE_ALL_NONE_260429_3,2026-04-30,0,KRW,334,119,1,0,BNR,정방형,2026-04-29,A,AI,Victory01A,EN,260429_BNR_A-AI-Victory01A-DA_S_1200x1200_EN,A-AI-Victory01A-DA,https://tpc.googlesyndication.com/simgad/8323476710876020002,"비주얼 임팩트, 압도적 보상",,,,,"VICTORY!, Crush The Monsters With the Top Squad, PLAY FREE","보상, 전략성",스쿼드 전투,보스 레이드,마그 탐험대,카르벨,렐릭 탐험 어드벤처,,"전투 및 액션, 장애물 및 도전",텍스트 오버레이,던전/신전,만족과 성취감,"인간형 영웅, 거대 보스, 재화/보물상자",2D 일러스트,보스 토벌 후 쏟아지는 재화 연출로 성취감을 주고 파티 편성 로망을 자극함.
260429_BNR_A-AI-Victory01A-DA_V_1200x1500_EN.png;https://tpc.googlesyndication.com/simgad/4104206601493878101,가로형 이미지,HQ_HQ_PH_US-EN_GA_NU_AD_ACA-PU_260429,M_1844_INTEREST_GENRE_ALL_NONE_260429_3,2026-04-30,0,KRW,265,4,0,0,BNR,세로형,2026-04-29,A,AI,Victory01A,EN,260429_BNR_A-AI-Victory01A-DA_V_1200x1500_EN,A-AI-Victory01A-DA,https://tpc.googlesyndication.com/simgad/4104206601493878101,"비주얼 임팩트, 압도적 보상",,,,,"VICTORY!, Crush The Monsters With the Top Squad, PLAY FREE","보상, 전략성",스쿼드 전투,보스 레이드,마그 탐험대,카르벨,렐릭 탐험 어드벤처,,"전투 및 액션, 장애물 및 도전",텍스트 오버레이,던전/신전,만족과 성취감,"인간형 영웅, 거대 보스, 재화/보물상자",2D 일러스트,보스 토벌 후 쏟아지는 재화 연출로 성취감을 주고 파티 편성 로망을 자극함.
260406_VID_A-Character-Collection01B-UA_S_1080x1080_EN;https://www.youtube.com/watch?v=cTfY4JpFc-s,YouTube 동영상,HQ_HQ_PH_US-EN_GA_NU_AD_ACA-PU_260429,M_1844_INTEREST_GENRE_ALL_NONE_260429_3,2026-04-30,0,KRW,1894,39,0,0,VID,정방형,2026-04-06,A,Character,Collection01B,EN;https://www,260406_VID_A-Character-Collection01B-UA_S_1080x1080_EN,A-Character-Collection01B-UA,https://www.youtube.com/watch?v=cTfY4JpFc-s,"질문/선택형, 캐릭터/유닛 외형",경쾌함,TRUE,,없음,"CHOOSE YOUR HERO, HUGO, KARBEL, MONAD","캐릭터, 수집형RPG, 전략성",용병 모집(Gacha),DIY 픽업 시스템,마그 탐험대,"휴고, 카르벨, 모나드",히어로 수집 육성,남성 캐릭터 위주 배치,수집 및 도감,"텍스트 오버레이, 분할 화면",심플/클린 UI,수집욕/소유욕,"SD/치비 캐릭터, 인간형 영웅",2D 일러스트,캐릭터 구성 대조를 통한 타겟 취향별 효율 분석. 탱커 및 딜러 중심 덱 선호 심리 공략하며 캐릭터 조합 변주 소재로 리타겟팅 광고 활용 권장.
260406_VID_A-Character-Combat01A-UA_L_1920x1080_EN;https://www.youtube.com/watch?v=2W7-0AV2mfg,YouTube 동영상,HQ_HQ_PH_US-EN_GA_NU_AD_ACA-PU_260429,M_1844_INTEREST_GENRE_ALL_NONE_260429_3,2026-04-30,0,KRW,5602,318,2,0,VID,가로형,2026-04-06,A,Character,Combat01A,EN;https://www,260406_VID_A-Character-Combat01A-UA_L_1920x1080_EN,A-Character-Combat01A-UA,https://www.youtube.com/watch?v=2W7-0AV2mfg,"비주얼 임팩트, 캐릭터/유닛 외형",긴박함,TRUE,,없음,"VINESSA, A DARK WIZARD WHO DOMINATES THE FIELD, SOPHIA, REMOVES ALL DEBUFFS! THE KEY TO SURVIVAL, BERNETA, A SYNERGY DEALER THAT PERFECTS YOUR TEAM, PLAY FOR FREE","아트 퀄리티, 캐릭터, 수집형RPG, 전략성",용병 모집,스킬 컷신 연출,마그 탐험대,"Vinessa, Sophia, Berneta",렐릭 탐험 어드벤처,캐릭터별 스킬 특징 강조,전투 및 액션,"텍스트 오버레이, 클로즈업 및 줌",자연/야외 미학,"도전과 승부욕, 수집욕/소유욕","인간형 영웅, SD/치비 캐릭터, 성장 지표","2.5D 입체 그래픽, 2D 일러스트",인게임 전투와 일러스트 교차 편집으로 몰입도 극대화. 캐릭터 스킬 및 시너지로 전략적 호기심 자극. 플레이 영상 기반 안정적 CVR 확보 및 캐릭터 속성 대비 변주 제안.
260406_VID_A-Character-Combat01A-UA_S_1080x1080_EN;https://www.youtube.com/watch?v=jnNAzjzUw8o,YouTube 동영상,HQ_HQ_PH_US-EN_GA_NU_AD_ACA-PU_260429,M_1844_INTEREST_GENRE_ALL_NONE_260429_3,2026-04-30,5,KRW,10552,342,0,"29,602.83",VID,정방형,2026-04-06,A,Character,Combat01A,EN;https://www,260406_VID_A-Character-Combat01A-UA_S_1080x1080_EN,A-Character-Combat01A-UA,https://www.youtube.com/watch?v=jnNAzjzUw8o,"비주얼 임팩트, 캐릭터/유닛 외형",긴박함,TRUE,,없음,"VINESSA, A DARK WIZARD WHO DOMINATES THE FIELD, SOPHIA, REMOVES ALL DEBUFFS! THE KEY TO SURVIVAL, BERNETA, A SYNERGY DEALER THAT PERFECTS YOUR TEAM, PLAY FOR FREE","아트 퀄리티, 캐릭터, 수집형RPG, 전략성",용병 모집,스킬 컷신 연출,마그 탐험대,"Vinessa, Sophia, Berneta",렐릭 탐험 어드벤처,캐릭터별 스킬 특징 강조,전투 및 액션,"텍스트 오버레이, 클로즈업 및 줌",자연/야외 미학,"도전과 승부욕, 수집욕/소유욕","인간형 영웅, SD/치비 캐릭터, 성장 지표","2.5D 입체 그래픽, 2D 일러스트",SSR 비네사 비주얼을 초반에 배치해 RPG 팬덤 시선 확보. 고퀄리티 애니메이션으로 캐릭터 소유욕을 자극하며 스킬 콤보 시리즈로 소재 확장 가능.
260406_VID_A-Character-Combat01A-UA_V_1080x1920_EN;https://www.youtube.com/watch?v=tHmXhOKu33A,YouTube 동영상,HQ_HQ_PH_US-EN_GA_NU_AD_ACA-PU_260429,M_1844_INTEREST_GENRE_ALL_NONE_260429_3,2026-04-30,0,KRW,5933,119,0,0,VID,세로형,2026-04-06,A,Character,Combat01A,EN;https://www,260406_VID_A-Character-Combat01A-UA_V_1080x1920_EN,A-Character-Combat01A-UA,https://www.youtube.com/watch?v=tHmXhOKu33A,"비주얼 임팩트, 캐릭터/유닛 외형",긴박함,TRUE,,없음,"VINESSA, A DARK WIZARD WHO DOMINATES THE FIELD, SOPHIA, REMOVES ALL DEBUFFS! THE KEY TO SURVIVAL, BERNETA, A SYNERGY DEALER THAT PERFECTS YOUR TEAM, PLAY FOR FREE","아트 퀄리티, 캐릭터, 수집형RPG, 전략성",용병 모집,스킬 컷신 연출,마그 탐험대,"Vinessa, Sophia, Berneta",렐릭 탐험 어드벤처,캐릭터별 스킬 특징 강조,전투 및 액션,"텍스트 오버레이, 클로즈업 및 줌",자연/야외 미학,"도전과 승부욕, 수집욕/소유욕","인간형 영웅, SD/치비 캐릭터, 성장 지표","2.5D 입체 그래픽, 2D 일러스트",숏폼 최적화 세로 분할 화면으로 캐릭터와 전투 연출 강조. 한 손 플레이 선호 심리를 공략하여 틱톡 및 릴스 내 높은 조회수 확보 기대.
260406_VID_A-Character-Combat01B-UA_L_1920x1080_EN;https://www.youtube.com/watch?v=d4rVTfnnYhg,YouTube 동영상,HQ_HQ_PH_US-EN_GA_NU_AD_ACA-PU_260429,M_1844_INTEREST_GENRE_ALL_NONE_260429_3,2026-04-30,2,KRW,22784,281,3,0,VID,가로형,2026-04-06,A,Character,Combat01B,EN;https://www,260406_VID_A-Character-Combat01B-UA_L_1920x1080_EN,A-Character-Combat01B-UA,https://www.youtube.com/watch?v=d4rVTfnnYhg,"비주얼 임팩트, 캐릭터/유닛 외형",긴박함,TRUE,,없음,"HUGO, An indomitable warrior..., MONAD, A sage who devastates..., KARBEL, A fiery dealer..., PLAY FOR FREE","전략성, 아트 퀄리티",용병 모집,8인 실시간 전투,마그 탐험대,"Hugo, Monad, Karbel",히어로 수집 육성,,전투 및 액션,"텍스트 오버레이, 클로즈업 및 줌",자연/야외 미학,"도전과 승부욕, 수집욕/소유욕","인간형 영웅, SD/치비 캐릭터, 성장 지표","2.5D 입체 그래픽, 2D 일러스트",16:9 뷰로 넓은 전장과 스킬 강조. 화려한 연출로 타격감 선호 유저 공략. 전투 선호층 대상 높은 전환율 기대.
260406_VID_A-Character-Combat01B-UA_S_1080x1080_EN;https://www.youtube.com/watch?v=tcTIYuJi7pM,YouTube 동영상,HQ_HQ_PH_US-EN_GA_NU_AD_ACA-PU_260429,M_1844_INTEREST_GENRE_ALL_NONE_260429_3,2026-04-30,0,KRW,7532,217,1,0,VID,정방형,2026-04-06,A,Character,Combat01B,EN;https://www,260406_VID_A-Character-Combat01B-UA_S_1080x1080_EN,A-Character-Combat01B-UA,https://www.youtube.com/watch?v=tcTIYuJi7pM,"비주얼 임팩트, 캐릭터/유닛 외형",긴박함,TRUE,,없음,"HUGO, An indomitable warrior..., MONAD, A sage who devastates..., KARBEL, A fiery dealer..., PLAY FOR FREE","전략성, 아트 퀄리티",용병 모집,8인 실시간 전투,마그 탐험대,"Hugo, Monad, Karbel",히어로 수집 육성,,전투 및 액션,"텍스트 오버레이, 클로즈업 및 줌",자연/야외 미학,"도전과 승부욕, 수집욕/소유욕","인간형 영웅, SD/치비 캐릭터, 성장 지표","2.5D 입체 그래픽, 2D 일러스트",소피아의 생존 및 지원 능력과 팀 시너지를 강조해 전략적 유저 공략. 비네사 소재 A/B 테스트로 타겟별 선호 캐릭터 최적화 및 성과 확장 도모.
260406_VID_A-Character-Combat01B-UA_V_1080x1920_EN;https://www.youtube.com/watch?v=rrd-TGZqEqc,YouTube 동영상,HQ_HQ_PH_US-EN_GA_NU_AD_ACA-PU_260429,M_1844_INTEREST_GENRE_ALL_NONE_260429_3,2026-04-30,2,KRW,27531,"1,192",1,0,VID,세로형,2026-04-06,A,Character,Combat01B,EN;https://www,260406_VID_A-Character-Combat01B-UA_V_1080x1920_EN,A-Character-Combat01B-UA,https://www.youtube.com/watch?v=rrd-TGZqEqc,"비주얼 임팩트, 캐릭터/유닛 외형",긴박함,TRUE,,없음,"HUGO, An indomitable warrior..., MONAD, A sage who devastates..., KARBEL, A fiery dealer..., PLAY FOR FREE","전략성, 아트 퀄리티",용병 모집,8인 실시간 전투,마그 탐험대,"Hugo, Monad, Karbel",히어로 수집 육성,,전투 및 액션,"텍스트 오버레이, 클로즈업 및 줌",자연/야외 미학,"도전과 승부욕, 수집욕/소유욕","인간형 영웅, SD/치비 캐릭터, 성장 지표","2.5D 입체 그래픽, 2D 일러스트",직관적인 탱딜힐 구성으로 정통 RPG 유저의 파티 니즈 충족. 역할군 조합의 재미를 텍스트로 보강하여 효율 극대화 기대.
260406_VID_A-Charater-Collection01B-UA_L_1920x1080_EN;https://www.youtube.com/watch?v=rRGCh1x6a6M,YouTube 동영상,HQ_HQ_PH_US-EN_GA_NU_AD_ACA-PU_260429,M_1844_INTEREST_GENRE_ALL_NONE_260429_3,2026-04-30,2,KRW,19074,273,2,"5,923.45",VID,가로형,2026-04-06,A,Charater,Collection01B,EN;https://www,260406_VID_A-Charater-Collection01B-UA_L_1920x1080_EN,A-Charater-Collection01B-UA,https://www.youtube.com/watch?v=rRGCh1x6a6M,"질문/선택형, 캐릭터/유닛 외형",경쾌함,TRUE,,없음,"CHOOSE YOUR HERO, HUGO, PLAY FOR FREE","아트 퀄리티, 전략성",용병 모집,DIY 픽업 시스템,마그 탐험대,Hugo,히어로 수집 육성,,수집 및 도감,"텍스트 오버레이, 클로즈업 및 줌",심플/클린 UI,"수집욕/소유욕, 만족과 성취감","인간형 영웅, SD/치비 캐릭터","2.5D 입체 그래픽, 2D 일러스트","그리드 UI로 풍부한 캐릭터 풀을 어필해 수집 욕구를 자극하며, 캐릭터 강조 엔드카드를 통해 높은 잔존율을 확보합니다."
260406_VID_A-Charater-Collection01B-UA_V_1080x1920_EN;https://www.youtube.com/watch?v=u5diHTUsSOs,YouTube 동영상,HQ_HQ_PH_US-EN_GA_NU_AD_ACA-PU_260429,M_1844_INTEREST_GENRE_ALL_NONE_260429_3,2026-04-30,0,KRW,685,51,0,0,VID,세로형,2026-04-06,A,Charater,Collection01B,EN;https://www,260406_VID_A-Charater-Collection01B-UA_V_1080x1920_EN,A-Charater-Collection01B-UA,https://www.youtube.com/watch?v=u5diHTUsSOs,"질문/선택형, 캐릭터/유닛 외형",경쾌함,TRUE,,없음,"CHOOSE YOUR HERO, HUGO, PLAY FOR FREE","아트 퀄리티, 전략성",용병 모집,DIY 픽업 시스템,마그 탐험대,Hugo,히어로 수집 육성,캐릭터 픽(Pick) 연출,수집 및 도감,"텍스트 오버레이, 클로즈업 및 줌",심플/클린 UI,"수집욕/소유욕, 만족과 성취감","인간형 영웅, SD/치비 캐릭터","2.5D 입체 그래픽, 2D 일러스트",직접 영웅을 선택하는 인터랙티브 경험으로 기대감 부여. 다양한 영웅 노출을 통해 유저 취향을 공략하고 반복적인 참여 유도.
260406_VID_A-Hooking-Reward02A-FK_L_1920x1080_EN;https://www.youtube.com/watch?v=oRlzfGbT3xY,YouTube 동영상,HQ_HQ_PH_US-EN_GA_NU_AD_ACA-PU_260429,M_1844_INTEREST_GENRE_ALL_NONE_260429_3,2026-04-30,5,KRW,48439,566,3,0,VID,가로형,2026-04-06,A,Hooking,Reward02A,EN;https://www,260406_VID_A-Hooking-Reward02A-FK_L_1920x1080_EN,A-Hooking-Reward02A-FK,https://www.youtube.com/watch?v=oRlzfGbT3xY,"실패/분노 유도, 압도적 보상",긴박함,TRUE,,없음,"Tap here to save him!, Help me!, HELP KARBEL CLEAR, Claim your SR character and rewards worth $100!, PLAY FOR FREE",보상,용병 모집,우호도 시스템,마그 탐험대,카르벨(Karbel),히어로 수집 육성,페이크 플레이(구출 미니게임) 형식 활용,퍼즐 및 논리,"손가락 지시선, 텍스트 오버레이",자연/야외 미학,"도전과 승부욕, 만족과 성취감","SD/치비 캐릭터, 재화/보물상자",2D 일러스트,구출 미니게임 방식을 활용해 시청자 이탈을 방지하고 즉각적인 행동을 유도합니다. 대량의 재화 보상으로 성취감을 자극하여 저단가 트래픽 확보 및 높은 클릭률을 공략합니다.
260406_VID_A-Hooking-Reward02A-FK_S_1080x1080_EN;https://www.youtube.com/watch?v=EgLwtP8WjE4,YouTube 동영상,HQ_HQ_PH_US-EN_GA_NU_AD_ACA-PU_260429,M_1844_INTEREST_GENRE_ALL_NONE_260429_3,2026-04-30,0,KRW,563,28,0,0,VID,정방형,2026-04-06,A,Hooking,Reward02A,EN;https://www,260406_VID_A-Hooking-Reward02A-FK_S_1080x1080_EN,A-Hooking-Reward02A-FK,https://www.youtube.com/watch?v=EgLwtP8WjE4,"실패/분노 유도, 압도적 보상",긴박함,TRUE,,없음,"Tap here to save him!, Help me!, HELP KARBEL CLEAR, Claim your SR character and rewards worth $100!, PLAY FOR FREE",보상,용병 모집,우호도 시스템,마그 탐험대,카르벨(Karbel),히어로 수집 육성,페이크 플레이(구출 미니게임) 형식 활용,퍼즐 및 논리,"손가락 지시선, 텍스트 오버레이",자연/야외 미학,"도전과 승부욕, 만족과 성취감","SD/치비 캐릭터, 재화/보물상자",2D 일러스트,위기 상황 미션과 100달러 보상으로 유저 참여 및 전환 유도. 쉬운 조작성 강조로 진입 장벽을 낮춰 대량 유입용 런칭 소재로 적합.
260406_VID_A-Hooking-Reward02A-FK_V_1080x1920_EN;https://www.youtube.com/watch?v=b7LsalWUDvQ,YouTube 동영상,HQ_HQ_PH_US-EN_GA_NU_AD_ACA-PU_260429,M_1844_INTEREST_GENRE_ALL_NONE_260429_3,2026-04-30,0,KRW,301,17,0,0,VID,세로형,2026-04-06,A,Hooking,Reward02A,EN;https://www,260406_VID_A-Hooking-Reward02A-FK_V_1080x1920_EN,A-Hooking-Reward02A-FK,https://www.youtube.com/watch?v=b7LsalWUDvQ,"실패/분노 유도, 압도적 보상",긴박함,TRUE,,없음,"Tap here to save him!, Help me!, HELP KARBEL CLEAR, Claim your SR character and rewards worth $100!, PLAY FOR FREE",보상,용병 모집,우호도 시스템,마그 탐험대,카르벨(Karbel),히어로 수집 육성,페이크 플레이(구출 미니게임) 형식 활용,퍼즐 및 논리,"손가락 지시선, 텍스트 오버레이",자연/야외 미학,"도전과 승부욕, 만족과 성취감","SD/치비 캐릭터, 재화/보물상자",2D 일러스트,9:16 세로형 구조로 터치 인터랙션을 극대화하고 FOMO를 자극해 시청 완료율을 높입니다. 캐릭터 활용 및 실패 연출의 A/B 테스트 확장을 제안합니다.
260406_VID_A-Hooking-Reward03A-UA_L_1920x1080_EN;https://www.youtube.com/watch?v=XUrzh1Qrk5w,YouTube 동영상,HQ_HQ_PH_US-EN_GA_NU_AD_ACA-PU_260429,M_1844_INTEREST_GENRE_ALL_NONE_260429_3,2026-04-30,0,KRW,9812,195,0,0,VID,가로형,2026-04-06,A,Hooking,Reward03A,EN;https://www,260406_VID_A-Hooking-Reward03A-UA_L_1920x1080_EN,A-Hooking-Reward03A-UA,https://www.youtube.com/watch?v=XUrzh1Qrk5w,"압도적 보상, 실패/분노 유도",경쾌함,TRUE,,없음,"WARNING Skip and you will lose your $100 rewards, Tap within 5 Seconds, SR, PLAY FOR FREE!, Claim your SR character and rewards worth $100!",보상,용병 모집,,마그 탐험대,Karbel,히어로 수집 육성,$100 가치 혜택 강조,수집 및 도감,"손가락 지시선, 텍스트 오버레이",심플/클린 UI,"만족과 성취감, 수집욕/소유욕","재화/보물상자, SD/치비 캐릭터","2D 일러스트, 2.5D 입체 그래픽","가로 화면을 활용한 화려한 연출로 시각적 몰입감을 높이고, 보상 상실에 대한 FOMO 심리를 자극하여 가로형 매체 타겟 광고 효율을 극대화함."
260406_VID_A-Hooking-Reward03A-UA_S_1080x1080_EN;https://www.youtube.com/watch?v=VGJB5tDWops,YouTube 동영상,HQ_HQ_PH_US-EN_GA_NU_AD_ACA-PU_260429,M_1844_INTEREST_GENRE_ALL_NONE_260429_3,2026-04-30,1,KRW,5329,262,1,0,VID,정방형,2026-04-06,A,Hooking,Reward03A,EN;https://www,260406_VID_A-Hooking-Reward03A-UA_S_1080x1080_EN,A-Hooking-Reward03A-UA,https://www.youtube.com/watch?v=VGJB5tDWops,"압도적 보상, 실패/분노 유도",경쾌함,TRUE,,없음,"WARNING Skip and you will lose your $100 rewards, Tap within 5 Seconds, SR, PLAY FOR FREE!, Claim your SR character and rewards worth $100!",보상,용병 모집,,마그 탐험대,Karbel,히어로 수집 육성,$100 가치 혜택 강조,수집 및 도감,"손가락 지시선, 텍스트 오버레이",심플/클린 UI,"만족과 성취감, 수집욕/소유욕","재화/보물상자, SD/치비 캐릭터","2D 일러스트, 2.5D 입체 그래픽",부정적 후킹과 시간 제한으로 클릭 유도. $100 가치 및 SR 확정으로 수익 구체화. 높은 CVR 예상되며 보상 변주를 통한 라이브 옵스 제안.
260406_VID_A-Hooking-Reward03A-UA_V_1080x1920_EN;https://www.youtube.com/watch?v=jA_HAiz95x4,YouTube 동영상,HQ_HQ_PH_US-EN_GA_NU_AD_ACA-PU_260429,M_1844_INTEREST_GENRE_ALL_NONE_260429_3,2026-04-30,0,KRW,13522,176,0,0,VID,세로형,2026-04-06,A,Hooking,Reward03A,EN;https://www,260406_VID_A-Hooking-Reward03A-UA_V_1080x1920_EN,A-Hooking-Reward03A-UA,https://www.youtube.com/watch?v=jA_HAiz95x4,"압도적 보상, 실패/분노 유도",경쾌함,TRUE,,없음,"WARNING Skip and you will lose your $100 rewards, Tap within 5 Seconds, SR, PLAY FOR FREE!, Claim your SR character and rewards worth $100!",보상,용병 모집,,마그 탐험대,Karbel,히어로 수집 육성,$100 가치 혜택 강조,수집 및 도감,"손가락 지시선, 텍스트 오버레이",심플/클린 UI,"만족과 성취감, 수집욕/소유욕","재화/보물상자, SD/치비 캐릭터","2D 일러스트, 2.5D 입체 그래픽",도발적 문구와 타이머로 이탈을 방지하고 FOMO 심리를 자극함. 보상형 인벤토리 활용을 통해 UA 매체에서 압도적 전환율 달성 기대.
260406_VID_A-Mob-Adventure01A-UA_L_1920x1080_EN;https://www.youtube.com/watch?v=hVmkPdIsz70,YouTube 동영상,HQ_HQ_PH_US-EN_GA_NU_AD_ACA-PU_260429,M_1844_INTEREST_GENRE_ALL_NONE_260429_3,2026-04-30,0,KRW,3214,82,1,0,VID,가로형,2026-04-06,A,Mob,Adventure01A,EN;https://www,260406_VID_A-Mob-Adventure01A-UA_L_1920x1080_EN,A-Mob-Adventure01A-UA,https://www.youtube.com/watch?v=hVmkPdIsz70,"비주얼 임팩트, 성장 비포애프터",긴박함,TRUE,,없음,"WARNING, GOBLINS INCOMING!, Goblins? Easy! Level UP! UP!, Power Boost! BOOM! BOOM!, Strategic deployment!, Get ready for BATTLE!","편의성, 전략성",AFK 기능,8인 실시간 전투,고블린,카르벨,렐릭 탐험 어드벤처,스마트폰 UI 팝업 연출,"시뮬레이션 및 관리, 장애물 및 도전","텍스트 오버레이, 클로즈업 및 줌",자연/야외 미학,"도전과 승부욕, 만족과 성취감","SD/치비 캐릭터, 성장 지표, 군단/대규모 유닛",2.5D 입체 그래픽,16:9 화면 대비로 대규모 전투와 모바일 최적화 강조. 방치형 육성 선호 유저 타겟으로 핵심 시스템 소구 및 브랜딩·퍼포먼스 효율 기대.
260406_VID_A-Mob-Adventure01A-UA_S_1080x1080_EN;https://www.youtube.com/watch?v=LMKl0g6yRJU,YouTube 동영상,HQ_HQ_PH_US-EN_GA_NU_AD_ACA-PU_260429,M_1844_INTEREST_GENRE_ALL_NONE_260429_3,2026-04-30,2,KRW,66038,"3,484",17,"5,881.48",VID,정방형,2026-04-06,A,Mob,Adventure01A,EN;https://www,260406_VID_A-Mob-Adventure01A-UA_S_1080x1080_EN,A-Mob-Adventure01A-UA,https://www.youtube.com/watch?v=LMKl0g6yRJU,"비주얼 임팩트, 성장 비포애프터",긴박함,TRUE,,없음,"WARNING, GOBLINS INCOMING!, Goblins? Easy! Level UP! UP!, Power Boost! BOOM! BOOM!, Strategic deployment!, Get ready for BATTLE!","편의성, 전략성",AFK 기능,8인 실시간 전투,고블린,카르벨,렐릭 탐험 어드벤처,스마트폰 UI 팝업 연출,"시뮬레이션 및 관리, 장애물 및 도전","텍스트 오버레이, 클로즈업 및 줌",자연/야외 미학,"도전과 승부욕, 참여와 임장감","SD/치비 캐릭터, 성장 지표, 군단/대규모 유닛",2.5D 입체 그래픽,경고 연출로 몰입도를 높이고 쉬운 성장을 강조해 진입 장벽 완화. 대규모 레이드 소재 확장을 통한 중장기 성과 기대.
260406_VID_A-Mob-Adventure01A-UA_V_1080x1920_EN;https://www.youtube.com/watch?v=nIYkYZ-JFj0,YouTube 동영상,HQ_HQ_PH_US-EN_GA_NU_AD_ACA-PU_260429,M_1844_INTEREST_GENRE_ALL_NONE_260429_3,2026-04-30,0,KRW,3193,162,0,0,VID,세로형,2026-04-06,A,Mob,Adventure01A,EN;https://www,260406_VID_A-Mob-Adventure01A-UA_V_1080x1920_EN,A-Mob-Adventure01A-UA,https://www.youtube.com/watch?v=nIYkYZ-JFj0,"비주얼 임팩트, 성장 비포애프터",긴박함,TRUE,,없음,"WARNING, GOBLINS INCOMING!, Goblins? Easy! Level UP! UP!, Power Boost! BOOM! BOOM!, Strategic deployment!, Get ready for BATTLE!","편의성, 전략성",AFK 기능,8인 실시간 전투,고블린,카르벨,렐릭 탐험 어드벤처,스마트폰 UI 팝업 연출,"시뮬레이션 및 관리, 장애물 및 도전","텍스트 오버레이, 클로즈업 및 줌",자연/야외 미학,"도전과 승부욕, 만족과 성취감","SD/치비 캐릭터, 성장 지표, 군단/대규모 유닛",2.5D 입체 그래픽,세로형 피드 최적화 UI와 마을 습격 반전 연출로 이탈 방지. 직관적 레벨업과 전략적 배치 중심의 성장 쾌감을 자극해 숏폼 환경 내 높은 시청 유지율 및 전환율 기대.
Cute but Powerful Squad,광고 제목,HQ_HQ_PH_US-EN_GA_NU_AD_ACA-PU_260429,M_1844_INTEREST_GENRE_ALL_NONE_260429_2,2026-04-30,0,KRW,11148,615,6,0,TXT,,,,,,,,,,,,,,,,,,,,,,,,,,,,,
Let’s Hunt for Treasure!,광고 제목,HQ_HQ_PH_US-EN_GA_NU_AD_ACA-PU_260429,M_1844_INTEREST_GENRE_ALL_NONE_260429_2,2026-04-30,0,KRW,10771,502,0,0,TXT,,,,,,,,,,,,,,,,,,,,,,,,,,,,,
Pepp Heroes,광고 제목,HQ_HQ_PH_US-EN_GA_NU_AD_ACA-PU_260429,M_1844_INTEREST_GENRE_ALL_NONE_260429_2,2026-04-30,2,KRW,25467,553,9,0,TXT,,,,,,,,,,,,,,,,,,,,,,,,,,,,,
Play for Free,광고 제목,HQ_HQ_PH_US-EN_GA_NU_AD_ACA-PU_260429,M_1844_INTEREST_GENRE_ALL_NONE_260429_2,2026-04-30,3,KRW,20985,775,7,0,TXT,,,,,,,,,,,,,,,,,,,,,,,,,,,,,
"Your RPG, In Your Hands",광고 제목,HQ_HQ_PH_US-EN_GA_NU_AD_ACA-PU_260429,M_1844_INTEREST_GENRE_ALL_NONE_260429_2,2026-04-30,1,KRW,12477,518,2,0,TXT,,,,,,,,,,,,,,,,,,,,,,,,,,,,,
Adorable Yet Powerful! Collect Heroes With Diverse Charms,설명,HQ_HQ_PH_US-EN_GA_NU_AD_ACA-PU_260429,M_1844_INTEREST_GENRE_ALL_NONE_260429_2,2026-04-30,0,KRW,12659,727,3,0,TXT,,,,,,,,,,,,,,,,,,,,,,,,,,,,,
Clock Out and Start Your Treasure Hunt!,설명,HQ_HQ_PH_US-EN_GA_NU_AD_ACA-PU_260429,M_1844_INTEREST_GENRE_ALL_NONE_260429_2,2026-04-30,1,KRW,11807,600,2,0,TXT,,,,,,,,,,,,,,,,,,,,,,,,,,,,,
Get Rewards Worth $100! Play Now!,설명,HQ_HQ_PH_US-EN_GA_NU_AD_ACA-PU_260429,M_1844_INTEREST_GENRE_ALL_NONE_260429_2,2026-04-30,3,KRW,11836,756,5,0,TXT,,,,,,,,,,,,,,,,,,,,,,,,,,,,,
Strategic Battles With Heroes Full of Personality! Win With Your Own Squad,설명,HQ_HQ_PH_US-EN_GA_NU_AD_ACA-PU_260429,M_1844_INTEREST_GENRE_ALL_NONE_260429_2,2026-04-30,1,KRW,10911,532,2,0,TXT,,,,,,,,,,,,,,,,,,,,,,,,,,,,,
Unique Hero Skills and Synergies! The Collectible RPG of Endless Team Combinations,설명,HQ_HQ_PH_US-EN_GA_NU_AD_ACA-PU_260429,M_1844_INTEREST_GENRE_ALL_NONE_260429_2,2026-04-30,0,KRW,20482,947,5,0,TXT,,,,,,,,,,,,,,,,,,,,,,,,,,,,,
260406_BNR_A-Character-100usd01A-DA_L_1200x628_EN.jpg;https://tpc.googlesyndication.com/simgad/128038747177600361,가로형 이미지,HQ_HQ_PH_US-EN_GA_NU_AD_ACA-PU_260429,M_1844_INTEREST_GENRE_ALL_NONE_260429_2,2026-04-30,1,KRW,2788,4,2,0,BNR,가로형,2026-04-06,A,Character,100usd01A,EN,260406_BNR_A-Character-100usd01A-DA_L_1200x628_EN,A-Character-100usd01A-DA,https://tpc.googlesyndication.com/simgad/128038747177600361,"압도적 보상, 캐릭터/유닛 외형",,,,,"Pre-registration Event, $100, Pre-register and Earn Rewards Worth $100!, Claim Rewards","보상, 릴리즈 예고",용병 모집(Gacha),사전예약 혜택,마그 탐험대,카르벨(Karbel),히어로 수집 육성,,수집 및 도감,"텍스트 오버레이, 클로즈업 및 줌",심플/클린 UI,"수집욕/소유욕, 만족과 성취감","인간형 영웅, 재화/보물상자","2D 일러스트, 2.5D 입체 그래픽","100달러 가치 강조로 사전예약 전환율을 극대화합니다. 보상 강조를 통해 초반 성장 불안을 해소하며, 향후 보상 아이템 노출을 통해 높은 클릭률을 유도합니다."
260406_BNR_A-Character-100usd01A-DA_S_1200x1200_EN.jpg;https://tpc.googlesyndication.com/simgad/10042032527036690642,가로형 이미지,HQ_HQ_PH_US-EN_GA_NU_AD_ACA-PU_260429,M_1844_INTEREST_GENRE_ALL_NONE_260429_2,2026-04-30,0,KRW,1661,40,1,0,BNR,정방형,2026-04-06,A,Character,100usd01A,EN,260406_BNR_A-Character-100usd01A-DA_S_1200x1200_EN,A-Character-100usd01A-DA,https://tpc.googlesyndication.com/simgad/10042032527036690642,"압도적 보상, 캐릭터/유닛 외형",,,,,"Pre-registration Event, $100, Pre-register and Earn Rewards Worth $100!, Claim Rewards","보상, 릴리즈 예고",용병 모집(Gacha),사전예약 혜택,마그 탐험대,카르벨(Karbel),히어로 수집 육성,,수집 및 도감,"텍스트 오버레이, 클로즈업 및 줌",심플/클린 UI,"수집욕/소유욕, 만족과 성취감","인간형 영웅, 재화/보물상자","2D 일러스트, 2.5D 입체 그래픽",정방형 레이아웃과 $100 보상 텍스트로 시인성을 극대화했습니다. 혜택 중심 소구로 스낵 컬처 타겟의 전환을 유도하며 대비를 높인 A/B 테스트를 제안합니다.
260406_BNR_A-Character-Adventure04A-DA_L_1200x628_EN.jpg;https://tpc.googlesyndication.com/simgad/11190732183298883065,가로형 이미지,HQ_HQ_PH_US-EN_GA_NU_AD_ACA-PU_260429,M_1844_INTEREST_GENRE_ALL_NONE_260429_2,2026-04-30,0,KRW,2,8,0,0,BNR,가로형,2026-04-06,A,Character,Adventure04A,EN,260406_BNR_A-Character-Adventure04A-DA_L_1200x628_EN,A-Character-Adventure04A-DA,https://tpc.googlesyndication.com/simgad/11190732183298883065,"비주얼 임팩트, 캐릭터/유닛 외형",,,,,PEPP HEROES,"아트 퀄리티, 수집형RPG, 릴리즈 예고","8인 실시간 전투, 수집형 RPG",8인 실시간 전투,"마그 탐험대, 고블린","카르벨(Karbel), 샤일린(Shylin)",히어로 수집 육성,,"전투 및 액션, 장애물 및 도전",텍스트 오버레이,자연/야외 미학,"도전과 승부욕, 참여와 임장감","인간형 영웅, 거대 보스, SD/치비 캐릭터","2.5D 입체 그래픽, 2D 일러스트",SD 영웅과 거대 보스의 대치로 모험심 자극. 정적 RPG 유저에게 액션 소구 및 보상 텍스트로 CTR·CVR 최적화.
260406_BNR_A-Character-Adventure04A-DA_S_1200x1200_EN.jpg;https://tpc.googlesyndication.com/simgad/4078122247307565443,가로형 이미지,HQ_HQ_PH_US-EN_GA_NU_AD_ACA-PU_260429,M_1844_INTEREST_GENRE_ALL_NONE_260429_2,2026-04-30,0,KRW,0,38,0,0,BNR,정방형,2026-04-06,A,Character,Adventure04A,EN,260406_BNR_A-Character-Adventure04A-DA_S_1200x1200_EN,A-Character-Adventure04A-DA,https://tpc.googlesyndication.com/simgad/4078122247307565443,"비주얼 임팩트, 캐릭터/유닛 외형",,,,,PEPP HEROES,"아트 퀄리티, 수집형RPG, 릴리즈 예고","8인 실시간 전투, 수집형 RPG",8인 실시간 전투,"마그 탐험대, 고블린","카르벨(Karbel), 샤일린(Shylin)",히어로 수집 육성,,"전투 및 액션, 장애물 및 도전",텍스트 오버레이,자연/야외 미학,"도전과 승부욕, 참여와 임장감","인간형 영웅, 거대 보스, SD/치비 캐릭터","2.5D 입체 그래픽, 2D 일러스트","정방형 규격의 캐릭터 밀집 배치를 통해 스쿼드 일체감을 강조하고, 직업 아이콘 오버레이로 팀 빌딩의 전략적 재미와 영웅의 매력을 소구함."
260406_BNR_A-Character-Adventure05A-DA_L_1200x628_EN.jpg;https://tpc.googlesyndication.com/simgad/14620542589526622535,가로형 이미지,HQ_HQ_PH_US-EN_GA_NU_AD_ACA-PU_260429,M_1844_INTEREST_GENRE_ALL_NONE_260429_2,2026-04-30,0,KRW,0,2,0,0,BNR,가로형,2026-04-06,A,Character,Adventure05A,EN,260406_BNR_A-Character-Adventure05A-DA_L_1200x628_EN,A-Character-Adventure05A-DA,https://tpc.googlesyndication.com/simgad/14620542589526622535,"캐릭터/유닛 외형, 비주얼 임팩트",,,,,Every Hero Needs a Little Pepp,"아트 퀄리티, 수집형RPG, 캐릭터","8인 실시간 전투, 수집형 RPG",렐릭 퀘스트,"마그 탐험대, 고블린","샤일린(Shylin), 카르벨(Karbel)",렐릭 탐험 어드벤처,2.5D 독보적 그래픽 강조,"전투 및 액션, 수집 및 도감","텍스트 오버레이, 클로즈업 및 줌",던전/신전,"수집욕/소유욕, 참여와 임장감","인간형 영웅, SD/치비 캐릭터","2.5D 입체 그래픽, 2D 일러스트",독보적인 2.5D 비주얼과 대립 구도로 정체성 각인. 입체적 모험 선사 및 고퀄리티 아트로 글로벌 CTR 유도. SSR 스킬 컷신 활용해 CVR 극대화 기대.
260406_BNR_A-Character-Adventure05A-DA_S_1200x1200_EN.jpg;https://tpc.googlesyndication.com/simgad/13772335840655466460,가로형 이미지,HQ_HQ_PH_US-EN_GA_NU_AD_ACA-PU_260429,M_1844_INTEREST_GENRE_ALL_NONE_260429_2,2026-04-30,0,KRW,0,92,0,0,BNR,정방형,2026-04-06,A,Character,Adventure05A,EN,260406_BNR_A-Character-Adventure05A-DA_S_1200x1200_EN,A-Character-Adventure05A-DA,https://tpc.googlesyndication.com/simgad/13772335840655466460,"캐릭터/유닛 외형, 비주얼 임팩트",,,,,Every Hero Needs a Little Pepp,"아트 퀄리티, 수집형RPG, 캐릭터","8인 실시간 전투, 수집형 RPG",렐릭 퀘스트,"마그 탐험대, 고블린","샤일린(Shylin), 카르벨(Karbel)",렐릭 탐험 어드벤처,2.5D 독보적 그래픽 강조,"전투 및 액션, 수집 및 도감","텍스트 오버레이, 클로즈업 및 줌",던전/신전,"수집욕/소유욕, 참여와 임장감","인간형 영웅, SD/치비 캐릭터","2.5D 입체 그래픽, 2D 일러스트",정방형 규격의 캐릭터 밀집 노출로 수집 재미를 강조함. 영웅 반전 매력 소유욕을 자극하며 피드 최적화로 클릭률 극대화 유도. 보상 텍스트 오버레이로 전환율 보완 필요.
260406_BNR_A-Character-Comics01A-DA_L_1200x628_EN.jpg;https://tpc.googlesyndication.com/simgad/3049438568803176011,가로형 이미지,HQ_HQ_PH_US-EN_GA_NU_AD_ACA-PU_260429,M_1844_INTEREST_GENRE_ALL_NONE_260429_2,2026-04-30,0,KRW,0,8,0,0,BNR,가로형,2026-04-06,A,Character,Comics01A,EN,260406_BNR_A-Character-Comics01A-DA_L_1200x628_EN,A-Character-Comics01A-DA,https://tpc.googlesyndication.com/simgad/3049438568803176011,"비주얼 임팩트, 캐릭터/유닛 외형",,,,,"EVERY HERO NEEDS A LITTLE PEPP, PEPP HEROES","아트 퀄리티, 캐릭터, 수집형RPG","용병 모집(Gacha), 8인 실시간 전투",8인 실시간 전투,마그 탐험대,카르벨(Karbel),"히어로 수집 육성, 렐릭 탐험 어드벤처",코믹스 스타일 레이아웃,"수집 및 도감, 전투 및 액션","분할 화면, 텍스트 오버레이",자연/야외 미학,"수집욕/소유욕, 휴식과 힐링","SD/치비 캐릭터, 인간형 영웅",2.5D 입체 그래픽,코믹스 레이아웃과 친근한 아트 스타일로 진입 장벽을 낮추고 개성을 강조함. 가독성 높은 카피로 높은 CTR을 유도하며 SSR 캐릭터 중심의 수집 욕구 자극 전략을 제안함.
260406_BNR_A-Character-Comics01A-DA_S_1200x1200_EN.jpg;https://tpc.googlesyndication.com/simgad/4695384483296336434,가로형 이미지,HQ_HQ_PH_US-EN_GA_NU_AD_ACA-PU_260429,M_1844_INTEREST_GENRE_ALL_NONE_260429_2,2026-04-30,0,KRW,0,16,0,0,BNR,정방형,2026-04-06,A,Character,Comics01A,EN,260406_BNR_A-Character-Comics01A-DA_S_1200x1200_EN,A-Character-Comics01A-DA,https://tpc.googlesyndication.com/simgad/4695384483296336434,"비주얼 임팩트, 캐릭터/유닛 외형",,,,,"EVERY HERO NEEDS A LITTLE PEPP, PEPP HEROES","아트 퀄리티, 캐릭터, 수집형RPG","용병 모집(Gacha), 8인 실시간 전투",8인 실시간 전투,마그 탐험대,카르벨(Karbel),"히어로 수집 육성, 렐릭 탐험 어드벤처",코믹스 스타일 레이아웃,"수집 및 도감, 전투 및 액션","분할 화면, 텍스트 오버레이",자연/야외 미학,"수집욕/소유욕, 휴식과 힐링","SD/치비 캐릭터, 인간형 영웅",2.5D 입체 그래픽,십자 분할 레이아웃으로 카피 집중도를 높이고 SD 캐릭터로 수집욕 자극. SNS 최적화 규격으로 유저 유입 유도 및 직업별 변주 제안.
260406_BNR_A-Charater-Collection01A-DA_L_1200x628_EN.jpg;https://tpc.googlesyndication.com/simgad/9157278201026773067,가로형 이미지,HQ_HQ_PH_US-EN_GA_NU_AD_ACA-PU_260429,M_1844_INTEREST_GENRE_ALL_NONE_260429_2,2026-04-30,0,KRW,7139,258,2,0,BNR,가로형,2026-04-06,A,Charater,Collection01A,EN,260406_BNR_A-Charater-Collection01A-DA_L_1200x628_EN,A-Charater-Collection01A-DA,https://tpc.googlesyndication.com/simgad/9157278201026773067,"캐릭터/유닛 외형, 비주얼 임팩트",,,,,"Get Pepp'd, com2us, PEPP HEROES","아트 퀄리티, 캐릭터, 수집형RPG",수집형 RPG,용병 모집(Gacha),마그 탐험대,다수의 SD 영웅,히어로 수집 육성,,수집 및 도감,텍스트 오버레이,심플/클린 UI,수집욕/소유욕,SD/치비 캐릭터,2.5D 입체 그래픽,"'Get Pepp'd' 슬로건과 촘촘한 캐릭터 배치로 방대한 수집성 강조. 2.5D 및 SD 캐릭터로 유저 소유욕 자극 및 높은 CTR 유도, 인기 캐릭터 중심 확장 용이."
260406_BNR_A-Charater-Collection01A-DA_S_1200x1200_EN.jpg;https://tpc.googlesyndication.com/simgad/2322926171558263908,가로형 이미지,HQ_HQ_PH_US-EN_GA_NU_AD_ACA-PU_260429,M_1844_INTEREST_GENRE_ALL_NONE_260429_2,2026-04-30,0,KRW,0,149,0,0,BNR,정방형,2026-04-06,A,Charater,Collection01A,EN,260406_BNR_A-Charater-Collection01A-DA_S_1200x1200_EN,A-Charater-Collection01A-DA,https://tpc.googlesyndication.com/simgad/2322926171558263908,"캐릭터/유닛 외형, 비주얼 임팩트",,,,,"Get Pepp'd, com2us, PEPP HEROES","아트 퀄리티, 캐릭터, 수집형RPG",수집형 RPG,용병 모집(Gacha),마그 탐험대,다수의 SD 영웅,히어로 수집 육성,,수집 및 도감,텍스트 오버레이,심플/클린 UI,수집욕/소유욕,SD/치비 캐릭터,2.5D 입체 그래픽,정방형 구도로 캐릭터 밀도와 시각적 풍성함 극대화. SNS 주목도 확보 및 캐릭터 등급 변주를 통한 전환율 개선 기대.
260406_BNR_A-Mob-Adventure02A-DA_L_1200x628_EN.jpg;https://tpc.googlesyndication.com/simgad/17125206759944352040,가로형 이미지,HQ_HQ_PH_US-EN_GA_NU_AD_ACA-PU_260429,M_1844_INTEREST_GENRE_ALL_NONE_260429_2,2026-04-30,0,KRW,4,5,0,0,BNR,가로형,2026-04-06,A,Mob,Adventure02A,EN,260406_BNR_A-Mob-Adventure02A-DA_L_1200x628_EN,A-Mob-Adventure02A-DA,https://tpc.googlesyndication.com/simgad/17125206759944352040,비주얼 임팩트,,,,,PEPP HEROES,"아트 퀄리티, 수집형RPG",5인 분대 전투,거대 보스 레이드,"마그 탐험대, 고블린",,렐릭 탐험 어드벤처,2.5D 입체 월드 강조,"장애물 및 도전, 전투 및 액션",텍스트 오버레이,자연/야외 미학,도전과 승부욕,"거대 보스, SD/치비 캐릭터",2.5D 입체 그래픽,5인 파티 레이드와 SD 캐릭터로 어드벤처 RPG 정체성 강조. 2.5D 그래픽으로 CTR을 높이고 사전예약 보상을 통해 CVR 극대화 유도.
260406_BNR_A-Mob-Adventure02A-DA_S_1200x1200_EN.jpg;https://tpc.googlesyndication.com/simgad/17573267286983610733,가로형 이미지,HQ_HQ_PH_US-EN_GA_NU_AD_ACA-PU_260429,M_1844_INTEREST_GENRE_ALL_NONE_260429_2,2026-04-30,0,KRW,0,16,0,0,BNR,정방형,2026-04-06,A,Mob,Adventure02A,EN,260406_BNR_A-Mob-Adventure02A-DA_S_1200x1200_EN,A-Mob-Adventure02A-DA,https://tpc.googlesyndication.com/simgad/17573267286983610733,비주얼 임팩트,,,,,PEPP HEROES,"아트 퀄리티, 수집형RPG",5인 분대 전투,거대 보스 레이드,"마그 탐험대, 고블린",,렐릭 탐험 어드벤처,2.5D 입체 월드 강조,"장애물 및 도전, 전투 및 액션",텍스트 오버레이,자연/야외 미학,도전과 승부욕,"거대 보스, SD/치비 캐릭터",2.5D 입체 그래픽,2.5D 비주얼과 거대 보스 대치 구도로 몰입감 강조. 직접 조작 및 전략 조합을 선호하는 수집형 RPG 유저를 공략해 높은 클릭률과 수집욕 자극 기대.
260406_BNR_A-Mob-Adventure02A-DA_V_1200x1500_EN.jpg;https://tpc.googlesyndication.com/simgad/12487452563763707002,가로형 이미지,HQ_HQ_PH_US-EN_GA_NU_AD_ACA-PU_260429,M_1844_INTEREST_GENRE_ALL_NONE_260429_2,2026-04-30,0,KRW,14,9,0,0,BNR,세로형,2026-04-06,A,Mob,Adventure02A,EN,260406_BNR_A-Mob-Adventure02A-DA_V_1200x1500_EN,A-Mob-Adventure02A-DA,https://tpc.googlesyndication.com/simgad/12487452563763707002,비주얼 임팩트,,,,,PEPP HEROES,"아트 퀄리티, 수집형RPG",5인 분대 전투,거대 보스 레이드,"마그 탐험대, 고블린",,렐릭 탐험 어드벤처,2.5D 입체 월드 강조,"장애물 및 도전, 전투 및 액션",텍스트 오버레이,자연/야외 미학,도전과 승부욕,"거대 보스, SD/치비 캐릭터",2.5D 입체 그래픽,초기 핵심 영웅 노출로 수집 재미 강조 및 따뜻한 아트 스타일로 힐링 소구. 방대한 콘텐츠 중심의 텍스트 보강으로 캐주얼 유저 유입 및 잔존율 제고.
260406_VID_A-Character-Collection01B-UA_S_1080x1080_EN;https://www.youtube.com/watch?v=cTfY4JpFc-s,YouTube 동영상,HQ_HQ_PH_US-EN_GA_NU_AD_ACA-PU_260429,M_1844_INTEREST_GENRE_ALL_NONE_260429_2,2026-04-30,2,KRW,20909,253,2,0,VID,정방형,2026-04-06,A,Character,Collection01B,EN;https://www,260406_VID_A-Character-Collection01B-UA_S_1080x1080_EN,A-Character-Collection01B-UA,https://www.youtube.com/watch?v=cTfY4JpFc-s,"질문/선택형, 캐릭터/유닛 외형",경쾌함,TRUE,,없음,"CHOOSE YOUR HERO, HUGO, KARBEL, MONAD","캐릭터, 수집형RPG, 전략성",용병 모집(Gacha),DIY 픽업 시스템,마그 탐험대,"휴고, 카르벨, 모나드",히어로 수집 육성,남성 캐릭터 위주 배치,수집 및 도감,"텍스트 오버레이, 분할 화면",심플/클린 UI,수집욕/소유욕,"SD/치비 캐릭터, 인간형 영웅",2D 일러스트,캐릭터 구성 대조를 통한 타겟 취향별 효율 분석. 탱커 및 딜러 중심 덱 선호 심리 공략하며 캐릭터 조합 변주 소재로 리타겟팅 광고 활용 권장.
260406_VID_A-Character-Combat01A-UA_L_1920x1080_EN;https://www.youtube.com/watch?v=2W7-0AV2mfg,YouTube 동영상,HQ_HQ_PH_US-EN_GA_NU_AD_ACA-PU_260429,M_1844_INTEREST_GENRE_ALL_NONE_260429_2,2026-04-30,0,KRW,5383,81,1,0,VID,가로형,2026-04-06,A,Character,Combat01A,EN;https://www,260406_VID_A-Character-Combat01A-UA_L_1920x1080_EN,A-Character-Combat01A-UA,https://www.youtube.com/watch?v=2W7-0AV2mfg,"비주얼 임팩트, 캐릭터/유닛 외형",긴박함,TRUE,,없음,"VINESSA, A DARK WIZARD WHO DOMINATES THE FIELD, SOPHIA, REMOVES ALL DEBUFFS! THE KEY TO SURVIVAL, BERNETA, A SYNERGY DEALER THAT PERFECTS YOUR TEAM, PLAY FOR FREE","아트 퀄리티, 캐릭터, 수집형RPG, 전략성",용병 모집,스킬 컷신 연출,마그 탐험대,"Vinessa, Sophia, Berneta",렐릭 탐험 어드벤처,캐릭터별 스킬 특징 강조,전투 및 액션,"텍스트 오버레이, 클로즈업 및 줌",자연/야외 미학,"도전과 승부욕, 수집욕/소유욕","인간형 영웅, SD/치비 캐릭터, 성장 지표","2.5D 입체 그래픽, 2D 일러스트",인게임 전투와 일러스트 교차 편집으로 몰입도 극대화. 캐릭터 스킬 및 시너지로 전략적 호기심 자극. 플레이 영상 기반 안정적 CVR 확보 및 캐릭터 속성 대비 변주 제안.
260406_VID_A-Character-Combat01A-UA_S_1080x1080_EN;https://www.youtube.com/watch?v=jnNAzjzUw8o,YouTube 동영상,HQ_HQ_PH_US-EN_GA_NU_AD_ACA-PU_260429,M_1844_INTEREST_GENRE_ALL_NONE_260429_2,2026-04-30,1,KRW,7920,220,1,0,VID,정방형,2026-04-06,A,Character,Combat01A,EN;https://www,260406_VID_A-Character-Combat01A-UA_S_1080x1080_EN,A-Character-Combat01A-UA,https://www.youtube.com/watch?v=jnNAzjzUw8o,"비주얼 임팩트, 캐릭터/유닛 외형",긴박함,TRUE,,없음,"VINESSA, A DARK WIZARD WHO DOMINATES THE FIELD, SOPHIA, REMOVES ALL DEBUFFS! THE KEY TO SURVIVAL, BERNETA, A SYNERGY DEALER THAT PERFECTS YOUR TEAM, PLAY FOR FREE","아트 퀄리티, 캐릭터, 수집형RPG, 전략성",용병 모집,스킬 컷신 연출,마그 탐험대,"Vinessa, Sophia, Berneta",렐릭 탐험 어드벤처,캐릭터별 스킬 특징 강조,전투 및 액션,"텍스트 오버레이, 클로즈업 및 줌",자연/야외 미학,"도전과 승부욕, 수집욕/소유욕","인간형 영웅, SD/치비 캐릭터, 성장 지표","2.5D 입체 그래픽, 2D 일러스트",SSR 비네사 비주얼을 초반에 배치해 RPG 팬덤 시선 확보. 고퀄리티 애니메이션으로 캐릭터 소유욕을 자극하며 스킬 콤보 시리즈로 소재 확장 가능.
260406_VID_A-Character-Combat01A-UA_V_1080x1920_EN;https://www.youtube.com/watch?v=tHmXhOKu33A,YouTube 동영상,HQ_HQ_PH_US-EN_GA_NU_AD_ACA-PU_260429,M_1844_INTEREST_GENRE_ALL_NONE_260429_2,2026-04-30,1,KRW,5838,109,2,0,VID,세로형,2026-04-06,A,Character,Combat01A,EN;https://www,260406_VID_A-Character-Combat01A-UA_V_1080x1920_EN,A-Character-Combat01A-UA,https://www.youtube.com/watch?v=tHmXhOKu33A,"비주얼 임팩트, 캐릭터/유닛 외형",긴박함,TRUE,,없음,"VINESSA, A DARK WIZARD WHO DOMINATES THE FIELD, SOPHIA, REMOVES ALL DEBUFFS! THE KEY TO SURVIVAL, BERNETA, A SYNERGY DEALER THAT PERFECTS YOUR TEAM, PLAY FOR FREE","아트 퀄리티, 캐릭터, 수집형RPG, 전략성",용병 모집,스킬 컷신 연출,마그 탐험대,"Vinessa, Sophia, Berneta",렐릭 탐험 어드벤처,캐릭터별 스킬 특징 강조,전투 및 액션,"텍스트 오버레이, 클로즈업 및 줌",자연/야외 미학,"도전과 승부욕, 수집욕/소유욕","인간형 영웅, SD/치비 캐릭터, 성장 지표","2.5D 입체 그래픽, 2D 일러스트",숏폼 최적화 세로 분할 화면으로 캐릭터와 전투 연출 강조. 한 손 플레이 선호 심리를 공략하여 틱톡 및 릴스 내 높은 조회수 확보 기대.
260406_VID_A-Character-Combat01B-UA_L_1920x1080_EN;https://www.youtube.com/watch?v=d4rVTfnnYhg,YouTube 동영상,HQ_HQ_PH_US-EN_GA_NU_AD_ACA-PU_260429,M_1844_INTEREST_GENRE_ALL_NONE_260429_2,2026-04-30,1,KRW,24465,306,3,0,VID,가로형,2026-04-06,A,Character,Combat01B,EN;https://www,260406_VID_A-Character-Combat01B-UA_L_1920x1080_EN,A-Character-Combat01B-UA,https://www.youtube.com/watch?v=d4rVTfnnYhg,"비주얼 임팩트, 캐릭터/유닛 외형",긴박함,TRUE,,없음,"HUGO, An indomitable warrior..., MONAD, A sage who devastates..., KARBEL, A fiery dealer..., PLAY FOR FREE","전략성, 아트 퀄리티",용병 모집,8인 실시간 전투,마그 탐험대,"Hugo, Monad, Karbel",히어로 수집 육성,,전투 및 액션,"텍스트 오버레이, 클로즈업 및 줌",자연/야외 미학,"도전과 승부욕, 수집욕/소유욕","인간형 영웅, SD/치비 캐릭터, 성장 지표","2.5D 입체 그래픽, 2D 일러스트",16:9 뷰로 넓은 전장과 스킬 강조. 화려한 연출로 타격감 선호 유저 공략. 전투 선호층 대상 높은 전환율 기대.
260406_VID_A-Character-Combat01B-UA_S_1080x1080_EN;https://www.youtube.com/watch?v=tcTIYuJi7pM,YouTube 동영상,HQ_HQ_PH_US-EN_GA_NU_AD_ACA-PU_260429,M_1844_INTEREST_GENRE_ALL_NONE_260429_2,2026-04-30,0,KRW,2133,14,0,0,VID,정방형,2026-04-06,A,Character,Combat01B,EN;https://www,260406_VID_A-Character-Combat01B-UA_S_1080x1080_EN,A-Character-Combat01B-UA,https://www.youtube.com/watch?v=tcTIYuJi7pM,"비주얼 임팩트, 캐릭터/유닛 외형",긴박함,TRUE,,없음,"HUGO, An indomitable warrior..., MONAD, A sage who devastates..., KARBEL, A fiery dealer..., PLAY FOR FREE","전략성, 아트 퀄리티",용병 모집,8인 실시간 전투,마그 탐험대,"Hugo, Monad, Karbel",히어로 수집 육성,,전투 및 액션,"텍스트 오버레이, 클로즈업 및 줌",자연/야외 미학,"도전과 승부욕, 수집욕/소유욕","인간형 영웅, SD/치비 캐릭터, 성장 지표","2.5D 입체 그래픽, 2D 일러스트",소피아의 생존 및 지원 능력과 팀 시너지를 강조해 전략적 유저 공략. 비네사 소재 A/B 테스트로 타겟별 선호 캐릭터 최적화 및 성과 확장 도모.
260406_VID_A-Character-Combat01B-UA_V_1080x1920_EN;https://www.youtube.com/watch?v=rrd-TGZqEqc,YouTube 동영상,HQ_HQ_PH_US-EN_GA_NU_AD_ACA-PU_260429,M_1844_INTEREST_GENRE_ALL_NONE_260429_2,2026-04-30,2,KRW,30044,"1,660",5,0,VID,세로형,2026-04-06,A,Character,Combat01B,EN;https://www,260406_VID_A-Character-Combat01B-UA_V_1080x1920_EN,A-Character-Combat01B-UA,https://www.youtube.com/watch?v=rrd-TGZqEqc,"비주얼 임팩트, 캐릭터/유닛 외형",긴박함,TRUE,,없음,"HUGO, An indomitable warrior..., MONAD, A sage who devastates..., KARBEL, A fiery dealer..., PLAY FOR FREE","전략성, 아트 퀄리티",용병 모집,8인 실시간 전투,마그 탐험대,"Hugo, Monad, Karbel",히어로 수집 육성,,전투 및 액션,"텍스트 오버레이, 클로즈업 및 줌",자연/야외 미학,"도전과 승부욕, 수집욕/소유욕","인간형 영웅, SD/치비 캐릭터, 성장 지표","2.5D 입체 그래픽, 2D 일러스트",직관적인 탱딜힐 구성으로 정통 RPG 유저의 파티 니즈 충족. 역할군 조합의 재미를 텍스트로 보강하여 효율 극대화 기대.
260406_VID_A-Charater-Collection01B-UA_L_1920x1080_EN;https://www.youtube.com/watch?v=rRGCh1x6a6M,YouTube 동영상,HQ_HQ_PH_US-EN_GA_NU_AD_ACA-PU_260429,M_1844_INTEREST_GENRE_ALL_NONE_260429_2,2026-04-30,1,KRW,7310,161,2,0,VID,가로형,2026-04-06,A,Charater,Collection01B,EN;https://www,260406_VID_A-Charater-Collection01B-UA_L_1920x1080_EN,A-Charater-Collection01B-UA,https://www.youtube.com/watch?v=rRGCh1x6a6M,"질문/선택형, 캐릭터/유닛 외형",경쾌함,TRUE,,없음,"CHOOSE YOUR HERO, HUGO, PLAY FOR FREE","아트 퀄리티, 전략성",용병 모집,DIY 픽업 시스템,마그 탐험대,Hugo,히어로 수집 육성,,수집 및 도감,"텍스트 오버레이, 클로즈업 및 줌",심플/클린 UI,"수집욕/소유욕, 만족과 성취감","인간형 영웅, SD/치비 캐릭터","2.5D 입체 그래픽, 2D 일러스트","그리드 UI로 풍부한 캐릭터 풀을 어필해 수집 욕구를 자극하며, 캐릭터 강조 엔드카드를 통해 높은 잔존율을 확보합니다."
260406_VID_A-Charater-Collection01B-UA_V_1080x1920_EN;https://www.youtube.com/watch?v=u5diHTUsSOs,YouTube 동영상,HQ_HQ_PH_US-EN_GA_NU_AD_ACA-PU_260429,M_1844_INTEREST_GENRE_ALL_NONE_260429_2,2026-04-30,0,KRW,644,27,0,0,VID,세로형,2026-04-06,A,Charater,Collection01B,EN;https://www,260406_VID_A-Charater-Collection01B-UA_V_1080x1920_EN,A-Charater-Collection01B-UA,https://www.youtube.com/watch?v=u5diHTUsSOs,"질문/선택형, 캐릭터/유닛 외형",경쾌함,TRUE,,없음,"CHOOSE YOUR HERO, HUGO, PLAY FOR FREE","아트 퀄리티, 전략성",용병 모집,DIY 픽업 시스템,마그 탐험대,Hugo,히어로 수집 육성,캐릭터 픽(Pick) 연출,수집 및 도감,"텍스트 오버레이, 클로즈업 및 줌",심플/클린 UI,"수집욕/소유욕, 만족과 성취감","인간형 영웅, SD/치비 캐릭터","2.5D 입체 그래픽, 2D 일러스트",직접 영웅을 선택하는 인터랙티브 경험으로 기대감 부여. 다양한 영웅 노출을 통해 유저 취향을 공략하고 반복적인 참여 유도.
260406_VID_A-Hooking-Reward02A-FK_L_1920x1080_EN;https://www.youtube.com/watch?v=oRlzfGbT3xY,YouTube 동영상,HQ_HQ_PH_US-EN_GA_NU_AD_ACA-PU_260429,M_1844_INTEREST_GENRE_ALL_NONE_260429_2,2026-04-30,3,KRW,53738,534,5,0,VID,가로형,2026-04-06,A,Hooking,Reward02A,EN;https://www,260406_VID_A-Hooking-Reward02A-FK_L_1920x1080_EN,A-Hooking-Reward02A-FK,https://www.youtube.com/watch?v=oRlzfGbT3xY,"실패/분노 유도, 압도적 보상",긴박함,TRUE,,없음,"Tap here to save him!, Help me!, HELP KARBEL CLEAR, Claim your SR character and rewards worth $100!, PLAY FOR FREE",보상,용병 모집,우호도 시스템,마그 탐험대,카르벨(Karbel),히어로 수집 육성,페이크 플레이(구출 미니게임) 형식 활용,퍼즐 및 논리,"손가락 지시선, 텍스트 오버레이",자연/야외 미학,"도전과 승부욕, 만족과 성취감","SD/치비 캐릭터, 재화/보물상자",2D 일러스트,구출 미니게임 방식을 활용해 시청자 이탈을 방지하고 즉각적인 행동을 유도합니다. 대량의 재화 보상으로 성취감을 자극하여 저단가 트래픽 확보 및 높은 클릭률을 공략합니다.
260406_VID_A-Hooking-Reward02A-FK_S_1080x1080_EN;https://www.youtube.com/watch?v=EgLwtP8WjE4,YouTube 동영상,HQ_HQ_PH_US-EN_GA_NU_AD_ACA-PU_260429,M_1844_INTEREST_GENRE_ALL_NONE_260429_2,2026-04-30,0,KRW,155,15,1,0,VID,정방형,2026-04-06,A,Hooking,Reward02A,EN;https://www,260406_VID_A-Hooking-Reward02A-FK_S_1080x1080_EN,A-Hooking-Reward02A-FK,https://www.youtube.com/watch?v=EgLwtP8WjE4,"실패/분노 유도, 압도적 보상",긴박함,TRUE,,없음,"Tap here to save him!, Help me!, HELP KARBEL CLEAR, Claim your SR character and rewards worth $100!, PLAY FOR FREE",보상,용병 모집,우호도 시스템,마그 탐험대,카르벨(Karbel),히어로 수집 육성,페이크 플레이(구출 미니게임) 형식 활용,퍼즐 및 논리,"손가락 지시선, 텍스트 오버레이",자연/야외 미학,"도전과 승부욕, 만족과 성취감","SD/치비 캐릭터, 재화/보물상자",2D 일러스트,위기 상황 미션과 100달러 보상으로 유저 참여 및 전환 유도. 쉬운 조작성 강조로 진입 장벽을 낮춰 대량 유입용 런칭 소재로 적합.
260406_VID_A-Hooking-Reward02A-FK_V_1080x1920_EN;https://www.youtube.com/watch?v=b7LsalWUDvQ,YouTube 동영상,HQ_HQ_PH_US-EN_GA_NU_AD_ACA-PU_260429,M_1844_INTEREST_GENRE_ALL_NONE_260429_2,2026-04-30,0,KRW,572,15,1,0,VID,세로형,2026-04-06,A,Hooking,Reward02A,EN;https://www,260406_VID_A-Hooking-Reward02A-FK_V_1080x1920_EN,A-Hooking-Reward02A-FK,https://www.youtube.com/watch?v=b7LsalWUDvQ,"실패/분노 유도, 압도적 보상",긴박함,TRUE,,없음,"Tap here to save him!, Help me!, HELP KARBEL CLEAR, Claim your SR character and rewards worth $100!, PLAY FOR FREE",보상,용병 모집,우호도 시스템,마그 탐험대,카르벨(Karbel),히어로 수집 육성,페이크 플레이(구출 미니게임) 형식 활용,퍼즐 및 논리,"손가락 지시선, 텍스트 오버레이",자연/야외 미학,"도전과 승부욕, 만족과 성취감","SD/치비 캐릭터, 재화/보물상자",2D 일러스트,9:16 세로형 구조로 터치 인터랙션을 극대화하고 FOMO를 자극해 시청 완료율을 높입니다. 캐릭터 활용 및 실패 연출의 A/B 테스트 확장을 제안합니다.
260406_VID_A-Hooking-Reward03A-UA_L_1920x1080_EN;https://www.youtube.com/watch?v=XUrzh1Qrk5w,YouTube 동영상,HQ_HQ_PH_US-EN_GA_NU_AD_ACA-PU_260429,M_1844_INTEREST_GENRE_ALL_NONE_260429_2,2026-04-30,0,KRW,10472,78,0,0,VID,가로형,2026-04-06,A,Hooking,Reward03A,EN;https://www,260406_VID_A-Hooking-Reward03A-UA_L_1920x1080_EN,A-Hooking-Reward03A-UA,https://www.youtube.com/watch?v=XUrzh1Qrk5w,"압도적 보상, 실패/분노 유도",경쾌함,TRUE,,없음,"WARNING Skip and you will lose your $100 rewards, Tap within 5 Seconds, SR, PLAY FOR FREE!, Claim your SR character and rewards worth $100!",보상,용병 모집,,마그 탐험대,Karbel,히어로 수집 육성,$100 가치 혜택 강조,수집 및 도감,"손가락 지시선, 텍스트 오버레이",심플/클린 UI,"만족과 성취감, 수집욕/소유욕","재화/보물상자, SD/치비 캐릭터","2D 일러스트, 2.5D 입체 그래픽","가로 화면을 활용한 화려한 연출로 시각적 몰입감을 높이고, 보상 상실에 대한 FOMO 심리를 자극하여 가로형 매체 타겟 광고 효율을 극대화함."
260406_VID_A-Hooking-Reward03A-UA_S_1080x1080_EN;https://www.youtube.com/watch?v=VGJB5tDWops,YouTube 동영상,HQ_HQ_PH_US-EN_GA_NU_AD_ACA-PU_260429,M_1844_INTEREST_GENRE_ALL_NONE_260429_2,2026-04-30,0,KRW,981,39,0,0,VID,정방형,2026-04-06,A,Hooking,Reward03A,EN;https://www,260406_VID_A-Hooking-Reward03A-UA_S_1080x1080_EN,A-Hooking-Reward03A-UA,https://www.youtube.com/watch?v=VGJB5tDWops,"압도적 보상, 실패/분노 유도",경쾌함,TRUE,,없음,"WARNING Skip and you will lose your $100 rewards, Tap within 5 Seconds, SR, PLAY FOR FREE!, Claim your SR character and rewards worth $100!",보상,용병 모집,,마그 탐험대,Karbel,히어로 수집 육성,$100 가치 혜택 강조,수집 및 도감,"손가락 지시선, 텍스트 오버레이",심플/클린 UI,"만족과 성취감, 수집욕/소유욕","재화/보물상자, SD/치비 캐릭터","2D 일러스트, 2.5D 입체 그래픽",부정적 후킹과 시간 제한으로 클릭 유도. $100 가치 및 SR 확정으로 수익 구체화. 높은 CVR 예상되며 보상 변주를 통한 라이브 옵스 제안.
260406_VID_A-Hooking-Reward03A-UA_V_1080x1920_EN;https://www.youtube.com/watch?v=jA_HAiz95x4,YouTube 동영상,HQ_HQ_PH_US-EN_GA_NU_AD_ACA-PU_260429,M_1844_INTEREST_GENRE_ALL_NONE_260429_2,2026-04-30,2,KRW,12369,211,2,"5,894.19",VID,세로형,2026-04-06,A,Hooking,Reward03A,EN;https://www,260406_VID_A-Hooking-Reward03A-UA_V_1080x1920_EN,A-Hooking-Reward03A-UA,https://www.youtube.com/watch?v=jA_HAiz95x4,"압도적 보상, 실패/분노 유도",경쾌함,TRUE,,없음,"WARNING Skip and you will lose your $100 rewards, Tap within 5 Seconds, SR, PLAY FOR FREE!, Claim your SR character and rewards worth $100!",보상,용병 모집,,마그 탐험대,Karbel,히어로 수집 육성,$100 가치 혜택 강조,수집 및 도감,"손가락 지시선, 텍스트 오버레이",심플/클린 UI,"만족과 성취감, 수집욕/소유욕","재화/보물상자, SD/치비 캐릭터","2D 일러스트, 2.5D 입체 그래픽",도발적 문구와 타이머로 이탈을 방지하고 FOMO 심리를 자극함. 보상형 인벤토리 활용을 통해 UA 매체에서 압도적 전환율 달성 기대.
260406_VID_A-Mob-Adventure01A-UA_L_1920x1080_EN;https://www.youtube.com/watch?v=hVmkPdIsz70,YouTube 동영상,HQ_HQ_PH_US-EN_GA_NU_AD_ACA-PU_260429,M_1844_INTEREST_GENRE_ALL_NONE_260429_2,2026-04-30,0,KRW,5481,76,0,0,VID,가로형,2026-04-06,A,Mob,Adventure01A,EN;https://www,260406_VID_A-Mob-Adventure01A-UA_L_1920x1080_EN,A-Mob-Adventure01A-UA,https://www.youtube.com/watch?v=hVmkPdIsz70,"비주얼 임팩트, 성장 비포애프터",긴박함,TRUE,,없음,"WARNING, GOBLINS INCOMING!, Goblins? Easy! Level UP! UP!, Power Boost! BOOM! BOOM!, Strategic deployment!, Get ready for BATTLE!","편의성, 전략성",AFK 기능,8인 실시간 전투,고블린,카르벨,렐릭 탐험 어드벤처,스마트폰 UI 팝업 연출,"시뮬레이션 및 관리, 장애물 및 도전","텍스트 오버레이, 클로즈업 및 줌",자연/야외 미학,"도전과 승부욕, 만족과 성취감","SD/치비 캐릭터, 성장 지표, 군단/대규모 유닛",2.5D 입체 그래픽,16:9 화면 대비로 대규모 전투와 모바일 최적화 강조. 방치형 육성 선호 유저 타겟으로 핵심 시스템 소구 및 브랜딩·퍼포먼스 효율 기대.
260406_VID_A-Mob-Adventure01A-UA_S_1080x1080_EN;https://www.youtube.com/watch?v=LMKl0g6yRJU,YouTube 동영상,HQ_HQ_PH_US-EN_GA_NU_AD_ACA-PU_260429,M_1844_INTEREST_GENRE_ALL_NONE_260429_2,2026-04-30,0,KRW,6302,387,1,0,VID,정방형,2026-04-06,A,Mob,Adventure01A,EN;https://www,260406_VID_A-Mob-Adventure01A-UA_S_1080x1080_EN,A-Mob-Adventure01A-UA,https://www.youtube.com/watch?v=LMKl0g6yRJU,"비주얼 임팩트, 성장 비포애프터",긴박함,TRUE,,없음,"WARNING, GOBLINS INCOMING!, Goblins? Easy! Level UP! UP!, Power Boost! BOOM! BOOM!, Strategic deployment!, Get ready for BATTLE!","편의성, 전략성",AFK 기능,8인 실시간 전투,고블린,카르벨,렐릭 탐험 어드벤처,스마트폰 UI 팝업 연출,"시뮬레이션 및 관리, 장애물 및 도전","텍스트 오버레이, 클로즈업 및 줌",자연/야외 미학,"도전과 승부욕, 참여와 임장감","SD/치비 캐릭터, 성장 지표, 군단/대규모 유닛",2.5D 입체 그래픽,경고 연출로 몰입도를 높이고 쉬운 성장을 강조해 진입 장벽 완화. 대규모 레이드 소재 확장을 통한 중장기 성과 기대.
260406_VID_A-Mob-Adventure01A-UA_V_1080x1920_EN;https://www.youtube.com/watch?v=nIYkYZ-JFj0,YouTube 동영상,HQ_HQ_PH_US-EN_GA_NU_AD_ACA-PU_260429,M_1844_INTEREST_GENRE_ALL_NONE_260429_2,2026-04-30,0,KRW,3528,98,0,0,VID,세로형,2026-04-06,A,Mob,Adventure01A,EN;https://www,260406_VID_A-Mob-Adventure01A-UA_V_1080x1920_EN,A-Mob-Adventure01A-UA,https://www.youtube.com/watch?v=nIYkYZ-JFj0,"비주얼 임팩트, 성장 비포애프터",긴박함,TRUE,,없음,"WARNING, GOBLINS INCOMING!, Goblins? Easy! Level UP! UP!, Power Boost! BOOM! BOOM!, Strategic deployment!, Get ready for BATTLE!","편의성, 전략성",AFK 기능,8인 실시간 전투,고블린,카르벨,렐릭 탐험 어드벤처,스마트폰 UI 팝업 연출,"시뮬레이션 및 관리, 장애물 및 도전","텍스트 오버레이, 클로즈업 및 줌",자연/야외 미학,"도전과 승부욕, 만족과 성취감","SD/치비 캐릭터, 성장 지표, 군단/대규모 유닛",2.5D 입체 그래픽,세로형 피드 최적화 UI와 마을 습격 반전 연출로 이탈 방지. 직관적 레벨업과 전략적 배치 중심의 성장 쾌감을 자극해 숏폼 환경 내 높은 시청 유지율 및 전환율 기대.
Cute but Powerful Squad,광고 제목,HQ_HQ_PH_SEA-EN_GA_NU_AD_ACA-PU_260430,M_1844_INTEREST_GENRE_ALL_NONE_260430_3,2026-04-30,0,KRW,261,566,1,0,TXT,,,,,,,,,,,,,,,,,,,,,,,,,,,,,
Let’s Hunt for Treasure!,광고 제목,HQ_HQ_PH_SEA-EN_GA_NU_AD_ACA-PU_260430,M_1844_INTEREST_GENRE_ALL_NONE_260430_3,2026-04-30,3,KRW,1126,863,15,0,TXT,,,,,,,,,,,,,,,,,,,,,,,,,,,,,
Pepp Heroes,광고 제목,HQ_HQ_PH_SEA-EN_GA_NU_AD_ACA-PU_260430,M_1844_INTEREST_GENRE_ALL_NONE_260430_3,2026-04-30,2,KRW,7987,"1,179",36,0,TXT,,,,,,,,,,,,,,,,,,,,,,,,,,,,,
Play for Free,광고 제목,HQ_HQ_PH_SEA-EN_GA_NU_AD_ACA-PU_260430,M_1844_INTEREST_GENRE_ALL_NONE_260430_3,2026-04-30,2,KRW,3095,"1,027",16,0,TXT,,,,,,,,,,,,,,,,,,,,,,,,,,,,,
"Your RPG, In Your Hands",광고 제목,HQ_HQ_PH_SEA-EN_GA_NU_AD_ACA-PU_260430,M_1844_INTEREST_GENRE_ALL_NONE_260430_3,2026-04-30,1,KRW,2275,718,11,0,TXT,,,,,,,,,,,,,,,,,,,,,,,,,,,,,
Adorable Yet Powerful! Collect Heroes With Diverse Charms,설명,HQ_HQ_PH_SEA-EN_GA_NU_AD_ACA-PU_260430,M_1844_INTEREST_GENRE_ALL_NONE_260430_3,2026-04-30,1,KRW,976,"1,029",11,0,TXT,,,,,,,,,,,,,,,,,,,,,,,,,,,,,
Clock Out and Start Your Treasure Hunt!,설명,HQ_HQ_PH_SEA-EN_GA_NU_AD_ACA-PU_260430,M_1844_INTEREST_GENRE_ALL_NONE_260430_3,2026-04-30,1,KRW,2964,876,20,0,TXT,,,,,,,,,,,,,,,,,,,,,,,,,,,,,
Get Rewards Worth $100! Play Now!,설명,HQ_HQ_PH_SEA-EN_GA_NU_AD_ACA-PU_260430,M_1844_INTEREST_GENRE_ALL_NONE_260430_3,2026-04-30,3,KRW,1792,"1,176",19,0,TXT,,,,,,,,,,,,,,,,,,,,,,,,,,,,,
Strategic Battles With Heroes Full of Personality! Win With Your Own Squad,설명,HQ_HQ_PH_SEA-EN_GA_NU_AD_ACA-PU_260430,M_1844_INTEREST_GENRE_ALL_NONE_260430_3,2026-04-30,1,KRW,677,848,4,0,TXT,,,,,,,,,,,,,,,,,,,,,,,,,,,,,
Unique Hero Skills and Synergies! The Collectible RPG of Endless Team Combinations,설명,HQ_HQ_PH_SEA-EN_GA_NU_AD_ACA-PU_260430,M_1844_INTEREST_GENRE_ALL_NONE_260430_3,2026-04-30,0,KRW,649,961,7,0,TXT,,,,,,,,,,,,,,,,,,,,,,,,,,,,,
260429_BNR_A-AI-Defeatmonster01A-DA_L_1200x628_EN.png;https://tpc.googlesyndication.com/simgad/5874425896871501801,가로형 이미지,HQ_HQ_PH_SEA-EN_GA_NU_AD_ACA-PU_260430,M_1844_INTEREST_GENRE_ALL_NONE_260430_3,2026-04-30,0,KRW,32,129,1,0,BNR,가로형,2026-04-29,A,AI,Defeatmonster01A,EN,260429_BNR_A-AI-Defeatmonster01A-DA_L_1200x628_EN,A-AI-Defeatmonster01A-DA,https://tpc.googlesyndication.com/simgad/5874425896871501801,비주얼 임팩트,웅장함,,,,,아트 퀄리티,영지 빌딩,8인 실시간 전투,마그 탐험대,,어드벤처,,탐험 및 발견,클로즈업 및 줌,자연/야외 미학,만족과 성취감,인간형 영웅,2D 일러스트,성취감 테마를 통해 기존 RPG 유저의 도전 욕구를 충족시키며 클릭을 유도함.
260429_BNR_A-AI-Defeatmonster01A-DA_S_1200x1200_EN.png;https://tpc.googlesyndication.com/simgad/17279094099779978431,가로형 이미지,HQ_HQ_PH_SEA-EN_GA_NU_AD_ACA-PU_260430,M_1844_INTEREST_GENRE_ALL_NONE_260430_3,2026-04-30,0,KRW,12,217,1,0,BNR,정방형,2026-04-29,A,AI,Defeatmonster01A,EN,260429_BNR_A-AI-Defeatmonster01A-DA_S_1200x1200_EN,A-AI-Defeatmonster01A-DA,https://tpc.googlesyndication.com/simgad/17279094099779978431,비주얼 임팩트,웅장함,,,,,아트 퀄리티,영지 빌딩,8인 실시간 전투,마그 탐험대,,어드벤처,,탐험 및 발견,클로즈업 및 줌,자연/야외 미학,만족과 성취감,인간형 영웅,2D 일러스트,성취감 테마를 통해 기존 RPG 유저의 도전 욕구를 충족시키며 클릭을 유도함.
260429_BNR_A-AI-Defeatmonster01A-DA_V_1200x1500_EN.png;https://tpc.googlesyndication.com/simgad/15179255730540632041,가로형 이미지,HQ_HQ_PH_SEA-EN_GA_NU_AD_ACA-PU_260430,M_1844_INTEREST_GENRE_ALL_NONE_260430_3,2026-04-30,0,KRW,0,10,0,0,BNR,세로형,2026-04-29,A,AI,Defeatmonster01A,EN,260429_BNR_A-AI-Defeatmonster01A-DA_V_1200x1500_EN,A-AI-Defeatmonster01A-DA,https://tpc.googlesyndication.com/simgad/15179255730540632041,비주얼 임팩트,웅장함,,,,,아트 퀄리티,영지 빌딩,8인 실시간 전투,마그 탐험대,,어드벤처,,탐험 및 발견,클로즈업 및 줌,자연/야외 미학,만족과 성취감,인간형 영웅,2D 일러스트,성취감 테마를 통해 기존 RPG 유저의 도전 욕구를 충족시키며 클릭을 유도함.
260429_BNR_A-AI-Favoritehero01A-DA_L_1200x628_EN.png;https://tpc.googlesyndication.com/simgad/1998466068806704912,가로형 이미지,HQ_HQ_PH_SEA-EN_GA_NU_AD_ACA-PU_260430,M_1844_INTEREST_GENRE_ALL_NONE_260430_3,2026-04-30,0,KRW,677,"2,602",4,0,BNR,가로형,2026-04-29,A,AI,Favoritehero01A,EN,260429_BNR_A-AI-Favoritehero01A-DA_L_1200x628_EN,A-AI-Favoritehero01A-DA,https://tpc.googlesyndication.com/simgad/1998466068806704912,"질문/선택형, 캐릭터/유닛 외형",경쾌함,,,,"Who is your favorite hero?, VS, PLAY FOR FREE",아트 퀄리티,용병 모집,DIY 픽업 시스템,마그 탐험대,샤일린,히어로 수집 육성,,수집 및 도감,"분할 화면, 텍스트 오버레이",자연/야외 미학,수집욕/소유욕,"인간형 영웅, SD/치비 캐릭터",2D 일러스트,대조되는 속성의 캐릭터를 배치한 질문형 카피로 유저의 취향과 수집욕을 자극함.
260429_BNR_A-AI-Favoritehero01A-DA_S_1200x1200_EN.png;https://tpc.googlesyndication.com/simgad/5513864076699612430,가로형 이미지,HQ_HQ_PH_SEA-EN_GA_NU_AD_ACA-PU_260430,M_1844_INTEREST_GENRE_ALL_NONE_260430_3,2026-04-30,0,KRW,352,171,3,0,BNR,정방형,2026-04-29,A,AI,Favoritehero01A,EN,260429_BNR_A-AI-Favoritehero01A-DA_S_1200x1200_EN,A-AI-Favoritehero01A-DA,https://tpc.googlesyndication.com/simgad/5513864076699612430,"질문/선택형, 캐릭터/유닛 외형",경쾌함,,,,"Who is your favorite hero?, VS, PLAY FOR FREE",아트 퀄리티,용병 모집,DIY 픽업 시스템,마그 탐험대,샤일린,히어로 수집 육성,,수집 및 도감,"분할 화면, 텍스트 오버레이",자연/야외 미학,수집욕/소유욕,"인간형 영웅, SD/치비 캐릭터",2D 일러스트,대조되는 속성의 캐릭터를 배치한 질문형 카피로 유저의 취향과 수집욕을 자극함.
260429_BNR_A-AI-Favoritehero01A-DA_V_1200x1500_EN.png;https://tpc.googlesyndication.com/simgad/14656330935303652945,가로형 이미지,HQ_HQ_PH_SEA-EN_GA_NU_AD_ACA-PU_260430,M_1844_INTEREST_GENRE_ALL_NONE_260430_3,2026-04-30,0,KRW,3,37,0,0,BNR,세로형,2026-04-29,A,AI,Favoritehero01A,EN,260429_BNR_A-AI-Favoritehero01A-DA_V_1200x1500_EN,A-AI-Favoritehero01A-DA,https://tpc.googlesyndication.com/simgad/14656330935303652945,"질문/선택형, 캐릭터/유닛 외형",경쾌함,,,,"Who is your favorite hero?, VS, PLAY FOR FREE",아트 퀄리티,용병 모집,DIY 픽업 시스템,마그 탐험대,샤일린,히어로 수집 육성,,수집 및 도감,"분할 화면, 텍스트 오버레이",자연/야외 미학,수집욕/소유욕,"인간형 영웅, SD/치비 캐릭터",2D 일러스트,대조되는 속성의 캐릭터를 배치한 질문형 카피로 유저의 취향과 수집욕을 자극함.
260429_BNR_A-AI-Favoritehero01B-DA_L_1200x628_EN.png;https://tpc.googlesyndication.com/simgad/13430850387343170645,가로형 이미지,HQ_HQ_PH_SEA-EN_GA_NU_AD_ACA-PU_260430,M_1844_INTEREST_GENRE_ALL_NONE_260430_3,2026-04-30,4,KRW,568,783,8,0,BNR,가로형,2026-04-29,A,AI,Favoritehero01B,EN,260429_BNR_A-AI-Favoritehero01B-DA_L_1200x628_EN,A-AI-Favoritehero01B-DA,https://tpc.googlesyndication.com/simgad/13430850387343170645,"질문/선택형, 캐릭터/유닛 외형",,,,,"Who is your favorite hero?, VS, PLAY FOR FREE",아트 퀄리티,용병 모집,DIY 픽업 시스템,마그 탐험대,카르벨,히어로 수집 육성,,수집 및 도감,"분할 화면, 텍스트 오버레이",던전/신전,수집욕/소유욕,인간형 영웅,2D 일러스트,대조되는 속성의 캐릭터를 배치한 질문형 카피로 유저의 취향과 수집욕을 자극함.
260429_BNR_A-AI-Favoritehero01B-DA_S_1200x1200_EN.png;https://tpc.googlesyndication.com/simgad/4869773213661551192,가로형 이미지,HQ_HQ_PH_SEA-EN_GA_NU_AD_ACA-PU_260430,M_1844_INTEREST_GENRE_ALL_NONE_260430_3,2026-04-30,8,KRW,187,148,10,0,BNR,정방형,2026-04-29,A,AI,Favoritehero01B,EN,260429_BNR_A-AI-Favoritehero01B-DA_S_1200x1200_EN,A-AI-Favoritehero01B-DA,https://tpc.googlesyndication.com/simgad/4869773213661551192,"질문/선택형, 캐릭터/유닛 외형",,,,,"Who is your favorite hero?, VS, PLAY FOR FREE",아트 퀄리티,용병 모집,DIY 픽업 시스템,마그 탐험대,카르벨,히어로 수집 육성,,수집 및 도감,"분할 화면, 텍스트 오버레이",던전/신전,수집욕/소유욕,인간형 영웅,2D 일러스트,대조되는 속성의 캐릭터를 배치한 질문형 카피로 유저의 취향과 수집욕을 자극함.
260429_BNR_A-AI-Favoritehero01B-DA_V_1200x1500_EN.png;https://tpc.googlesyndication.com/simgad/3790660926335306230,가로형 이미지,HQ_HQ_PH_SEA-EN_GA_NU_AD_ACA-PU_260430,M_1844_INTEREST_GENRE_ALL_NONE_260430_3,2026-04-30,1,KRW,60,19,1,0,BNR,세로형,2026-04-29,A,AI,Favoritehero01B,EN,260429_BNR_A-AI-Favoritehero01B-DA_V_1200x1500_EN,A-AI-Favoritehero01B-DA,https://tpc.googlesyndication.com/simgad/3790660926335306230,"질문/선택형, 캐릭터/유닛 외형",,,,,"Who is your favorite hero?, VS, PLAY FOR FREE",아트 퀄리티,용병 모집,DIY 픽업 시스템,마그 탐험대,카르벨,히어로 수집 육성,,수집 및 도감,"분할 화면, 텍스트 오버레이",던전/신전,수집욕/소유욕,인간형 영웅,2D 일러스트,대조되는 속성의 캐릭터를 배치한 질문형 카피로 유저의 취향과 수집욕을 자극함.
260429_BNR_A-AI-Victory01A-DA_L_1200x628_EN.png;https://tpc.googlesyndication.com/simgad/17680799217874309764,가로형 이미지,HQ_HQ_PH_SEA-EN_GA_NU_AD_ACA-PU_260430,M_1844_INTEREST_GENRE_ALL_NONE_260430_3,2026-04-30,0,KRW,5,103,0,0,BNR,가로형,2026-04-29,A,AI,Victory01A,EN,260429_BNR_A-AI-Victory01A-DA_L_1200x628_EN,A-AI-Victory01A-DA,https://tpc.googlesyndication.com/simgad/17680799217874309764,"비주얼 임팩트, 압도적 보상",,,,,"VICTORY!, Crush The Monsters With the Top Squad, PLAY FREE","보상, 전략성",스쿼드 전투,보스 레이드,마그 탐험대,카르벨,렐릭 탐험 어드벤처,,"전투 및 액션, 장애물 및 도전",텍스트 오버레이,던전/신전,만족과 성취감,"인간형 영웅, 거대 보스, 재화/보물상자",2D 일러스트,보스 토벌 후 쏟아지는 재화 연출로 성취감을 주고 파티 편성 로망을 자극함.
260429_BNR_A-AI-Victory01A-DA_S_1200x1200_EN.png;https://tpc.googlesyndication.com/simgad/8323476710876020002,가로형 이미지,HQ_HQ_PH_SEA-EN_GA_NU_AD_ACA-PU_260430,M_1844_INTEREST_GENRE_ALL_NONE_260430_3,2026-04-30,9,KRW,350,333,20,0,BNR,정방형,2026-04-29,A,AI,Victory01A,EN,260429_BNR_A-AI-Victory01A-DA_S_1200x1200_EN,A-AI-Victory01A-DA,https://tpc.googlesyndication.com/simgad/8323476710876020002,"비주얼 임팩트, 압도적 보상",,,,,"VICTORY!, Crush The Monsters With the Top Squad, PLAY FREE","보상, 전략성",스쿼드 전투,보스 레이드,마그 탐험대,카르벨,렐릭 탐험 어드벤처,,"전투 및 액션, 장애물 및 도전",텍스트 오버레이,던전/신전,만족과 성취감,"인간형 영웅, 거대 보스, 재화/보물상자",2D 일러스트,보스 토벌 후 쏟아지는 재화 연출로 성취감을 주고 파티 편성 로망을 자극함.
260429_BNR_A-AI-Victory01A-DA_V_1200x1500_EN.png;https://tpc.googlesyndication.com/simgad/4104206601493878101,가로형 이미지,HQ_HQ_PH_SEA-EN_GA_NU_AD_ACA-PU_260430,M_1844_INTEREST_GENRE_ALL_NONE_260430_3,2026-04-30,0,KRW,9,49,0,0,BNR,세로형,2026-04-29,A,AI,Victory01A,EN,260429_BNR_A-AI-Victory01A-DA_V_1200x1500_EN,A-AI-Victory01A-DA,https://tpc.googlesyndication.com/simgad/4104206601493878101,"비주얼 임팩트, 압도적 보상",,,,,"VICTORY!, Crush The Monsters With the Top Squad, PLAY FREE","보상, 전략성",스쿼드 전투,보스 레이드,마그 탐험대,카르벨,렐릭 탐험 어드벤처,,"전투 및 액션, 장애물 및 도전",텍스트 오버레이,던전/신전,만족과 성취감,"인간형 영웅, 거대 보스, 재화/보물상자",2D 일러스트,보스 토벌 후 쏟아지는 재화 연출로 성취감을 주고 파티 편성 로망을 자극함.
260406_VID_A-Character-Collection01B-UA_S_1080x1080_EN;https://www.youtube.com/watch?v=cTfY4JpFc-s,YouTube 동영상,HQ_HQ_PH_SEA-EN_GA_NU_AD_ACA-PU_260430,M_1844_INTEREST_GENRE_ALL_NONE_260430_3,2026-04-30,5,KRW,10143,"3,056",8,0,VID,정방형,2026-04-06,A,Character,Collection01B,EN;https://www,260406_VID_A-Character-Collection01B-UA_S_1080x1080_EN,A-Character-Collection01B-UA,https://www.youtube.com/watch?v=cTfY4JpFc-s,"질문/선택형, 캐릭터/유닛 외형",경쾌함,TRUE,,없음,"CHOOSE YOUR HERO, HUGO, KARBEL, MONAD","캐릭터, 수집형RPG, 전략성",용병 모집(Gacha),DIY 픽업 시스템,마그 탐험대,"휴고, 카르벨, 모나드",히어로 수집 육성,남성 캐릭터 위주 배치,수집 및 도감,"텍스트 오버레이, 분할 화면",심플/클린 UI,수집욕/소유욕,"SD/치비 캐릭터, 인간형 영웅",2D 일러스트,캐릭터 구성 대조를 통한 타겟 취향별 효율 분석. 탱커 및 딜러 중심 덱 선호 심리 공략하며 캐릭터 조합 변주 소재로 리타겟팅 광고 활용 권장.
260406_VID_A-Character-Combat01A-UA_L_1920x1080_EN;https://www.youtube.com/watch?v=2W7-0AV2mfg,YouTube 동영상,HQ_HQ_PH_SEA-EN_GA_NU_AD_ACA-PU_260430,M_1844_INTEREST_GENRE_ALL_NONE_260430_3,2026-04-30,2,KRW,4280,814,12,0,VID,가로형,2026-04-06,A,Character,Combat01A,EN;https://www,260406_VID_A-Character-Combat01A-UA_L_1920x1080_EN,A-Character-Combat01A-UA,https://www.youtube.com/watch?v=2W7-0AV2mfg,"비주얼 임팩트, 캐릭터/유닛 외형",긴박함,TRUE,,없음,"VINESSA, A DARK WIZARD WHO DOMINATES THE FIELD, SOPHIA, REMOVES ALL DEBUFFS! THE KEY TO SURVIVAL, BERNETA, A SYNERGY DEALER THAT PERFECTS YOUR TEAM, PLAY FOR FREE","아트 퀄리티, 캐릭터, 수집형RPG, 전략성",용병 모집,스킬 컷신 연출,마그 탐험대,"Vinessa, Sophia, Berneta",렐릭 탐험 어드벤처,캐릭터별 스킬 특징 강조,전투 및 액션,"텍스트 오버레이, 클로즈업 및 줌",자연/야외 미학,"도전과 승부욕, 수집욕/소유욕","인간형 영웅, SD/치비 캐릭터, 성장 지표","2.5D 입체 그래픽, 2D 일러스트",인게임 전투와 일러스트 교차 편집으로 몰입도 극대화. 캐릭터 스킬 및 시너지로 전략적 호기심 자극. 플레이 영상 기반 안정적 CVR 확보 및 캐릭터 속성 대비 변주 제안.
260406_VID_A-Character-Combat01A-UA_S_1080x1080_EN;https://www.youtube.com/watch?v=jnNAzjzUw8o,YouTube 동영상,HQ_HQ_PH_SEA-EN_GA_NU_AD_ACA-PU_260430,M_1844_INTEREST_GENRE_ALL_NONE_260430_3,2026-04-30,1,KRW,5095,"1,178",7,0,VID,정방형,2026-04-06,A,Character,Combat01A,EN;https://www,260406_VID_A-Character-Combat01A-UA_S_1080x1080_EN,A-Character-Combat01A-UA,https://www.youtube.com/watch?v=jnNAzjzUw8o,"비주얼 임팩트, 캐릭터/유닛 외형",긴박함,TRUE,,없음,"VINESSA, A DARK WIZARD WHO DOMINATES THE FIELD, SOPHIA, REMOVES ALL DEBUFFS! THE KEY TO SURVIVAL, BERNETA, A SYNERGY DEALER THAT PERFECTS YOUR TEAM, PLAY FOR FREE","아트 퀄리티, 캐릭터, 수집형RPG, 전략성",용병 모집,스킬 컷신 연출,마그 탐험대,"Vinessa, Sophia, Berneta",렐릭 탐험 어드벤처,캐릭터별 스킬 특징 강조,전투 및 액션,"텍스트 오버레이, 클로즈업 및 줌",자연/야외 미학,"도전과 승부욕, 수집욕/소유욕","인간형 영웅, SD/치비 캐릭터, 성장 지표","2.5D 입체 그래픽, 2D 일러스트",SSR 비네사 비주얼을 초반에 배치해 RPG 팬덤 시선 확보. 고퀄리티 애니메이션으로 캐릭터 소유욕을 자극하며 스킬 콤보 시리즈로 소재 확장 가능.
260406_VID_A-Character-Combat01A-UA_V_1080x1920_EN;https://www.youtube.com/watch?v=tHmXhOKu33A,YouTube 동영상,HQ_HQ_PH_SEA-EN_GA_NU_AD_ACA-PU_260430,M_1844_INTEREST_GENRE_ALL_NONE_260430_3,2026-04-30,1,KRW,3171,953,5,0,VID,세로형,2026-04-06,A,Character,Combat01A,EN;https://www,260406_VID_A-Character-Combat01A-UA_V_1080x1920_EN,A-Character-Combat01A-UA,https://www.youtube.com/watch?v=tHmXhOKu33A,"비주얼 임팩트, 캐릭터/유닛 외형",긴박함,TRUE,,없음,"VINESSA, A DARK WIZARD WHO DOMINATES THE FIELD, SOPHIA, REMOVES ALL DEBUFFS! THE KEY TO SURVIVAL, BERNETA, A SYNERGY DEALER THAT PERFECTS YOUR TEAM, PLAY FOR FREE","아트 퀄리티, 캐릭터, 수집형RPG, 전략성",용병 모집,스킬 컷신 연출,마그 탐험대,"Vinessa, Sophia, Berneta",렐릭 탐험 어드벤처,캐릭터별 스킬 특징 강조,전투 및 액션,"텍스트 오버레이, 클로즈업 및 줌",자연/야외 미학,"도전과 승부욕, 수집욕/소유욕","인간형 영웅, SD/치비 캐릭터, 성장 지표","2.5D 입체 그래픽, 2D 일러스트",숏폼 최적화 세로 분할 화면으로 캐릭터와 전투 연출 강조. 한 손 플레이 선호 심리를 공략하여 틱톡 및 릴스 내 높은 조회수 확보 기대.
260406_VID_A-Character-Combat01B-UA_L_1920x1080_EN;https://www.youtube.com/watch?v=d4rVTfnnYhg,YouTube 동영상,HQ_HQ_PH_SEA-EN_GA_NU_AD_ACA-PU_260430,M_1844_INTEREST_GENRE_ALL_NONE_260430_3,2026-04-30,3,KRW,7401,"2,138",27,0,VID,가로형,2026-04-06,A,Character,Combat01B,EN;https://www,260406_VID_A-Character-Combat01B-UA_L_1920x1080_EN,A-Character-Combat01B-UA,https://www.youtube.com/watch?v=d4rVTfnnYhg,"비주얼 임팩트, 캐릭터/유닛 외형",긴박함,TRUE,,없음,"HUGO, An indomitable warrior..., MONAD, A sage who devastates..., KARBEL, A fiery dealer..., PLAY FOR FREE","전략성, 아트 퀄리티",용병 모집,8인 실시간 전투,마그 탐험대,"Hugo, Monad, Karbel",히어로 수집 육성,,전투 및 액션,"텍스트 오버레이, 클로즈업 및 줌",자연/야외 미학,"도전과 승부욕, 수집욕/소유욕","인간형 영웅, SD/치비 캐릭터, 성장 지표","2.5D 입체 그래픽, 2D 일러스트",16:9 뷰로 넓은 전장과 스킬 강조. 화려한 연출로 타격감 선호 유저 공략. 전투 선호층 대상 높은 전환율 기대.
260406_VID_A-Character-Combat01B-UA_S_1080x1080_EN;https://www.youtube.com/watch?v=tcTIYuJi7pM,YouTube 동영상,HQ_HQ_PH_SEA-EN_GA_NU_AD_ACA-PU_260430,M_1844_INTEREST_GENRE_ALL_NONE_260430_3,2026-04-30,0,KRW,432,148,3,0,VID,정방형,2026-04-06,A,Character,Combat01B,EN;https://www,260406_VID_A-Character-Combat01B-UA_S_1080x1080_EN,A-Character-Combat01B-UA,https://www.youtube.com/watch?v=tcTIYuJi7pM,"비주얼 임팩트, 캐릭터/유닛 외형",긴박함,TRUE,,없음,"HUGO, An indomitable warrior..., MONAD, A sage who devastates..., KARBEL, A fiery dealer..., PLAY FOR FREE","전략성, 아트 퀄리티",용병 모집,8인 실시간 전투,마그 탐험대,"Hugo, Monad, Karbel",히어로 수집 육성,,전투 및 액션,"텍스트 오버레이, 클로즈업 및 줌",자연/야외 미학,"도전과 승부욕, 수집욕/소유욕","인간형 영웅, SD/치비 캐릭터, 성장 지표","2.5D 입체 그래픽, 2D 일러스트",소피아의 생존 및 지원 능력과 팀 시너지를 강조해 전략적 유저 공략. 비네사 소재 A/B 테스트로 타겟별 선호 캐릭터 최적화 및 성과 확장 도모.
260406_VID_A-Character-Combat01B-UA_V_1080x1920_EN;https://www.youtube.com/watch?v=rrd-TGZqEqc,YouTube 동영상,HQ_HQ_PH_SEA-EN_GA_NU_AD_ACA-PU_260430,M_1844_INTEREST_GENRE_ALL_NONE_260430_3,2026-04-30,9,KRW,29614,"8,277",40,0,VID,세로형,2026-04-06,A,Character,Combat01B,EN;https://www,260406_VID_A-Character-Combat01B-UA_V_1080x1920_EN,A-Character-Combat01B-UA,https://www.youtube.com/watch?v=rrd-TGZqEqc,"비주얼 임팩트, 캐릭터/유닛 외형",긴박함,TRUE,,없음,"HUGO, An indomitable warrior..., MONAD, A sage who devastates..., KARBEL, A fiery dealer..., PLAY FOR FREE","전략성, 아트 퀄리티",용병 모집,8인 실시간 전투,마그 탐험대,"Hugo, Monad, Karbel",히어로 수집 육성,,전투 및 액션,"텍스트 오버레이, 클로즈업 및 줌",자연/야외 미학,"도전과 승부욕, 수집욕/소유욕","인간형 영웅, SD/치비 캐릭터, 성장 지표","2.5D 입체 그래픽, 2D 일러스트",직관적인 탱딜힐 구성으로 정통 RPG 유저의 파티 니즈 충족. 역할군 조합의 재미를 텍스트로 보강하여 효율 극대화 기대.
260406_VID_A-Charater-Collection01B-UA_L_1920x1080_EN;https://www.youtube.com/watch?v=rRGCh1x6a6M,YouTube 동영상,HQ_HQ_PH_SEA-EN_GA_NU_AD_ACA-PU_260430,M_1844_INTEREST_GENRE_ALL_NONE_260430_3,2026-04-30,2,KRW,5121,"2,219",18,0,VID,가로형,2026-04-06,A,Charater,Collection01B,EN;https://www,260406_VID_A-Charater-Collection01B-UA_L_1920x1080_EN,A-Charater-Collection01B-UA,https://www.youtube.com/watch?v=rRGCh1x6a6M,"질문/선택형, 캐릭터/유닛 외형",경쾌함,TRUE,,없음,"CHOOSE YOUR HERO, HUGO, PLAY FOR FREE","아트 퀄리티, 전략성",용병 모집,DIY 픽업 시스템,마그 탐험대,Hugo,히어로 수집 육성,,수집 및 도감,"텍스트 오버레이, 클로즈업 및 줌",심플/클린 UI,"수집욕/소유욕, 만족과 성취감","인간형 영웅, SD/치비 캐릭터","2.5D 입체 그래픽, 2D 일러스트","그리드 UI로 풍부한 캐릭터 풀을 어필해 수집 욕구를 자극하며, 캐릭터 강조 엔드카드를 통해 높은 잔존율을 확보합니다."
260406_VID_A-Charater-Collection01B-UA_V_1080x1920_EN;https://www.youtube.com/watch?v=u5diHTUsSOs,YouTube 동영상,HQ_HQ_PH_SEA-EN_GA_NU_AD_ACA-PU_260430,M_1844_INTEREST_GENRE_ALL_NONE_260430_3,2026-04-30,1,KRW,1240,805,5,0,VID,세로형,2026-04-06,A,Charater,Collection01B,EN;https://www,260406_VID_A-Charater-Collection01B-UA_V_1080x1920_EN,A-Charater-Collection01B-UA,https://www.youtube.com/watch?v=u5diHTUsSOs,"질문/선택형, 캐릭터/유닛 외형",경쾌함,TRUE,,없음,"CHOOSE YOUR HERO, HUGO, PLAY FOR FREE","아트 퀄리티, 전략성",용병 모집,DIY 픽업 시스템,마그 탐험대,Hugo,히어로 수집 육성,캐릭터 픽(Pick) 연출,수집 및 도감,"텍스트 오버레이, 클로즈업 및 줌",심플/클린 UI,"수집욕/소유욕, 만족과 성취감","인간형 영웅, SD/치비 캐릭터","2.5D 입체 그래픽, 2D 일러스트",직접 영웅을 선택하는 인터랙티브 경험으로 기대감 부여. 다양한 영웅 노출을 통해 유저 취향을 공략하고 반복적인 참여 유도.
260406_VID_A-Hooking-Reward02A-FK_L_1920x1080_EN;https://www.youtube.com/watch?v=oRlzfGbT3xY,YouTube 동영상,HQ_HQ_PH_SEA-EN_GA_NU_AD_ACA-PU_260430,M_1844_INTEREST_GENRE_ALL_NONE_260430_3,2026-04-30,10,KRW,52905,"7,376",34,0,VID,가로형,2026-04-06,A,Hooking,Reward02A,EN;https://www,260406_VID_A-Hooking-Reward02A-FK_L_1920x1080_EN,A-Hooking-Reward02A-FK,https://www.youtube.com/watch?v=oRlzfGbT3xY,"실패/분노 유도, 압도적 보상",긴박함,TRUE,,없음,"Tap here to save him!, Help me!, HELP KARBEL CLEAR, Claim your SR character and rewards worth $100!, PLAY FOR FREE",보상,용병 모집,우호도 시스템,마그 탐험대,카르벨(Karbel),히어로 수집 육성,페이크 플레이(구출 미니게임) 형식 활용,퍼즐 및 논리,"손가락 지시선, 텍스트 오버레이",자연/야외 미학,"도전과 승부욕, 만족과 성취감","SD/치비 캐릭터, 재화/보물상자",2D 일러스트,구출 미니게임 방식을 활용해 시청자 이탈을 방지하고 즉각적인 행동을 유도합니다. 대량의 재화 보상으로 성취감을 자극하여 저단가 트래픽 확보 및 높은 클릭률을 공략합니다.
260406_VID_A-Hooking-Reward02A-FK_S_1080x1080_EN;https://www.youtube.com/watch?v=EgLwtP8WjE4,YouTube 동영상,HQ_HQ_PH_SEA-EN_GA_NU_AD_ACA-PU_260430,M_1844_INTEREST_GENRE_ALL_NONE_260430_3,2026-04-30,0,KRW,882,653,7,0,VID,정방형,2026-04-06,A,Hooking,Reward02A,EN;https://www,260406_VID_A-Hooking-Reward02A-FK_S_1080x1080_EN,A-Hooking-Reward02A-FK,https://www.youtube.com/watch?v=EgLwtP8WjE4,"실패/분노 유도, 압도적 보상",긴박함,TRUE,,없음,"Tap here to save him!, Help me!, HELP KARBEL CLEAR, Claim your SR character and rewards worth $100!, PLAY FOR FREE",보상,용병 모집,우호도 시스템,마그 탐험대,카르벨(Karbel),히어로 수집 육성,페이크 플레이(구출 미니게임) 형식 활용,퍼즐 및 논리,"손가락 지시선, 텍스트 오버레이",자연/야외 미학,"도전과 승부욕, 만족과 성취감","SD/치비 캐릭터, 재화/보물상자",2D 일러스트,위기 상황 미션과 100달러 보상으로 유저 참여 및 전환 유도. 쉬운 조작성 강조로 진입 장벽을 낮춰 대량 유입용 런칭 소재로 적합.
260406_VID_A-Hooking-Reward02A-FK_V_1080x1920_EN;https://www.youtube.com/watch?v=b7LsalWUDvQ,YouTube 동영상,HQ_HQ_PH_SEA-EN_GA_NU_AD_ACA-PU_260430,M_1844_INTEREST_GENRE_ALL_NONE_260430_3,2026-04-30,0,KRW,816,346,3,0,VID,세로형,2026-04-06,A,Hooking,Reward02A,EN;https://www,260406_VID_A-Hooking-Reward02A-FK_V_1080x1920_EN,A-Hooking-Reward02A-FK,https://www.youtube.com/watch?v=b7LsalWUDvQ,"실패/분노 유도, 압도적 보상",긴박함,TRUE,,없음,"Tap here to save him!, Help me!, HELP KARBEL CLEAR, Claim your SR character and rewards worth $100!, PLAY FOR FREE",보상,용병 모집,우호도 시스템,마그 탐험대,카르벨(Karbel),히어로 수집 육성,페이크 플레이(구출 미니게임) 형식 활용,퍼즐 및 논리,"손가락 지시선, 텍스트 오버레이",자연/야외 미학,"도전과 승부욕, 만족과 성취감","SD/치비 캐릭터, 재화/보물상자",2D 일러스트,9:16 세로형 구조로 터치 인터랙션을 극대화하고 FOMO를 자극해 시청 완료율을 높입니다. 캐릭터 활용 및 실패 연출의 A/B 테스트 확장을 제안합니다.
260406_VID_A-Hooking-Reward03A-UA_L_1920x1080_EN;https://www.youtube.com/watch?v=XUrzh1Qrk5w,YouTube 동영상,HQ_HQ_PH_SEA-EN_GA_NU_AD_ACA-PU_260430,M_1844_INTEREST_GENRE_ALL_NONE_260430_3,2026-04-30,0,KRW,2187,711,7,0,VID,가로형,2026-04-06,A,Hooking,Reward03A,EN;https://www,260406_VID_A-Hooking-Reward03A-UA_L_1920x1080_EN,A-Hooking-Reward03A-UA,https://www.youtube.com/watch?v=XUrzh1Qrk5w,"압도적 보상, 실패/분노 유도",경쾌함,TRUE,,없음,"WARNING Skip and you will lose your $100 rewards, Tap within 5 Seconds, SR, PLAY FOR FREE!, Claim your SR character and rewards worth $100!",보상,용병 모집,,마그 탐험대,Karbel,히어로 수집 육성,$100 가치 혜택 강조,수집 및 도감,"손가락 지시선, 텍스트 오버레이",심플/클린 UI,"만족과 성취감, 수집욕/소유욕","재화/보물상자, SD/치비 캐릭터","2D 일러스트, 2.5D 입체 그래픽","가로 화면을 활용한 화려한 연출로 시각적 몰입감을 높이고, 보상 상실에 대한 FOMO 심리를 자극하여 가로형 매체 타겟 광고 효율을 극대화함."
260406_VID_A-Hooking-Reward03A-UA_S_1080x1080_EN;https://www.youtube.com/watch?v=VGJB5tDWops,YouTube 동영상,HQ_HQ_PH_SEA-EN_GA_NU_AD_ACA-PU_260430,M_1844_INTEREST_GENRE_ALL_NONE_260430_3,2026-04-30,0,KRW,797,319,8,0,VID,정방형,2026-04-06,A,Hooking,Reward03A,EN;https://www,260406_VID_A-Hooking-Reward03A-UA_S_1080x1080_EN,A-Hooking-Reward03A-UA,https://www.youtube.com/watch?v=VGJB5tDWops,"압도적 보상, 실패/분노 유도",경쾌함,TRUE,,없음,"WARNING Skip and you will lose your $100 rewards, Tap within 5 Seconds, SR, PLAY FOR FREE!, Claim your SR character and rewards worth $100!",보상,용병 모집,,마그 탐험대,Karbel,히어로 수집 육성,$100 가치 혜택 강조,수집 및 도감,"손가락 지시선, 텍스트 오버레이",심플/클린 UI,"만족과 성취감, 수집욕/소유욕","재화/보물상자, SD/치비 캐릭터","2D 일러스트, 2.5D 입체 그래픽",부정적 후킹과 시간 제한으로 클릭 유도. $100 가치 및 SR 확정으로 수익 구체화. 높은 CVR 예상되며 보상 변주를 통한 라이브 옵스 제안.
260406_VID_A-Hooking-Reward03A-UA_V_1080x1920_EN;https://www.youtube.com/watch?v=jA_HAiz95x4,YouTube 동영상,HQ_HQ_PH_SEA-EN_GA_NU_AD_ACA-PU_260430,M_1844_INTEREST_GENRE_ALL_NONE_260430_3,2026-04-30,0,KRW,1007,439,2,0,VID,세로형,2026-04-06,A,Hooking,Reward03A,EN;https://www,260406_VID_A-Hooking-Reward03A-UA_V_1080x1920_EN,A-Hooking-Reward03A-UA,https://www.youtube.com/watch?v=jA_HAiz95x4,"압도적 보상, 실패/분노 유도",경쾌함,TRUE,,없음,"WARNING Skip and you will lose your $100 rewards, Tap within 5 Seconds, SR, PLAY FOR FREE!, Claim your SR character and rewards worth $100!",보상,용병 모집,,마그 탐험대,Karbel,히어로 수집 육성,$100 가치 혜택 강조,수집 및 도감,"손가락 지시선, 텍스트 오버레이",심플/클린 UI,"만족과 성취감, 수집욕/소유욕","재화/보물상자, SD/치비 캐릭터","2D 일러스트, 2.5D 입체 그래픽",도발적 문구와 타이머로 이탈을 방지하고 FOMO 심리를 자극함. 보상형 인벤토리 활용을 통해 UA 매체에서 압도적 전환율 달성 기대.
260406_VID_A-Mob-Adventure01A-UA_L_1920x1080_EN;https://www.youtube.com/watch?v=hVmkPdIsz70,YouTube 동영상,HQ_HQ_PH_SEA-EN_GA_NU_AD_ACA-PU_260430,M_1844_INTEREST_GENRE_ALL_NONE_260430_3,2026-04-30,0,KRW,513,255,5,0,VID,가로형,2026-04-06,A,Mob,Adventure01A,EN;https://www,260406_VID_A-Mob-Adventure01A-UA_L_1920x1080_EN,A-Mob-Adventure01A-UA,https://www.youtube.com/watch?v=hVmkPdIsz70,"비주얼 임팩트, 성장 비포애프터",긴박함,TRUE,,없음,"WARNING, GOBLINS INCOMING!, Goblins? Easy! Level UP! UP!, Power Boost! BOOM! BOOM!, Strategic deployment!, Get ready for BATTLE!","편의성, 전략성",AFK 기능,8인 실시간 전투,고블린,카르벨,렐릭 탐험 어드벤처,스마트폰 UI 팝업 연출,"시뮬레이션 및 관리, 장애물 및 도전","텍스트 오버레이, 클로즈업 및 줌",자연/야외 미학,"도전과 승부욕, 만족과 성취감","SD/치비 캐릭터, 성장 지표, 군단/대규모 유닛",2.5D 입체 그래픽,16:9 화면 대비로 대규모 전투와 모바일 최적화 강조. 방치형 육성 선호 유저 타겟으로 핵심 시스템 소구 및 브랜딩·퍼포먼스 효율 기대.
260406_VID_A-Mob-Adventure01A-UA_S_1080x1080_EN;https://www.youtube.com/watch?v=LMKl0g6yRJU,YouTube 동영상,HQ_HQ_PH_SEA-EN_GA_NU_AD_ACA-PU_260430,M_1844_INTEREST_GENRE_ALL_NONE_260430_3,2026-04-30,0,KRW,312,179,2,0,VID,정방형,2026-04-06,A,Mob,Adventure01A,EN;https://www,260406_VID_A-Mob-Adventure01A-UA_S_1080x1080_EN,A-Mob-Adventure01A-UA,https://www.youtube.com/watch?v=LMKl0g6yRJU,"비주얼 임팩트, 성장 비포애프터",긴박함,TRUE,,없음,"WARNING, GOBLINS INCOMING!, Goblins? Easy! Level UP! UP!, Power Boost! BOOM! BOOM!, Strategic deployment!, Get ready for BATTLE!","편의성, 전략성",AFK 기능,8인 실시간 전투,고블린,카르벨,렐릭 탐험 어드벤처,스마트폰 UI 팝업 연출,"시뮬레이션 및 관리, 장애물 및 도전","텍스트 오버레이, 클로즈업 및 줌",자연/야외 미학,"도전과 승부욕, 참여와 임장감","SD/치비 캐릭터, 성장 지표, 군단/대규모 유닛",2.5D 입체 그래픽,경고 연출로 몰입도를 높이고 쉬운 성장을 강조해 진입 장벽 완화. 대규모 레이드 소재 확장을 통한 중장기 성과 기대.
260406_VID_A-Mob-Adventure01A-UA_V_1080x1920_EN;https://www.youtube.com/watch?v=nIYkYZ-JFj0,YouTube 동영상,HQ_HQ_PH_SEA-EN_GA_NU_AD_ACA-PU_260430,M_1844_INTEREST_GENRE_ALL_NONE_260430_3,2026-04-30,1,KRW,1057,407,3,0,VID,세로형,2026-04-06,A,Mob,Adventure01A,EN;https://www,260406_VID_A-Mob-Adventure01A-UA_V_1080x1920_EN,A-Mob-Adventure01A-UA,https://www.youtube.com/watch?v=nIYkYZ-JFj0,"비주얼 임팩트, 성장 비포애프터",긴박함,TRUE,,없음,"WARNING, GOBLINS INCOMING!, Goblins? Easy! Level UP! UP!, Power Boost! BOOM! BOOM!, Strategic deployment!, Get ready for BATTLE!","편의성, 전략성",AFK 기능,8인 실시간 전투,고블린,카르벨,렐릭 탐험 어드벤처,스마트폰 UI 팝업 연출,"시뮬레이션 및 관리, 장애물 및 도전","텍스트 오버레이, 클로즈업 및 줌",자연/야외 미학,"도전과 승부욕, 만족과 성취감","SD/치비 캐릭터, 성장 지표, 군단/대규모 유닛",2.5D 입체 그래픽,세로형 피드 최적화 UI와 마을 습격 반전 연출로 이탈 방지. 직관적 레벨업과 전략적 배치 중심의 성장 쾌감을 자극해 숏폼 환경 내 높은 시청 유지율 및 전환율 기대.
Cute but Powerful Squad,광고 제목,HQ_HQ_PH_SEA-EN_GA_NU_AD_ACA-PU_260430,M_1844_INTEREST_GENRE_ALL_NONE_260430,2026-04-30,1,KRW,1957,"2,111",6,0,TXT,,,,,,,,,,,,,,,,,,,,,,,,,,,,,
Let’s Hunt for Treasure!,광고 제목,HQ_HQ_PH_SEA-EN_GA_NU_AD_ACA-PU_260430,M_1844_INTEREST_GENRE_ALL_NONE_260430,2026-04-30,1,KRW,1820,"2,409",10,0,TXT,,,,,,,,,,,,,,,,,,,,,,,,,,,,,
Pepp Heroes,광고 제목,HQ_HQ_PH_SEA-EN_GA_NU_AD_ACA-PU_260430,M_1844_INTEREST_GENRE_ALL_NONE_260430,2026-04-30,4,KRW,1993,"2,200",20,0,TXT,,,,,,,,,,,,,,,,,,,,,,,,,,,,,
Play for Free,광고 제목,HQ_HQ_PH_SEA-EN_GA_NU_AD_ACA-PU_260430,M_1844_INTEREST_GENRE_ALL_NONE_260430,2026-04-30,1,KRW,2130,"2,309",13,0,TXT,,,,,,,,,,,,,,,,,,,,,,,,,,,,,
"Your RPG, In Your Hands",광고 제목,HQ_HQ_PH_SEA-EN_GA_NU_AD_ACA-PU_260430,M_1844_INTEREST_GENRE_ALL_NONE_260430,2026-04-30,2,KRW,1851,"2,131",10,0,TXT,,,,,,,,,,,,,,,,,,,,,,,,,,,,,
Adorable Yet Powerful! Collect Heroes With Diverse Charms,설명,HQ_HQ_PH_SEA-EN_GA_NU_AD_ACA-PU_260430,M_1844_INTEREST_GENRE_ALL_NONE_260430,2026-04-30,3,KRW,2277,"2,877",17,0,TXT,,,,,,,,,,,,,,,,,,,,,,,,,,,,,
Clock Out and Start Your Treasure Hunt!,설명,HQ_HQ_PH_SEA-EN_GA_NU_AD_ACA-PU_260430,M_1844_INTEREST_GENRE_ALL_NONE_260430,2026-04-30,2,KRW,1888,"2,675",9,0,TXT,,,,,,,,,,,,,,,,,,,,,,,,,,,,,
Get Rewards Worth $100! Play Now!,설명,HQ_HQ_PH_SEA-EN_GA_NU_AD_ACA-PU_260430,M_1844_INTEREST_GENRE_ALL_NONE_260430,2026-04-30,0,KRW,2008,"3,195",16,0,TXT,,,,,,,,,,,,,,,,,,,,,,,,,,,,,
Strategic Battles With Heroes Full of Personality! Win With Your Own Squad,설명,HQ_HQ_PH_SEA-EN_GA_NU_AD_ACA-PU_260430,M_1844_INTEREST_GENRE_ALL_NONE_260430,2026-04-30,1,KRW,1674,"2,191",12,0,TXT,,,,,,,,,,,,,,,,,,,,,,,,,,,,,
Unique Hero Skills and Synergies! The Collectible RPG of Endless Team Combinations,설명,HQ_HQ_PH_SEA-EN_GA_NU_AD_ACA-PU_260430,M_1844_INTEREST_GENRE_ALL_NONE_260430,2026-04-30,0,KRW,2148,"2,314",8,0,TXT,,,,,,,,,,,,,,,,,,,,,,,,,,,,,
251104_BNR_A-Character-Adventure01A-DA_L_1200x628_EN.jpg;https://tpc.googlesyndication.com/simgad/7852267225455295083,가로형 이미지,HQ_HQ_PH_SEA-EN_GA_NU_AD_ACA-PU_260430,M_1844_INTEREST_GENRE_ALL_NONE_260430,2026-04-30,1,KRW,54,298,1,0,BNR,가로형,2025-11-04,A,Character,Adventure01A,EN,251104_BNR_A-Character-Adventure01A-DA_L_1200x628_EN,A-Character-Adventure01A-DA,https://tpc.googlesyndication.com/simgad/7852267225455295083,"비주얼 임팩트, 캐릭터/유닛 외형",,,,,PEPP HEROES,"아트 퀄리티, 캐릭터, 수집형RPG","5인 분대 전투, 수집형 RPG",,"마그 탐험대, 고블린",카르벨(Karbel),렐릭 탐험 어드벤처,2.5D 입체 월드 강조,"전투 및 액션, 탐험 및 발견",텍스트 오버레이,자연/야외 미학,"도전과 승부욕, 수집욕/소유욕","인간형 영웅, SD/치비 캐릭터, 거대 보스","2.5D 입체 그래픽, 2D 일러스트",와이드 뷰로 보스 대립 및 레이드 강조. 소부대 전투의 스케일감으로 타겟 공략. SNS 최적화와 보상 정보 추가로 유입 및 전환 극대화.
251104_BNR_A-Character-Adventure01A-DA_S_1200x1200_EN.jpg;https://tpc.googlesyndication.com/simgad/13260462268912176542,가로형 이미지,HQ_HQ_PH_SEA-EN_GA_NU_AD_ACA-PU_260430,M_1844_INTEREST_GENRE_ALL_NONE_260430,2026-04-30,2,KRW,79,334,3,0,BNR,정방형,2025-11-04,A,Character,Adventure01A,EN,251104_BNR_A-Character-Adventure01A-DA_S_1200x1200_EN,A-Character-Adventure01A-DA,https://tpc.googlesyndication.com/simgad/13260462268912176542,"비주얼 임팩트, 캐릭터/유닛 외형",,,,,PEPP HEROES,"아트 퀄리티, 캐릭터, 수집형RPG","5인 분대 전투, 수집형 RPG",,"마그 탐험대, 고블린",카르벨(Karbel),렐릭 탐험 어드벤처,2.5D 입체 월드 강조,"전투 및 액션, 탐험 및 발견",텍스트 오버레이,자연/야외 미학,"참여와 임장감, 수집욕/소유욕","인간형 영웅, SD/치비 캐릭터, 거대 보스","2.5D 입체 그래픽, 2D 일러스트",독창적인 2.5D 비주얼과 코어한 전투 재미로 RPG 유저 공략. 북미·글로벌 시장의 높은 CTR을 기반으로 SSR 소환 연출을 활용해 CVR 최적화.
251104_BNR_A-Character-Adventure01A-DA_V_1200x1500_EN.jpg;https://tpc.googlesyndication.com/simgad/11060997048456614631,가로형 이미지,HQ_HQ_PH_SEA-EN_GA_NU_AD_ACA-PU_260430,M_1844_INTEREST_GENRE_ALL_NONE_260430,2026-04-30,1,KRW,315,237,6,0,BNR,세로형,2025-11-04,A,Character,Adventure01A,EN,251104_BNR_A-Character-Adventure01A-DA_V_1200x1500_EN,A-Character-Adventure01A-DA,https://tpc.googlesyndication.com/simgad/11060997048456614631,"비주얼 임팩트, 캐릭터/유닛 외형",,,,,PEPP HEROES,"아트 퀄리티, 캐릭터, 수집형RPG","5인 분대 전투, 수집형 RPG",,"마그 탐험대, 고블린",카르벨(Karbel),렐릭 탐험 어드벤처,2.5D 입체 월드 강조,"전투 및 액션, 탐험 및 발견",텍스트 오버레이,자연/야외 미학,"수집욕/소유욕, 만족과 성취감","인간형 영웅, SD/치비 캐릭터, 거대 보스","2.5D 입체 그래픽, 2D 일러스트",캐릭터 케미와 조합 시각화로 SSR 수집 재미 자극. 속성 상성 강조 소재로 고관여 유저 공략 및 확장.
260406_BNR_A-Character-Adventure02A-DA_L_1200x628_EN.jpg;https://tpc.googlesyndication.com/simgad/7571534943945847205,가로형 이미지,HQ_HQ_PH_SEA-EN_GA_NU_AD_ACA-PU_260430,M_1844_INTEREST_GENRE_ALL_NONE_260430,2026-04-30,2,KRW,105,158,6,0,BNR,가로형,2026-04-06,A,Character,Adventure02A,EN,260406_BNR_A-Character-Adventure02A-DA_L_1200x628_EN,A-Character-Adventure02A-DA,https://tpc.googlesyndication.com/simgad/7571534943945847205,"캐릭터/유닛 외형, 비주얼 임팩트",,,,,"PEPP HEROES: RELIC QUEST, PRE-REGISTER NOW","아트 퀄리티, 릴리즈 예고, 캐릭터, 수집형RPG",용병 모집(Gacha),렐릭 퀘스트,마그 탐험대,샤일린(Shylin),렐릭 탐험 어드벤처,,수집 및 도감,텍스트 오버레이,자연/야외 미학,"수집욕/소유욕, 참여와 임장감",,"2.5D 입체 그래픽, 2D 일러스트",샤일린 비주얼을 활용해 2.5D 미학적 만족감을 강조하고 사전예약을 유도함. 고관여 유저 대상 높은 CTR이 기대되며 캐릭터 시너지 소재로 확장 계획임.
260406_BNR_A-Character-Adventure02A-DA_S_1200x1200_EN.jpg;https://tpc.googlesyndication.com/simgad/11186665980784424187,가로형 이미지,HQ_HQ_PH_SEA-EN_GA_NU_AD_ACA-PU_260430,M_1844_INTEREST_GENRE_ALL_NONE_260430,2026-04-30,2,KRW,93,355,2,0,BNR,정방형,2026-04-06,A,Character,Adventure02A,EN,260406_BNR_A-Character-Adventure02A-DA_S_1200x1200_EN,A-Character-Adventure02A-DA,https://tpc.googlesyndication.com/simgad/11186665980784424187,"캐릭터/유닛 외형, 비주얼 임팩트",,,,,"PEPP HEROES: RELIC QUEST, PRE-REGISTER NOW","아트 퀄리티, 릴리즈 예고, 캐릭터, 수집형RPG",용병 모집(Gacha),렐릭 퀘스트,마그 탐험대,샤일린(Shylin),렐릭 탐험 어드벤처,,수집 및 도감,텍스트 오버레이,자연/야외 미학,"수집욕/소유욕, 참여와 임장감",,"2.5D 입체 그래픽, 2D 일러스트",정사각형 포맷 내 캐릭터 밀집도를 높여 시선 집중 및 수집 욕구 자극. 인스타그램 등 매체 최적화 및 보상 정보 결합으로 고효율 기대.
260406_BNR_A-Character-Adventure02A-DA_V_1200x1500_EN.jpg;https://tpc.googlesyndication.com/simgad/6053276405209869053,가로형 이미지,HQ_HQ_PH_SEA-EN_GA_NU_AD_ACA-PU_260430,M_1844_INTEREST_GENRE_ALL_NONE_260430,2026-04-30,0,KRW,171,517,1,0,BNR,세로형,2026-04-06,A,Character,Adventure02A,EN,260406_BNR_A-Character-Adventure02A-DA_V_1200x1500_EN,A-Character-Adventure02A-DA,https://tpc.googlesyndication.com/simgad/6053276405209869053,"캐릭터/유닛 외형, 비주얼 임팩트",,,,,"PEPP HEROES: RELIC QUEST, PRE-REGISTER NOW","아트 퀄리티, 릴리즈 예고, 캐릭터, 수집형RPG",용병 모집(Gacha),렐릭 퀘스트,마그 탐험대,샤일린(Shylin),렐릭 탐험 어드벤처,,수집 및 도감,텍스트 오버레이,자연/야외 미학,"수집욕/소유욕, 참여와 임장감",,"2.5D 입체 그래픽, 2D 일러스트",세로형 피드 최적화와 2.5D 배경으로 어드벤처 컨셉 전달. 영웅 캐릭터를 강조해 탐험 욕구를 자극하며 SNS 뉴스피드 내 높은 CTR 성과 기대함.
260406_BNR_A-Character-Life01A-DA_L_1200x628_EN.jpg;https://tpc.googlesyndication.com/simgad/4842260928888903016,가로형 이미지,HQ_HQ_PH_SEA-EN_GA_NU_AD_ACA-PU_260430,M_1844_INTEREST_GENRE_ALL_NONE_260430,2026-04-30,1,KRW,677,"1,932",11,0,BNR,가로형,2026-04-06,A,Character,Life01A,EN,260406_BNR_A-Character-Life01A-DA_L_1200x628_EN,A-Character-Life01A-DA,https://tpc.googlesyndication.com/simgad/4842260928888903016,"캐릭터/유닛 외형, 비주얼 임팩트",,,,,"PEPP HEROES, PLAY FOR FREE","아트 퀄리티, 전략성, 수집형RPG","8인 실시간 전투, 8종 직업 및 4종 클래스 체계","렐릭 퀘스트, 8인 실시간 전투",마그 탐험대,카르벨(Karbel),"렐릭 탐험 어드벤처, 히어로 수집 육성",,"수집 및 도감, 탐험 및 발견","텍스트 오버레이, 심플/클린 UI",자연/야외 미학,"휴식과 힐링, 수집욕/소유욕","SD/치비 캐릭터, 인간형 영웅","2.5D 입체 그래픽, 2D 일러스트",2.5D 월드의 공간감을 강조하여 어드벤처 유저를 타겟팅합니다. 리마케팅에 효과적이며 수집 문구 추가로 정보 전달력 보강을 추천합니다.
260406_BNR_A-Character-Life01A-DA_S_1200x1200_EN.jpg;https://tpc.googlesyndication.com/simgad/1365671312776743899,가로형 이미지,HQ_HQ_PH_SEA-EN_GA_NU_AD_ACA-PU_260430,M_1844_INTEREST_GENRE_ALL_NONE_260430,2026-04-30,0,KRW,22,332,1,0,BNR,정방형,2026-04-06,A,Character,Life01A,EN,260406_BNR_A-Character-Life01A-DA_S_1200x1200_EN,A-Character-Life01A-DA,https://tpc.googlesyndication.com/simgad/1365671312776743899,"캐릭터/유닛 외형, 비주얼 임팩트",,,,,"PEPP HEROES, PLAY FOR FREE","아트 퀄리티, 캐릭터, 수집형RPG","8인 실시간 전투, 8종 직업 및 4종 클래스 체계","렐릭 퀘스트, 8인 실시간 전투",마그 탐험대,카르벨(Karbel),"렐릭 탐험 어드벤처, 히어로 수집 육성",,"수집 및 도감, 탐험 및 발견","텍스트 오버레이, 심플/클린 UI",자연/야외 미학,"휴식과 힐링, 수집욕/소유욕","SD/치비 캐릭터, 인간형 영웅","2.5D 입체 그래픽, 2D 일러스트","고퀄리티 일러스트와 실제 화면을 합성해 신뢰감을 조성함. 캐주얼 유저의 힐링 욕구를 공략하여 높은 클릭률을 유도하고, 사전예약 보상 강조로 전환율 극대화가 필요함."
260406_BNR_A-Character-Life01A-DA_V_1200x1500_EN.jpg;https://tpc.googlesyndication.com/simgad/4106688461642527637,가로형 이미지,HQ_HQ_PH_SEA-EN_GA_NU_AD_ACA-PU_260430,M_1844_INTEREST_GENRE_ALL_NONE_260430,2026-04-30,1,KRW,82,169,1,0,BNR,세로형,2026-04-06,A,Character,Life01A,EN,260406_BNR_A-Character-Life01A-DA_V_1200x1500_EN,A-Character-Life01A-DA,https://tpc.googlesyndication.com/simgad/4106688461642527637,"캐릭터/유닛 외형, 비주얼 임팩트",,,,,"PEPP HEROES, PLAY FOR FREE","아트 퀄리티, 캐릭터, 수집형RPG","8인 실시간 전투, 8종 직업 및 4종 클래스 체계","렐릭 퀘스트, 8인 실시간 전투",마그 탐험대,카르벨(Karbel),"렐릭 탐험 어드벤처, 히어로 수집 육성",,"수집 및 도감, 탐험 및 발견","텍스트 오버레이, 심플/클린 UI",자연/야외 미학,"휴식과 힐링, 수집욕/소유욕","SD/치비 캐릭터, 인간형 영웅","2.5D 입체 그래픽, 2D 일러스트",중간 비율로 캐릭터 디테일을 강조하여 수집 욕구를 자극합니다. 보스 대치 장면을 대조 삽입하여 도전 욕구를 자극하고 효율을 개선합니다.
260406_BNR_A-Mob-Adventure01A-DA_L_1200x628_EN.jpg;https://tpc.googlesyndication.com/simgad/16600105301133976800,가로형 이미지,HQ_HQ_PH_SEA-EN_GA_NU_AD_ACA-PU_260430,M_1844_INTEREST_GENRE_ALL_NONE_260430,2026-04-30,0,KRW,91,209,3,0,BNR,가로형,2026-04-06,A,Mob,Adventure01A,EN,260406_BNR_A-Mob-Adventure01A-DA_L_1200x628_EN,A-Mob-Adventure01A-DA,https://tpc.googlesyndication.com/simgad/16600105301133976800,"캐릭터/유닛 외형, 비주얼 임팩트",,,,,"Peppy & Ready to Fight, PLAY FOR FREE","아트 퀄리티, 캐릭터, 수집형RPG",8인 실시간 전투,8종 직업 및 4종 클래스 체계,고블린,,렐릭 탐험 어드벤처,몬스터 군단 중심의 구도,"전투 및 액션, 탐험 및 발견",텍스트 오버레이,자연/야외 미학,"참여와 임장감, 수집욕/소유욕","SD/치비 캐릭터, 군단/대규모 유닛","2.5D 입체 그래픽, 2D 일러스트",몬스터 군단과 2.5D 아트 중심의 모험 소구. 독특한 크리처 디자인으로 고관여 유저의 CTR 유도 및 전략적 시너지 강조.
260406_BNR_A-Mob-Adventure01A-DA_S_1200x1200_EN.jpg;https://tpc.googlesyndication.com/simgad/9569657006008026943,가로형 이미지,HQ_HQ_PH_SEA-EN_GA_NU_AD_ACA-PU_260430,M_1844_INTEREST_GENRE_ALL_NONE_260430,2026-04-30,0,KRW,84,914,4,0,BNR,정방형,2026-04-06,A,Mob,Adventure01A,EN,260406_BNR_A-Mob-Adventure01A-DA_S_1200x1200_EN,A-Mob-Adventure01A-DA,https://tpc.googlesyndication.com/simgad/9569657006008026943,"캐릭터/유닛 외형, 비주얼 임팩트",,,,,"Peppy & Ready to Fight, PLAY FOR FREE","아트 퀄리티, 캐릭터, 수집형RPG",8인 실시간 전투,8종 직업 및 4종 클래스 체계,고블린,,렐릭 탐험 어드벤처,몬스터 군단 중심의 구도,"전투 및 액션, 탐험 및 발견",텍스트 오버레이,자연/야외 미학,"참여와 임장감, 수집욕/소유욕","SD/치비 캐릭터, 군단/대규모 유닛","2.5D 입체 그래픽, 2D 일러스트","1:1 비율로 SD 캐릭터의 디테일과 2.5D 비주얼을 강조함. 높은 아트 퀄리티로 유저 시선을 유도하며, 시간 및 날씨 변화를 활용한 소재 확장을 제안함."
260406_BNR_A-Mob-Adventure01A-DA_V_1200x1500_EN.jpg;https://tpc.googlesyndication.com/simgad/16351660437053448831,가로형 이미지,HQ_HQ_PH_SEA-EN_GA_NU_AD_ACA-PU_260430,M_1844_INTEREST_GENRE_ALL_NONE_260430,2026-04-30,0,KRW,207,1,1,0,BNR,세로형,2026-04-06,A,Mob,Adventure01A,EN,260406_BNR_A-Mob-Adventure01A-DA_V_1200x1500_EN,A-Mob-Adventure01A-DA,https://tpc.googlesyndication.com/simgad/16351660437053448831,"캐릭터/유닛 외형, 비주얼 임팩트",,,,,"Peppy & Ready to Fight, PLAY FOR FREE","아트 퀄리티, 캐릭터, 수집형RPG",8인 실시간 전투,8종 직업 및 4종 클래스 체계,고블린,,렐릭 탐험 어드벤처,몬스터 군단 중심의 구도,"전투 및 액션, 탐험 및 발견",텍스트 오버레이,자연/야외 미학,"참여와 임장감, 수집욕/소유욕","SD/치비 캐릭터, 군단/대규모 유닛","2.5D 입체 그래픽, 2D 일러스트",플랫폼별 규격 대응 및 캐릭터 위계 유지로 브랜드 각인. 모험의 설렘을 유발하는 구도로 범용적 성과 기대. 사전예약 보상 아이콘 오버레이로 보상 심리 자극 및 효율 극대화.
260406_VID_A-Character-Collection01B-UA_S_1080x1080_EN;https://www.youtube.com/watch?v=cTfY4JpFc-s,YouTube 동영상,HQ_HQ_PH_SEA-EN_GA_NU_AD_ACA-PU_260430,M_1844_INTEREST_GENRE_ALL_NONE_260430,2026-04-30,14,KRW,48879,"15,207",54,0,VID,정방형,2026-04-06,A,Character,Collection01B,EN;https://www,260406_VID_A-Character-Collection01B-UA_S_1080x1080_EN,A-Character-Collection01B-UA,https://www.youtube.com/watch?v=cTfY4JpFc-s,"질문/선택형, 캐릭터/유닛 외형",경쾌함,TRUE,,없음,"CHOOSE YOUR HERO, HUGO, KARBEL, MONAD","캐릭터, 수집형RPG, 전략성",용병 모집(Gacha),DIY 픽업 시스템,마그 탐험대,"휴고, 카르벨, 모나드",히어로 수집 육성,남성 캐릭터 위주 배치,수집 및 도감,"텍스트 오버레이, 분할 화면",심플/클린 UI,수집욕/소유욕,"SD/치비 캐릭터, 인간형 영웅",2D 일러스트,캐릭터 구성 대조를 통한 타겟 취향별 효율 분석. 탱커 및 딜러 중심 덱 선호 심리 공략하며 캐릭터 조합 변주 소재로 리타겟팅 광고 활용 권장.
260406_VID_A-Character-Combat01A-UA_L_1920x1080_EN;https://www.youtube.com/watch?v=2W7-0AV2mfg,YouTube 동영상,HQ_HQ_PH_SEA-EN_GA_NU_AD_ACA-PU_260430,M_1844_INTEREST_GENRE_ALL_NONE_260430,2026-04-30,4,KRW,13288,"2,060",23,0,VID,가로형,2026-04-06,A,Character,Combat01A,EN;https://www,260406_VID_A-Character-Combat01A-UA_L_1920x1080_EN,A-Character-Combat01A-UA,https://www.youtube.com/watch?v=2W7-0AV2mfg,"비주얼 임팩트, 캐릭터/유닛 외형",긴박함,TRUE,,없음,"VINESSA, A DARK WIZARD WHO DOMINATES THE FIELD, SOPHIA, REMOVES ALL DEBUFFS! THE KEY TO SURVIVAL, BERNETA, A SYNERGY DEALER THAT PERFECTS YOUR TEAM, PLAY FOR FREE","아트 퀄리티, 캐릭터, 수집형RPG, 전략성",용병 모집,스킬 컷신 연출,마그 탐험대,"Vinessa, Sophia, Berneta",렐릭 탐험 어드벤처,캐릭터별 스킬 특징 강조,전투 및 액션,"텍스트 오버레이, 클로즈업 및 줌",자연/야외 미학,"도전과 승부욕, 수집욕/소유욕","인간형 영웅, SD/치비 캐릭터, 성장 지표","2.5D 입체 그래픽, 2D 일러스트",인게임 전투와 일러스트 교차 편집으로 몰입도 극대화. 캐릭터 스킬 및 시너지로 전략적 호기심 자극. 플레이 영상 기반 안정적 CVR 확보 및 캐릭터 속성 대비 변주 제안.
260406_VID_A-Character-Combat01A-UA_S_1080x1080_EN;https://www.youtube.com/watch?v=jnNAzjzUw8o,YouTube 동영상,HQ_HQ_PH_SEA-EN_GA_NU_AD_ACA-PU_260430,M_1844_INTEREST_GENRE_ALL_NONE_260430,2026-04-30,25,KRW,44165,"17,099",77,0,VID,정방형,2026-04-06,A,Character,Combat01A,EN;https://www,260406_VID_A-Character-Combat01A-UA_S_1080x1080_EN,A-Character-Combat01A-UA,https://www.youtube.com/watch?v=jnNAzjzUw8o,"비주얼 임팩트, 캐릭터/유닛 외형",긴박함,TRUE,,없음,"VINESSA, A DARK WIZARD WHO DOMINATES THE FIELD, SOPHIA, REMOVES ALL DEBUFFS! THE KEY TO SURVIVAL, BERNETA, A SYNERGY DEALER THAT PERFECTS YOUR TEAM, PLAY FOR FREE","아트 퀄리티, 캐릭터, 수집형RPG, 전략성",용병 모집,스킬 컷신 연출,마그 탐험대,"Vinessa, Sophia, Berneta",렐릭 탐험 어드벤처,캐릭터별 스킬 특징 강조,전투 및 액션,"텍스트 오버레이, 클로즈업 및 줌",자연/야외 미학,"도전과 승부욕, 수집욕/소유욕","인간형 영웅, SD/치비 캐릭터, 성장 지표","2.5D 입체 그래픽, 2D 일러스트",SSR 비네사 비주얼을 초반에 배치해 RPG 팬덤 시선 확보. 고퀄리티 애니메이션으로 캐릭터 소유욕을 자극하며 스킬 콤보 시리즈로 소재 확장 가능.
260406_VID_A-Character-Combat01A-UA_V_1080x1920_EN;https://www.youtube.com/watch?v=tHmXhOKu33A,YouTube 동영상,HQ_HQ_PH_SEA-EN_GA_NU_AD_ACA-PU_260430,M_1844_INTEREST_GENRE_ALL_NONE_260430,2026-04-30,10,KRW,16979,"5,569",32,"4,414.60",VID,세로형,2026-04-06,A,Character,Combat01A,EN;https://www,260406_VID_A-Character-Combat01A-UA_V_1080x1920_EN,A-Character-Combat01A-UA,https://www.youtube.com/watch?v=tHmXhOKu33A,"비주얼 임팩트, 캐릭터/유닛 외형",긴박함,TRUE,,없음,"VINESSA, A DARK WIZARD WHO DOMINATES THE FIELD, SOPHIA, REMOVES ALL DEBUFFS! THE KEY TO SURVIVAL, BERNETA, A SYNERGY DEALER THAT PERFECTS YOUR TEAM, PLAY FOR FREE","아트 퀄리티, 캐릭터, 수집형RPG, 전략성",용병 모집,스킬 컷신 연출,마그 탐험대,"Vinessa, Sophia, Berneta",렐릭 탐험 어드벤처,캐릭터별 스킬 특징 강조,전투 및 액션,"텍스트 오버레이, 클로즈업 및 줌",자연/야외 미학,"도전과 승부욕, 수집욕/소유욕","인간형 영웅, SD/치비 캐릭터, 성장 지표","2.5D 입체 그래픽, 2D 일러스트",숏폼 최적화 세로 분할 화면으로 캐릭터와 전투 연출 강조. 한 손 플레이 선호 심리를 공략하여 틱톡 및 릴스 내 높은 조회수 확보 기대.
260406_VID_A-Character-Combat01B-UA_L_1920x1080_EN;https://www.youtube.com/watch?v=d4rVTfnnYhg,YouTube 동영상,HQ_HQ_PH_SEA-EN_GA_NU_AD_ACA-PU_260430,M_1844_INTEREST_GENRE_ALL_NONE_260430,2026-04-30,4,KRW,6119,"2,706",18,0,VID,가로형,2026-04-06,A,Character,Combat01B,EN;https://www,260406_VID_A-Character-Combat01B-UA_L_1920x1080_EN,A-Character-Combat01B-UA,https://www.youtube.com/watch?v=d4rVTfnnYhg,"비주얼 임팩트, 캐릭터/유닛 외형",긴박함,TRUE,,없음,"HUGO, An indomitable warrior..., MONAD, A sage who devastates..., KARBEL, A fiery dealer..., PLAY FOR FREE","전략성, 아트 퀄리티",용병 모집,8인 실시간 전투,마그 탐험대,"Hugo, Monad, Karbel",히어로 수집 육성,,전투 및 액션,"텍스트 오버레이, 클로즈업 및 줌",자연/야외 미학,"도전과 승부욕, 수집욕/소유욕","인간형 영웅, SD/치비 캐릭터, 성장 지표","2.5D 입체 그래픽, 2D 일러스트",16:9 뷰로 넓은 전장과 스킬 강조. 화려한 연출로 타격감 선호 유저 공략. 전투 선호층 대상 높은 전환율 기대.
260406_VID_A-Character-Combat01B-UA_S_1080x1080_EN;https://www.youtube.com/watch?v=tcTIYuJi7pM,YouTube 동영상,HQ_HQ_PH_SEA-EN_GA_NU_AD_ACA-PU_260430,M_1844_INTEREST_GENRE_ALL_NONE_260430,2026-04-30,12,KRW,3189,847,20,0,VID,정방형,2026-04-06,A,Character,Combat01B,EN;https://www,260406_VID_A-Character-Combat01B-UA_S_1080x1080_EN,A-Character-Combat01B-UA,https://www.youtube.com/watch?v=tcTIYuJi7pM,"비주얼 임팩트, 캐릭터/유닛 외형",긴박함,TRUE,,없음,"HUGO, An indomitable warrior..., MONAD, A sage who devastates..., KARBEL, A fiery dealer..., PLAY FOR FREE","전략성, 아트 퀄리티",용병 모집,8인 실시간 전투,마그 탐험대,"Hugo, Monad, Karbel",히어로 수집 육성,,전투 및 액션,"텍스트 오버레이, 클로즈업 및 줌",자연/야외 미학,"도전과 승부욕, 수집욕/소유욕","인간형 영웅, SD/치비 캐릭터, 성장 지표","2.5D 입체 그래픽, 2D 일러스트",소피아의 생존 및 지원 능력과 팀 시너지를 강조해 전략적 유저 공략. 비네사 소재 A/B 테스트로 타겟별 선호 캐릭터 최적화 및 성과 확장 도모.
260406_VID_A-Character-Combat01B-UA_V_1080x1920_EN;https://www.youtube.com/watch?v=rrd-TGZqEqc,YouTube 동영상,HQ_HQ_PH_SEA-EN_GA_NU_AD_ACA-PU_260430,M_1844_INTEREST_GENRE_ALL_NONE_260430,2026-04-30,11,KRW,7511,"3,595",19,0,VID,세로형,2026-04-06,A,Character,Combat01B,EN;https://www,260406_VID_A-Character-Combat01B-UA_V_1080x1920_EN,A-Character-Combat01B-UA,https://www.youtube.com/watch?v=rrd-TGZqEqc,"비주얼 임팩트, 캐릭터/유닛 외형",긴박함,TRUE,,없음,"HUGO, An indomitable warrior..., MONAD, A sage who devastates..., KARBEL, A fiery dealer..., PLAY FOR FREE","전략성, 아트 퀄리티",용병 모집,8인 실시간 전투,마그 탐험대,"Hugo, Monad, Karbel",히어로 수집 육성,,전투 및 액션,"텍스트 오버레이, 클로즈업 및 줌",자연/야외 미학,"도전과 승부욕, 수집욕/소유욕","인간형 영웅, SD/치비 캐릭터, 성장 지표","2.5D 입체 그래픽, 2D 일러스트",직관적인 탱딜힐 구성으로 정통 RPG 유저의 파티 니즈 충족. 역할군 조합의 재미를 텍스트로 보강하여 효율 극대화 기대.
260406_VID_A-Charater-Collection01B-UA_L_1920x1080_EN;https://www.youtube.com/watch?v=rRGCh1x6a6M,YouTube 동영상,HQ_HQ_PH_SEA-EN_GA_NU_AD_ACA-PU_260430,M_1844_INTEREST_GENRE_ALL_NONE_260430,2026-04-30,21,KRW,30781,"13,302",154,0,VID,가로형,2026-04-06,A,Charater,Collection01B,EN;https://www,260406_VID_A-Charater-Collection01B-UA_L_1920x1080_EN,A-Charater-Collection01B-UA,https://www.youtube.com/watch?v=rRGCh1x6a6M,"질문/선택형, 캐릭터/유닛 외형",경쾌함,TRUE,,없음,"CHOOSE YOUR HERO, HUGO, PLAY FOR FREE","아트 퀄리티, 전략성",용병 모집,DIY 픽업 시스템,마그 탐험대,Hugo,히어로 수집 육성,,수집 및 도감,"텍스트 오버레이, 클로즈업 및 줌",심플/클린 UI,"수집욕/소유욕, 만족과 성취감","인간형 영웅, SD/치비 캐릭터","2.5D 입체 그래픽, 2D 일러스트","그리드 UI로 풍부한 캐릭터 풀을 어필해 수집 욕구를 자극하며, 캐릭터 강조 엔드카드를 통해 높은 잔존율을 확보합니다."
260406_VID_A-Charater-Collection01B-UA_V_1080x1920_EN;https://www.youtube.com/watch?v=u5diHTUsSOs,YouTube 동영상,HQ_HQ_PH_SEA-EN_GA_NU_AD_ACA-PU_260430,M_1844_INTEREST_GENRE_ALL_NONE_260430,2026-04-30,2,KRW,3871,"3,746",18,0,VID,세로형,2026-04-06,A,Charater,Collection01B,EN;https://www,260406_VID_A-Charater-Collection01B-UA_V_1080x1920_EN,A-Charater-Collection01B-UA,https://www.youtube.com/watch?v=u5diHTUsSOs,"질문/선택형, 캐릭터/유닛 외형",경쾌함,TRUE,,없음,"CHOOSE YOUR HERO, HUGO, PLAY FOR FREE","아트 퀄리티, 전략성",용병 모집,DIY 픽업 시스템,마그 탐험대,Hugo,히어로 수집 육성,캐릭터 픽(Pick) 연출,수집 및 도감,"텍스트 오버레이, 클로즈업 및 줌",심플/클린 UI,"수집욕/소유욕, 만족과 성취감","인간형 영웅, SD/치비 캐릭터","2.5D 입체 그래픽, 2D 일러스트",직접 영웅을 선택하는 인터랙티브 경험으로 기대감 부여. 다양한 영웅 노출을 통해 유저 취향을 공략하고 반복적인 참여 유도.
260406_VID_A-Hooking-Reward02A-FK_L_1920x1080_EN;https://www.youtube.com/watch?v=oRlzfGbT3xY,YouTube 동영상,HQ_HQ_PH_SEA-EN_GA_NU_AD_ACA-PU_260430,M_1844_INTEREST_GENRE_ALL_NONE_260430,2026-04-30,64,KRW,340123,"36,686",230,"5,248.11",VID,가로형,2026-04-06,A,Hooking,Reward02A,EN;https://www,260406_VID_A-Hooking-Reward02A-FK_L_1920x1080_EN,A-Hooking-Reward02A-FK,https://www.youtube.com/watch?v=oRlzfGbT3xY,"실패/분노 유도, 압도적 보상",긴박함,TRUE,,없음,"Tap here to save him!, Help me!, HELP KARBEL CLEAR, Claim your SR character and rewards worth $100!, PLAY FOR FREE",보상,용병 모집,우호도 시스템,마그 탐험대,카르벨(Karbel),히어로 수집 육성,페이크 플레이(구출 미니게임) 형식 활용,퍼즐 및 논리,"손가락 지시선, 텍스트 오버레이",자연/야외 미학,"도전과 승부욕, 만족과 성취감","SD/치비 캐릭터, 재화/보물상자",2D 일러스트,구출 미니게임 방식을 활용해 시청자 이탈을 방지하고 즉각적인 행동을 유도합니다. 대량의 재화 보상으로 성취감을 자극하여 저단가 트래픽 확보 및 높은 클릭률을 공략합니다.
260406_VID_A-Hooking-Reward02A-FK_S_1080x1080_EN;https://www.youtube.com/watch?v=EgLwtP8WjE4,YouTube 동영상,HQ_HQ_PH_SEA-EN_GA_NU_AD_ACA-PU_260430,M_1844_INTEREST_GENRE_ALL_NONE_260430,2026-04-30,11,KRW,9072,"4,959",52,0,VID,정방형,2026-04-06,A,Hooking,Reward02A,EN;https://www,260406_VID_A-Hooking-Reward02A-FK_S_1080x1080_EN,A-Hooking-Reward02A-FK,https://www.youtube.com/watch?v=EgLwtP8WjE4,"실패/분노 유도, 압도적 보상",긴박함,TRUE,,없음,"Tap here to save him!, Help me!, HELP KARBEL CLEAR, Claim your SR character and rewards worth $100!, PLAY FOR FREE",보상,용병 모집,우호도 시스템,마그 탐험대,카르벨(Karbel),히어로 수집 육성,페이크 플레이(구출 미니게임) 형식 활용,퍼즐 및 논리,"손가락 지시선, 텍스트 오버레이",자연/야외 미학,"도전과 승부욕, 만족과 성취감","SD/치비 캐릭터, 재화/보물상자",2D 일러스트,위기 상황 미션과 100달러 보상으로 유저 참여 및 전환 유도. 쉬운 조작성 강조로 진입 장벽을 낮춰 대량 유입용 런칭 소재로 적합.
260406_VID_A-Hooking-Reward02A-FK_V_1080x1920_EN;https://www.youtube.com/watch?v=b7LsalWUDvQ,YouTube 동영상,HQ_HQ_PH_SEA-EN_GA_NU_AD_ACA-PU_260430,M_1844_INTEREST_GENRE_ALL_NONE_260430,2026-04-30,0,KRW,2180,"1,717",8,0,VID,세로형,2026-04-06,A,Hooking,Reward02A,EN;https://www,260406_VID_A-Hooking-Reward02A-FK_V_1080x1920_EN,A-Hooking-Reward02A-FK,https://www.youtube.com/watch?v=b7LsalWUDvQ,"실패/분노 유도, 압도적 보상",긴박함,TRUE,,없음,"Tap here to save him!, Help me!, HELP KARBEL CLEAR, Claim your SR character and rewards worth $100!, PLAY FOR FREE",보상,용병 모집,우호도 시스템,마그 탐험대,카르벨(Karbel),히어로 수집 육성,페이크 플레이(구출 미니게임) 형식 활용,퍼즐 및 논리,"손가락 지시선, 텍스트 오버레이",자연/야외 미학,"도전과 승부욕, 만족과 성취감","SD/치비 캐릭터, 재화/보물상자",2D 일러스트,9:16 세로형 구조로 터치 인터랙션을 극대화하고 FOMO를 자극해 시청 완료율을 높입니다. 캐릭터 활용 및 실패 연출의 A/B 테스트 확장을 제안합니다.
260406_VID_A-Hooking-Reward03A-UA_L_1920x1080_EN;https://www.youtube.com/watch?v=XUrzh1Qrk5w,YouTube 동영상,HQ_HQ_PH_SEA-EN_GA_NU_AD_ACA-PU_260430,M_1844_INTEREST_GENRE_ALL_NONE_260430,2026-04-30,7,KRW,6566,"2,325",37,0,VID,가로형,2026-04-06,A,Hooking,Reward03A,EN;https://www,260406_VID_A-Hooking-Reward03A-UA_L_1920x1080_EN,A-Hooking-Reward03A-UA,https://www.youtube.com/watch?v=XUrzh1Qrk5w,"압도적 보상, 실패/분노 유도",경쾌함,TRUE,,없음,"WARNING Skip and you will lose your $100 rewards, Tap within 5 Seconds, SR, PLAY FOR FREE!, Claim your SR character and rewards worth $100!",보상,용병 모집,,마그 탐험대,Karbel,히어로 수집 육성,$100 가치 혜택 강조,수집 및 도감,"손가락 지시선, 텍스트 오버레이",심플/클린 UI,"만족과 성취감, 수집욕/소유욕","재화/보물상자, SD/치비 캐릭터","2D 일러스트, 2.5D 입체 그래픽","가로 화면을 활용한 화려한 연출로 시각적 몰입감을 높이고, 보상 상실에 대한 FOMO 심리를 자극하여 가로형 매체 타겟 광고 효율을 극대화함."
260406_VID_A-Hooking-Reward03A-UA_S_1080x1080_EN;https://www.youtube.com/watch?v=VGJB5tDWops,YouTube 동영상,HQ_HQ_PH_SEA-EN_GA_NU_AD_ACA-PU_260430,M_1844_INTEREST_GENRE_ALL_NONE_260430,2026-04-30,2,KRW,1530,487,4,0,VID,정방형,2026-04-06,A,Hooking,Reward03A,EN;https://www,260406_VID_A-Hooking-Reward03A-UA_S_1080x1080_EN,A-Hooking-Reward03A-UA,https://www.youtube.com/watch?v=VGJB5tDWops,"압도적 보상, 실패/분노 유도",경쾌함,TRUE,,없음,"WARNING Skip and you will lose your $100 rewards, Tap within 5 Seconds, SR, PLAY FOR FREE!, Claim your SR character and rewards worth $100!",보상,용병 모집,,마그 탐험대,Karbel,히어로 수집 육성,$100 가치 혜택 강조,수집 및 도감,"손가락 지시선, 텍스트 오버레이",심플/클린 UI,"만족과 성취감, 수집욕/소유욕","재화/보물상자, SD/치비 캐릭터","2D 일러스트, 2.5D 입체 그래픽",부정적 후킹과 시간 제한으로 클릭 유도. $100 가치 및 SR 확정으로 수익 구체화. 높은 CVR 예상되며 보상 변주를 통한 라이브 옵스 제안.
260406_VID_A-Hooking-Reward03A-UA_V_1080x1920_EN;https://www.youtube.com/watch?v=jA_HAiz95x4,YouTube 동영상,HQ_HQ_PH_SEA-EN_GA_NU_AD_ACA-PU_260430,M_1844_INTEREST_GENRE_ALL_NONE_260430,2026-04-30,3,KRW,4409,"1,471",18,0,VID,세로형,2026-04-06,A,Hooking,Reward03A,EN;https://www,260406_VID_A-Hooking-Reward03A-UA_V_1080x1920_EN,A-Hooking-Reward03A-UA,https://www.youtube.com/watch?v=jA_HAiz95x4,"압도적 보상, 실패/분노 유도",경쾌함,TRUE,,없음,"WARNING Skip and you will lose your $100 rewards, Tap within 5 Seconds, SR, PLAY FOR FREE!, Claim your SR character and rewards worth $100!",보상,용병 모집,,마그 탐험대,Karbel,히어로 수집 육성,$100 가치 혜택 강조,수집 및 도감,"손가락 지시선, 텍스트 오버레이",심플/클린 UI,"만족과 성취감, 수집욕/소유욕","재화/보물상자, SD/치비 캐릭터","2D 일러스트, 2.5D 입체 그래픽",도발적 문구와 타이머로 이탈을 방지하고 FOMO 심리를 자극함. 보상형 인벤토리 활용을 통해 UA 매체에서 압도적 전환율 달성 기대.
260406_VID_A-Mob-Adventure01A-UA_L_1920x1080_EN;https://www.youtube.com/watch?v=hVmkPdIsz70,YouTube 동영상,HQ_HQ_PH_SEA-EN_GA_NU_AD_ACA-PU_260430,M_1844_INTEREST_GENRE_ALL_NONE_260430,2026-04-30,1,KRW,2004,708,11,0,VID,가로형,2026-04-06,A,Mob,Adventure01A,EN;https://www,260406_VID_A-Mob-Adventure01A-UA_L_1920x1080_EN,A-Mob-Adventure01A-UA,https://www.youtube.com/watch?v=hVmkPdIsz70,"비주얼 임팩트, 성장 비포애프터",긴박함,TRUE,,없음,"WARNING, GOBLINS INCOMING!, Goblins? Easy! Level UP! UP!, Power Boost! BOOM! BOOM!, Strategic deployment!, Get ready for BATTLE!","편의성, 전략성",AFK 기능,8인 실시간 전투,고블린,카르벨,렐릭 탐험 어드벤처,스마트폰 UI 팝업 연출,"시뮬레이션 및 관리, 장애물 및 도전","텍스트 오버레이, 클로즈업 및 줌",자연/야외 미학,"도전과 승부욕, 만족과 성취감","SD/치비 캐릭터, 성장 지표, 군단/대규모 유닛",2.5D 입체 그래픽,16:9 화면 대비로 대규모 전투와 모바일 최적화 강조. 방치형 육성 선호 유저 타겟으로 핵심 시스템 소구 및 브랜딩·퍼포먼스 효율 기대.
260406_VID_A-Mob-Adventure01A-UA_S_1080x1080_EN;https://www.youtube.com/watch?v=LMKl0g6yRJU,YouTube 동영상,HQ_HQ_PH_SEA-EN_GA_NU_AD_ACA-PU_260430,M_1844_INTEREST_GENRE_ALL_NONE_260430,2026-04-30,3,KRW,1072,424,5,0,VID,정방형,2026-04-06,A,Mob,Adventure01A,EN;https://www,260406_VID_A-Mob-Adventure01A-UA_S_1080x1080_EN,A-Mob-Adventure01A-UA,https://www.youtube.com/watch?v=LMKl0g6yRJU,"비주얼 임팩트, 성장 비포애프터",긴박함,TRUE,,없음,"WARNING, GOBLINS INCOMING!, Goblins? Easy! Level UP! UP!, Power Boost! BOOM! BOOM!, Strategic deployment!, Get ready for BATTLE!","편의성, 전략성",AFK 기능,8인 실시간 전투,고블린,카르벨,렐릭 탐험 어드벤처,스마트폰 UI 팝업 연출,"시뮬레이션 및 관리, 장애물 및 도전","텍스트 오버레이, 클로즈업 및 줌",자연/야외 미학,"도전과 승부욕, 참여와 임장감","SD/치비 캐릭터, 성장 지표, 군단/대규모 유닛",2.5D 입체 그래픽,경고 연출로 몰입도를 높이고 쉬운 성장을 강조해 진입 장벽 완화. 대규모 레이드 소재 확장을 통한 중장기 성과 기대.
260406_VID_A-Mob-Adventure01A-UA_V_1080x1920_EN;https://www.youtube.com/watch?v=nIYkYZ-JFj0,YouTube 동영상,HQ_HQ_PH_SEA-EN_GA_NU_AD_ACA-PU_260430,M_1844_INTEREST_GENRE_ALL_NONE_260430,2026-04-30,10,KRW,8559,"2,808",20,0,VID,세로형,2026-04-06,A,Mob,Adventure01A,EN;https://www,260406_VID_A-Mob-Adventure01A-UA_V_1080x1920_EN,A-Mob-Adventure01A-UA,https://www.youtube.com/watch?v=nIYkYZ-JFj0,"비주얼 임팩트, 성장 비포애프터",긴박함,TRUE,,없음,"WARNING, GOBLINS INCOMING!, Goblins? Easy! Level UP! UP!, Power Boost! BOOM! BOOM!, Strategic deployment!, Get ready for BATTLE!","편의성, 전략성",AFK 기능,8인 실시간 전투,고블린,카르벨,렐릭 탐험 어드벤처,스마트폰 UI 팝업 연출,"시뮬레이션 및 관리, 장애물 및 도전","텍스트 오버레이, 클로즈업 및 줌",자연/야외 미학,"도전과 승부욕, 만족과 성취감","SD/치비 캐릭터, 성장 지표, 군단/대규모 유닛",2.5D 입체 그래픽,세로형 피드 최적화 UI와 마을 습격 반전 연출로 이탈 방지. 직관적 레벨업과 전략적 배치 중심의 성장 쾌감을 자극해 숏폼 환경 내 높은 시청 유지율 및 전환율 기대.
Cute but Powerful Squad,광고 제목,HQ_HQ_PH_SEA-EN_GA_NU_AD_ACA-PU_260430,M_1844_INTEREST_GENRE_ALL_NONE_260430_2,2026-04-30,1,KRW,868,857,6,0,TXT,,,,,,,,,,,,,,,,,,,,,,,,,,,,,
Let’s Hunt for Treasure!,광고 제목,HQ_HQ_PH_SEA-EN_GA_NU_AD_ACA-PU_260430,M_1844_INTEREST_GENRE_ALL_NONE_260430_2,2026-04-30,2,KRW,1789,"2,144",20,0,TXT,,,,,,,,,,,,,,,,,,,,,,,,,,,,,
Pepp Heroes,광고 제목,HQ_HQ_PH_SEA-EN_GA_NU_AD_ACA-PU_260430,M_1844_INTEREST_GENRE_ALL_NONE_260430_2,2026-04-30,9,KRW,8315,"1,716",63,0,TXT,,,,,,,,,,,,,,,,,,,,,,,,,,,,,
Play for Free,광고 제목,HQ_HQ_PH_SEA-EN_GA_NU_AD_ACA-PU_260430,M_1844_INTEREST_GENRE_ALL_NONE_260430_2,2026-04-30,0,KRW,1615,"1,011",8,0,TXT,,,,,,,,,,,,,,,,,,,,,,,,,,,,,
"Your RPG, In Your Hands",광고 제목,HQ_HQ_PH_SEA-EN_GA_NU_AD_ACA-PU_260430,M_1844_INTEREST_GENRE_ALL_NONE_260430_2,2026-04-30,0,KRW,768,916,3,0,TXT,,,,,,,,,,,,,,,,,,,,,,,,,,,,,
Adorable Yet Powerful! Collect Heroes With Diverse Charms,설명,HQ_HQ_PH_SEA-EN_GA_NU_AD_ACA-PU_260430,M_1844_INTEREST_GENRE_ALL_NONE_260430_2,2026-04-30,2,KRW,1470,"1,733",9,0,TXT,,,,,,,,,,,,,,,,,,,,,,,,,,,,,
Clock Out and Start Your Treasure Hunt!,설명,HQ_HQ_PH_SEA-EN_GA_NU_AD_ACA-PU_260430,M_1844_INTEREST_GENRE_ALL_NONE_260430_2,2026-04-30,5,KRW,1971,"1,543",26,0,TXT,,,,,,,,,,,,,,,,,,,,,,,,,,,,,
Get Rewards Worth $100! Play Now!,설명,HQ_HQ_PH_SEA-EN_GA_NU_AD_ACA-PU_260430,M_1844_INTEREST_GENRE_ALL_NONE_260430_2,2026-04-30,0,KRW,1662,"2,172",15,0,TXT,,,,,,,,,,,,,,,,,,,,,,,,,,,,,
Strategic Battles With Heroes Full of Personality! Win With Your Own Squad,설명,HQ_HQ_PH_SEA-EN_GA_NU_AD_ACA-PU_260430,M_1844_INTEREST_GENRE_ALL_NONE_260430_2,2026-04-30,8,KRW,847,"1,414",14,0,TXT,,,,,,,,,,,,,,,,,,,,,,,,,,,,,
Unique Hero Skills and Synergies! The Collectible RPG of Endless Team Combinations,설명,HQ_HQ_PH_SEA-EN_GA_NU_AD_ACA-PU_260430,M_1844_INTEREST_GENRE_ALL_NONE_260430_2,2026-04-30,3,KRW,1329,"1,497",12,0,TXT,,,,,,,,,,,,,,,,,,,,,,,,,,,,,
260406_BNR_A-Character-100usd01A-DA_L_1200x628_EN.jpg;https://tpc.googlesyndication.com/simgad/128038747177600361,가로형 이미지,HQ_HQ_PH_SEA-EN_GA_NU_AD_ACA-PU_260430,M_1844_INTEREST_GENRE_ALL_NONE_260430_2,2026-04-30,6,KRW,710,296,16,0,BNR,가로형,2026-04-06,A,Character,100usd01A,EN,260406_BNR_A-Character-100usd01A-DA_L_1200x628_EN,A-Character-100usd01A-DA,https://tpc.googlesyndication.com/simgad/128038747177600361,"압도적 보상, 캐릭터/유닛 외형",,,,,"Pre-registration Event, $100, Pre-register and Earn Rewards Worth $100!, Claim Rewards","보상, 릴리즈 예고",용병 모집(Gacha),사전예약 혜택,마그 탐험대,카르벨(Karbel),히어로 수집 육성,,수집 및 도감,"텍스트 오버레이, 클로즈업 및 줌",심플/클린 UI,"수집욕/소유욕, 만족과 성취감","인간형 영웅, 재화/보물상자","2D 일러스트, 2.5D 입체 그래픽","100달러 가치 강조로 사전예약 전환율을 극대화합니다. 보상 강조를 통해 초반 성장 불안을 해소하며, 향후 보상 아이템 노출을 통해 높은 클릭률을 유도합니다."
260406_BNR_A-Character-100usd01A-DA_S_1200x1200_EN.jpg;https://tpc.googlesyndication.com/simgad/10042032527036690642,가로형 이미지,HQ_HQ_PH_SEA-EN_GA_NU_AD_ACA-PU_260430,M_1844_INTEREST_GENRE_ALL_NONE_260430_2,2026-04-30,0,KRW,140,206,1,0,BNR,정방형,2026-04-06,A,Character,100usd01A,EN,260406_BNR_A-Character-100usd01A-DA_S_1200x1200_EN,A-Character-100usd01A-DA,https://tpc.googlesyndication.com/simgad/10042032527036690642,"압도적 보상, 캐릭터/유닛 외형",,,,,"Pre-registration Event, $100, Pre-register and Earn Rewards Worth $100!, Claim Rewards","보상, 릴리즈 예고",용병 모집(Gacha),사전예약 혜택,마그 탐험대,카르벨(Karbel),히어로 수집 육성,,수집 및 도감,"텍스트 오버레이, 클로즈업 및 줌",심플/클린 UI,"수집욕/소유욕, 만족과 성취감","인간형 영웅, 재화/보물상자","2D 일러스트, 2.5D 입체 그래픽",정방형 레이아웃과 $100 보상 텍스트로 시인성을 극대화했습니다. 혜택 중심 소구로 스낵 컬처 타겟의 전환을 유도하며 대비를 높인 A/B 테스트를 제안합니다.
260406_BNR_A-Character-100usd01A-DA_V_1200x1500_EN.jpg;https://tpc.googlesyndication.com/simgad/18256489507350070227,가로형 이미지,HQ_HQ_PH_SEA-EN_GA_NU_AD_ACA-PU_260430,M_1844_INTEREST_GENRE_ALL_NONE_260430_2,2026-04-30,0,KRW,0,86,0,0,BNR,세로형,2026-04-06,A,Character,100usd01A,EN,260406_BNR_A-Character-100usd01A-DA_V_1200x1500_EN,A-Character-100usd01A-DA,https://tpc.googlesyndication.com/simgad/18256489507350070227,"압도적 보상, 캐릭터/유닛 외형",,,,,"Pre-registration Event, $100, Pre-register and Earn Rewards Worth $100!, Claim Rewards","보상, 릴리즈 예고",용병 모집(Gacha),사전예약 혜택,마그 탐험대,카르벨(Karbel),히어로 수집 육성,,수집 및 도감,"텍스트 오버레이, 클로즈업 및 줌",심플/클린 UI,"수집욕/소유욕, 만족과 성취감","인간형 영웅, 재화/보물상자","2D 일러스트, 2.5D 입체 그래픽",고퀄리티 2.5D 그래픽과 일러스트 밀도를 높여 수집 욕구 및 신뢰 형성. 아트 USP 기반의 캐릭터별 선호도 분석과 성과 확장 기대.
260406_BNR_A-Character-Adventure04A-DA_L_1200x628_EN.jpg;https://tpc.googlesyndication.com/simgad/11190732183298883065,가로형 이미지,HQ_HQ_PH_SEA-EN_GA_NU_AD_ACA-PU_260430,M_1844_INTEREST_GENRE_ALL_NONE_260430_2,2026-04-30,0,KRW,46,266,1,0,BNR,가로형,2026-04-06,A,Character,Adventure04A,EN,260406_BNR_A-Character-Adventure04A-DA_L_1200x628_EN,A-Character-Adventure04A-DA,https://tpc.googlesyndication.com/simgad/11190732183298883065,"비주얼 임팩트, 캐릭터/유닛 외형",,,,,PEPP HEROES,"아트 퀄리티, 수집형RPG, 릴리즈 예고","8인 실시간 전투, 수집형 RPG",8인 실시간 전투,"마그 탐험대, 고블린","카르벨(Karbel), 샤일린(Shylin)",히어로 수집 육성,,"전투 및 액션, 장애물 및 도전",텍스트 오버레이,자연/야외 미학,"도전과 승부욕, 참여와 임장감","인간형 영웅, 거대 보스, SD/치비 캐릭터","2.5D 입체 그래픽, 2D 일러스트",SD 영웅과 거대 보스의 대치로 모험심 자극. 정적 RPG 유저에게 액션 소구 및 보상 텍스트로 CTR·CVR 최적화.
260406_BNR_A-Character-Adventure04A-DA_S_1200x1200_EN.jpg;https://tpc.googlesyndication.com/simgad/4078122247307565443,가로형 이미지,HQ_HQ_PH_SEA-EN_GA_NU_AD_ACA-PU_260430,M_1844_INTEREST_GENRE_ALL_NONE_260430_2,2026-04-30,0,KRW,410,542,5,0,BNR,정방형,2026-04-06,A,Character,Adventure04A,EN,260406_BNR_A-Character-Adventure04A-DA_S_1200x1200_EN,A-Character-Adventure04A-DA,https://tpc.googlesyndication.com/simgad/4078122247307565443,"비주얼 임팩트, 캐릭터/유닛 외형",,,,,PEPP HEROES,"아트 퀄리티, 수집형RPG, 릴리즈 예고","8인 실시간 전투, 수집형 RPG",8인 실시간 전투,"마그 탐험대, 고블린","카르벨(Karbel), 샤일린(Shylin)",히어로 수집 육성,,"전투 및 액션, 장애물 및 도전",텍스트 오버레이,자연/야외 미학,"도전과 승부욕, 참여와 임장감","인간형 영웅, 거대 보스, SD/치비 캐릭터","2.5D 입체 그래픽, 2D 일러스트","정방형 규격의 캐릭터 밀집 배치를 통해 스쿼드 일체감을 강조하고, 직업 아이콘 오버레이로 팀 빌딩의 전략적 재미와 영웅의 매력을 소구함."
260406_BNR_A-Character-Adventure04A-DA_V_1200x1500_EN.jpg;https://tpc.googlesyndication.com/simgad/11937984762376226606,가로형 이미지,HQ_HQ_PH_SEA-EN_GA_NU_AD_ACA-PU_260430,M_1844_INTEREST_GENRE_ALL_NONE_260430_2,2026-04-30,0,KRW,5,106,0,0,BNR,세로형,2026-04-06,A,Character,Adventure04A,EN,260406_BNR_A-Character-Adventure04A-DA_V_1200x1500_EN,A-Character-Adventure04A-DA,https://tpc.googlesyndication.com/simgad/11937984762376226606,"비주얼 임팩트, 캐릭터/유닛 외형",,,,,PEPP HEROES,"아트 퀄리티, 수집형RPG, 릴리즈 예고","8인 실시간 전투, 수집형 RPG",8인 실시간 전투,"마그 탐험대, 고블린","카르벨(Karbel), 샤일린(Shylin)",히어로 수집 육성,,"전투 및 액션, 장애물 및 도전",텍스트 오버레이,자연/야외 미학,"도전과 승부욕, 참여와 임장감","인간형 영웅, 거대 보스, SD/치비 캐릭터","2.5D 입체 그래픽, 2D 일러스트",4:5 고정 배너로 가독성 및 브랜드 인지도 제고. 세련된 2D 일러스트로 기술력 신뢰 부여 및 네트워크 광고 효율 극대화. 배경 안개 효과로 후킹력 강화.
260406_BNR_A-Character-Adventure05A-DA_L_1200x628_EN.jpg;https://tpc.googlesyndication.com/simgad/14620542589526622535,가로형 이미지,HQ_HQ_PH_SEA-EN_GA_NU_AD_ACA-PU_260430,M_1844_INTEREST_GENRE_ALL_NONE_260430_2,2026-04-30,0,KRW,302,116,1,0,BNR,가로형,2026-04-06,A,Character,Adventure05A,EN,260406_BNR_A-Character-Adventure05A-DA_L_1200x628_EN,A-Character-Adventure05A-DA,https://tpc.googlesyndication.com/simgad/14620542589526622535,"캐릭터/유닛 외형, 비주얼 임팩트",,,,,Every Hero Needs a Little Pepp,"아트 퀄리티, 수집형RPG, 캐릭터","8인 실시간 전투, 수집형 RPG",렐릭 퀘스트,"마그 탐험대, 고블린","샤일린(Shylin), 카르벨(Karbel)",렐릭 탐험 어드벤처,2.5D 독보적 그래픽 강조,"전투 및 액션, 수집 및 도감","텍스트 오버레이, 클로즈업 및 줌",던전/신전,"수집욕/소유욕, 참여와 임장감","인간형 영웅, SD/치비 캐릭터","2.5D 입체 그래픽, 2D 일러스트",독보적인 2.5D 비주얼과 대립 구도로 정체성 각인. 입체적 모험 선사 및 고퀄리티 아트로 글로벌 CTR 유도. SSR 스킬 컷신 활용해 CVR 극대화 기대.
260406_BNR_A-Character-Adventure05A-DA_S_1200x1200_EN.jpg;https://tpc.googlesyndication.com/simgad/13772335840655466460,가로형 이미지,HQ_HQ_PH_SEA-EN_GA_NU_AD_ACA-PU_260430,M_1844_INTEREST_GENRE_ALL_NONE_260430_2,2026-04-30,1,KRW,285,256,4,0,BNR,정방형,2026-04-06,A,Character,Adventure05A,EN,260406_BNR_A-Character-Adventure05A-DA_S_1200x1200_EN,A-Character-Adventure05A-DA,https://tpc.googlesyndication.com/simgad/13772335840655466460,"캐릭터/유닛 외형, 비주얼 임팩트",,,,,Every Hero Needs a Little Pepp,"아트 퀄리티, 수집형RPG, 캐릭터","8인 실시간 전투, 수집형 RPG",렐릭 퀘스트,"마그 탐험대, 고블린","샤일린(Shylin), 카르벨(Karbel)",렐릭 탐험 어드벤처,2.5D 독보적 그래픽 강조,"전투 및 액션, 수집 및 도감","텍스트 오버레이, 클로즈업 및 줌",던전/신전,"수집욕/소유욕, 참여와 임장감","인간형 영웅, SD/치비 캐릭터","2.5D 입체 그래픽, 2D 일러스트",정방형 규격의 캐릭터 밀집 노출로 수집 재미를 강조함. 영웅 반전 매력 소유욕을 자극하며 피드 최적화로 클릭률 극대화 유도. 보상 텍스트 오버레이로 전환율 보완 필요.
260406_BNR_A-Character-Adventure05A-DA_V_1200x1500_EN.jpg;https://tpc.googlesyndication.com/simgad/2210060756227995798,가로형 이미지,HQ_HQ_PH_SEA-EN_GA_NU_AD_ACA-PU_260430,M_1844_INTEREST_GENRE_ALL_NONE_260430_2,2026-04-30,0,KRW,25,184,0,0,BNR,세로형,2026-04-06,A,Character,Adventure05A,EN,260406_BNR_A-Character-Adventure05A-DA_V_1200x1500_EN,A-Character-Adventure05A-DA,https://tpc.googlesyndication.com/simgad/2210060756227995798,"캐릭터/유닛 외형, 비주얼 임팩트",,,,,Every Hero Needs a Little Pepp,"아트 퀄리티, 수집형RPG, 캐릭터","8인 실시간 전투, 수집형 RPG",렐릭 퀘스트,"마그 탐험대, 고블린","샤일린(Shylin), 카르벨(Karbel)",렐릭 탐험 어드벤처,2.5D 독보적 그래픽 강조,"전투 및 액션, 수집 및 도감","텍스트 오버레이, 클로즈업 및 줌",던전/신전,"수집욕/소유욕, 참여와 임장감","인간형 영웅, SD/치비 캐릭터","2.5D 입체 그래픽, 2D 일러스트",버티컬 배너로 영웅 및 장비 디테일을 강조해 시각적 만족도 극대화. 코어 유저의 미적 기준을 충족하며 SSR 영웅 서사 중심의 시리즈 소재 확장을 통해 리텐션 및 브랜드 인지도 제고.
260406_BNR_A-Character-Comics01A-DA_L_1200x628_EN.jpg;https://tpc.googlesyndication.com/simgad/3049438568803176011,가로형 이미지,HQ_HQ_PH_SEA-EN_GA_NU_AD_ACA-PU_260430,M_1844_INTEREST_GENRE_ALL_NONE_260430_2,2026-04-30,0,KRW,494,186,9,0,BNR,가로형,2026-04-06,A,Character,Comics01A,EN,260406_BNR_A-Character-Comics01A-DA_L_1200x628_EN,A-Character-Comics01A-DA,https://tpc.googlesyndication.com/simgad/3049438568803176011,"비주얼 임팩트, 캐릭터/유닛 외형",,,,,"EVERY HERO NEEDS A LITTLE PEPP, PEPP HEROES","아트 퀄리티, 캐릭터, 수집형RPG","용병 모집(Gacha), 8인 실시간 전투",8인 실시간 전투,마그 탐험대,카르벨(Karbel),"히어로 수집 육성, 렐릭 탐험 어드벤처",코믹스 스타일 레이아웃,"수집 및 도감, 전투 및 액션","분할 화면, 텍스트 오버레이",자연/야외 미학,"수집욕/소유욕, 휴식과 힐링","SD/치비 캐릭터, 인간형 영웅",2.5D 입체 그래픽,코믹스 레이아웃과 친근한 아트 스타일로 진입 장벽을 낮추고 개성을 강조함. 가독성 높은 카피로 높은 CTR을 유도하며 SSR 캐릭터 중심의 수집 욕구 자극 전략을 제안함.
260406_BNR_A-Character-Comics01A-DA_S_1200x1200_EN.jpg;https://tpc.googlesyndication.com/simgad/4695384483296336434,가로형 이미지,HQ_HQ_PH_SEA-EN_GA_NU_AD_ACA-PU_260430,M_1844_INTEREST_GENRE_ALL_NONE_260430_2,2026-04-30,0,KRW,0,209,0,0,BNR,정방형,2026-04-06,A,Character,Comics01A,EN,260406_BNR_A-Character-Comics01A-DA_S_1200x1200_EN,A-Character-Comics01A-DA,https://tpc.googlesyndication.com/simgad/4695384483296336434,"비주얼 임팩트, 캐릭터/유닛 외형",,,,,"EVERY HERO NEEDS A LITTLE PEPP, PEPP HEROES","아트 퀄리티, 캐릭터, 수집형RPG","용병 모집(Gacha), 8인 실시간 전투",8인 실시간 전투,마그 탐험대,카르벨(Karbel),"히어로 수집 육성, 렐릭 탐험 어드벤처",코믹스 스타일 레이아웃,"수집 및 도감, 전투 및 액션","분할 화면, 텍스트 오버레이",자연/야외 미학,"수집욕/소유욕, 휴식과 힐링","SD/치비 캐릭터, 인간형 영웅",2.5D 입체 그래픽,십자 분할 레이아웃으로 카피 집중도를 높이고 SD 캐릭터로 수집욕 자극. SNS 최적화 규격으로 유저 유입 유도 및 직업별 변주 제안.
260406_BNR_A-Character-Comics01A-DA_V_1200x1500_EN.jpg;https://tpc.googlesyndication.com/simgad/13581844973087919256,가로형 이미지,HQ_HQ_PH_SEA-EN_GA_NU_AD_ACA-PU_260430,M_1844_INTEREST_GENRE_ALL_NONE_260430_2,2026-04-30,0,KRW,0,36,0,0,BNR,세로형,2026-04-06,A,Character,Comics01A,EN,260406_BNR_A-Character-Comics01A-DA_V_1200x1500_EN,A-Character-Comics01A-DA,https://tpc.googlesyndication.com/simgad/13581844973087919256,"비주얼 임팩트, 캐릭터/유닛 외형",,,,,"EVERY HERO NEEDS A LITTLE PEPP, PEPP HEROES","아트 퀄리티, 캐릭터, 수집형RPG","용병 모집(Gacha), 8인 실시간 전투",8인 실시간 전투,마그 탐험대,카르벨(Karbel),"히어로 수집 육성, 렐릭 탐험 어드벤처",코믹스 스타일 레이아웃,"수집 및 도감, 전투 및 액션","분할 화면, 텍스트 오버레이",자연/야외 미학,"수집욕/소유욕, 휴식과 힐링","SD/치비 캐릭터, 인간형 영웅",2.5D 입체 그래픽,독보적 화풍의 2.5D 그래픽으로 차별화된 비주얼 소구. 세로 규격의 범용성을 활용하며 보스 레이드 테마를 병행해 유저 반응 테스트 및 세그먼트 공략 필요.
260406_BNR_A-Charater-Collection01A-DA_L_1200x628_EN.jpg;https://tpc.googlesyndication.com/simgad/9157278201026773067,가로형 이미지,HQ_HQ_PH_SEA-EN_GA_NU_AD_ACA-PU_260430,M_1844_INTEREST_GENRE_ALL_NONE_260430_2,2026-04-30,1,KRW,71,197,5,0,BNR,가로형,2026-04-06,A,Charater,Collection01A,EN,260406_BNR_A-Charater-Collection01A-DA_L_1200x628_EN,A-Charater-Collection01A-DA,https://tpc.googlesyndication.com/simgad/9157278201026773067,"캐릭터/유닛 외형, 비주얼 임팩트",,,,,"Get Pepp'd, com2us, PEPP HEROES","아트 퀄리티, 캐릭터, 수집형RPG",수집형 RPG,용병 모집(Gacha),마그 탐험대,다수의 SD 영웅,히어로 수집 육성,,수집 및 도감,텍스트 오버레이,심플/클린 UI,수집욕/소유욕,SD/치비 캐릭터,2.5D 입체 그래픽,"'Get Pepp'd' 슬로건과 촘촘한 캐릭터 배치로 방대한 수집성 강조. 2.5D 및 SD 캐릭터로 유저 소유욕 자극 및 높은 CTR 유도, 인기 캐릭터 중심 확장 용이."
260406_BNR_A-Charater-Collection01A-DA_S_1200x1200_EN.jpg;https://tpc.googlesyndication.com/simgad/2322926171558263908,가로형 이미지,HQ_HQ_PH_SEA-EN_GA_NU_AD_ACA-PU_260430,M_1844_INTEREST_GENRE_ALL_NONE_260430_2,2026-04-30,0,KRW,550,292,3,0,BNR,정방형,2026-04-06,A,Charater,Collection01A,EN,260406_BNR_A-Charater-Collection01A-DA_S_1200x1200_EN,A-Charater-Collection01A-DA,https://tpc.googlesyndication.com/simgad/2322926171558263908,"캐릭터/유닛 외형, 비주얼 임팩트",,,,,"Get Pepp'd, com2us, PEPP HEROES","아트 퀄리티, 캐릭터, 수집형RPG",수집형 RPG,용병 모집(Gacha),마그 탐험대,다수의 SD 영웅,히어로 수집 육성,,수집 및 도감,텍스트 오버레이,심플/클린 UI,수집욕/소유욕,SD/치비 캐릭터,2.5D 입체 그래픽,정방형 구도로 캐릭터 밀도와 시각적 풍성함 극대화. SNS 주목도 확보 및 캐릭터 등급 변주를 통한 전환율 개선 기대.
260406_BNR_A-Charater-Collection01A-DA_V_1200x1500_EN.jpg;https://tpc.googlesyndication.com/simgad/5699446522298240409,가로형 이미지,HQ_HQ_PH_SEA-EN_GA_NU_AD_ACA-PU_260430,M_1844_INTEREST_GENRE_ALL_NONE_260430_2,2026-04-30,5,KRW,419,201,6,0,BNR,세로형,2026-04-06,A,Charater,Collection01A,EN,260406_BNR_A-Charater-Collection01A-DA_V_1200x1500_EN,A-Charater-Collection01A-DA,https://tpc.googlesyndication.com/simgad/5699446522298240409,"캐릭터/유닛 외형, 비주얼 임팩트",,,,,"Get Pepp'd, com2us, PEPP HEROES","아트 퀄리티, 캐릭터, 수집형RPG",수집형 RPG,용병 모집(Gacha),마그 탐험대,다수의 SD 영웅,히어로 수집 육성,,수집 및 도감,텍스트 오버레이,심플/클린 UI,수집욕/소유욕,SD/치비 캐릭터,2.5D 입체 그래픽,세로 뷰로 50종 영웅 노출을 극대화하여 전략적 흥미 유발. 무료 소환권 혜택 강조로 전환율 제고 및 안정적 성과 기대.
260406_BNR_A-Mob-Adventure02A-DA_L_1200x628_EN.jpg;https://tpc.googlesyndication.com/simgad/17125206759944352040,가로형 이미지,HQ_HQ_PH_SEA-EN_GA_NU_AD_ACA-PU_260430,M_1844_INTEREST_GENRE_ALL_NONE_260430_2,2026-04-30,4,KRW,841,586,11,0,BNR,가로형,2026-04-06,A,Mob,Adventure02A,EN,260406_BNR_A-Mob-Adventure02A-DA_L_1200x628_EN,A-Mob-Adventure02A-DA,https://tpc.googlesyndication.com/simgad/17125206759944352040,비주얼 임팩트,,,,,PEPP HEROES,"아트 퀄리티, 수집형RPG",5인 분대 전투,거대 보스 레이드,"마그 탐험대, 고블린",,렐릭 탐험 어드벤처,2.5D 입체 월드 강조,"장애물 및 도전, 전투 및 액션",텍스트 오버레이,자연/야외 미학,도전과 승부욕,"거대 보스, SD/치비 캐릭터",2.5D 입체 그래픽,5인 파티 레이드와 SD 캐릭터로 어드벤처 RPG 정체성 강조. 2.5D 그래픽으로 CTR을 높이고 사전예약 보상을 통해 CVR 극대화 유도.
260406_BNR_A-Mob-Adventure02A-DA_S_1200x1200_EN.jpg;https://tpc.googlesyndication.com/simgad/17573267286983610733,가로형 이미지,HQ_HQ_PH_SEA-EN_GA_NU_AD_ACA-PU_260430,M_1844_INTEREST_GENRE_ALL_NONE_260430_2,2026-04-30,1,KRW,585,271,5,0,BNR,정방형,2026-04-06,A,Mob,Adventure02A,EN,260406_BNR_A-Mob-Adventure02A-DA_S_1200x1200_EN,A-Mob-Adventure02A-DA,https://tpc.googlesyndication.com/simgad/17573267286983610733,비주얼 임팩트,,,,,PEPP HEROES,"아트 퀄리티, 수집형RPG",5인 분대 전투,거대 보스 레이드,"마그 탐험대, 고블린",,렐릭 탐험 어드벤처,2.5D 입체 월드 강조,"장애물 및 도전, 전투 및 액션",텍스트 오버레이,자연/야외 미학,도전과 승부욕,"거대 보스, SD/치비 캐릭터",2.5D 입체 그래픽,2.5D 비주얼과 거대 보스 대치 구도로 몰입감 강조. 직접 조작 및 전략 조합을 선호하는 수집형 RPG 유저를 공략해 높은 클릭률과 수집욕 자극 기대.
260406_BNR_A-Mob-Adventure02A-DA_V_1200x1500_EN.jpg;https://tpc.googlesyndication.com/simgad/12487452563763707002,가로형 이미지,HQ_HQ_PH_SEA-EN_GA_NU_AD_ACA-PU_260430,M_1844_INTEREST_GENRE_ALL_NONE_260430_2,2026-04-30,10,KRW,2208,"1,064",20,0,BNR,세로형,2026-04-06,A,Mob,Adventure02A,EN,260406_BNR_A-Mob-Adventure02A-DA_V_1200x1500_EN,A-Mob-Adventure02A-DA,https://tpc.googlesyndication.com/simgad/12487452563763707002,비주얼 임팩트,,,,,PEPP HEROES,"아트 퀄리티, 수집형RPG",5인 분대 전투,거대 보스 레이드,"마그 탐험대, 고블린",,렐릭 탐험 어드벤처,2.5D 입체 월드 강조,"장애물 및 도전, 전투 및 액션",텍스트 오버레이,자연/야외 미학,도전과 승부욕,"거대 보스, SD/치비 캐릭터",2.5D 입체 그래픽,초기 핵심 영웅 노출로 수집 재미 강조 및 따뜻한 아트 스타일로 힐링 소구. 방대한 콘텐츠 중심의 텍스트 보강으로 캐주얼 유저 유입 및 잔존율 제고.
260406_VID_A-Character-Collection01B-UA_S_1080x1080_EN;https://www.youtube.com/watch?v=cTfY4JpFc-s,YouTube 동영상,HQ_HQ_PH_SEA-EN_GA_NU_AD_ACA-PU_260430,M_1844_INTEREST_GENRE_ALL_NONE_260430_2,2026-04-30,2,KRW,7926,"1,867",2,0,VID,정방형,2026-04-06,A,Character,Collection01B,EN;https://www,260406_VID_A-Character-Collection01B-UA_S_1080x1080_EN,A-Character-Collection01B-UA,https://www.youtube.com/watch?v=cTfY4JpFc-s,"질문/선택형, 캐릭터/유닛 외형",경쾌함,TRUE,,없음,"CHOOSE YOUR HERO, HUGO, KARBEL, MONAD","캐릭터, 수집형RPG, 전략성",용병 모집(Gacha),DIY 픽업 시스템,마그 탐험대,"휴고, 카르벨, 모나드",히어로 수집 육성,남성 캐릭터 위주 배치,수집 및 도감,"텍스트 오버레이, 분할 화면",심플/클린 UI,수집욕/소유욕,"SD/치비 캐릭터, 인간형 영웅",2D 일러스트,캐릭터 구성 대조를 통한 타겟 취향별 효율 분석. 탱커 및 딜러 중심 덱 선호 심리 공략하며 캐릭터 조합 변주 소재로 리타겟팅 광고 활용 권장.
260406_VID_A-Character-Combat01A-UA_L_1920x1080_EN;https://www.youtube.com/watch?v=2W7-0AV2mfg,YouTube 동영상,HQ_HQ_PH_SEA-EN_GA_NU_AD_ACA-PU_260430,M_1844_INTEREST_GENRE_ALL_NONE_260430_2,2026-04-30,4,KRW,7316,"2,223",33,0,VID,가로형,2026-04-06,A,Character,Combat01A,EN;https://www,260406_VID_A-Character-Combat01A-UA_L_1920x1080_EN,A-Character-Combat01A-UA,https://www.youtube.com/watch?v=2W7-0AV2mfg,"비주얼 임팩트, 캐릭터/유닛 외형",긴박함,TRUE,,없음,"VINESSA, A DARK WIZARD WHO DOMINATES THE FIELD, SOPHIA, REMOVES ALL DEBUFFS! THE KEY TO SURVIVAL, BERNETA, A SYNERGY DEALER THAT PERFECTS YOUR TEAM, PLAY FOR FREE","아트 퀄리티, 캐릭터, 수집형RPG, 전략성",용병 모집,스킬 컷신 연출,마그 탐험대,"Vinessa, Sophia, Berneta",렐릭 탐험 어드벤처,캐릭터별 스킬 특징 강조,전투 및 액션,"텍스트 오버레이, 클로즈업 및 줌",자연/야외 미학,"도전과 승부욕, 수집욕/소유욕","인간형 영웅, SD/치비 캐릭터, 성장 지표","2.5D 입체 그래픽, 2D 일러스트",인게임 전투와 일러스트 교차 편집으로 몰입도 극대화. 캐릭터 스킬 및 시너지로 전략적 호기심 자극. 플레이 영상 기반 안정적 CVR 확보 및 캐릭터 속성 대비 변주 제안.
260406_VID_A-Character-Combat01A-UA_S_1080x1080_EN;https://www.youtube.com/watch?v=jnNAzjzUw8o,YouTube 동영상,HQ_HQ_PH_SEA-EN_GA_NU_AD_ACA-PU_260430,M_1844_INTEREST_GENRE_ALL_NONE_260430_2,2026-04-30,3,KRW,5788,"2,404",9,0,VID,정방형,2026-04-06,A,Character,Combat01A,EN;https://www,260406_VID_A-Character-Combat01A-UA_S_1080x1080_EN,A-Character-Combat01A-UA,https://www.youtube.com/watch?v=jnNAzjzUw8o,"비주얼 임팩트, 캐릭터/유닛 외형",긴박함,TRUE,,없음,"VINESSA, A DARK WIZARD WHO DOMINATES THE FIELD, SOPHIA, REMOVES ALL DEBUFFS! THE KEY TO SURVIVAL, BERNETA, A SYNERGY DEALER THAT PERFECTS YOUR TEAM, PLAY FOR FREE","아트 퀄리티, 캐릭터, 수집형RPG, 전략성",용병 모집,스킬 컷신 연출,마그 탐험대,"Vinessa, Sophia, Berneta",렐릭 탐험 어드벤처,캐릭터별 스킬 특징 강조,전투 및 액션,"텍스트 오버레이, 클로즈업 및 줌",자연/야외 미학,"도전과 승부욕, 수집욕/소유욕","인간형 영웅, SD/치비 캐릭터, 성장 지표","2.5D 입체 그래픽, 2D 일러스트",SSR 비네사 비주얼을 초반에 배치해 RPG 팬덤 시선 확보. 고퀄리티 애니메이션으로 캐릭터 소유욕을 자극하며 스킬 콤보 시리즈로 소재 확장 가능.
260406_VID_A-Character-Combat01A-UA_V_1080x1920_EN;https://www.youtube.com/watch?v=tHmXhOKu33A,YouTube 동영상,HQ_HQ_PH_SEA-EN_GA_NU_AD_ACA-PU_260430,M_1844_INTEREST_GENRE_ALL_NONE_260430_2,2026-04-30,2,KRW,3719,"1,260",4,0,VID,세로형,2026-04-06,A,Character,Combat01A,EN;https://www,260406_VID_A-Character-Combat01A-UA_V_1080x1920_EN,A-Character-Combat01A-UA,https://www.youtube.com/watch?v=tHmXhOKu33A,"비주얼 임팩트, 캐릭터/유닛 외형",긴박함,TRUE,,없음,"VINESSA, A DARK WIZARD WHO DOMINATES THE FIELD, SOPHIA, REMOVES ALL DEBUFFS! THE KEY TO SURVIVAL, BERNETA, A SYNERGY DEALER THAT PERFECTS YOUR TEAM, PLAY FOR FREE","아트 퀄리티, 캐릭터, 수집형RPG, 전략성",용병 모집,스킬 컷신 연출,마그 탐험대,"Vinessa, Sophia, Berneta",렐릭 탐험 어드벤처,캐릭터별 스킬 특징 강조,전투 및 액션,"텍스트 오버레이, 클로즈업 및 줌",자연/야외 미학,"도전과 승부욕, 수집욕/소유욕","인간형 영웅, SD/치비 캐릭터, 성장 지표","2.5D 입체 그래픽, 2D 일러스트",숏폼 최적화 세로 분할 화면으로 캐릭터와 전투 연출 강조. 한 손 플레이 선호 심리를 공략하여 틱톡 및 릴스 내 높은 조회수 확보 기대.
260406_VID_A-Character-Combat01B-UA_L_1920x1080_EN;https://www.youtube.com/watch?v=d4rVTfnnYhg,YouTube 동영상,HQ_HQ_PH_SEA-EN_GA_NU_AD_ACA-PU_260430,M_1844_INTEREST_GENRE_ALL_NONE_260430_2,2026-04-30,12,KRW,20890,"6,860",147,0,VID,가로형,2026-04-06,A,Character,Combat01B,EN;https://www,260406_VID_A-Character-Combat01B-UA_L_1920x1080_EN,A-Character-Combat01B-UA,https://www.youtube.com/watch?v=d4rVTfnnYhg,"비주얼 임팩트, 캐릭터/유닛 외형",긴박함,TRUE,,없음,"HUGO, An indomitable warrior..., MONAD, A sage who devastates..., KARBEL, A fiery dealer..., PLAY FOR FREE","전략성, 아트 퀄리티",용병 모집,8인 실시간 전투,마그 탐험대,"Hugo, Monad, Karbel",히어로 수집 육성,,전투 및 액션,"텍스트 오버레이, 클로즈업 및 줌",자연/야외 미학,"도전과 승부욕, 수집욕/소유욕","인간형 영웅, SD/치비 캐릭터, 성장 지표","2.5D 입체 그래픽, 2D 일러스트",16:9 뷰로 넓은 전장과 스킬 강조. 화려한 연출로 타격감 선호 유저 공략. 전투 선호층 대상 높은 전환율 기대.
260406_VID_A-Character-Combat01B-UA_S_1080x1080_EN;https://www.youtube.com/watch?v=tcTIYuJi7pM,YouTube 동영상,HQ_HQ_PH_SEA-EN_GA_NU_AD_ACA-PU_260430,M_1844_INTEREST_GENRE_ALL_NONE_260430_2,2026-04-30,4,KRW,1612,278,7,0,VID,정방형,2026-04-06,A,Character,Combat01B,EN;https://www,260406_VID_A-Character-Combat01B-UA_S_1080x1080_EN,A-Character-Combat01B-UA,https://www.youtube.com/watch?v=tcTIYuJi7pM,"비주얼 임팩트, 캐릭터/유닛 외형",긴박함,TRUE,,없음,"HUGO, An indomitable warrior..., MONAD, A sage who devastates..., KARBEL, A fiery dealer..., PLAY FOR FREE","전략성, 아트 퀄리티",용병 모집,8인 실시간 전투,마그 탐험대,"Hugo, Monad, Karbel",히어로 수집 육성,,전투 및 액션,"텍스트 오버레이, 클로즈업 및 줌",자연/야외 미학,"도전과 승부욕, 수집욕/소유욕","인간형 영웅, SD/치비 캐릭터, 성장 지표","2.5D 입체 그래픽, 2D 일러스트",소피아의 생존 및 지원 능력과 팀 시너지를 강조해 전략적 유저 공략. 비네사 소재 A/B 테스트로 타겟별 선호 캐릭터 최적화 및 성과 확장 도모.
260406_VID_A-Character-Combat01B-UA_V_1080x1920_EN;https://www.youtube.com/watch?v=rrd-TGZqEqc,YouTube 동영상,HQ_HQ_PH_SEA-EN_GA_NU_AD_ACA-PU_260430,M_1844_INTEREST_GENRE_ALL_NONE_260430_2,2026-04-30,0,KRW,1752,860,6,0,VID,세로형,2026-04-06,A,Character,Combat01B,EN;https://www,260406_VID_A-Character-Combat01B-UA_V_1080x1920_EN,A-Character-Combat01B-UA,https://www.youtube.com/watch?v=rrd-TGZqEqc,"비주얼 임팩트, 캐릭터/유닛 외형",긴박함,TRUE,,없음,"HUGO, An indomitable warrior..., MONAD, A sage who devastates..., KARBEL, A fiery dealer..., PLAY FOR FREE","전략성, 아트 퀄리티",용병 모집,8인 실시간 전투,마그 탐험대,"Hugo, Monad, Karbel",히어로 수집 육성,,전투 및 액션,"텍스트 오버레이, 클로즈업 및 줌",자연/야외 미학,"도전과 승부욕, 수집욕/소유욕","인간형 영웅, SD/치비 캐릭터, 성장 지표","2.5D 입체 그래픽, 2D 일러스트",직관적인 탱딜힐 구성으로 정통 RPG 유저의 파티 니즈 충족. 역할군 조합의 재미를 텍스트로 보강하여 효율 극대화 기대.
260406_VID_A-Charater-Collection01B-UA_L_1920x1080_EN;https://www.youtube.com/watch?v=rRGCh1x6a6M,YouTube 동영상,HQ_HQ_PH_SEA-EN_GA_NU_AD_ACA-PU_260430,M_1844_INTEREST_GENRE_ALL_NONE_260430_2,2026-04-30,5,KRW,7937,"3,603",51,0,VID,가로형,2026-04-06,A,Charater,Collection01B,EN;https://www,260406_VID_A-Charater-Collection01B-UA_L_1920x1080_EN,A-Charater-Collection01B-UA,https://www.youtube.com/watch?v=rRGCh1x6a6M,"질문/선택형, 캐릭터/유닛 외형",경쾌함,TRUE,,없음,"CHOOSE YOUR HERO, HUGO, PLAY FOR FREE","아트 퀄리티, 전략성",용병 모집,DIY 픽업 시스템,마그 탐험대,Hugo,히어로 수집 육성,,수집 및 도감,"텍스트 오버레이, 클로즈업 및 줌",심플/클린 UI,"수집욕/소유욕, 만족과 성취감","인간형 영웅, SD/치비 캐릭터","2.5D 입체 그래픽, 2D 일러스트","그리드 UI로 풍부한 캐릭터 풀을 어필해 수집 욕구를 자극하며, 캐릭터 강조 엔드카드를 통해 높은 잔존율을 확보합니다."
260406_VID_A-Charater-Collection01B-UA_V_1080x1920_EN;https://www.youtube.com/watch?v=u5diHTUsSOs,YouTube 동영상,HQ_HQ_PH_SEA-EN_GA_NU_AD_ACA-PU_260430,M_1844_INTEREST_GENRE_ALL_NONE_260430_2,2026-04-30,0,KRW,659,830,0,0,VID,세로형,2026-04-06,A,Charater,Collection01B,EN;https://www,260406_VID_A-Charater-Collection01B-UA_V_1080x1920_EN,A-Charater-Collection01B-UA,https://www.youtube.com/watch?v=u5diHTUsSOs,"질문/선택형, 캐릭터/유닛 외형",경쾌함,TRUE,,없음,"CHOOSE YOUR HERO, HUGO, PLAY FOR FREE","아트 퀄리티, 전략성",용병 모집,DIY 픽업 시스템,마그 탐험대,Hugo,히어로 수집 육성,캐릭터 픽(Pick) 연출,수집 및 도감,"텍스트 오버레이, 클로즈업 및 줌",심플/클린 UI,"수집욕/소유욕, 만족과 성취감","인간형 영웅, SD/치비 캐릭터","2.5D 입체 그래픽, 2D 일러스트",직접 영웅을 선택하는 인터랙티브 경험으로 기대감 부여. 다양한 영웅 노출을 통해 유저 취향을 공략하고 반복적인 참여 유도.
260406_VID_A-Hooking-Reward02A-FK_L_1920x1080_EN;https://www.youtube.com/watch?v=oRlzfGbT3xY,YouTube 동영상,HQ_HQ_PH_SEA-EN_GA_NU_AD_ACA-PU_260430,M_1844_INTEREST_GENRE_ALL_NONE_260430_2,2026-04-30,19,KRW,105520,"12,396",61,"11,698.20",VID,가로형,2026-04-06,A,Hooking,Reward02A,EN;https://www,260406_VID_A-Hooking-Reward02A-FK_L_1920x1080_EN,A-Hooking-Reward02A-FK,https://www.youtube.com/watch?v=oRlzfGbT3xY,"실패/분노 유도, 압도적 보상",긴박함,TRUE,,없음,"Tap here to save him!, Help me!, HELP KARBEL CLEAR, Claim your SR character and rewards worth $100!, PLAY FOR FREE",보상,용병 모집,우호도 시스템,마그 탐험대,카르벨(Karbel),히어로 수집 육성,페이크 플레이(구출 미니게임) 형식 활용,퍼즐 및 논리,"손가락 지시선, 텍스트 오버레이",자연/야외 미학,"도전과 승부욕, 만족과 성취감","SD/치비 캐릭터, 재화/보물상자",2D 일러스트,구출 미니게임 방식을 활용해 시청자 이탈을 방지하고 즉각적인 행동을 유도합니다. 대량의 재화 보상으로 성취감을 자극하여 저단가 트래픽 확보 및 높은 클릭률을 공략합니다.
260406_VID_A-Hooking-Reward02A-FK_S_1080x1080_EN;https://www.youtube.com/watch?v=EgLwtP8WjE4,YouTube 동영상,HQ_HQ_PH_SEA-EN_GA_NU_AD_ACA-PU_260430,M_1844_INTEREST_GENRE_ALL_NONE_260430_2,2026-04-30,0,KRW,2089,"1,378",7,0,VID,정방형,2026-04-06,A,Hooking,Reward02A,EN;https://www,260406_VID_A-Hooking-Reward02A-FK_S_1080x1080_EN,A-Hooking-Reward02A-FK,https://www.youtube.com/watch?v=EgLwtP8WjE4,"실패/분노 유도, 압도적 보상",긴박함,TRUE,,없음,"Tap here to save him!, Help me!, HELP KARBEL CLEAR, Claim your SR character and rewards worth $100!, PLAY FOR FREE",보상,용병 모집,우호도 시스템,마그 탐험대,카르벨(Karbel),히어로 수집 육성,페이크 플레이(구출 미니게임) 형식 활용,퍼즐 및 논리,"손가락 지시선, 텍스트 오버레이",자연/야외 미학,"도전과 승부욕, 만족과 성취감","SD/치비 캐릭터, 재화/보물상자",2D 일러스트,위기 상황 미션과 100달러 보상으로 유저 참여 및 전환 유도. 쉬운 조작성 강조로 진입 장벽을 낮춰 대량 유입용 런칭 소재로 적합.
260406_VID_A-Hooking-Reward02A-FK_V_1080x1920_EN;https://www.youtube.com/watch?v=b7LsalWUDvQ,YouTube 동영상,HQ_HQ_PH_SEA-EN_GA_NU_AD_ACA-PU_260430,M_1844_INTEREST_GENRE_ALL_NONE_260430_2,2026-04-30,0,KRW,1026,509,2,0,VID,세로형,2026-04-06,A,Hooking,Reward02A,EN;https://www,260406_VID_A-Hooking-Reward02A-FK_V_1080x1920_EN,A-Hooking-Reward02A-FK,https://www.youtube.com/watch?v=b7LsalWUDvQ,"실패/분노 유도, 압도적 보상",긴박함,TRUE,,없음,"Tap here to save him!, Help me!, HELP KARBEL CLEAR, Claim your SR character and rewards worth $100!, PLAY FOR FREE",보상,용병 모집,우호도 시스템,마그 탐험대,카르벨(Karbel),히어로 수집 육성,페이크 플레이(구출 미니게임) 형식 활용,퍼즐 및 논리,"손가락 지시선, 텍스트 오버레이",자연/야외 미학,"도전과 승부욕, 만족과 성취감","SD/치비 캐릭터, 재화/보물상자",2D 일러스트,9:16 세로형 구조로 터치 인터랙션을 극대화하고 FOMO를 자극해 시청 완료율을 높입니다. 캐릭터 활용 및 실패 연출의 A/B 테스트 확장을 제안합니다.
260406_VID_A-Hooking-Reward03A-UA_L_1920x1080_EN;https://www.youtube.com/watch?v=XUrzh1Qrk5w,YouTube 동영상,HQ_HQ_PH_SEA-EN_GA_NU_AD_ACA-PU_260430,M_1844_INTEREST_GENRE_ALL_NONE_260430_2,2026-04-30,0,KRW,1705,362,3,0,VID,가로형,2026-04-06,A,Hooking,Reward03A,EN;https://www,260406_VID_A-Hooking-Reward03A-UA_L_1920x1080_EN,A-Hooking-Reward03A-UA,https://www.youtube.com/watch?v=XUrzh1Qrk5w,"압도적 보상, 실패/분노 유도",경쾌함,TRUE,,없음,"WARNING Skip and you will lose your $100 rewards, Tap within 5 Seconds, SR, PLAY FOR FREE!, Claim your SR character and rewards worth $100!",보상,용병 모집,,마그 탐험대,Karbel,히어로 수집 육성,$100 가치 혜택 강조,수집 및 도감,"손가락 지시선, 텍스트 오버레이",심플/클린 UI,"만족과 성취감, 수집욕/소유욕","재화/보물상자, SD/치비 캐릭터","2D 일러스트, 2.5D 입체 그래픽","가로 화면을 활용한 화려한 연출로 시각적 몰입감을 높이고, 보상 상실에 대한 FOMO 심리를 자극하여 가로형 매체 타겟 광고 효율을 극대화함."
260406_VID_A-Hooking-Reward03A-UA_S_1080x1080_EN;https://www.youtube.com/watch?v=VGJB5tDWops,YouTube 동영상,HQ_HQ_PH_SEA-EN_GA_NU_AD_ACA-PU_260430,M_1844_INTEREST_GENRE_ALL_NONE_260430_2,2026-04-30,1,KRW,722,203,7,0,VID,정방형,2026-04-06,A,Hooking,Reward03A,EN;https://www,260406_VID_A-Hooking-Reward03A-UA_S_1080x1080_EN,A-Hooking-Reward03A-UA,https://www.youtube.com/watch?v=VGJB5tDWops,"압도적 보상, 실패/분노 유도",경쾌함,TRUE,,없음,"WARNING Skip and you will lose your $100 rewards, Tap within 5 Seconds, SR, PLAY FOR FREE!, Claim your SR character and rewards worth $100!",보상,용병 모집,,마그 탐험대,Karbel,히어로 수집 육성,$100 가치 혜택 강조,수집 및 도감,"손가락 지시선, 텍스트 오버레이",심플/클린 UI,"만족과 성취감, 수집욕/소유욕","재화/보물상자, SD/치비 캐릭터","2D 일러스트, 2.5D 입체 그래픽",부정적 후킹과 시간 제한으로 클릭 유도. $100 가치 및 SR 확정으로 수익 구체화. 높은 CVR 예상되며 보상 변주를 통한 라이브 옵스 제안.
260406_VID_A-Hooking-Reward03A-UA_V_1080x1920_EN;https://www.youtube.com/watch?v=jA_HAiz95x4,YouTube 동영상,HQ_HQ_PH_SEA-EN_GA_NU_AD_ACA-PU_260430,M_1844_INTEREST_GENRE_ALL_NONE_260430_2,2026-04-30,1,KRW,957,386,3,0,VID,세로형,2026-04-06,A,Hooking,Reward03A,EN;https://www,260406_VID_A-Hooking-Reward03A-UA_V_1080x1920_EN,A-Hooking-Reward03A-UA,https://www.youtube.com/watch?v=jA_HAiz95x4,"압도적 보상, 실패/분노 유도",경쾌함,TRUE,,없음,"WARNING Skip and you will lose your $100 rewards, Tap within 5 Seconds, SR, PLAY FOR FREE!, Claim your SR character and rewards worth $100!",보상,용병 모집,,마그 탐험대,Karbel,히어로 수집 육성,$100 가치 혜택 강조,수집 및 도감,"손가락 지시선, 텍스트 오버레이",심플/클린 UI,"만족과 성취감, 수집욕/소유욕","재화/보물상자, SD/치비 캐릭터","2D 일러스트, 2.5D 입체 그래픽",도발적 문구와 타이머로 이탈을 방지하고 FOMO 심리를 자극함. 보상형 인벤토리 활용을 통해 UA 매체에서 압도적 전환율 달성 기대.
260406_VID_A-Mob-Adventure01A-UA_L_1920x1080_EN;https://www.youtube.com/watch?v=hVmkPdIsz70,YouTube 동영상,HQ_HQ_PH_SEA-EN_GA_NU_AD_ACA-PU_260430,M_1844_INTEREST_GENRE_ALL_NONE_260430_2,2026-04-30,1,KRW,4434,"1,918",30,0,VID,가로형,2026-04-06,A,Mob,Adventure01A,EN;https://www,260406_VID_A-Mob-Adventure01A-UA_L_1920x1080_EN,A-Mob-Adventure01A-UA,https://www.youtube.com/watch?v=hVmkPdIsz70,"비주얼 임팩트, 성장 비포애프터",긴박함,TRUE,,없음,"WARNING, GOBLINS INCOMING!, Goblins? Easy! Level UP! UP!, Power Boost! BOOM! BOOM!, Strategic deployment!, Get ready for BATTLE!","편의성, 전략성",AFK 기능,8인 실시간 전투,고블린,카르벨,렐릭 탐험 어드벤처,스마트폰 UI 팝업 연출,"시뮬레이션 및 관리, 장애물 및 도전","텍스트 오버레이, 클로즈업 및 줌",자연/야외 미학,"도전과 승부욕, 만족과 성취감","SD/치비 캐릭터, 성장 지표, 군단/대규모 유닛",2.5D 입체 그래픽,16:9 화면 대비로 대규모 전투와 모바일 최적화 강조. 방치형 육성 선호 유저 타겟으로 핵심 시스템 소구 및 브랜딩·퍼포먼스 효율 기대.
260406_VID_A-Mob-Adventure01A-UA_S_1080x1080_EN;https://www.youtube.com/watch?v=LMKl0g6yRJU,YouTube 동영상,HQ_HQ_PH_SEA-EN_GA_NU_AD_ACA-PU_260430,M_1844_INTEREST_GENRE_ALL_NONE_260430_2,2026-04-30,0,KRW,2444,"1,027",12,0,VID,정방형,2026-04-06,A,Mob,Adventure01A,EN;https://www,260406_VID_A-Mob-Adventure01A-UA_S_1080x1080_EN,A-Mob-Adventure01A-UA,https://www.youtube.com/watch?v=LMKl0g6yRJU,"비주얼 임팩트, 성장 비포애프터",긴박함,TRUE,,없음,"WARNING, GOBLINS INCOMING!, Goblins? Easy! Level UP! UP!, Power Boost! BOOM! BOOM!, Strategic deployment!, Get ready for BATTLE!","편의성, 전략성",AFK 기능,8인 실시간 전투,고블린,카르벨,렐릭 탐험 어드벤처,스마트폰 UI 팝업 연출,"시뮬레이션 및 관리, 장애물 및 도전","텍스트 오버레이, 클로즈업 및 줌",자연/야외 미학,"도전과 승부욕, 참여와 임장감","SD/치비 캐릭터, 성장 지표, 군단/대규모 유닛",2.5D 입체 그래픽,경고 연출로 몰입도를 높이고 쉬운 성장을 강조해 진입 장벽 완화. 대규모 레이드 소재 확장을 통한 중장기 성과 기대.
260406_VID_A-Mob-Adventure01A-UA_V_1080x1920_EN;https://www.youtube.com/watch?v=nIYkYZ-JFj0,YouTube 동영상,HQ_HQ_PH_SEA-EN_GA_NU_AD_ACA-PU_260430,M_1844_INTEREST_GENRE_ALL_NONE_260430_2,2026-04-30,2,KRW,3698,"1,282",6,0,VID,세로형,2026-04-06,A,Mob,Adventure01A,EN;https://www,260406_VID_A-Mob-Adventure01A-UA_V_1080x1920_EN,A-Mob-Adventure01A-UA,https://www.youtube.com/watch?v=nIYkYZ-JFj0,"비주얼 임팩트, 성장 비포애프터",긴박함,TRUE,,없음,"WARNING, GOBLINS INCOMING!, Goblins? Easy! Level UP! UP!, Power Boost! BOOM! BOOM!, Strategic deployment!, Get ready for BATTLE!","편의성, 전략성",AFK 기능,8인 실시간 전투,고블린,카르벨,렐릭 탐험 어드벤처,스마트폰 UI 팝업 연출,"시뮬레이션 및 관리, 장애물 및 도전","텍스트 오버레이, 클로즈업 및 줌",자연/야외 미학,"도전과 승부욕, 만족과 성취감","SD/치비 캐릭터, 성장 지표, 군단/대규모 유닛",2.5D 입체 그래픽,세로형 피드 최적화 UI와 마을 습격 반전 연출로 이탈 방지. 직관적 레벨업과 전략적 배치 중심의 성장 쾌감을 자극해 숏폼 환경 내 높은 시청 유지율 및 전환율 기대.
Cute but Powerful Squad,광고 제목,HQ_HQ_PH_US-EN_GA_NU_AD_ACi_260430,M_1844_INTEREST_GENRE_ALL_NONE_260430_3,2026-05-01,8,KRW,3259,231,9,0,TXT,,,,,,,,,,,,,,,,,,,,,,,,,,,,,
Let’s Hunt for Treasure!,광고 제목,HQ_HQ_PH_US-EN_GA_NU_AD_ACi_260430,M_1844_INTEREST_GENRE_ALL_NONE_260430_3,2026-05-01,1,KRW,4002,121,8,0,TXT,,,,,,,,,,,,,,,,,,,,,,,,,,,,,
Pepp Heroes,광고 제목,HQ_HQ_PH_US-EN_GA_NU_AD_ACi_260430,M_1844_INTEREST_GENRE_ALL_NONE_260430_3,2026-05-01,1,KRW,2728,164,4,0,TXT,,,,,,,,,,,,,,,,,,,,,,,,,,,,,
Play for Free,광고 제목,HQ_HQ_PH_US-EN_GA_NU_AD_ACi_260430,M_1844_INTEREST_GENRE_ALL_NONE_260430_3,2026-05-01,5,KRW,8944,458,13,0,TXT,,,,,,,,,,,,,,,,,,,,,,,,,,,,,
"Your RPG, In Your Hands",광고 제목,HQ_HQ_PH_US-EN_GA_NU_AD_ACi_260430,M_1844_INTEREST_GENRE_ALL_NONE_260430_3,2026-05-01,2,KRW,3128,175,5,0,TXT,,,,,,,,,,,,,,,,,,,,,,,,,,,,,
Adorable Yet Powerful! Collect Heroes With Diverse Charms,설명,HQ_HQ_PH_US-EN_GA_NU_AD_ACi_260430,M_1844_INTEREST_GENRE_ALL_NONE_260430_3,2026-05-01,4,KRW,5537,266,6,0,TXT,,,,,,,,,,,,,,,,,,,,,,,,,,,,,
Clock Out and Start Your Treasure Hunt!,설명,HQ_HQ_PH_US-EN_GA_NU_AD_ACi_260430,M_1844_INTEREST_GENRE_ALL_NONE_260430_3,2026-05-01,4,KRW,2900,243,7,0,TXT,,,,,,,,,,,,,,,,,,,,,,,,,,,,,
Get Rewards Worth $100! Play Now!,설명,HQ_HQ_PH_US-EN_GA_NU_AD_ACi_260430,M_1844_INTEREST_GENRE_ALL_NONE_260430_3,2026-05-01,6,KRW,4285,582,10,0,TXT,,,,,,,,,,,,,,,,,,,,,,,,,,,,,
Strategic Battles With Heroes Full of Personality! Win With Your Own Squad,설명,HQ_HQ_PH_US-EN_GA_NU_AD_ACi_260430,M_1844_INTEREST_GENRE_ALL_NONE_260430_3,2026-05-01,7,KRW,3885,327,9,0,TXT,,,,,,,,,,,,,,,,,,,,,,,,,,,,,
Unique Hero Skills and Synergies! The Collectible RPG of Endless Team Combinations,설명,HQ_HQ_PH_US-EN_GA_NU_AD_ACi_260430,M_1844_INTEREST_GENRE_ALL_NONE_260430_3,2026-05-01,4,KRW,7129,502,11,0,TXT,,,,,,,,,,,,,,,,,,,,,,,,,,,,,
260429_BNR_A-AI-Defeatmonster01A-DA_L_1200x628_EN.png;https://tpc.googlesyndication.com/simgad/5874425896871501801,가로형 이미지,HQ_HQ_PH_US-EN_GA_NU_AD_ACi_260430,M_1844_INTEREST_GENRE_ALL_NONE_260430_3,2026-05-01,0,KRW,0,136,0,0,BNR,가로형,2026-04-29,A,AI,Defeatmonster01A,EN,260429_BNR_A-AI-Defeatmonster01A-DA_L_1200x628_EN,A-AI-Defeatmonster01A-DA,https://tpc.googlesyndication.com/simgad/5874425896871501801,비주얼 임팩트,웅장함,,,,,아트 퀄리티,영지 빌딩,8인 실시간 전투,마그 탐험대,,어드벤처,,탐험 및 발견,클로즈업 및 줌,자연/야외 미학,만족과 성취감,인간형 영웅,2D 일러스트,성취감 테마를 통해 기존 RPG 유저의 도전 욕구를 충족시키며 클릭을 유도함.
260429_BNR_A-AI-Defeatmonster01A-DA_S_1200x1200_EN.png;https://tpc.googlesyndication.com/simgad/17279094099779978431,가로형 이미지,HQ_HQ_PH_US-EN_GA_NU_AD_ACi_260430,M_1844_INTEREST_GENRE_ALL_NONE_260430_3,2026-05-01,0,KRW,33,24,1,0,BNR,정방형,2026-04-29,A,AI,Defeatmonster01A,EN,260429_BNR_A-AI-Defeatmonster01A-DA_S_1200x1200_EN,A-AI-Defeatmonster01A-DA,https://tpc.googlesyndication.com/simgad/17279094099779978431,비주얼 임팩트,웅장함,,,,,아트 퀄리티,영지 빌딩,8인 실시간 전투,마그 탐험대,,어드벤처,,탐험 및 발견,클로즈업 및 줌,자연/야외 미학,만족과 성취감,인간형 영웅,2D 일러스트,성취감 테마를 통해 기존 RPG 유저의 도전 욕구를 충족시키며 클릭을 유도함.
260429_BNR_A-AI-Defeatmonster01A-DA_V_1200x1500_EN.png;https://tpc.googlesyndication.com/simgad/15179255730540632041,가로형 이미지,HQ_HQ_PH_US-EN_GA_NU_AD_ACi_260430,M_1844_INTEREST_GENRE_ALL_NONE_260430_3,2026-05-01,1,KRW,394,3,1,0,BNR,세로형,2026-04-29,A,AI,Defeatmonster01A,EN,260429_BNR_A-AI-Defeatmonster01A-DA_V_1200x1500_EN,A-AI-Defeatmonster01A-DA,https://tpc.googlesyndication.com/simgad/15179255730540632041,비주얼 임팩트,웅장함,,,,,아트 퀄리티,영지 빌딩,8인 실시간 전투,마그 탐험대,,어드벤처,,탐험 및 발견,클로즈업 및 줌,자연/야외 미학,만족과 성취감,인간형 영웅,2D 일러스트,성취감 테마를 통해 기존 RPG 유저의 도전 욕구를 충족시키며 클릭을 유도함.
260429_BNR_A-AI-Favoritehero01A-DA_L_1200x628_EN.png;https://tpc.googlesyndication.com/simgad/1998466068806704912,가로형 이미지,HQ_HQ_PH_US-EN_GA_NU_AD_ACi_260430,M_1844_INTEREST_GENRE_ALL_NONE_260430_3,2026-05-01,0,KRW,309,58,1,0,BNR,가로형,2026-04-29,A,AI,Favoritehero01A,EN,260429_BNR_A-AI-Favoritehero01A-DA_L_1200x628_EN,A-AI-Favoritehero01A-DA,https://tpc.googlesyndication.com/simgad/1998466068806704912,"질문/선택형, 캐릭터/유닛 외형",경쾌함,,,,"Who is your favorite hero?, VS, PLAY FOR FREE",아트 퀄리티,용병 모집,DIY 픽업 시스템,마그 탐험대,샤일린,히어로 수집 육성,,수집 및 도감,"분할 화면, 텍스트 오버레이",자연/야외 미학,수집욕/소유욕,"인간형 영웅, SD/치비 캐릭터",2D 일러스트,대조되는 속성의 캐릭터를 배치한 질문형 카피로 유저의 취향과 수집욕을 자극함.
260429_BNR_A-AI-Favoritehero01A-DA_S_1200x1200_EN.png;https://tpc.googlesyndication.com/simgad/5513864076699612430,가로형 이미지,HQ_HQ_PH_US-EN_GA_NU_AD_ACi_260430,M_1844_INTEREST_GENRE_ALL_NONE_260430_3,2026-05-01,0,KRW,220,140,0,0,BNR,정방형,2026-04-29,A,AI,Favoritehero01A,EN,260429_BNR_A-AI-Favoritehero01A-DA_S_1200x1200_EN,A-AI-Favoritehero01A-DA,https://tpc.googlesyndication.com/simgad/5513864076699612430,"질문/선택형, 캐릭터/유닛 외형",경쾌함,,,,"Who is your favorite hero?, VS, PLAY FOR FREE",아트 퀄리티,용병 모집,DIY 픽업 시스템,마그 탐험대,샤일린,히어로 수집 육성,,수집 및 도감,"분할 화면, 텍스트 오버레이",자연/야외 미학,수집욕/소유욕,"인간형 영웅, SD/치비 캐릭터",2D 일러스트,대조되는 속성의 캐릭터를 배치한 질문형 카피로 유저의 취향과 수집욕을 자극함.
260429_BNR_A-AI-Favoritehero01B-DA_L_1200x628_EN.png;https://tpc.googlesyndication.com/simgad/13430850387343170645,가로형 이미지,HQ_HQ_PH_US-EN_GA_NU_AD_ACi_260430,M_1844_INTEREST_GENRE_ALL_NONE_260430_3,2026-05-01,2,KRW,970,68,3,0,BNR,가로형,2026-04-29,A,AI,Favoritehero01B,EN,260429_BNR_A-AI-Favoritehero01B-DA_L_1200x628_EN,A-AI-Favoritehero01B-DA,https://tpc.googlesyndication.com/simgad/13430850387343170645,"질문/선택형, 캐릭터/유닛 외형",,,,,"Who is your favorite hero?, VS, PLAY FOR FREE",아트 퀄리티,용병 모집,DIY 픽업 시스템,마그 탐험대,카르벨,히어로 수집 육성,,수집 및 도감,"분할 화면, 텍스트 오버레이",던전/신전,수집욕/소유욕,인간형 영웅,2D 일러스트,대조되는 속성의 캐릭터를 배치한 질문형 카피로 유저의 취향과 수집욕을 자극함.
260429_BNR_A-AI-Favoritehero01B-DA_S_1200x1200_EN.png;https://tpc.googlesyndication.com/simgad/4869773213661551192,가로형 이미지,HQ_HQ_PH_US-EN_GA_NU_AD_ACi_260430,M_1844_INTEREST_GENRE_ALL_NONE_260430_3,2026-05-01,0,KRW,828,91,2,0,BNR,정방형,2026-04-29,A,AI,Favoritehero01B,EN,260429_BNR_A-AI-Favoritehero01B-DA_S_1200x1200_EN,A-AI-Favoritehero01B-DA,https://tpc.googlesyndication.com/simgad/4869773213661551192,"질문/선택형, 캐릭터/유닛 외형",,,,,"Who is your favorite hero?, VS, PLAY FOR FREE",아트 퀄리티,용병 모집,DIY 픽업 시스템,마그 탐험대,카르벨,히어로 수집 육성,,수집 및 도감,"분할 화면, 텍스트 오버레이",던전/신전,수집욕/소유욕,인간형 영웅,2D 일러스트,대조되는 속성의 캐릭터를 배치한 질문형 카피로 유저의 취향과 수집욕을 자극함.
260429_BNR_A-AI-Victory01A-DA_L_1200x628_EN.png;https://tpc.googlesyndication.com/simgad/17680799217874309764,가로형 이미지,HQ_HQ_PH_US-EN_GA_NU_AD_ACi_260430,M_1844_INTEREST_GENRE_ALL_NONE_260430_3,2026-05-01,7,KRW,6398,192,10,0,BNR,가로형,2026-04-29,A,AI,Victory01A,EN,260429_BNR_A-AI-Victory01A-DA_L_1200x628_EN,A-AI-Victory01A-DA,https://tpc.googlesyndication.com/simgad/17680799217874309764,"비주얼 임팩트, 압도적 보상",,,,,"VICTORY!, Crush The Monsters With the Top Squad, PLAY FREE","보상, 전략성",스쿼드 전투,보스 레이드,마그 탐험대,카르벨,렐릭 탐험 어드벤처,,"전투 및 액션, 장애물 및 도전",텍스트 오버레이,던전/신전,만족과 성취감,"인간형 영웅, 거대 보스, 재화/보물상자",2D 일러스트,보스 토벌 후 쏟아지는 재화 연출로 성취감을 주고 파티 편성 로망을 자극함.
260429_BNR_A-AI-Victory01A-DA_S_1200x1200_EN.png;https://tpc.googlesyndication.com/simgad/8323476710876020002,가로형 이미지,HQ_HQ_PH_US-EN_GA_NU_AD_ACi_260430,M_1844_INTEREST_GENRE_ALL_NONE_260430_3,2026-05-01,0,KRW,1516,235,4,0,BNR,정방형,2026-04-29,A,AI,Victory01A,EN,260429_BNR_A-AI-Victory01A-DA_S_1200x1200_EN,A-AI-Victory01A-DA,https://tpc.googlesyndication.com/simgad/8323476710876020002,"비주얼 임팩트, 압도적 보상",,,,,"VICTORY!, Crush The Monsters With the Top Squad, PLAY FREE","보상, 전략성",스쿼드 전투,보스 레이드,마그 탐험대,카르벨,렐릭 탐험 어드벤처,,"전투 및 액션, 장애물 및 도전",텍스트 오버레이,던전/신전,만족과 성취감,"인간형 영웅, 거대 보스, 재화/보물상자",2D 일러스트,보스 토벌 후 쏟아지는 재화 연출로 성취감을 주고 파티 편성 로망을 자극함.
260429_BNR_A-AI-Victory01A-DA_V_1200x1500_EN.png;https://tpc.googlesyndication.com/simgad/4104206601493878101,가로형 이미지,HQ_HQ_PH_US-EN_GA_NU_AD_ACi_260430,M_1844_INTEREST_GENRE_ALL_NONE_260430_3,2026-05-01,1,KRW,518,73,1,0,BNR,세로형,2026-04-29,A,AI,Victory01A,EN,260429_BNR_A-AI-Victory01A-DA_V_1200x1500_EN,A-AI-Victory01A-DA,https://tpc.googlesyndication.com/simgad/4104206601493878101,"비주얼 임팩트, 압도적 보상",,,,,"VICTORY!, Crush The Monsters With the Top Squad, PLAY FREE","보상, 전략성",스쿼드 전투,보스 레이드,마그 탐험대,카르벨,렐릭 탐험 어드벤처,,"전투 및 액션, 장애물 및 도전",텍스트 오버레이,던전/신전,만족과 성취감,"인간형 영웅, 거대 보스, 재화/보물상자",2D 일러스트,보스 토벌 후 쏟아지는 재화 연출로 성취감을 주고 파티 편성 로망을 자극함.
260406_VID_A-Character-Collection01B-UA_S_1080x1080_EN;https://www.youtube.com/watch?v=cTfY4JpFc-s,YouTube 동영상,HQ_HQ_PH_US-EN_GA_NU_AD_ACi_260430,M_1844_INTEREST_GENRE_ALL_NONE_260430_3,2026-05-01,0,KRW,3983,31,3,0,VID,정방형,2026-04-06,A,Character,Collection01B,EN;https://www,260406_VID_A-Character-Collection01B-UA_S_1080x1080_EN,A-Character-Collection01B-UA,https://www.youtube.com/watch?v=cTfY4JpFc-s,"질문/선택형, 캐릭터/유닛 외형",경쾌함,TRUE,,없음,"CHOOSE YOUR HERO, HUGO, KARBEL, MONAD","캐릭터, 수집형RPG, 전략성",용병 모집(Gacha),DIY 픽업 시스템,마그 탐험대,"휴고, 카르벨, 모나드",히어로 수집 육성,남성 캐릭터 위주 배치,수집 및 도감,"텍스트 오버레이, 분할 화면",심플/클린 UI,수집욕/소유욕,"SD/치비 캐릭터, 인간형 영웅",2D 일러스트,캐릭터 구성 대조를 통한 타겟 취향별 효율 분석. 탱커 및 딜러 중심 덱 선호 심리 공략하며 캐릭터 조합 변주 소재로 리타겟팅 광고 활용 권장.
260406_VID_A-Character-Combat01A-UA_L_1920x1080_EN;https://www.youtube.com/watch?v=2W7-0AV2mfg,YouTube 동영상,HQ_HQ_PH_US-EN_GA_NU_AD_ACi_260430,M_1844_INTEREST_GENRE_ALL_NONE_260430_3,2026-05-01,0,KRW,1612,89,0,0,VID,가로형,2026-04-06,A,Character,Combat01A,EN;https://www,260406_VID_A-Character-Combat01A-UA_L_1920x1080_EN,A-Character-Combat01A-UA,https://www.youtube.com/watch?v=2W7-0AV2mfg,"비주얼 임팩트, 캐릭터/유닛 외형",긴박함,TRUE,,없음,"VINESSA, A DARK WIZARD WHO DOMINATES THE FIELD, SOPHIA, REMOVES ALL DEBUFFS! THE KEY TO SURVIVAL, BERNETA, A SYNERGY DEALER THAT PERFECTS YOUR TEAM, PLAY FOR FREE","아트 퀄리티, 캐릭터, 수집형RPG, 전략성",용병 모집,스킬 컷신 연출,마그 탐험대,"Vinessa, Sophia, Berneta",렐릭 탐험 어드벤처,캐릭터별 스킬 특징 강조,전투 및 액션,"텍스트 오버레이, 클로즈업 및 줌",자연/야외 미학,"도전과 승부욕, 수집욕/소유욕","인간형 영웅, SD/치비 캐릭터, 성장 지표","2.5D 입체 그래픽, 2D 일러스트",인게임 전투와 일러스트 교차 편집으로 몰입도 극대화. 캐릭터 스킬 및 시너지로 전략적 호기심 자극. 플레이 영상 기반 안정적 CVR 확보 및 캐릭터 속성 대비 변주 제안.
260406_VID_A-Character-Combat01A-UA_S_1080x1080_EN;https://www.youtube.com/watch?v=jnNAzjzUw8o,YouTube 동영상,HQ_HQ_PH_US-EN_GA_NU_AD_ACi_260430,M_1844_INTEREST_GENRE_ALL_NONE_260430_3,2026-05-01,1,KRW,1999,65,2,0,VID,정방형,2026-04-06,A,Character,Combat01A,EN;https://www,260406_VID_A-Character-Combat01A-UA_S_1080x1080_EN,A-Character-Combat01A-UA,https://www.youtube.com/watch?v=jnNAzjzUw8o,"비주얼 임팩트, 캐릭터/유닛 외형",긴박함,TRUE,,없음,"VINESSA, A DARK WIZARD WHO DOMINATES THE FIELD, SOPHIA, REMOVES ALL DEBUFFS! THE KEY TO SURVIVAL, BERNETA, A SYNERGY DEALER THAT PERFECTS YOUR TEAM, PLAY FOR FREE","아트 퀄리티, 캐릭터, 수집형RPG, 전략성",용병 모집,스킬 컷신 연출,마그 탐험대,"Vinessa, Sophia, Berneta",렐릭 탐험 어드벤처,캐릭터별 스킬 특징 강조,전투 및 액션,"텍스트 오버레이, 클로즈업 및 줌",자연/야외 미학,"도전과 승부욕, 수집욕/소유욕","인간형 영웅, SD/치비 캐릭터, 성장 지표","2.5D 입체 그래픽, 2D 일러스트",SSR 비네사 비주얼을 초반에 배치해 RPG 팬덤 시선 확보. 고퀄리티 애니메이션으로 캐릭터 소유욕을 자극하며 스킬 콤보 시리즈로 소재 확장 가능.
260406_VID_A-Character-Combat01A-UA_V_1080x1920_EN;https://www.youtube.com/watch?v=tHmXhOKu33A,YouTube 동영상,HQ_HQ_PH_US-EN_GA_NU_AD_ACi_260430,M_1844_INTEREST_GENRE_ALL_NONE_260430_3,2026-05-01,0,KRW,337,35,0,0,VID,세로형,2026-04-06,A,Character,Combat01A,EN;https://www,260406_VID_A-Character-Combat01A-UA_V_1080x1920_EN,A-Character-Combat01A-UA,https://www.youtube.com/watch?v=tHmXhOKu33A,"비주얼 임팩트, 캐릭터/유닛 외형",긴박함,TRUE,,없음,"VINESSA, A DARK WIZARD WHO DOMINATES THE FIELD, SOPHIA, REMOVES ALL DEBUFFS! THE KEY TO SURVIVAL, BERNETA, A SYNERGY DEALER THAT PERFECTS YOUR TEAM, PLAY FOR FREE","아트 퀄리티, 캐릭터, 수집형RPG, 전략성",용병 모집,스킬 컷신 연출,마그 탐험대,"Vinessa, Sophia, Berneta",렐릭 탐험 어드벤처,캐릭터별 스킬 특징 강조,전투 및 액션,"텍스트 오버레이, 클로즈업 및 줌",자연/야외 미학,"도전과 승부욕, 수집욕/소유욕","인간형 영웅, SD/치비 캐릭터, 성장 지표","2.5D 입체 그래픽, 2D 일러스트",숏폼 최적화 세로 분할 화면으로 캐릭터와 전투 연출 강조. 한 손 플레이 선호 심리를 공략하여 틱톡 및 릴스 내 높은 조회수 확보 기대.
260406_VID_A-Character-Combat01B-UA_L_1920x1080_EN;https://www.youtube.com/watch?v=d4rVTfnnYhg,YouTube 동영상,HQ_HQ_PH_US-EN_GA_NU_AD_ACi_260430,M_1844_INTEREST_GENRE_ALL_NONE_260430_3,2026-05-01,0,KRW,986,87,0,0,VID,가로형,2026-04-06,A,Character,Combat01B,EN;https://www,260406_VID_A-Character-Combat01B-UA_L_1920x1080_EN,A-Character-Combat01B-UA,https://www.youtube.com/watch?v=d4rVTfnnYhg,"비주얼 임팩트, 캐릭터/유닛 외형",긴박함,TRUE,,없음,"HUGO, An indomitable warrior..., MONAD, A sage who devastates..., KARBEL, A fiery dealer..., PLAY FOR FREE","전략성, 아트 퀄리티",용병 모집,8인 실시간 전투,마그 탐험대,"Hugo, Monad, Karbel",히어로 수집 육성,,전투 및 액션,"텍스트 오버레이, 클로즈업 및 줌",자연/야외 미학,"도전과 승부욕, 수집욕/소유욕","인간형 영웅, SD/치비 캐릭터, 성장 지표","2.5D 입체 그래픽, 2D 일러스트",16:9 뷰로 넓은 전장과 스킬 강조. 화려한 연출로 타격감 선호 유저 공략. 전투 선호층 대상 높은 전환율 기대.
260406_VID_A-Character-Combat01B-UA_S_1080x1080_EN;https://www.youtube.com/watch?v=tcTIYuJi7pM,YouTube 동영상,HQ_HQ_PH_US-EN_GA_NU_AD_ACi_260430,M_1844_INTEREST_GENRE_ALL_NONE_260430_3,2026-05-01,2,KRW,6612,110,12,0,VID,정방형,2026-04-06,A,Character,Combat01B,EN;https://www,260406_VID_A-Character-Combat01B-UA_S_1080x1080_EN,A-Character-Combat01B-UA,https://www.youtube.com/watch?v=tcTIYuJi7pM,"비주얼 임팩트, 캐릭터/유닛 외형",긴박함,TRUE,,없음,"HUGO, An indomitable warrior..., MONAD, A sage who devastates..., KARBEL, A fiery dealer..., PLAY FOR FREE","전략성, 아트 퀄리티",용병 모집,8인 실시간 전투,마그 탐험대,"Hugo, Monad, Karbel",히어로 수집 육성,,전투 및 액션,"텍스트 오버레이, 클로즈업 및 줌",자연/야외 미학,"도전과 승부욕, 수집욕/소유욕","인간형 영웅, SD/치비 캐릭터, 성장 지표","2.5D 입체 그래픽, 2D 일러스트",소피아의 생존 및 지원 능력과 팀 시너지를 강조해 전략적 유저 공략. 비네사 소재 A/B 테스트로 타겟별 선호 캐릭터 최적화 및 성과 확장 도모.
260406_VID_A-Character-Combat01B-UA_V_1080x1920_EN;https://www.youtube.com/watch?v=rrd-TGZqEqc,YouTube 동영상,HQ_HQ_PH_US-EN_GA_NU_AD_ACi_260430,M_1844_INTEREST_GENRE_ALL_NONE_260430_3,2026-05-01,0,KRW,7949,240,3,0,VID,세로형,2026-04-06,A,Character,Combat01B,EN;https://www,260406_VID_A-Character-Combat01B-UA_V_1080x1920_EN,A-Character-Combat01B-UA,https://www.youtube.com/watch?v=rrd-TGZqEqc,"비주얼 임팩트, 캐릭터/유닛 외형",긴박함,TRUE,,없음,"HUGO, An indomitable warrior..., MONAD, A sage who devastates..., KARBEL, A fiery dealer..., PLAY FOR FREE","전략성, 아트 퀄리티",용병 모집,8인 실시간 전투,마그 탐험대,"Hugo, Monad, Karbel",히어로 수집 육성,,전투 및 액션,"텍스트 오버레이, 클로즈업 및 줌",자연/야외 미학,"도전과 승부욕, 수집욕/소유욕","인간형 영웅, SD/치비 캐릭터, 성장 지표","2.5D 입체 그래픽, 2D 일러스트",직관적인 탱딜힐 구성으로 정통 RPG 유저의 파티 니즈 충족. 역할군 조합의 재미를 텍스트로 보강하여 효율 극대화 기대.
260406_VID_A-Charater-Collection01B-UA_L_1920x1080_EN;https://www.youtube.com/watch?v=rRGCh1x6a6M,YouTube 동영상,HQ_HQ_PH_US-EN_GA_NU_AD_ACi_260430,M_1844_INTEREST_GENRE_ALL_NONE_260430_3,2026-05-01,1,KRW,7252,209,8,0,VID,가로형,2026-04-06,A,Charater,Collection01B,EN;https://www,260406_VID_A-Charater-Collection01B-UA_L_1920x1080_EN,A-Charater-Collection01B-UA,https://www.youtube.com/watch?v=rRGCh1x6a6M,"질문/선택형, 캐릭터/유닛 외형",경쾌함,TRUE,,없음,"CHOOSE YOUR HERO, HUGO, PLAY FOR FREE","아트 퀄리티, 전략성",용병 모집,DIY 픽업 시스템,마그 탐험대,Hugo,히어로 수집 육성,,수집 및 도감,"텍스트 오버레이, 클로즈업 및 줌",심플/클린 UI,"수집욕/소유욕, 만족과 성취감","인간형 영웅, SD/치비 캐릭터","2.5D 입체 그래픽, 2D 일러스트","그리드 UI로 풍부한 캐릭터 풀을 어필해 수집 욕구를 자극하며, 캐릭터 강조 엔드카드를 통해 높은 잔존율을 확보합니다."
260406_VID_A-Charater-Collection01B-UA_V_1080x1920_EN;https://www.youtube.com/watch?v=u5diHTUsSOs,YouTube 동영상,HQ_HQ_PH_US-EN_GA_NU_AD_ACi_260430,M_1844_INTEREST_GENRE_ALL_NONE_260430_3,2026-05-01,0,KRW,930,38,2,0,VID,세로형,2026-04-06,A,Charater,Collection01B,EN;https://www,260406_VID_A-Charater-Collection01B-UA_V_1080x1920_EN,A-Charater-Collection01B-UA,https://www.youtube.com/watch?v=u5diHTUsSOs,"질문/선택형, 캐릭터/유닛 외형",경쾌함,TRUE,,없음,"CHOOSE YOUR HERO, HUGO, PLAY FOR FREE","아트 퀄리티, 전략성",용병 모집,DIY 픽업 시스템,마그 탐험대,Hugo,히어로 수집 육성,캐릭터 픽(Pick) 연출,수집 및 도감,"텍스트 오버레이, 클로즈업 및 줌",심플/클린 UI,"수집욕/소유욕, 만족과 성취감","인간형 영웅, SD/치비 캐릭터","2.5D 입체 그래픽, 2D 일러스트",직접 영웅을 선택하는 인터랙티브 경험으로 기대감 부여. 다양한 영웅 노출을 통해 유저 취향을 공략하고 반복적인 참여 유도.
260406_VID_A-Hooking-Reward02A-FK_L_1920x1080_EN;https://www.youtube.com/watch?v=oRlzfGbT3xY,YouTube 동영상,HQ_HQ_PH_US-EN_GA_NU_AD_ACi_260430,M_1844_INTEREST_GENRE_ALL_NONE_260430_3,2026-05-01,1,KRW,7225,258,6,0,VID,가로형,2026-04-06,A,Hooking,Reward02A,EN;https://www,260406_VID_A-Hooking-Reward02A-FK_L_1920x1080_EN,A-Hooking-Reward02A-FK,https://www.youtube.com/watch?v=oRlzfGbT3xY,"실패/분노 유도, 압도적 보상",긴박함,TRUE,,없음,"Tap here to save him!, Help me!, HELP KARBEL CLEAR, Claim your SR character and rewards worth $100!, PLAY FOR FREE",보상,용병 모집,우호도 시스템,마그 탐험대,카르벨(Karbel),히어로 수집 육성,페이크 플레이(구출 미니게임) 형식 활용,퍼즐 및 논리,"손가락 지시선, 텍스트 오버레이",자연/야외 미학,"도전과 승부욕, 만족과 성취감","SD/치비 캐릭터, 재화/보물상자",2D 일러스트,구출 미니게임 방식을 활용해 시청자 이탈을 방지하고 즉각적인 행동을 유도합니다. 대량의 재화 보상으로 성취감을 자극하여 저단가 트래픽 확보 및 높은 클릭률을 공략합니다.
260406_VID_A-Hooking-Reward02A-FK_S_1080x1080_EN;https://www.youtube.com/watch?v=EgLwtP8WjE4,YouTube 동영상,HQ_HQ_PH_US-EN_GA_NU_AD_ACi_260430,M_1844_INTEREST_GENRE_ALL_NONE_260430_3,2026-05-01,4,KRW,1615,41,6,0,VID,정방형,2026-04-06,A,Hooking,Reward02A,EN;https://www,260406_VID_A-Hooking-Reward02A-FK_S_1080x1080_EN,A-Hooking-Reward02A-FK,https://www.youtube.com/watch?v=EgLwtP8WjE4,"실패/분노 유도, 압도적 보상",긴박함,TRUE,,없음,"Tap here to save him!, Help me!, HELP KARBEL CLEAR, Claim your SR character and rewards worth $100!, PLAY FOR FREE",보상,용병 모집,우호도 시스템,마그 탐험대,카르벨(Karbel),히어로 수집 육성,페이크 플레이(구출 미니게임) 형식 활용,퍼즐 및 논리,"손가락 지시선, 텍스트 오버레이",자연/야외 미학,"도전과 승부욕, 만족과 성취감","SD/치비 캐릭터, 재화/보물상자",2D 일러스트,위기 상황 미션과 100달러 보상으로 유저 참여 및 전환 유도. 쉬운 조작성 강조로 진입 장벽을 낮춰 대량 유입용 런칭 소재로 적합.
260406_VID_A-Hooking-Reward02A-FK_V_1080x1920_EN;https://www.youtube.com/watch?v=b7LsalWUDvQ,YouTube 동영상,HQ_HQ_PH_US-EN_GA_NU_AD_ACi_260430,M_1844_INTEREST_GENRE_ALL_NONE_260430_3,2026-05-01,1,KRW,377,19,1,0,VID,세로형,2026-04-06,A,Hooking,Reward02A,EN;https://www,260406_VID_A-Hooking-Reward02A-FK_V_1080x1920_EN,A-Hooking-Reward02A-FK,https://www.youtube.com/watch?v=b7LsalWUDvQ,"실패/분노 유도, 압도적 보상",긴박함,TRUE,,없음,"Tap here to save him!, Help me!, HELP KARBEL CLEAR, Claim your SR character and rewards worth $100!, PLAY FOR FREE",보상,용병 모집,우호도 시스템,마그 탐험대,카르벨(Karbel),히어로 수집 육성,페이크 플레이(구출 미니게임) 형식 활용,퍼즐 및 논리,"손가락 지시선, 텍스트 오버레이",자연/야외 미학,"도전과 승부욕, 만족과 성취감","SD/치비 캐릭터, 재화/보물상자",2D 일러스트,9:16 세로형 구조로 터치 인터랙션을 극대화하고 FOMO를 자극해 시청 완료율을 높입니다. 캐릭터 활용 및 실패 연출의 A/B 테스트 확장을 제안합니다.
260406_VID_A-Hooking-Reward03A-UA_L_1920x1080_EN;https://www.youtube.com/watch?v=XUrzh1Qrk5w,YouTube 동영상,HQ_HQ_PH_US-EN_GA_NU_AD_ACi_260430,M_1844_INTEREST_GENRE_ALL_NONE_260430_3,2026-05-01,2,KRW,2963,144,1,0,VID,가로형,2026-04-06,A,Hooking,Reward03A,EN;https://www,260406_VID_A-Hooking-Reward03A-UA_L_1920x1080_EN,A-Hooking-Reward03A-UA,https://www.youtube.com/watch?v=XUrzh1Qrk5w,"압도적 보상, 실패/분노 유도",경쾌함,TRUE,,없음,"WARNING Skip and you will lose your $100 rewards, Tap within 5 Seconds, SR, PLAY FOR FREE!, Claim your SR character and rewards worth $100!",보상,용병 모집,,마그 탐험대,Karbel,히어로 수집 육성,$100 가치 혜택 강조,수집 및 도감,"손가락 지시선, 텍스트 오버레이",심플/클린 UI,"만족과 성취감, 수집욕/소유욕","재화/보물상자, SD/치비 캐릭터","2D 일러스트, 2.5D 입체 그래픽","가로 화면을 활용한 화려한 연출로 시각적 몰입감을 높이고, 보상 상실에 대한 FOMO 심리를 자극하여 가로형 매체 타겟 광고 효율을 극대화함."
260406_VID_A-Hooking-Reward03A-UA_S_1080x1080_EN;https://www.youtube.com/watch?v=VGJB5tDWops,YouTube 동영상,HQ_HQ_PH_US-EN_GA_NU_AD_ACi_260430,M_1844_INTEREST_GENRE_ALL_NONE_260430_3,2026-05-01,1,KRW,3351,54,7,0,VID,정방형,2026-04-06,A,Hooking,Reward03A,EN;https://www,260406_VID_A-Hooking-Reward03A-UA_S_1080x1080_EN,A-Hooking-Reward03A-UA,https://www.youtube.com/watch?v=VGJB5tDWops,"압도적 보상, 실패/분노 유도",경쾌함,TRUE,,없음,"WARNING Skip and you will lose your $100 rewards, Tap within 5 Seconds, SR, PLAY FOR FREE!, Claim your SR character and rewards worth $100!",보상,용병 모집,,마그 탐험대,Karbel,히어로 수집 육성,$100 가치 혜택 강조,수집 및 도감,"손가락 지시선, 텍스트 오버레이",심플/클린 UI,"만족과 성취감, 수집욕/소유욕","재화/보물상자, SD/치비 캐릭터","2D 일러스트, 2.5D 입체 그래픽",부정적 후킹과 시간 제한으로 클릭 유도. $100 가치 및 SR 확정으로 수익 구체화. 높은 CVR 예상되며 보상 변주를 통한 라이브 옵스 제안.
260406_VID_A-Hooking-Reward03A-UA_V_1080x1920_EN;https://www.youtube.com/watch?v=jA_HAiz95x4,YouTube 동영상,HQ_HQ_PH_US-EN_GA_NU_AD_ACi_260430,M_1844_INTEREST_GENRE_ALL_NONE_260430_3,2026-05-01,0,KRW,2606,81,0,0,VID,세로형,2026-04-06,A,Hooking,Reward03A,EN;https://www,260406_VID_A-Hooking-Reward03A-UA_V_1080x1920_EN,A-Hooking-Reward03A-UA,https://www.youtube.com/watch?v=jA_HAiz95x4,"압도적 보상, 실패/분노 유도",경쾌함,TRUE,,없음,"WARNING Skip and you will lose your $100 rewards, Tap within 5 Seconds, SR, PLAY FOR FREE!, Claim your SR character and rewards worth $100!",보상,용병 모집,,마그 탐험대,Karbel,히어로 수집 육성,$100 가치 혜택 강조,수집 및 도감,"손가락 지시선, 텍스트 오버레이",심플/클린 UI,"만족과 성취감, 수집욕/소유욕","재화/보물상자, SD/치비 캐릭터","2D 일러스트, 2.5D 입체 그래픽",도발적 문구와 타이머로 이탈을 방지하고 FOMO 심리를 자극함. 보상형 인벤토리 활용을 통해 UA 매체에서 압도적 전환율 달성 기대.
260406_VID_A-Mob-Adventure01A-UA_L_1920x1080_EN;https://www.youtube.com/watch?v=hVmkPdIsz70,YouTube 동영상,HQ_HQ_PH_US-EN_GA_NU_AD_ACi_260430,M_1844_INTEREST_GENRE_ALL_NONE_260430_3,2026-05-01,1,KRW,1181,52,2,0,VID,가로형,2026-04-06,A,Mob,Adventure01A,EN;https://www,260406_VID_A-Mob-Adventure01A-UA_L_1920x1080_EN,A-Mob-Adventure01A-UA,https://www.youtube.com/watch?v=hVmkPdIsz70,"비주얼 임팩트, 성장 비포애프터",긴박함,TRUE,,없음,"WARNING, GOBLINS INCOMING!, Goblins? Easy! Level UP! UP!, Power Boost! BOOM! BOOM!, Strategic deployment!, Get ready for BATTLE!","편의성, 전략성",AFK 기능,8인 실시간 전투,고블린,카르벨,렐릭 탐험 어드벤처,스마트폰 UI 팝업 연출,"시뮬레이션 및 관리, 장애물 및 도전","텍스트 오버레이, 클로즈업 및 줌",자연/야외 미학,"도전과 승부욕, 만족과 성취감","SD/치비 캐릭터, 성장 지표, 군단/대규모 유닛",2.5D 입체 그래픽,16:9 화면 대비로 대규모 전투와 모바일 최적화 강조. 방치형 육성 선호 유저 타겟으로 핵심 시스템 소구 및 브랜딩·퍼포먼스 효율 기대.
260406_VID_A-Mob-Adventure01A-UA_S_1080x1080_EN;https://www.youtube.com/watch?v=LMKl0g6yRJU,YouTube 동영상,HQ_HQ_PH_US-EN_GA_NU_AD_ACi_260430,M_1844_INTEREST_GENRE_ALL_NONE_260430_3,2026-05-01,3,KRW,4413,131,6,0,VID,정방형,2026-04-06,A,Mob,Adventure01A,EN;https://www,260406_VID_A-Mob-Adventure01A-UA_S_1080x1080_EN,A-Mob-Adventure01A-UA,https://www.youtube.com/watch?v=LMKl0g6yRJU,"비주얼 임팩트, 성장 비포애프터",긴박함,TRUE,,없음,"WARNING, GOBLINS INCOMING!, Goblins? Easy! Level UP! UP!, Power Boost! BOOM! BOOM!, Strategic deployment!, Get ready for BATTLE!","편의성, 전략성",AFK 기능,8인 실시간 전투,고블린,카르벨,렐릭 탐험 어드벤처,스마트폰 UI 팝업 연출,"시뮬레이션 및 관리, 장애물 및 도전","텍스트 오버레이, 클로즈업 및 줌",자연/야외 미학,"도전과 승부욕, 참여와 임장감","SD/치비 캐릭터, 성장 지표, 군단/대규모 유닛",2.5D 입체 그래픽,경고 연출로 몰입도를 높이고 쉬운 성장을 강조해 진입 장벽 완화. 대규모 레이드 소재 확장을 통한 중장기 성과 기대.
260406_VID_A-Mob-Adventure01A-UA_V_1080x1920_EN;https://www.youtube.com/watch?v=nIYkYZ-JFj0,YouTube 동영상,HQ_HQ_PH_US-EN_GA_NU_AD_ACi_260430,M_1844_INTEREST_GENRE_ALL_NONE_260430_3,2026-05-01,0,KRW,1070,27,1,0,VID,세로형,2026-04-06,A,Mob,Adventure01A,EN;https://www,260406_VID_A-Mob-Adventure01A-UA_V_1080x1920_EN,A-Mob-Adventure01A-UA,https://www.youtube.com/watch?v=nIYkYZ-JFj0,"비주얼 임팩트, 성장 비포애프터",긴박함,TRUE,,없음,"WARNING, GOBLINS INCOMING!, Goblins? Easy! Level UP! UP!, Power Boost! BOOM! BOOM!, Strategic deployment!, Get ready for BATTLE!","편의성, 전략성",AFK 기능,8인 실시간 전투,고블린,카르벨,렐릭 탐험 어드벤처,스마트폰 UI 팝업 연출,"시뮬레이션 및 관리, 장애물 및 도전","텍스트 오버레이, 클로즈업 및 줌",자연/야외 미학,"도전과 승부욕, 만족과 성취감","SD/치비 캐릭터, 성장 지표, 군단/대규모 유닛",2.5D 입체 그래픽,세로형 피드 최적화 UI와 마을 습격 반전 연출로 이탈 방지. 직관적 레벨업과 전략적 배치 중심의 성장 쾌감을 자극해 숏폼 환경 내 높은 시청 유지율 및 전환율 기대.
Cute but Powerful Squad,광고 제목,HQ_HQ_PH_US-EN_GA_NU_AD_ACi_260430,M_1844_INTEREST_GENRE_ALL_NONE_260430,2026-05-01,3,KRW,2409,213,4,0,TXT,,,,,,,,,,,,,,,,,,,,,,,,,,,,,
Let’s Hunt for Treasure!,광고 제목,HQ_HQ_PH_US-EN_GA_NU_AD_ACi_260430,M_1844_INTEREST_GENRE_ALL_NONE_260430,2026-05-01,3,KRW,4051,136,7,0,TXT,,,,,,,,,,,,,,,,,,,,,,,,,,,,,
Pepp Heroes,광고 제목,HQ_HQ_PH_US-EN_GA_NU_AD_ACi_260430,M_1844_INTEREST_GENRE_ALL_NONE_260430,2026-05-01,0,KRW,4061,399,6,0,TXT,,,,,,,,,,,,,,,,,,,,,,,,,,,,,
Play for Free,광고 제목,HQ_HQ_PH_US-EN_GA_NU_AD_ACi_260430,M_1844_INTEREST_GENRE_ALL_NONE_260430,2026-05-01,2,KRW,7335,568,13,0,TXT,,,,,,,,,,,,,,,,,,,,,,,,,,,,,
"Your RPG, In Your Hands",광고 제목,HQ_HQ_PH_US-EN_GA_NU_AD_ACi_260430,M_1844_INTEREST_GENRE_ALL_NONE_260430,2026-05-01,2,KRW,3326,308,7,0,TXT,,,,,,,,,,,,,,,,,,,,,,,,,,,,,
Adorable Yet Powerful! Collect Heroes With Diverse Charms,설명,HQ_HQ_PH_US-EN_GA_NU_AD_ACi_260430,M_1844_INTEREST_GENRE_ALL_NONE_260430,2026-05-01,5,KRW,4648,465,10,0,TXT,,,,,,,,,,,,,,,,,,,,,,,,,,,,,
Clock Out and Start Your Treasure Hunt!,설명,HQ_HQ_PH_US-EN_GA_NU_AD_ACi_260430,M_1844_INTEREST_GENRE_ALL_NONE_260430,2026-05-01,10,KRW,12866,328,21,0,TXT,,,,,,,,,,,,,,,,,,,,,,,,,,,,,
Get Rewards Worth $100! Play Now!,설명,HQ_HQ_PH_US-EN_GA_NU_AD_ACi_260430,M_1844_INTEREST_GENRE_ALL_NONE_260430,2026-05-01,3,KRW,5933,865,14,0,TXT,,,,,,,,,,,,,,,,,,,,,,,,,,,,,
Strategic Battles With Heroes Full of Personality! Win With Your Own Squad,설명,HQ_HQ_PH_US-EN_GA_NU_AD_ACi_260430,M_1844_INTEREST_GENRE_ALL_NONE_260430,2026-05-01,3,KRW,5118,461,6,0,TXT,,,,,,,,,,,,,,,,,,,,,,,,,,,,,
Unique Hero Skills and Synergies! The Collectible RPG of Endless Team Combinations,설명,HQ_HQ_PH_US-EN_GA_NU_AD_ACi_260430,M_1844_INTEREST_GENRE_ALL_NONE_260430,2026-05-01,2,KRW,6331,517,6,0,TXT,,,,,,,,,,,,,,,,,,,,,,,,,,,,,
251104_BNR_A-Character-Adventure01A-DA_L_1200x628_EN.jpg;https://tpc.googlesyndication.com/simgad/7852267225455295083,가로형 이미지,HQ_HQ_PH_US-EN_GA_NU_AD_ACi_260430,M_1844_INTEREST_GENRE_ALL_NONE_260430,2026-05-01,18,KRW,49852,"1,343",106,0,BNR,가로형,2025-11-04,A,Character,Adventure01A,EN,251104_BNR_A-Character-Adventure01A-DA_L_1200x628_EN,A-Character-Adventure01A-DA,https://tpc.googlesyndication.com/simgad/7852267225455295083,"비주얼 임팩트, 캐릭터/유닛 외형",,,,,PEPP HEROES,"아트 퀄리티, 캐릭터, 수집형RPG","5인 분대 전투, 수집형 RPG",,"마그 탐험대, 고블린",카르벨(Karbel),렐릭 탐험 어드벤처,2.5D 입체 월드 강조,"전투 및 액션, 탐험 및 발견",텍스트 오버레이,자연/야외 미학,"도전과 승부욕, 수집욕/소유욕","인간형 영웅, SD/치비 캐릭터, 거대 보스","2.5D 입체 그래픽, 2D 일러스트",와이드 뷰로 보스 대립 및 레이드 강조. 소부대 전투의 스케일감으로 타겟 공략. SNS 최적화와 보상 정보 추가로 유입 및 전환 극대화.
251104_BNR_A-Character-Adventure01A-DA_S_1200x1200_EN.jpg;https://tpc.googlesyndication.com/simgad/13260462268912176542,가로형 이미지,HQ_HQ_PH_US-EN_GA_NU_AD_ACi_260430,M_1844_INTEREST_GENRE_ALL_NONE_260430,2026-05-01,0,KRW,427,68,2,0,BNR,정방형,2025-11-04,A,Character,Adventure01A,EN,251104_BNR_A-Character-Adventure01A-DA_S_1200x1200_EN,A-Character-Adventure01A-DA,https://tpc.googlesyndication.com/simgad/13260462268912176542,"비주얼 임팩트, 캐릭터/유닛 외형",,,,,PEPP HEROES,"아트 퀄리티, 캐릭터, 수집형RPG","5인 분대 전투, 수집형 RPG",,"마그 탐험대, 고블린",카르벨(Karbel),렐릭 탐험 어드벤처,2.5D 입체 월드 강조,"전투 및 액션, 탐험 및 발견",텍스트 오버레이,자연/야외 미학,"참여와 임장감, 수집욕/소유욕","인간형 영웅, SD/치비 캐릭터, 거대 보스","2.5D 입체 그래픽, 2D 일러스트",독창적인 2.5D 비주얼과 코어한 전투 재미로 RPG 유저 공략. 북미·글로벌 시장의 높은 CTR을 기반으로 SSR 소환 연출을 활용해 CVR 최적화.
251104_BNR_A-Character-Adventure01A-DA_V_1200x1500_EN.jpg;https://tpc.googlesyndication.com/simgad/11060997048456614631,가로형 이미지,HQ_HQ_PH_US-EN_GA_NU_AD_ACi_260430,M_1844_INTEREST_GENRE_ALL_NONE_260430,2026-05-01,2,KRW,5873,26,4,0,BNR,세로형,2025-11-04,A,Character,Adventure01A,EN,251104_BNR_A-Character-Adventure01A-DA_V_1200x1500_EN,A-Character-Adventure01A-DA,https://tpc.googlesyndication.com/simgad/11060997048456614631,"비주얼 임팩트, 캐릭터/유닛 외형",,,,,PEPP HEROES,"아트 퀄리티, 캐릭터, 수집형RPG","5인 분대 전투, 수집형 RPG",,"마그 탐험대, 고블린",카르벨(Karbel),렐릭 탐험 어드벤처,2.5D 입체 월드 강조,"전투 및 액션, 탐험 및 발견",텍스트 오버레이,자연/야외 미학,"수집욕/소유욕, 만족과 성취감","인간형 영웅, SD/치비 캐릭터, 거대 보스","2.5D 입체 그래픽, 2D 일러스트",캐릭터 케미와 조합 시각화로 SSR 수집 재미 자극. 속성 상성 강조 소재로 고관여 유저 공략 및 확장.
260406_BNR_A-Character-Adventure02A-DA_L_1200x628_EN.jpg;https://tpc.googlesyndication.com/simgad/7571534943945847205,가로형 이미지,HQ_HQ_PH_US-EN_GA_NU_AD_ACi_260430,M_1844_INTEREST_GENRE_ALL_NONE_260430,2026-05-01,2,KRW,2746,117,8,0,BNR,가로형,2026-04-06,A,Character,Adventure02A,EN,260406_BNR_A-Character-Adventure02A-DA_L_1200x628_EN,A-Character-Adventure02A-DA,https://tpc.googlesyndication.com/simgad/7571534943945847205,"캐릭터/유닛 외형, 비주얼 임팩트",,,,,"PEPP HEROES: RELIC QUEST, PRE-REGISTER NOW","아트 퀄리티, 릴리즈 예고, 캐릭터, 수집형RPG",용병 모집(Gacha),렐릭 퀘스트,마그 탐험대,샤일린(Shylin),렐릭 탐험 어드벤처,,수집 및 도감,텍스트 오버레이,자연/야외 미학,"수집욕/소유욕, 참여와 임장감",,"2.5D 입체 그래픽, 2D 일러스트",샤일린 비주얼을 활용해 2.5D 미학적 만족감을 강조하고 사전예약을 유도함. 고관여 유저 대상 높은 CTR이 기대되며 캐릭터 시너지 소재로 확장 계획임.
260406_BNR_A-Character-Adventure02A-DA_S_1200x1200_EN.jpg;https://tpc.googlesyndication.com/simgad/11186665980784424187,가로형 이미지,HQ_HQ_PH_US-EN_GA_NU_AD_ACi_260430,M_1844_INTEREST_GENRE_ALL_NONE_260430,2026-05-01,2,KRW,4930,449,9,0,BNR,정방형,2026-04-06,A,Character,Adventure02A,EN,260406_BNR_A-Character-Adventure02A-DA_S_1200x1200_EN,A-Character-Adventure02A-DA,https://tpc.googlesyndication.com/simgad/11186665980784424187,"캐릭터/유닛 외형, 비주얼 임팩트",,,,,"PEPP HEROES: RELIC QUEST, PRE-REGISTER NOW","아트 퀄리티, 릴리즈 예고, 캐릭터, 수집형RPG",용병 모집(Gacha),렐릭 퀘스트,마그 탐험대,샤일린(Shylin),렐릭 탐험 어드벤처,,수집 및 도감,텍스트 오버레이,자연/야외 미학,"수집욕/소유욕, 참여와 임장감",,"2.5D 입체 그래픽, 2D 일러스트",정사각형 포맷 내 캐릭터 밀집도를 높여 시선 집중 및 수집 욕구 자극. 인스타그램 등 매체 최적화 및 보상 정보 결합으로 고효율 기대.
260406_BNR_A-Character-Adventure02A-DA_V_1200x1500_EN.jpg;https://tpc.googlesyndication.com/simgad/6053276405209869053,가로형 이미지,HQ_HQ_PH_US-EN_GA_NU_AD_ACi_260430,M_1844_INTEREST_GENRE_ALL_NONE_260430,2026-05-01,4,KRW,6590,181,4,0,BNR,세로형,2026-04-06,A,Character,Adventure02A,EN,260406_BNR_A-Character-Adventure02A-DA_V_1200x1500_EN,A-Character-Adventure02A-DA,https://tpc.googlesyndication.com/simgad/6053276405209869053,"캐릭터/유닛 외형, 비주얼 임팩트",,,,,"PEPP HEROES: RELIC QUEST, PRE-REGISTER NOW","아트 퀄리티, 릴리즈 예고, 캐릭터, 수집형RPG",용병 모집(Gacha),렐릭 퀘스트,마그 탐험대,샤일린(Shylin),렐릭 탐험 어드벤처,,수집 및 도감,텍스트 오버레이,자연/야외 미학,"수집욕/소유욕, 참여와 임장감",,"2.5D 입체 그래픽, 2D 일러스트",세로형 피드 최적화와 2.5D 배경으로 어드벤처 컨셉 전달. 영웅 캐릭터를 강조해 탐험 욕구를 자극하며 SNS 뉴스피드 내 높은 CTR 성과 기대함.
260406_BNR_A-Character-Life01A-DA_L_1200x628_EN.jpg;https://tpc.googlesyndication.com/simgad/4842260928888903016,가로형 이미지,HQ_HQ_PH_US-EN_GA_NU_AD_ACi_260430,M_1844_INTEREST_GENRE_ALL_NONE_260430,2026-05-01,2,KRW,599,91,5,0,BNR,가로형,2026-04-06,A,Character,Life01A,EN,260406_BNR_A-Character-Life01A-DA_L_1200x628_EN,A-Character-Life01A-DA,https://tpc.googlesyndication.com/simgad/4842260928888903016,"캐릭터/유닛 외형, 비주얼 임팩트",,,,,"PEPP HEROES, PLAY FOR FREE","아트 퀄리티, 전략성, 수집형RPG","8인 실시간 전투, 8종 직업 및 4종 클래스 체계","렐릭 퀘스트, 8인 실시간 전투",마그 탐험대,카르벨(Karbel),"렐릭 탐험 어드벤처, 히어로 수집 육성",,"수집 및 도감, 탐험 및 발견","텍스트 오버레이, 심플/클린 UI",자연/야외 미학,"휴식과 힐링, 수집욕/소유욕","SD/치비 캐릭터, 인간형 영웅","2.5D 입체 그래픽, 2D 일러스트",2.5D 월드의 공간감을 강조하여 어드벤처 유저를 타겟팅합니다. 리마케팅에 효과적이며 수집 문구 추가로 정보 전달력 보강을 추천합니다.
260406_BNR_A-Character-Life01A-DA_S_1200x1200_EN.jpg;https://tpc.googlesyndication.com/simgad/1365671312776743899,가로형 이미지,HQ_HQ_PH_US-EN_GA_NU_AD_ACi_260430,M_1844_INTEREST_GENRE_ALL_NONE_260430,2026-05-01,0,KRW,0,51,0,0,BNR,정방형,2026-04-06,A,Character,Life01A,EN,260406_BNR_A-Character-Life01A-DA_S_1200x1200_EN,A-Character-Life01A-DA,https://tpc.googlesyndication.com/simgad/1365671312776743899,"캐릭터/유닛 외형, 비주얼 임팩트",,,,,"PEPP HEROES, PLAY FOR FREE","아트 퀄리티, 캐릭터, 수집형RPG","8인 실시간 전투, 8종 직업 및 4종 클래스 체계","렐릭 퀘스트, 8인 실시간 전투",마그 탐험대,카르벨(Karbel),"렐릭 탐험 어드벤처, 히어로 수집 육성",,"수집 및 도감, 탐험 및 발견","텍스트 오버레이, 심플/클린 UI",자연/야외 미학,"휴식과 힐링, 수집욕/소유욕","SD/치비 캐릭터, 인간형 영웅","2.5D 입체 그래픽, 2D 일러스트","고퀄리티 일러스트와 실제 화면을 합성해 신뢰감을 조성함. 캐주얼 유저의 힐링 욕구를 공략하여 높은 클릭률을 유도하고, 사전예약 보상 강조로 전환율 극대화가 필요함."
260406_BNR_A-Character-Life01A-DA_V_1200x1500_EN.jpg;https://tpc.googlesyndication.com/simgad/4106688461642527637,가로형 이미지,HQ_HQ_PH_US-EN_GA_NU_AD_ACi_260430,M_1844_INTEREST_GENRE_ALL_NONE_260430,2026-05-01,0,KRW,0,4,0,0,BNR,세로형,2026-04-06,A,Character,Life01A,EN,260406_BNR_A-Character-Life01A-DA_V_1200x1500_EN,A-Character-Life01A-DA,https://tpc.googlesyndication.com/simgad/4106688461642527637,"캐릭터/유닛 외형, 비주얼 임팩트",,,,,"PEPP HEROES, PLAY FOR FREE","아트 퀄리티, 캐릭터, 수집형RPG","8인 실시간 전투, 8종 직업 및 4종 클래스 체계","렐릭 퀘스트, 8인 실시간 전투",마그 탐험대,카르벨(Karbel),"렐릭 탐험 어드벤처, 히어로 수집 육성",,"수집 및 도감, 탐험 및 발견","텍스트 오버레이, 심플/클린 UI",자연/야외 미학,"휴식과 힐링, 수집욕/소유욕","SD/치비 캐릭터, 인간형 영웅","2.5D 입체 그래픽, 2D 일러스트",중간 비율로 캐릭터 디테일을 강조하여 수집 욕구를 자극합니다. 보스 대치 장면을 대조 삽입하여 도전 욕구를 자극하고 효율을 개선합니다.
260406_BNR_A-Mob-Adventure01A-DA_L_1200x628_EN.jpg;https://tpc.googlesyndication.com/simgad/16600105301133976800,가로형 이미지,HQ_HQ_PH_US-EN_GA_NU_AD_ACi_260430,M_1844_INTEREST_GENRE_ALL_NONE_260430,2026-05-01,0,KRW,528,24,0,0,BNR,가로형,2026-04-06,A,Mob,Adventure01A,EN,260406_BNR_A-Mob-Adventure01A-DA_L_1200x628_EN,A-Mob-Adventure01A-DA,https://tpc.googlesyndication.com/simgad/16600105301133976800,"캐릭터/유닛 외형, 비주얼 임팩트",,,,,"Peppy & Ready to Fight, PLAY FOR FREE","아트 퀄리티, 캐릭터, 수집형RPG",8인 실시간 전투,8종 직업 및 4종 클래스 체계,고블린,,렐릭 탐험 어드벤처,몬스터 군단 중심의 구도,"전투 및 액션, 탐험 및 발견",텍스트 오버레이,자연/야외 미학,"참여와 임장감, 수집욕/소유욕","SD/치비 캐릭터, 군단/대규모 유닛","2.5D 입체 그래픽, 2D 일러스트",몬스터 군단과 2.5D 아트 중심의 모험 소구. 독특한 크리처 디자인으로 고관여 유저의 CTR 유도 및 전략적 시너지 강조.
260406_BNR_A-Mob-Adventure01A-DA_S_1200x1200_EN.jpg;https://tpc.googlesyndication.com/simgad/9569657006008026943,가로형 이미지,HQ_HQ_PH_US-EN_GA_NU_AD_ACi_260430,M_1844_INTEREST_GENRE_ALL_NONE_260430,2026-05-01,0,KRW,52,181,1,0,BNR,정방형,2026-04-06,A,Mob,Adventure01A,EN,260406_BNR_A-Mob-Adventure01A-DA_S_1200x1200_EN,A-Mob-Adventure01A-DA,https://tpc.googlesyndication.com/simgad/9569657006008026943,"캐릭터/유닛 외형, 비주얼 임팩트",,,,,"Peppy & Ready to Fight, PLAY FOR FREE","아트 퀄리티, 캐릭터, 수집형RPG",8인 실시간 전투,8종 직업 및 4종 클래스 체계,고블린,,렐릭 탐험 어드벤처,몬스터 군단 중심의 구도,"전투 및 액션, 탐험 및 발견",텍스트 오버레이,자연/야외 미학,"참여와 임장감, 수집욕/소유욕","SD/치비 캐릭터, 군단/대규모 유닛","2.5D 입체 그래픽, 2D 일러스트","1:1 비율로 SD 캐릭터의 디테일과 2.5D 비주얼을 강조함. 높은 아트 퀄리티로 유저 시선을 유도하며, 시간 및 날씨 변화를 활용한 소재 확장을 제안함."
260406_VID_A-Character-Collection01B-UA_S_1080x1080_EN;https://www.youtube.com/watch?v=cTfY4JpFc-s,YouTube 동영상,HQ_HQ_PH_US-EN_GA_NU_AD_ACi_260430,M_1844_INTEREST_GENRE_ALL_NONE_260430,2026-05-01,1,KRW,5158,67,3,0,VID,정방형,2026-04-06,A,Character,Collection01B,EN;https://www,260406_VID_A-Character-Collection01B-UA_S_1080x1080_EN,A-Character-Collection01B-UA,https://www.youtube.com/watch?v=cTfY4JpFc-s,"질문/선택형, 캐릭터/유닛 외형",경쾌함,TRUE,,없음,"CHOOSE YOUR HERO, HUGO, KARBEL, MONAD","캐릭터, 수집형RPG, 전략성",용병 모집(Gacha),DIY 픽업 시스템,마그 탐험대,"휴고, 카르벨, 모나드",히어로 수집 육성,남성 캐릭터 위주 배치,수집 및 도감,"텍스트 오버레이, 분할 화면",심플/클린 UI,수집욕/소유욕,"SD/치비 캐릭터, 인간형 영웅",2D 일러스트,캐릭터 구성 대조를 통한 타겟 취향별 효율 분석. 탱커 및 딜러 중심 덱 선호 심리 공략하며 캐릭터 조합 변주 소재로 리타겟팅 광고 활용 권장.
260406_VID_A-Character-Combat01A-UA_L_1920x1080_EN;https://www.youtube.com/watch?v=2W7-0AV2mfg,YouTube 동영상,HQ_HQ_PH_US-EN_GA_NU_AD_ACi_260430,M_1844_INTEREST_GENRE_ALL_NONE_260430,2026-05-01,0,KRW,800,42,1,0,VID,가로형,2026-04-06,A,Character,Combat01A,EN;https://www,260406_VID_A-Character-Combat01A-UA_L_1920x1080_EN,A-Character-Combat01A-UA,https://www.youtube.com/watch?v=2W7-0AV2mfg,"비주얼 임팩트, 캐릭터/유닛 외형",긴박함,TRUE,,없음,"VINESSA, A DARK WIZARD WHO DOMINATES THE FIELD, SOPHIA, REMOVES ALL DEBUFFS! THE KEY TO SURVIVAL, BERNETA, A SYNERGY DEALER THAT PERFECTS YOUR TEAM, PLAY FOR FREE","아트 퀄리티, 캐릭터, 수집형RPG, 전략성",용병 모집,스킬 컷신 연출,마그 탐험대,"Vinessa, Sophia, Berneta",렐릭 탐험 어드벤처,캐릭터별 스킬 특징 강조,전투 및 액션,"텍스트 오버레이, 클로즈업 및 줌",자연/야외 미학,"도전과 승부욕, 수집욕/소유욕","인간형 영웅, SD/치비 캐릭터, 성장 지표","2.5D 입체 그래픽, 2D 일러스트",인게임 전투와 일러스트 교차 편집으로 몰입도 극대화. 캐릭터 스킬 및 시너지로 전략적 호기심 자극. 플레이 영상 기반 안정적 CVR 확보 및 캐릭터 속성 대비 변주 제안.
260406_VID_A-Character-Combat01A-UA_S_1080x1080_EN;https://www.youtube.com/watch?v=jnNAzjzUw8o,YouTube 동영상,HQ_HQ_PH_US-EN_GA_NU_AD_ACi_260430,M_1844_INTEREST_GENRE_ALL_NONE_260430,2026-05-01,0,KRW,2419,158,1,0,VID,정방형,2026-04-06,A,Character,Combat01A,EN;https://www,260406_VID_A-Character-Combat01A-UA_S_1080x1080_EN,A-Character-Combat01A-UA,https://www.youtube.com/watch?v=jnNAzjzUw8o,"비주얼 임팩트, 캐릭터/유닛 외형",긴박함,TRUE,,없음,"VINESSA, A DARK WIZARD WHO DOMINATES THE FIELD, SOPHIA, REMOVES ALL DEBUFFS! THE KEY TO SURVIVAL, BERNETA, A SYNERGY DEALER THAT PERFECTS YOUR TEAM, PLAY FOR FREE","아트 퀄리티, 캐릭터, 수집형RPG, 전략성",용병 모집,스킬 컷신 연출,마그 탐험대,"Vinessa, Sophia, Berneta",렐릭 탐험 어드벤처,캐릭터별 스킬 특징 강조,전투 및 액션,"텍스트 오버레이, 클로즈업 및 줌",자연/야외 미학,"도전과 승부욕, 수집욕/소유욕","인간형 영웅, SD/치비 캐릭터, 성장 지표","2.5D 입체 그래픽, 2D 일러스트",SSR 비네사 비주얼을 초반에 배치해 RPG 팬덤 시선 확보. 고퀄리티 애니메이션으로 캐릭터 소유욕을 자극하며 스킬 콤보 시리즈로 소재 확장 가능.
260406_VID_A-Character-Combat01A-UA_V_1080x1920_EN;https://www.youtube.com/watch?v=tHmXhOKu33A,YouTube 동영상,HQ_HQ_PH_US-EN_GA_NU_AD_ACi_260430,M_1844_INTEREST_GENRE_ALL_NONE_260430,2026-05-01,0,KRW,1272,50,0,0,VID,세로형,2026-04-06,A,Character,Combat01A,EN;https://www,260406_VID_A-Character-Combat01A-UA_V_1080x1920_EN,A-Character-Combat01A-UA,https://www.youtube.com/watch?v=tHmXhOKu33A,"비주얼 임팩트, 캐릭터/유닛 외형",긴박함,TRUE,,없음,"VINESSA, A DARK WIZARD WHO DOMINATES THE FIELD, SOPHIA, REMOVES ALL DEBUFFS! THE KEY TO SURVIVAL, BERNETA, A SYNERGY DEALER THAT PERFECTS YOUR TEAM, PLAY FOR FREE","아트 퀄리티, 캐릭터, 수집형RPG, 전략성",용병 모집,스킬 컷신 연출,마그 탐험대,"Vinessa, Sophia, Berneta",렐릭 탐험 어드벤처,캐릭터별 스킬 특징 강조,전투 및 액션,"텍스트 오버레이, 클로즈업 및 줌",자연/야외 미학,"도전과 승부욕, 수집욕/소유욕","인간형 영웅, SD/치비 캐릭터, 성장 지표","2.5D 입체 그래픽, 2D 일러스트",숏폼 최적화 세로 분할 화면으로 캐릭터와 전투 연출 강조. 한 손 플레이 선호 심리를 공략하여 틱톡 및 릴스 내 높은 조회수 확보 기대.
260406_VID_A-Character-Combat01B-UA_L_1920x1080_EN;https://www.youtube.com/watch?v=d4rVTfnnYhg,YouTube 동영상,HQ_HQ_PH_US-EN_GA_NU_AD_ACi_260430,M_1844_INTEREST_GENRE_ALL_NONE_260430,2026-05-01,1,KRW,2054,113,4,0,VID,가로형,2026-04-06,A,Character,Combat01B,EN;https://www,260406_VID_A-Character-Combat01B-UA_L_1920x1080_EN,A-Character-Combat01B-UA,https://www.youtube.com/watch?v=d4rVTfnnYhg,"비주얼 임팩트, 캐릭터/유닛 외형",긴박함,TRUE,,없음,"HUGO, An indomitable warrior..., MONAD, A sage who devastates..., KARBEL, A fiery dealer..., PLAY FOR FREE","전략성, 아트 퀄리티",용병 모집,8인 실시간 전투,마그 탐험대,"Hugo, Monad, Karbel",히어로 수집 육성,,전투 및 액션,"텍스트 오버레이, 클로즈업 및 줌",자연/야외 미학,"도전과 승부욕, 수집욕/소유욕","인간형 영웅, SD/치비 캐릭터, 성장 지표","2.5D 입체 그래픽, 2D 일러스트",16:9 뷰로 넓은 전장과 스킬 강조. 화려한 연출로 타격감 선호 유저 공략. 전투 선호층 대상 높은 전환율 기대.
260406_VID_A-Character-Combat01B-UA_S_1080x1080_EN;https://www.youtube.com/watch?v=tcTIYuJi7pM,YouTube 동영상,HQ_HQ_PH_US-EN_GA_NU_AD_ACi_260430,M_1844_INTEREST_GENRE_ALL_NONE_260430,2026-05-01,0,KRW,2831,34,1,0,VID,정방형,2026-04-06,A,Character,Combat01B,EN;https://www,260406_VID_A-Character-Combat01B-UA_S_1080x1080_EN,A-Character-Combat01B-UA,https://www.youtube.com/watch?v=tcTIYuJi7pM,"비주얼 임팩트, 캐릭터/유닛 외형",긴박함,TRUE,,없음,"HUGO, An indomitable warrior..., MONAD, A sage who devastates..., KARBEL, A fiery dealer..., PLAY FOR FREE","전략성, 아트 퀄리티",용병 모집,8인 실시간 전투,마그 탐험대,"Hugo, Monad, Karbel",히어로 수집 육성,,전투 및 액션,"텍스트 오버레이, 클로즈업 및 줌",자연/야외 미학,"도전과 승부욕, 수집욕/소유욕","인간형 영웅, SD/치비 캐릭터, 성장 지표","2.5D 입체 그래픽, 2D 일러스트",소피아의 생존 및 지원 능력과 팀 시너지를 강조해 전략적 유저 공략. 비네사 소재 A/B 테스트로 타겟별 선호 캐릭터 최적화 및 성과 확장 도모.
260406_VID_A-Character-Combat01B-UA_V_1080x1920_EN;https://www.youtube.com/watch?v=rrd-TGZqEqc,YouTube 동영상,HQ_HQ_PH_US-EN_GA_NU_AD_ACi_260430,M_1844_INTEREST_GENRE_ALL_NONE_260430,2026-05-01,2,KRW,6469,210,3,0,VID,세로형,2026-04-06,A,Character,Combat01B,EN;https://www,260406_VID_A-Character-Combat01B-UA_V_1080x1920_EN,A-Character-Combat01B-UA,https://www.youtube.com/watch?v=rrd-TGZqEqc,"비주얼 임팩트, 캐릭터/유닛 외형",긴박함,TRUE,,없음,"HUGO, An indomitable warrior..., MONAD, A sage who devastates..., KARBEL, A fiery dealer..., PLAY FOR FREE","전략성, 아트 퀄리티",용병 모집,8인 실시간 전투,마그 탐험대,"Hugo, Monad, Karbel",히어로 수집 육성,,전투 및 액션,"텍스트 오버레이, 클로즈업 및 줌",자연/야외 미학,"도전과 승부욕, 수집욕/소유욕","인간형 영웅, SD/치비 캐릭터, 성장 지표","2.5D 입체 그래픽, 2D 일러스트",직관적인 탱딜힐 구성으로 정통 RPG 유저의 파티 니즈 충족. 역할군 조합의 재미를 텍스트로 보강하여 효율 극대화 기대.
260406_VID_A-Charater-Collection01B-UA_L_1920x1080_EN;https://www.youtube.com/watch?v=rRGCh1x6a6M,YouTube 동영상,HQ_HQ_PH_US-EN_GA_NU_AD_ACi_260430,M_1844_INTEREST_GENRE_ALL_NONE_260430,2026-05-01,2,KRW,11251,170,14,0,VID,가로형,2026-04-06,A,Charater,Collection01B,EN;https://www,260406_VID_A-Charater-Collection01B-UA_L_1920x1080_EN,A-Charater-Collection01B-UA,https://www.youtube.com/watch?v=rRGCh1x6a6M,"질문/선택형, 캐릭터/유닛 외형",경쾌함,TRUE,,없음,"CHOOSE YOUR HERO, HUGO, PLAY FOR FREE","아트 퀄리티, 전략성",용병 모집,DIY 픽업 시스템,마그 탐험대,Hugo,히어로 수집 육성,,수집 및 도감,"텍스트 오버레이, 클로즈업 및 줌",심플/클린 UI,"수집욕/소유욕, 만족과 성취감","인간형 영웅, SD/치비 캐릭터","2.5D 입체 그래픽, 2D 일러스트","그리드 UI로 풍부한 캐릭터 풀을 어필해 수집 욕구를 자극하며, 캐릭터 강조 엔드카드를 통해 높은 잔존율을 확보합니다."
260406_VID_A-Charater-Collection01B-UA_V_1080x1920_EN;https://www.youtube.com/watch?v=u5diHTUsSOs,YouTube 동영상,HQ_HQ_PH_US-EN_GA_NU_AD_ACi_260430,M_1844_INTEREST_GENRE_ALL_NONE_260430,2026-05-01,1,KRW,2460,94,1,0,VID,세로형,2026-04-06,A,Charater,Collection01B,EN;https://www,260406_VID_A-Charater-Collection01B-UA_V_1080x1920_EN,A-Charater-Collection01B-UA,https://www.youtube.com/watch?v=u5diHTUsSOs,"질문/선택형, 캐릭터/유닛 외형",경쾌함,TRUE,,없음,"CHOOSE YOUR HERO, HUGO, PLAY FOR FREE","아트 퀄리티, 전략성",용병 모집,DIY 픽업 시스템,마그 탐험대,Hugo,히어로 수집 육성,캐릭터 픽(Pick) 연출,수집 및 도감,"텍스트 오버레이, 클로즈업 및 줌",심플/클린 UI,"수집욕/소유욕, 만족과 성취감","인간형 영웅, SD/치비 캐릭터","2.5D 입체 그래픽, 2D 일러스트",직접 영웅을 선택하는 인터랙티브 경험으로 기대감 부여. 다양한 영웅 노출을 통해 유저 취향을 공략하고 반복적인 참여 유도.
260406_VID_A-Hooking-Reward02A-FK_L_1920x1080_EN;https://www.youtube.com/watch?v=oRlzfGbT3xY,YouTube 동영상,HQ_HQ_PH_US-EN_GA_NU_AD_ACi_260430,M_1844_INTEREST_GENRE_ALL_NONE_260430,2026-05-01,5,KRW,27499,735,9,0,VID,가로형,2026-04-06,A,Hooking,Reward02A,EN;https://www,260406_VID_A-Hooking-Reward02A-FK_L_1920x1080_EN,A-Hooking-Reward02A-FK,https://www.youtube.com/watch?v=oRlzfGbT3xY,"실패/분노 유도, 압도적 보상",긴박함,TRUE,,없음,"Tap here to save him!, Help me!, HELP KARBEL CLEAR, Claim your SR character and rewards worth $100!, PLAY FOR FREE",보상,용병 모집,우호도 시스템,마그 탐험대,카르벨(Karbel),히어로 수집 육성,페이크 플레이(구출 미니게임) 형식 활용,퍼즐 및 논리,"손가락 지시선, 텍스트 오버레이",자연/야외 미학,"도전과 승부욕, 만족과 성취감","SD/치비 캐릭터, 재화/보물상자",2D 일러스트,구출 미니게임 방식을 활용해 시청자 이탈을 방지하고 즉각적인 행동을 유도합니다. 대량의 재화 보상으로 성취감을 자극하여 저단가 트래픽 확보 및 높은 클릭률을 공략합니다.
260406_VID_A-Hooking-Reward02A-FK_S_1080x1080_EN;https://www.youtube.com/watch?v=EgLwtP8WjE4,YouTube 동영상,HQ_HQ_PH_US-EN_GA_NU_AD_ACi_260430,M_1844_INTEREST_GENRE_ALL_NONE_260430,2026-05-01,2,KRW,4154,72,2,0,VID,정방형,2026-04-06,A,Hooking,Reward02A,EN;https://www,260406_VID_A-Hooking-Reward02A-FK_S_1080x1080_EN,A-Hooking-Reward02A-FK,https://www.youtube.com/watch?v=EgLwtP8WjE4,"실패/분노 유도, 압도적 보상",긴박함,TRUE,,없음,"Tap here to save him!, Help me!, HELP KARBEL CLEAR, Claim your SR character and rewards worth $100!, PLAY FOR FREE",보상,용병 모집,우호도 시스템,마그 탐험대,카르벨(Karbel),히어로 수집 육성,페이크 플레이(구출 미니게임) 형식 활용,퍼즐 및 논리,"손가락 지시선, 텍스트 오버레이",자연/야외 미학,"도전과 승부욕, 만족과 성취감","SD/치비 캐릭터, 재화/보물상자",2D 일러스트,위기 상황 미션과 100달러 보상으로 유저 참여 및 전환 유도. 쉬운 조작성 강조로 진입 장벽을 낮춰 대량 유입용 런칭 소재로 적합.
260406_VID_A-Hooking-Reward02A-FK_V_1080x1920_EN;https://www.youtube.com/watch?v=b7LsalWUDvQ,YouTube 동영상,HQ_HQ_PH_US-EN_GA_NU_AD_ACi_260430,M_1844_INTEREST_GENRE_ALL_NONE_260430,2026-05-01,1,KRW,596,18,1,0,VID,세로형,2026-04-06,A,Hooking,Reward02A,EN;https://www,260406_VID_A-Hooking-Reward02A-FK_V_1080x1920_EN,A-Hooking-Reward02A-FK,https://www.youtube.com/watch?v=b7LsalWUDvQ,"실패/분노 유도, 압도적 보상",긴박함,TRUE,,없음,"Tap here to save him!, Help me!, HELP KARBEL CLEAR, Claim your SR character and rewards worth $100!, PLAY FOR FREE",보상,용병 모집,우호도 시스템,마그 탐험대,카르벨(Karbel),히어로 수집 육성,페이크 플레이(구출 미니게임) 형식 활용,퍼즐 및 논리,"손가락 지시선, 텍스트 오버레이",자연/야외 미학,"도전과 승부욕, 만족과 성취감","SD/치비 캐릭터, 재화/보물상자",2D 일러스트,9:16 세로형 구조로 터치 인터랙션을 극대화하고 FOMO를 자극해 시청 완료율을 높입니다. 캐릭터 활용 및 실패 연출의 A/B 테스트 확장을 제안합니다.
260406_VID_A-Hooking-Reward03A-UA_L_1920x1080_EN;https://www.youtube.com/watch?v=XUrzh1Qrk5w,YouTube 동영상,HQ_HQ_PH_US-EN_GA_NU_AD_ACi_260430,M_1844_INTEREST_GENRE_ALL_NONE_260430,2026-05-01,0,KRW,1637,87,2,0,VID,가로형,2026-04-06,A,Hooking,Reward03A,EN;https://www,260406_VID_A-Hooking-Reward03A-UA_L_1920x1080_EN,A-Hooking-Reward03A-UA,https://www.youtube.com/watch?v=XUrzh1Qrk5w,"압도적 보상, 실패/분노 유도",경쾌함,TRUE,,없음,"WARNING Skip and you will lose your $100 rewards, Tap within 5 Seconds, SR, PLAY FOR FREE!, Claim your SR character and rewards worth $100!",보상,용병 모집,,마그 탐험대,Karbel,히어로 수집 육성,$100 가치 혜택 강조,수집 및 도감,"손가락 지시선, 텍스트 오버레이",심플/클린 UI,"만족과 성취감, 수집욕/소유욕","재화/보물상자, SD/치비 캐릭터","2D 일러스트, 2.5D 입체 그래픽","가로 화면을 활용한 화려한 연출로 시각적 몰입감을 높이고, 보상 상실에 대한 FOMO 심리를 자극하여 가로형 매체 타겟 광고 효율을 극대화함."
260406_VID_A-Hooking-Reward03A-UA_S_1080x1080_EN;https://www.youtube.com/watch?v=VGJB5tDWops,YouTube 동영상,HQ_HQ_PH_US-EN_GA_NU_AD_ACi_260430,M_1844_INTEREST_GENRE_ALL_NONE_260430,2026-05-01,1,KRW,711,25,2,0,VID,정방형,2026-04-06,A,Hooking,Reward03A,EN;https://www,260406_VID_A-Hooking-Reward03A-UA_S_1080x1080_EN,A-Hooking-Reward03A-UA,https://www.youtube.com/watch?v=VGJB5tDWops,"압도적 보상, 실패/분노 유도",경쾌함,TRUE,,없음,"WARNING Skip and you will lose your $100 rewards, Tap within 5 Seconds, SR, PLAY FOR FREE!, Claim your SR character and rewards worth $100!",보상,용병 모집,,마그 탐험대,Karbel,히어로 수집 육성,$100 가치 혜택 강조,수집 및 도감,"손가락 지시선, 텍스트 오버레이",심플/클린 UI,"만족과 성취감, 수집욕/소유욕","재화/보물상자, SD/치비 캐릭터","2D 일러스트, 2.5D 입체 그래픽",부정적 후킹과 시간 제한으로 클릭 유도. $100 가치 및 SR 확정으로 수익 구체화. 높은 CVR 예상되며 보상 변주를 통한 라이브 옵스 제안.
260406_VID_A-Hooking-Reward03A-UA_V_1080x1920_EN;https://www.youtube.com/watch?v=jA_HAiz95x4,YouTube 동영상,HQ_HQ_PH_US-EN_GA_NU_AD_ACi_260430,M_1844_INTEREST_GENRE_ALL_NONE_260430,2026-05-01,2,KRW,5341,84,2,0,VID,세로형,2026-04-06,A,Hooking,Reward03A,EN;https://www,260406_VID_A-Hooking-Reward03A-UA_V_1080x1920_EN,A-Hooking-Reward03A-UA,https://www.youtube.com/watch?v=jA_HAiz95x4,"압도적 보상, 실패/분노 유도",경쾌함,TRUE,,없음,"WARNING Skip and you will lose your $100 rewards, Tap within 5 Seconds, SR, PLAY FOR FREE!, Claim your SR character and rewards worth $100!",보상,용병 모집,,마그 탐험대,Karbel,히어로 수집 육성,$100 가치 혜택 강조,수집 및 도감,"손가락 지시선, 텍스트 오버레이",심플/클린 UI,"만족과 성취감, 수집욕/소유욕","재화/보물상자, SD/치비 캐릭터","2D 일러스트, 2.5D 입체 그래픽",도발적 문구와 타이머로 이탈을 방지하고 FOMO 심리를 자극함. 보상형 인벤토리 활용을 통해 UA 매체에서 압도적 전환율 달성 기대.
260406_VID_A-Mob-Adventure01A-UA_L_1920x1080_EN;https://www.youtube.com/watch?v=hVmkPdIsz70,YouTube 동영상,HQ_HQ_PH_US-EN_GA_NU_AD_ACi_260430,M_1844_INTEREST_GENRE_ALL_NONE_260430,2026-05-01,0,KRW,103,11,0,0,VID,가로형,2026-04-06,A,Mob,Adventure01A,EN;https://www,260406_VID_A-Mob-Adventure01A-UA_L_1920x1080_EN,A-Mob-Adventure01A-UA,https://www.youtube.com/watch?v=hVmkPdIsz70,"비주얼 임팩트, 성장 비포애프터",긴박함,TRUE,,없음,"WARNING, GOBLINS INCOMING!, Goblins? Easy! Level UP! UP!, Power Boost! BOOM! BOOM!, Strategic deployment!, Get ready for BATTLE!","편의성, 전략성",AFK 기능,8인 실시간 전투,고블린,카르벨,렐릭 탐험 어드벤처,스마트폰 UI 팝업 연출,"시뮬레이션 및 관리, 장애물 및 도전","텍스트 오버레이, 클로즈업 및 줌",자연/야외 미학,"도전과 승부욕, 만족과 성취감","SD/치비 캐릭터, 성장 지표, 군단/대규모 유닛",2.5D 입체 그래픽,16:9 화면 대비로 대규모 전투와 모바일 최적화 강조. 방치형 육성 선호 유저 타겟으로 핵심 시스템 소구 및 브랜딩·퍼포먼스 효율 기대.
260406_VID_A-Mob-Adventure01A-UA_S_1080x1080_EN;https://www.youtube.com/watch?v=LMKl0g6yRJU,YouTube 동영상,HQ_HQ_PH_US-EN_GA_NU_AD_ACi_260430,M_1844_INTEREST_GENRE_ALL_NONE_260430,2026-05-01,2,KRW,1096,53,2,0,VID,정방형,2026-04-06,A,Mob,Adventure01A,EN;https://www,260406_VID_A-Mob-Adventure01A-UA_S_1080x1080_EN,A-Mob-Adventure01A-UA,https://www.youtube.com/watch?v=LMKl0g6yRJU,"비주얼 임팩트, 성장 비포애프터",긴박함,TRUE,,없음,"WARNING, GOBLINS INCOMING!, Goblins? Easy! Level UP! UP!, Power Boost! BOOM! BOOM!, Strategic deployment!, Get ready for BATTLE!","편의성, 전략성",AFK 기능,8인 실시간 전투,고블린,카르벨,렐릭 탐험 어드벤처,스마트폰 UI 팝업 연출,"시뮬레이션 및 관리, 장애물 및 도전","텍스트 오버레이, 클로즈업 및 줌",자연/야외 미학,"도전과 승부욕, 참여와 임장감","SD/치비 캐릭터, 성장 지표, 군단/대규모 유닛",2.5D 입체 그래픽,경고 연출로 몰입도를 높이고 쉬운 성장을 강조해 진입 장벽 완화. 대규모 레이드 소재 확장을 통한 중장기 성과 기대.
260406_VID_A-Mob-Adventure01A-UA_V_1080x1920_EN;https://www.youtube.com/watch?v=nIYkYZ-JFj0,YouTube 동영상,HQ_HQ_PH_US-EN_GA_NU_AD_ACi_260430,M_1844_INTEREST_GENRE_ALL_NONE_260430,2026-05-01,0,KRW,1453,98,1,0,VID,세로형,2026-04-06,A,Mob,Adventure01A,EN;https://www,260406_VID_A-Mob-Adventure01A-UA_V_1080x1920_EN,A-Mob-Adventure01A-UA,https://www.youtube.com/watch?v=nIYkYZ-JFj0,"비주얼 임팩트, 성장 비포애프터",긴박함,TRUE,,없음,"WARNING, GOBLINS INCOMING!, Goblins? Easy! Level UP! UP!, Power Boost! BOOM! BOOM!, Strategic deployment!, Get ready for BATTLE!","편의성, 전략성",AFK 기능,8인 실시간 전투,고블린,카르벨,렐릭 탐험 어드벤처,스마트폰 UI 팝업 연출,"시뮬레이션 및 관리, 장애물 및 도전","텍스트 오버레이, 클로즈업 및 줌",자연/야외 미학,"도전과 승부욕, 만족과 성취감","SD/치비 캐릭터, 성장 지표, 군단/대규모 유닛",2.5D 입체 그래픽,세로형 피드 최적화 UI와 마을 습격 반전 연출로 이탈 방지. 직관적 레벨업과 전략적 배치 중심의 성장 쾌감을 자극해 숏폼 환경 내 높은 시청 유지율 및 전환율 기대.
Cute but Powerful Squad,광고 제목,HQ_HQ_PH_US-EN_GA_NU_AD_ACi_260430,M_1844_INTEREST_GENRE_ALL_NONE_260430_2,2026-05-01,2,KRW,2694,354,7,0,TXT,,,,,,,,,,,,,,,,,,,,,,,,,,,,,
Let’s Hunt for Treasure!,광고 제목,HQ_HQ_PH_US-EN_GA_NU_AD_ACi_260430,M_1844_INTEREST_GENRE_ALL_NONE_260430_2,2026-05-01,5,KRW,5469,511,8,0,TXT,,,,,,,,,,,,,,,,,,,,,,,,,,,,,
Pepp Heroes,광고 제목,HQ_HQ_PH_US-EN_GA_NU_AD_ACi_260430,M_1844_INTEREST_GENRE_ALL_NONE_260430_2,2026-05-01,1,KRW,7263,"1,485",18,0,TXT,,,,,,,,,,,,,,,,,,,,,,,,,,,,,
Play for Free,광고 제목,HQ_HQ_PH_US-EN_GA_NU_AD_ACi_260430,M_1844_INTEREST_GENRE_ALL_NONE_260430_2,2026-05-01,0,KRW,6456,797,18,0,TXT,,,,,,,,,,,,,,,,,,,,,,,,,,,,,
"Your RPG, In Your Hands",광고 제목,HQ_HQ_PH_US-EN_GA_NU_AD_ACi_260430,M_1844_INTEREST_GENRE_ALL_NONE_260430_2,2026-05-01,1,KRW,5225,449,9,0,TXT,,,,,,,,,,,,,,,,,,,,,,,,,,,,,
Adorable Yet Powerful! Collect Heroes With Diverse Charms,설명,HQ_HQ_PH_US-EN_GA_NU_AD_ACi_260430,M_1844_INTEREST_GENRE_ALL_NONE_260430_2,2026-05-01,4,KRW,5319,646,11,0,TXT,,,,,,,,,,,,,,,,,,,,,,,,,,,,,
Clock Out and Start Your Treasure Hunt!,설명,HQ_HQ_PH_US-EN_GA_NU_AD_ACi_260430,M_1844_INTEREST_GENRE_ALL_NONE_260430_2,2026-05-01,3,KRW,2464,356,6,0,TXT,,,,,,,,,,,,,,,,,,,,,,,,,,,,,
Get Rewards Worth $100! Play Now!,설명,HQ_HQ_PH_US-EN_GA_NU_AD_ACi_260430,M_1844_INTEREST_GENRE_ALL_NONE_260430_2,2026-05-01,2,KRW,21657,"2,509",46,0,TXT,,,,,,,,,,,,,,,,,,,,,,,,,,,,,
Strategic Battles With Heroes Full of Personality! Win With Your Own Squad,설명,HQ_HQ_PH_US-EN_GA_NU_AD_ACi_260430,M_1844_INTEREST_GENRE_ALL_NONE_260430_2,2026-05-01,3,KRW,4532,348,6,0,TXT,,,,,,,,,,,,,,,,,,,,,,,,,,,,,
Unique Hero Skills and Synergies! The Collectible RPG of Endless Team Combinations,설명,HQ_HQ_PH_US-EN_GA_NU_AD_ACi_260430,M_1844_INTEREST_GENRE_ALL_NONE_260430_2,2026-05-01,5,KRW,4667,420,7,0,TXT,,,,,,,,,,,,,,,,,,,,,,,,,,,,,
260406_BNR_A-Character-100usd01A-DA_L_1200x628_EN.jpg;https://tpc.googlesyndication.com/simgad/128038747177600361,가로형 이미지,HQ_HQ_PH_US-EN_GA_NU_AD_ACi_260430,M_1844_INTEREST_GENRE_ALL_NONE_260430_2,2026-05-01,0,KRW,0,1,0,0,BNR,가로형,2026-04-06,A,Character,100usd01A,EN,260406_BNR_A-Character-100usd01A-DA_L_1200x628_EN,A-Character-100usd01A-DA,https://tpc.googlesyndication.com/simgad/128038747177600361,"압도적 보상, 캐릭터/유닛 외형",,,,,"Pre-registration Event, $100, Pre-register and Earn Rewards Worth $100!, Claim Rewards","보상, 릴리즈 예고",용병 모집(Gacha),사전예약 혜택,마그 탐험대,카르벨(Karbel),히어로 수집 육성,,수집 및 도감,"텍스트 오버레이, 클로즈업 및 줌",심플/클린 UI,"수집욕/소유욕, 만족과 성취감","인간형 영웅, 재화/보물상자","2D 일러스트, 2.5D 입체 그래픽","100달러 가치 강조로 사전예약 전환율을 극대화합니다. 보상 강조를 통해 초반 성장 불안을 해소하며, 향후 보상 아이템 노출을 통해 높은 클릭률을 유도합니다."
260406_BNR_A-Character-100usd01A-DA_S_1200x1200_EN.jpg;https://tpc.googlesyndication.com/simgad/10042032527036690642,가로형 이미지,HQ_HQ_PH_US-EN_GA_NU_AD_ACi_260430,M_1844_INTEREST_GENRE_ALL_NONE_260430_2,2026-05-01,0,KRW,495,107,2,0,BNR,정방형,2026-04-06,A,Character,100usd01A,EN,260406_BNR_A-Character-100usd01A-DA_S_1200x1200_EN,A-Character-100usd01A-DA,https://tpc.googlesyndication.com/simgad/10042032527036690642,"압도적 보상, 캐릭터/유닛 외형",,,,,"Pre-registration Event, $100, Pre-register and Earn Rewards Worth $100!, Claim Rewards","보상, 릴리즈 예고",용병 모집(Gacha),사전예약 혜택,마그 탐험대,카르벨(Karbel),히어로 수집 육성,,수집 및 도감,"텍스트 오버레이, 클로즈업 및 줌",심플/클린 UI,"수집욕/소유욕, 만족과 성취감","인간형 영웅, 재화/보물상자","2D 일러스트, 2.5D 입체 그래픽",정방형 레이아웃과 $100 보상 텍스트로 시인성을 극대화했습니다. 혜택 중심 소구로 스낵 컬처 타겟의 전환을 유도하며 대비를 높인 A/B 테스트를 제안합니다.
260406_BNR_A-Character-100usd01A-DA_V_1200x1500_EN.jpg;https://tpc.googlesyndication.com/simgad/18256489507350070227,가로형 이미지,HQ_HQ_PH_US-EN_GA_NU_AD_ACi_260430,M_1844_INTEREST_GENRE_ALL_NONE_260430_2,2026-05-01,2,KRW,2490,8,3,0,BNR,세로형,2026-04-06,A,Character,100usd01A,EN,260406_BNR_A-Character-100usd01A-DA_V_1200x1500_EN,A-Character-100usd01A-DA,https://tpc.googlesyndication.com/simgad/18256489507350070227,"압도적 보상, 캐릭터/유닛 외형",,,,,"Pre-registration Event, $100, Pre-register and Earn Rewards Worth $100!, Claim Rewards","보상, 릴리즈 예고",용병 모집(Gacha),사전예약 혜택,마그 탐험대,카르벨(Karbel),히어로 수집 육성,,수집 및 도감,"텍스트 오버레이, 클로즈업 및 줌",심플/클린 UI,"수집욕/소유욕, 만족과 성취감","인간형 영웅, 재화/보물상자","2D 일러스트, 2.5D 입체 그래픽",고퀄리티 2.5D 그래픽과 일러스트 밀도를 높여 수집 욕구 및 신뢰 형성. 아트 USP 기반의 캐릭터별 선호도 분석과 성과 확장 기대.
260406_BNR_A-Character-Adventure04A-DA_L_1200x628_EN.jpg;https://tpc.googlesyndication.com/simgad/11190732183298883065,가로형 이미지,HQ_HQ_PH_US-EN_GA_NU_AD_ACi_260430,M_1844_INTEREST_GENRE_ALL_NONE_260430_2,2026-05-01,4,KRW,5136,213,5,0,BNR,가로형,2026-04-06,A,Character,Adventure04A,EN,260406_BNR_A-Character-Adventure04A-DA_L_1200x628_EN,A-Character-Adventure04A-DA,https://tpc.googlesyndication.com/simgad/11190732183298883065,"비주얼 임팩트, 캐릭터/유닛 외형",,,,,PEPP HEROES,"아트 퀄리티, 수집형RPG, 릴리즈 예고","8인 실시간 전투, 수집형 RPG",8인 실시간 전투,"마그 탐험대, 고블린","카르벨(Karbel), 샤일린(Shylin)",히어로 수집 육성,,"전투 및 액션, 장애물 및 도전",텍스트 오버레이,자연/야외 미학,"도전과 승부욕, 참여와 임장감","인간형 영웅, 거대 보스, SD/치비 캐릭터","2.5D 입체 그래픽, 2D 일러스트",SD 영웅과 거대 보스의 대치로 모험심 자극. 정적 RPG 유저에게 액션 소구 및 보상 텍스트로 CTR·CVR 최적화.
260406_BNR_A-Character-Adventure04A-DA_S_1200x1200_EN.jpg;https://tpc.googlesyndication.com/simgad/4078122247307565443,가로형 이미지,HQ_HQ_PH_US-EN_GA_NU_AD_ACi_260430,M_1844_INTEREST_GENRE_ALL_NONE_260430_2,2026-05-01,0,KRW,766,61,2,0,BNR,정방형,2026-04-06,A,Character,Adventure04A,EN,260406_BNR_A-Character-Adventure04A-DA_S_1200x1200_EN,A-Character-Adventure04A-DA,https://tpc.googlesyndication.com/simgad/4078122247307565443,"비주얼 임팩트, 캐릭터/유닛 외형",,,,,PEPP HEROES,"아트 퀄리티, 수집형RPG, 릴리즈 예고","8인 실시간 전투, 수집형 RPG",8인 실시간 전투,"마그 탐험대, 고블린","카르벨(Karbel), 샤일린(Shylin)",히어로 수집 육성,,"전투 및 액션, 장애물 및 도전",텍스트 오버레이,자연/야외 미학,"도전과 승부욕, 참여와 임장감","인간형 영웅, 거대 보스, SD/치비 캐릭터","2.5D 입체 그래픽, 2D 일러스트","정방형 규격의 캐릭터 밀집 배치를 통해 스쿼드 일체감을 강조하고, 직업 아이콘 오버레이로 팀 빌딩의 전략적 재미와 영웅의 매력을 소구함."
260406_BNR_A-Character-Adventure05A-DA_L_1200x628_EN.jpg;https://tpc.googlesyndication.com/simgad/14620542589526622535,가로형 이미지,HQ_HQ_PH_US-EN_GA_NU_AD_ACi_260430,M_1844_INTEREST_GENRE_ALL_NONE_260430_2,2026-05-01,2,KRW,2658,40,3,0,BNR,가로형,2026-04-06,A,Character,Adventure05A,EN,260406_BNR_A-Character-Adventure05A-DA_L_1200x628_EN,A-Character-Adventure05A-DA,https://tpc.googlesyndication.com/simgad/14620542589526622535,"캐릭터/유닛 외형, 비주얼 임팩트",,,,,Every Hero Needs a Little Pepp,"아트 퀄리티, 수집형RPG, 캐릭터","8인 실시간 전투, 수집형 RPG",렐릭 퀘스트,"마그 탐험대, 고블린","샤일린(Shylin), 카르벨(Karbel)",렐릭 탐험 어드벤처,2.5D 독보적 그래픽 강조,"전투 및 액션, 수집 및 도감","텍스트 오버레이, 클로즈업 및 줌",던전/신전,"수집욕/소유욕, 참여와 임장감","인간형 영웅, SD/치비 캐릭터","2.5D 입체 그래픽, 2D 일러스트",독보적인 2.5D 비주얼과 대립 구도로 정체성 각인. 입체적 모험 선사 및 고퀄리티 아트로 글로벌 CTR 유도. SSR 스킬 컷신 활용해 CVR 극대화 기대.
260406_BNR_A-Character-Adventure05A-DA_S_1200x1200_EN.jpg;https://tpc.googlesyndication.com/simgad/13772335840655466460,가로형 이미지,HQ_HQ_PH_US-EN_GA_NU_AD_ACi_260430,M_1844_INTEREST_GENRE_ALL_NONE_260430_2,2026-05-01,0,KRW,353,37,1,0,BNR,정방형,2026-04-06,A,Character,Adventure05A,EN,260406_BNR_A-Character-Adventure05A-DA_S_1200x1200_EN,A-Character-Adventure05A-DA,https://tpc.googlesyndication.com/simgad/13772335840655466460,"캐릭터/유닛 외형, 비주얼 임팩트",,,,,Every Hero Needs a Little Pepp,"아트 퀄리티, 수집형RPG, 캐릭터","8인 실시간 전투, 수집형 RPG",렐릭 퀘스트,"마그 탐험대, 고블린","샤일린(Shylin), 카르벨(Karbel)",렐릭 탐험 어드벤처,2.5D 독보적 그래픽 강조,"전투 및 액션, 수집 및 도감","텍스트 오버레이, 클로즈업 및 줌",던전/신전,"수집욕/소유욕, 참여와 임장감","인간형 영웅, SD/치비 캐릭터","2.5D 입체 그래픽, 2D 일러스트",정방형 규격의 캐릭터 밀집 노출로 수집 재미를 강조함. 영웅 반전 매력 소유욕을 자극하며 피드 최적화로 클릭률 극대화 유도. 보상 텍스트 오버레이로 전환율 보완 필요.
260406_BNR_A-Character-Adventure05A-DA_V_1200x1500_EN.jpg;https://tpc.googlesyndication.com/simgad/2210060756227995798,가로형 이미지,HQ_HQ_PH_US-EN_GA_NU_AD_ACi_260430,M_1844_INTEREST_GENRE_ALL_NONE_260430_2,2026-05-01,0,KRW,17,8,0,0,BNR,세로형,2026-04-06,A,Character,Adventure05A,EN,260406_BNR_A-Character-Adventure05A-DA_V_1200x1500_EN,A-Character-Adventure05A-DA,https://tpc.googlesyndication.com/simgad/2210060756227995798,"캐릭터/유닛 외형, 비주얼 임팩트",,,,,Every Hero Needs a Little Pepp,"아트 퀄리티, 수집형RPG, 캐릭터","8인 실시간 전투, 수집형 RPG",렐릭 퀘스트,"마그 탐험대, 고블린","샤일린(Shylin), 카르벨(Karbel)",렐릭 탐험 어드벤처,2.5D 독보적 그래픽 강조,"전투 및 액션, 수집 및 도감","텍스트 오버레이, 클로즈업 및 줌",던전/신전,"수집욕/소유욕, 참여와 임장감","인간형 영웅, SD/치비 캐릭터","2.5D 입체 그래픽, 2D 일러스트",버티컬 배너로 영웅 및 장비 디테일을 강조해 시각적 만족도 극대화. 코어 유저의 미적 기준을 충족하며 SSR 영웅 서사 중심의 시리즈 소재 확장을 통해 리텐션 및 브랜드 인지도 제고.
260406_BNR_A-Character-Comics01A-DA_L_1200x628_EN.jpg;https://tpc.googlesyndication.com/simgad/3049438568803176011,가로형 이미지,HQ_HQ_PH_US-EN_GA_NU_AD_ACi_260430,M_1844_INTEREST_GENRE_ALL_NONE_260430_2,2026-05-01,0,KRW,662,41,0,0,BNR,가로형,2026-04-06,A,Character,Comics01A,EN,260406_BNR_A-Character-Comics01A-DA_L_1200x628_EN,A-Character-Comics01A-DA,https://tpc.googlesyndication.com/simgad/3049438568803176011,"비주얼 임팩트, 캐릭터/유닛 외형",,,,,"EVERY HERO NEEDS A LITTLE PEPP, PEPP HEROES","아트 퀄리티, 캐릭터, 수집형RPG","용병 모집(Gacha), 8인 실시간 전투",8인 실시간 전투,마그 탐험대,카르벨(Karbel),"히어로 수집 육성, 렐릭 탐험 어드벤처",코믹스 스타일 레이아웃,"수집 및 도감, 전투 및 액션","분할 화면, 텍스트 오버레이",자연/야외 미학,"수집욕/소유욕, 휴식과 힐링","SD/치비 캐릭터, 인간형 영웅",2.5D 입체 그래픽,코믹스 레이아웃과 친근한 아트 스타일로 진입 장벽을 낮추고 개성을 강조함. 가독성 높은 카피로 높은 CTR을 유도하며 SSR 캐릭터 중심의 수집 욕구 자극 전략을 제안함.
260406_BNR_A-Character-Comics01A-DA_S_1200x1200_EN.jpg;https://tpc.googlesyndication.com/simgad/4695384483296336434,가로형 이미지,HQ_HQ_PH_US-EN_GA_NU_AD_ACi_260430,M_1844_INTEREST_GENRE_ALL_NONE_260430_2,2026-05-01,0,KRW,11096,"1,669",26,0,BNR,정방형,2026-04-06,A,Character,Comics01A,EN,260406_BNR_A-Character-Comics01A-DA_S_1200x1200_EN,A-Character-Comics01A-DA,https://tpc.googlesyndication.com/simgad/4695384483296336434,"비주얼 임팩트, 캐릭터/유닛 외형",,,,,"EVERY HERO NEEDS A LITTLE PEPP, PEPP HEROES","아트 퀄리티, 캐릭터, 수집형RPG","용병 모집(Gacha), 8인 실시간 전투",8인 실시간 전투,마그 탐험대,카르벨(Karbel),"히어로 수집 육성, 렐릭 탐험 어드벤처",코믹스 스타일 레이아웃,"수집 및 도감, 전투 및 액션","분할 화면, 텍스트 오버레이",자연/야외 미학,"수집욕/소유욕, 휴식과 힐링","SD/치비 캐릭터, 인간형 영웅",2.5D 입체 그래픽,십자 분할 레이아웃으로 카피 집중도를 높이고 SD 캐릭터로 수집욕 자극. SNS 최적화 규격으로 유저 유입 유도 및 직업별 변주 제안.
260406_BNR_A-Character-Comics01A-DA_V_1200x1500_EN.jpg;https://tpc.googlesyndication.com/simgad/13581844973087919256,가로형 이미지,HQ_HQ_PH_US-EN_GA_NU_AD_ACi_260430,M_1844_INTEREST_GENRE_ALL_NONE_260430_2,2026-05-01,2,KRW,1872,11,2,0,BNR,세로형,2026-04-06,A,Character,Comics01A,EN,260406_BNR_A-Character-Comics01A-DA_V_1200x1500_EN,A-Character-Comics01A-DA,https://tpc.googlesyndication.com/simgad/13581844973087919256,"비주얼 임팩트, 캐릭터/유닛 외형",,,,,"EVERY HERO NEEDS A LITTLE PEPP, PEPP HEROES","아트 퀄리티, 캐릭터, 수집형RPG","용병 모집(Gacha), 8인 실시간 전투",8인 실시간 전투,마그 탐험대,카르벨(Karbel),"히어로 수집 육성, 렐릭 탐험 어드벤처",코믹스 스타일 레이아웃,"수집 및 도감, 전투 및 액션","분할 화면, 텍스트 오버레이",자연/야외 미학,"수집욕/소유욕, 휴식과 힐링","SD/치비 캐릭터, 인간형 영웅",2.5D 입체 그래픽,독보적 화풍의 2.5D 그래픽으로 차별화된 비주얼 소구. 세로 규격의 범용성을 활용하며 보스 레이드 테마를 병행해 유저 반응 테스트 및 세그먼트 공략 필요.
260406_BNR_A-Charater-Collection01A-DA_L_1200x628_EN.jpg;https://tpc.googlesyndication.com/simgad/9157278201026773067,가로형 이미지,HQ_HQ_PH_US-EN_GA_NU_AD_ACi_260430,M_1844_INTEREST_GENRE_ALL_NONE_260430_2,2026-05-01,0,KRW,28,19,0,0,BNR,가로형,2026-04-06,A,Charater,Collection01A,EN,260406_BNR_A-Charater-Collection01A-DA_L_1200x628_EN,A-Charater-Collection01A-DA,https://tpc.googlesyndication.com/simgad/9157278201026773067,"캐릭터/유닛 외형, 비주얼 임팩트",,,,,"Get Pepp'd, com2us, PEPP HEROES","아트 퀄리티, 캐릭터, 수집형RPG",수집형 RPG,용병 모집(Gacha),마그 탐험대,다수의 SD 영웅,히어로 수집 육성,,수집 및 도감,텍스트 오버레이,심플/클린 UI,수집욕/소유욕,SD/치비 캐릭터,2.5D 입체 그래픽,"'Get Pepp'd' 슬로건과 촘촘한 캐릭터 배치로 방대한 수집성 강조. 2.5D 및 SD 캐릭터로 유저 소유욕 자극 및 높은 CTR 유도, 인기 캐릭터 중심 확장 용이."
260406_BNR_A-Charater-Collection01A-DA_S_1200x1200_EN.jpg;https://tpc.googlesyndication.com/simgad/2322926171558263908,가로형 이미지,HQ_HQ_PH_US-EN_GA_NU_AD_ACi_260430,M_1844_INTEREST_GENRE_ALL_NONE_260430_2,2026-05-01,0,KRW,8305,"1,151",25,0,BNR,정방형,2026-04-06,A,Charater,Collection01A,EN,260406_BNR_A-Charater-Collection01A-DA_S_1200x1200_EN,A-Charater-Collection01A-DA,https://tpc.googlesyndication.com/simgad/2322926171558263908,"캐릭터/유닛 외형, 비주얼 임팩트",,,,,"Get Pepp'd, com2us, PEPP HEROES","아트 퀄리티, 캐릭터, 수집형RPG",수집형 RPG,용병 모집(Gacha),마그 탐험대,다수의 SD 영웅,히어로 수집 육성,,수집 및 도감,텍스트 오버레이,심플/클린 UI,수집욕/소유욕,SD/치비 캐릭터,2.5D 입체 그래픽,정방형 구도로 캐릭터 밀도와 시각적 풍성함 극대화. SNS 주목도 확보 및 캐릭터 등급 변주를 통한 전환율 개선 기대.
260406_BNR_A-Charater-Collection01A-DA_V_1200x1500_EN.jpg;https://tpc.googlesyndication.com/simgad/5699446522298240409,가로형 이미지,HQ_HQ_PH_US-EN_GA_NU_AD_ACi_260430,M_1844_INTEREST_GENRE_ALL_NONE_260430_2,2026-05-01,2,KRW,3451,12,3,0,BNR,세로형,2026-04-06,A,Charater,Collection01A,EN,260406_BNR_A-Charater-Collection01A-DA_V_1200x1500_EN,A-Charater-Collection01A-DA,https://tpc.googlesyndication.com/simgad/5699446522298240409,"캐릭터/유닛 외형, 비주얼 임팩트",,,,,"Get Pepp'd, com2us, PEPP HEROES","아트 퀄리티, 캐릭터, 수집형RPG",수집형 RPG,용병 모집(Gacha),마그 탐험대,다수의 SD 영웅,히어로 수집 육성,,수집 및 도감,텍스트 오버레이,심플/클린 UI,수집욕/소유욕,SD/치비 캐릭터,2.5D 입체 그래픽,세로 뷰로 50종 영웅 노출을 극대화하여 전략적 흥미 유발. 무료 소환권 혜택 강조로 전환율 제고 및 안정적 성과 기대.
260406_BNR_A-Mob-Adventure02A-DA_L_1200x628_EN.jpg;https://tpc.googlesyndication.com/simgad/17125206759944352040,가로형 이미지,HQ_HQ_PH_US-EN_GA_NU_AD_ACi_260430,M_1844_INTEREST_GENRE_ALL_NONE_260430_2,2026-05-01,1,KRW,363,57,1,0,BNR,가로형,2026-04-06,A,Mob,Adventure02A,EN,260406_BNR_A-Mob-Adventure02A-DA_L_1200x628_EN,A-Mob-Adventure02A-DA,https://tpc.googlesyndication.com/simgad/17125206759944352040,비주얼 임팩트,,,,,PEPP HEROES,"아트 퀄리티, 수집형RPG",5인 분대 전투,거대 보스 레이드,"마그 탐험대, 고블린",,렐릭 탐험 어드벤처,2.5D 입체 월드 강조,"장애물 및 도전, 전투 및 액션",텍스트 오버레이,자연/야외 미학,도전과 승부욕,"거대 보스, SD/치비 캐릭터",2.5D 입체 그래픽,5인 파티 레이드와 SD 캐릭터로 어드벤처 RPG 정체성 강조. 2.5D 그래픽으로 CTR을 높이고 사전예약 보상을 통해 CVR 극대화 유도.
260406_BNR_A-Mob-Adventure02A-DA_S_1200x1200_EN.jpg;https://tpc.googlesyndication.com/simgad/17573267286983610733,가로형 이미지,HQ_HQ_PH_US-EN_GA_NU_AD_ACi_260430,M_1844_INTEREST_GENRE_ALL_NONE_260430_2,2026-05-01,0,KRW,1143,22,0,0,BNR,정방형,2026-04-06,A,Mob,Adventure02A,EN,260406_BNR_A-Mob-Adventure02A-DA_S_1200x1200_EN,A-Mob-Adventure02A-DA,https://tpc.googlesyndication.com/simgad/17573267286983610733,비주얼 임팩트,,,,,PEPP HEROES,"아트 퀄리티, 수집형RPG",5인 분대 전투,거대 보스 레이드,"마그 탐험대, 고블린",,렐릭 탐험 어드벤처,2.5D 입체 월드 강조,"장애물 및 도전, 전투 및 액션",텍스트 오버레이,자연/야외 미학,도전과 승부욕,"거대 보스, SD/치비 캐릭터",2.5D 입체 그래픽,2.5D 비주얼과 거대 보스 대치 구도로 몰입감 강조. 직접 조작 및 전략 조합을 선호하는 수집형 RPG 유저를 공략해 높은 클릭률과 수집욕 자극 기대.
260406_BNR_A-Mob-Adventure02A-DA_V_1200x1500_EN.jpg;https://tpc.googlesyndication.com/simgad/12487452563763707002,가로형 이미지,HQ_HQ_PH_US-EN_GA_NU_AD_ACi_260430,M_1844_INTEREST_GENRE_ALL_NONE_260430_2,2026-05-01,4,KRW,3980,275,5,0,BNR,세로형,2026-04-06,A,Mob,Adventure02A,EN,260406_BNR_A-Mob-Adventure02A-DA_V_1200x1500_EN,A-Mob-Adventure02A-DA,https://tpc.googlesyndication.com/simgad/12487452563763707002,비주얼 임팩트,,,,,PEPP HEROES,"아트 퀄리티, 수집형RPG",5인 분대 전투,거대 보스 레이드,"마그 탐험대, 고블린",,렐릭 탐험 어드벤처,2.5D 입체 월드 강조,"장애물 및 도전, 전투 및 액션",텍스트 오버레이,자연/야외 미학,도전과 승부욕,"거대 보스, SD/치비 캐릭터",2.5D 입체 그래픽,초기 핵심 영웅 노출로 수집 재미 강조 및 따뜻한 아트 스타일로 힐링 소구. 방대한 콘텐츠 중심의 텍스트 보강으로 캐주얼 유저 유입 및 잔존율 제고.
260406_VID_A-Character-Collection01B-UA_S_1080x1080_EN;https://www.youtube.com/watch?v=cTfY4JpFc-s,YouTube 동영상,HQ_HQ_PH_US-EN_GA_NU_AD_ACi_260430,M_1844_INTEREST_GENRE_ALL_NONE_260430_2,2026-05-01,1,KRW,4602,107,6,0,VID,정방형,2026-04-06,A,Character,Collection01B,EN;https://www,260406_VID_A-Character-Collection01B-UA_S_1080x1080_EN,A-Character-Collection01B-UA,https://www.youtube.com/watch?v=cTfY4JpFc-s,"질문/선택형, 캐릭터/유닛 외형",경쾌함,TRUE,,없음,"CHOOSE YOUR HERO, HUGO, KARBEL, MONAD","캐릭터, 수집형RPG, 전략성",용병 모집(Gacha),DIY 픽업 시스템,마그 탐험대,"휴고, 카르벨, 모나드",히어로 수집 육성,남성 캐릭터 위주 배치,수집 및 도감,"텍스트 오버레이, 분할 화면",심플/클린 UI,수집욕/소유욕,"SD/치비 캐릭터, 인간형 영웅",2D 일러스트,캐릭터 구성 대조를 통한 타겟 취향별 효율 분석. 탱커 및 딜러 중심 덱 선호 심리 공략하며 캐릭터 조합 변주 소재로 리타겟팅 광고 활용 권장.
260406_VID_A-Character-Combat01A-UA_L_1920x1080_EN;https://www.youtube.com/watch?v=2W7-0AV2mfg,YouTube 동영상,HQ_HQ_PH_US-EN_GA_NU_AD_ACi_260430,M_1844_INTEREST_GENRE_ALL_NONE_260430_2,2026-05-01,0,KRW,2638,57,4,0,VID,가로형,2026-04-06,A,Character,Combat01A,EN;https://www,260406_VID_A-Character-Combat01A-UA_L_1920x1080_EN,A-Character-Combat01A-UA,https://www.youtube.com/watch?v=2W7-0AV2mfg,"비주얼 임팩트, 캐릭터/유닛 외형",긴박함,TRUE,,없음,"VINESSA, A DARK WIZARD WHO DOMINATES THE FIELD, SOPHIA, REMOVES ALL DEBUFFS! THE KEY TO SURVIVAL, BERNETA, A SYNERGY DEALER THAT PERFECTS YOUR TEAM, PLAY FOR FREE","아트 퀄리티, 캐릭터, 수집형RPG, 전략성",용병 모집,스킬 컷신 연출,마그 탐험대,"Vinessa, Sophia, Berneta",렐릭 탐험 어드벤처,캐릭터별 스킬 특징 강조,전투 및 액션,"텍스트 오버레이, 클로즈업 및 줌",자연/야외 미학,"도전과 승부욕, 수집욕/소유욕","인간형 영웅, SD/치비 캐릭터, 성장 지표","2.5D 입체 그래픽, 2D 일러스트",인게임 전투와 일러스트 교차 편집으로 몰입도 극대화. 캐릭터 스킬 및 시너지로 전략적 호기심 자극. 플레이 영상 기반 안정적 CVR 확보 및 캐릭터 속성 대비 변주 제안.
260406_VID_A-Character-Combat01A-UA_S_1080x1080_EN;https://www.youtube.com/watch?v=jnNAzjzUw8o,YouTube 동영상,HQ_HQ_PH_US-EN_GA_NU_AD_ACi_260430,M_1844_INTEREST_GENRE_ALL_NONE_260430_2,2026-05-01,2,KRW,6540,230,5,0,VID,정방형,2026-04-06,A,Character,Combat01A,EN;https://www,260406_VID_A-Character-Combat01A-UA_S_1080x1080_EN,A-Character-Combat01A-UA,https://www.youtube.com/watch?v=jnNAzjzUw8o,"비주얼 임팩트, 캐릭터/유닛 외형",긴박함,TRUE,,없음,"VINESSA, A DARK WIZARD WHO DOMINATES THE FIELD, SOPHIA, REMOVES ALL DEBUFFS! THE KEY TO SURVIVAL, BERNETA, A SYNERGY DEALER THAT PERFECTS YOUR TEAM, PLAY FOR FREE","아트 퀄리티, 캐릭터, 수집형RPG, 전략성",용병 모집,스킬 컷신 연출,마그 탐험대,"Vinessa, Sophia, Berneta",렐릭 탐험 어드벤처,캐릭터별 스킬 특징 강조,전투 및 액션,"텍스트 오버레이, 클로즈업 및 줌",자연/야외 미학,"도전과 승부욕, 수집욕/소유욕","인간형 영웅, SD/치비 캐릭터, 성장 지표","2.5D 입체 그래픽, 2D 일러스트",SSR 비네사 비주얼을 초반에 배치해 RPG 팬덤 시선 확보. 고퀄리티 애니메이션으로 캐릭터 소유욕을 자극하며 스킬 콤보 시리즈로 소재 확장 가능.
260406_VID_A-Character-Combat01A-UA_V_1080x1920_EN;https://www.youtube.com/watch?v=tHmXhOKu33A,YouTube 동영상,HQ_HQ_PH_US-EN_GA_NU_AD_ACi_260430,M_1844_INTEREST_GENRE_ALL_NONE_260430_2,2026-05-01,2,KRW,2218,77,5,0,VID,세로형,2026-04-06,A,Character,Combat01A,EN;https://www,260406_VID_A-Character-Combat01A-UA_V_1080x1920_EN,A-Character-Combat01A-UA,https://www.youtube.com/watch?v=tHmXhOKu33A,"비주얼 임팩트, 캐릭터/유닛 외형",긴박함,TRUE,,없음,"VINESSA, A DARK WIZARD WHO DOMINATES THE FIELD, SOPHIA, REMOVES ALL DEBUFFS! THE KEY TO SURVIVAL, BERNETA, A SYNERGY DEALER THAT PERFECTS YOUR TEAM, PLAY FOR FREE","아트 퀄리티, 캐릭터, 수집형RPG, 전략성",용병 모집,스킬 컷신 연출,마그 탐험대,"Vinessa, Sophia, Berneta",렐릭 탐험 어드벤처,캐릭터별 스킬 특징 강조,전투 및 액션,"텍스트 오버레이, 클로즈업 및 줌",자연/야외 미학,"도전과 승부욕, 수집욕/소유욕","인간형 영웅, SD/치비 캐릭터, 성장 지표","2.5D 입체 그래픽, 2D 일러스트",숏폼 최적화 세로 분할 화면으로 캐릭터와 전투 연출 강조. 한 손 플레이 선호 심리를 공략하여 틱톡 및 릴스 내 높은 조회수 확보 기대.
260406_VID_A-Character-Combat01B-UA_L_1920x1080_EN;https://www.youtube.com/watch?v=d4rVTfnnYhg,YouTube 동영상,HQ_HQ_PH_US-EN_GA_NU_AD_ACi_260430,M_1844_INTEREST_GENRE_ALL_NONE_260430_2,2026-05-01,2,KRW,2407,149,2,0,VID,가로형,2026-04-06,A,Character,Combat01B,EN;https://www,260406_VID_A-Character-Combat01B-UA_L_1920x1080_EN,A-Character-Combat01B-UA,https://www.youtube.com/watch?v=d4rVTfnnYhg,"비주얼 임팩트, 캐릭터/유닛 외형",긴박함,TRUE,,없음,"HUGO, An indomitable warrior..., MONAD, A sage who devastates..., KARBEL, A fiery dealer..., PLAY FOR FREE","전략성, 아트 퀄리티",용병 모집,8인 실시간 전투,마그 탐험대,"Hugo, Monad, Karbel",히어로 수집 육성,,전투 및 액션,"텍스트 오버레이, 클로즈업 및 줌",자연/야외 미학,"도전과 승부욕, 수집욕/소유욕","인간형 영웅, SD/치비 캐릭터, 성장 지표","2.5D 입체 그래픽, 2D 일러스트",16:9 뷰로 넓은 전장과 스킬 강조. 화려한 연출로 타격감 선호 유저 공략. 전투 선호층 대상 높은 전환율 기대.
260406_VID_A-Character-Combat01B-UA_S_1080x1080_EN;https://www.youtube.com/watch?v=tcTIYuJi7pM,YouTube 동영상,HQ_HQ_PH_US-EN_GA_NU_AD_ACi_260430,M_1844_INTEREST_GENRE_ALL_NONE_260430_2,2026-05-01,0,KRW,3443,38,0,0,VID,정방형,2026-04-06,A,Character,Combat01B,EN;https://www,260406_VID_A-Character-Combat01B-UA_S_1080x1080_EN,A-Character-Combat01B-UA,https://www.youtube.com/watch?v=tcTIYuJi7pM,"비주얼 임팩트, 캐릭터/유닛 외형",긴박함,TRUE,,없음,"HUGO, An indomitable warrior..., MONAD, A sage who devastates..., KARBEL, A fiery dealer..., PLAY FOR FREE","전략성, 아트 퀄리티",용병 모집,8인 실시간 전투,마그 탐험대,"Hugo, Monad, Karbel",히어로 수집 육성,,전투 및 액션,"텍스트 오버레이, 클로즈업 및 줌",자연/야외 미학,"도전과 승부욕, 수집욕/소유욕","인간형 영웅, SD/치비 캐릭터, 성장 지표","2.5D 입체 그래픽, 2D 일러스트",소피아의 생존 및 지원 능력과 팀 시너지를 강조해 전략적 유저 공략. 비네사 소재 A/B 테스트로 타겟별 선호 캐릭터 최적화 및 성과 확장 도모.
260406_VID_A-Character-Combat01B-UA_V_1080x1920_EN;https://www.youtube.com/watch?v=rrd-TGZqEqc,YouTube 동영상,HQ_HQ_PH_US-EN_GA_NU_AD_ACi_260430,M_1844_INTEREST_GENRE_ALL_NONE_260430_2,2026-05-01,4,KRW,9955,359,7,0,VID,세로형,2026-04-06,A,Character,Combat01B,EN;https://www,260406_VID_A-Character-Combat01B-UA_V_1080x1920_EN,A-Character-Combat01B-UA,https://www.youtube.com/watch?v=rrd-TGZqEqc,"비주얼 임팩트, 캐릭터/유닛 외형",긴박함,TRUE,,없음,"HUGO, An indomitable warrior..., MONAD, A sage who devastates..., KARBEL, A fiery dealer..., PLAY FOR FREE","전략성, 아트 퀄리티",용병 모집,8인 실시간 전투,마그 탐험대,"Hugo, Monad, Karbel",히어로 수집 육성,,전투 및 액션,"텍스트 오버레이, 클로즈업 및 줌",자연/야외 미학,"도전과 승부욕, 수집욕/소유욕","인간형 영웅, SD/치비 캐릭터, 성장 지표","2.5D 입체 그래픽, 2D 일러스트",직관적인 탱딜힐 구성으로 정통 RPG 유저의 파티 니즈 충족. 역할군 조합의 재미를 텍스트로 보강하여 효율 극대화 기대.
260406_VID_A-Charater-Collection01B-UA_L_1920x1080_EN;https://www.youtube.com/watch?v=rRGCh1x6a6M,YouTube 동영상,HQ_HQ_PH_US-EN_GA_NU_AD_ACi_260430,M_1844_INTEREST_GENRE_ALL_NONE_260430_2,2026-05-01,6,KRW,20514,289,23,0,VID,가로형,2026-04-06,A,Charater,Collection01B,EN;https://www,260406_VID_A-Charater-Collection01B-UA_L_1920x1080_EN,A-Charater-Collection01B-UA,https://www.youtube.com/watch?v=rRGCh1x6a6M,"질문/선택형, 캐릭터/유닛 외형",경쾌함,TRUE,,없음,"CHOOSE YOUR HERO, HUGO, PLAY FOR FREE","아트 퀄리티, 전략성",용병 모집,DIY 픽업 시스템,마그 탐험대,Hugo,히어로 수집 육성,,수집 및 도감,"텍스트 오버레이, 클로즈업 및 줌",심플/클린 UI,"수집욕/소유욕, 만족과 성취감","인간형 영웅, SD/치비 캐릭터","2.5D 입체 그래픽, 2D 일러스트","그리드 UI로 풍부한 캐릭터 풀을 어필해 수집 욕구를 자극하며, 캐릭터 강조 엔드카드를 통해 높은 잔존율을 확보합니다."
260406_VID_A-Charater-Collection01B-UA_V_1080x1920_EN;https://www.youtube.com/watch?v=u5diHTUsSOs,YouTube 동영상,HQ_HQ_PH_US-EN_GA_NU_AD_ACi_260430,M_1844_INTEREST_GENRE_ALL_NONE_260430_2,2026-05-01,0,KRW,2474,79,0,0,VID,세로형,2026-04-06,A,Charater,Collection01B,EN;https://www,260406_VID_A-Charater-Collection01B-UA_V_1080x1920_EN,A-Charater-Collection01B-UA,https://www.youtube.com/watch?v=u5diHTUsSOs,"질문/선택형, 캐릭터/유닛 외형",경쾌함,TRUE,,없음,"CHOOSE YOUR HERO, HUGO, PLAY FOR FREE","아트 퀄리티, 전략성",용병 모집,DIY 픽업 시스템,마그 탐험대,Hugo,히어로 수집 육성,캐릭터 픽(Pick) 연출,수집 및 도감,"텍스트 오버레이, 클로즈업 및 줌",심플/클린 UI,"수집욕/소유욕, 만족과 성취감","인간형 영웅, SD/치비 캐릭터","2.5D 입체 그래픽, 2D 일러스트",직접 영웅을 선택하는 인터랙티브 경험으로 기대감 부여. 다양한 영웅 노출을 통해 유저 취향을 공략하고 반복적인 참여 유도.
260406_VID_A-Hooking-Reward02A-FK_L_1920x1080_EN;https://www.youtube.com/watch?v=oRlzfGbT3xY,YouTube 동영상,HQ_HQ_PH_US-EN_GA_NU_AD_ACi_260430,M_1844_INTEREST_GENRE_ALL_NONE_260430_2,2026-05-01,5,KRW,46747,"1,510",18,0,VID,가로형,2026-04-06,A,Hooking,Reward02A,EN;https://www,260406_VID_A-Hooking-Reward02A-FK_L_1920x1080_EN,A-Hooking-Reward02A-FK,https://www.youtube.com/watch?v=oRlzfGbT3xY,"실패/분노 유도, 압도적 보상",긴박함,TRUE,,없음,"Tap here to save him!, Help me!, HELP KARBEL CLEAR, Claim your SR character and rewards worth $100!, PLAY FOR FREE",보상,용병 모집,우호도 시스템,마그 탐험대,카르벨(Karbel),히어로 수집 육성,페이크 플레이(구출 미니게임) 형식 활용,퍼즐 및 논리,"손가락 지시선, 텍스트 오버레이",자연/야외 미학,"도전과 승부욕, 만족과 성취감","SD/치비 캐릭터, 재화/보물상자",2D 일러스트,구출 미니게임 방식을 활용해 시청자 이탈을 방지하고 즉각적인 행동을 유도합니다. 대량의 재화 보상으로 성취감을 자극하여 저단가 트래픽 확보 및 높은 클릭률을 공략합니다.
260406_VID_A-Hooking-Reward02A-FK_S_1080x1080_EN;https://www.youtube.com/watch?v=EgLwtP8WjE4,YouTube 동영상,HQ_HQ_PH_US-EN_GA_NU_AD_ACi_260430,M_1844_INTEREST_GENRE_ALL_NONE_260430_2,2026-05-01,4,KRW,7465,88,17,0,VID,정방형,2026-04-06,A,Hooking,Reward02A,EN;https://www,260406_VID_A-Hooking-Reward02A-FK_S_1080x1080_EN,A-Hooking-Reward02A-FK,https://www.youtube.com/watch?v=EgLwtP8WjE4,"실패/분노 유도, 압도적 보상",긴박함,TRUE,,없음,"Tap here to save him!, Help me!, HELP KARBEL CLEAR, Claim your SR character and rewards worth $100!, PLAY FOR FREE",보상,용병 모집,우호도 시스템,마그 탐험대,카르벨(Karbel),히어로 수집 육성,페이크 플레이(구출 미니게임) 형식 활용,퍼즐 및 논리,"손가락 지시선, 텍스트 오버레이",자연/야외 미학,"도전과 승부욕, 만족과 성취감","SD/치비 캐릭터, 재화/보물상자",2D 일러스트,위기 상황 미션과 100달러 보상으로 유저 참여 및 전환 유도. 쉬운 조작성 강조로 진입 장벽을 낮춰 대량 유입용 런칭 소재로 적합.
260406_VID_A-Hooking-Reward02A-FK_V_1080x1920_EN;https://www.youtube.com/watch?v=b7LsalWUDvQ,YouTube 동영상,HQ_HQ_PH_US-EN_GA_NU_AD_ACi_260430,M_1844_INTEREST_GENRE_ALL_NONE_260430_2,2026-05-01,0,KRW,395,13,0,0,VID,세로형,2026-04-06,A,Hooking,Reward02A,EN;https://www,260406_VID_A-Hooking-Reward02A-FK_V_1080x1920_EN,A-Hooking-Reward02A-FK,https://www.youtube.com/watch?v=b7LsalWUDvQ,"실패/분노 유도, 압도적 보상",긴박함,TRUE,,없음,"Tap here to save him!, Help me!, HELP KARBEL CLEAR, Claim your SR character and rewards worth $100!, PLAY FOR FREE",보상,용병 모집,우호도 시스템,마그 탐험대,카르벨(Karbel),히어로 수집 육성,페이크 플레이(구출 미니게임) 형식 활용,퍼즐 및 논리,"손가락 지시선, 텍스트 오버레이",자연/야외 미학,"도전과 승부욕, 만족과 성취감","SD/치비 캐릭터, 재화/보물상자",2D 일러스트,9:16 세로형 구조로 터치 인터랙션을 극대화하고 FOMO를 자극해 시청 완료율을 높입니다. 캐릭터 활용 및 실패 연출의 A/B 테스트 확장을 제안합니다.
260406_VID_A-Hooking-Reward03A-UA_L_1920x1080_EN;https://www.youtube.com/watch?v=XUrzh1Qrk5w,YouTube 동영상,HQ_HQ_PH_US-EN_GA_NU_AD_ACi_260430,M_1844_INTEREST_GENRE_ALL_NONE_260430_2,2026-05-01,3,KRW,4113,143,8,0,VID,가로형,2026-04-06,A,Hooking,Reward03A,EN;https://www,260406_VID_A-Hooking-Reward03A-UA_L_1920x1080_EN,A-Hooking-Reward03A-UA,https://www.youtube.com/watch?v=XUrzh1Qrk5w,"압도적 보상, 실패/분노 유도",경쾌함,TRUE,,없음,"WARNING Skip and you will lose your $100 rewards, Tap within 5 Seconds, SR, PLAY FOR FREE!, Claim your SR character and rewards worth $100!",보상,용병 모집,,마그 탐험대,Karbel,히어로 수집 육성,$100 가치 혜택 강조,수집 및 도감,"손가락 지시선, 텍스트 오버레이",심플/클린 UI,"만족과 성취감, 수집욕/소유욕","재화/보물상자, SD/치비 캐릭터","2D 일러스트, 2.5D 입체 그래픽","가로 화면을 활용한 화려한 연출로 시각적 몰입감을 높이고, 보상 상실에 대한 FOMO 심리를 자극하여 가로형 매체 타겟 광고 효율을 극대화함."
260406_VID_A-Hooking-Reward03A-UA_S_1080x1080_EN;https://www.youtube.com/watch?v=VGJB5tDWops,YouTube 동영상,HQ_HQ_PH_US-EN_GA_NU_AD_ACi_260430,M_1844_INTEREST_GENRE_ALL_NONE_260430_2,2026-05-01,2,KRW,3050,62,6,0,VID,정방형,2026-04-06,A,Hooking,Reward03A,EN;https://www,260406_VID_A-Hooking-Reward03A-UA_S_1080x1080_EN,A-Hooking-Reward03A-UA,https://www.youtube.com/watch?v=VGJB5tDWops,"압도적 보상, 실패/분노 유도",경쾌함,TRUE,,없음,"WARNING Skip and you will lose your $100 rewards, Tap within 5 Seconds, SR, PLAY FOR FREE!, Claim your SR character and rewards worth $100!",보상,용병 모집,,마그 탐험대,Karbel,히어로 수집 육성,$100 가치 혜택 강조,수집 및 도감,"손가락 지시선, 텍스트 오버레이",심플/클린 UI,"만족과 성취감, 수집욕/소유욕","재화/보물상자, SD/치비 캐릭터","2D 일러스트, 2.5D 입체 그래픽",부정적 후킹과 시간 제한으로 클릭 유도. $100 가치 및 SR 확정으로 수익 구체화. 높은 CVR 예상되며 보상 변주를 통한 라이브 옵스 제안.
260406_VID_A-Hooking-Reward03A-UA_V_1080x1920_EN;https://www.youtube.com/watch?v=jA_HAiz95x4,YouTube 동영상,HQ_HQ_PH_US-EN_GA_NU_AD_ACi_260430,M_1844_INTEREST_GENRE_ALL_NONE_260430_2,2026-05-01,5,KRW,11719,217,7,0,VID,세로형,2026-04-06,A,Hooking,Reward03A,EN;https://www,260406_VID_A-Hooking-Reward03A-UA_V_1080x1920_EN,A-Hooking-Reward03A-UA,https://www.youtube.com/watch?v=jA_HAiz95x4,"압도적 보상, 실패/분노 유도",경쾌함,TRUE,,없음,"WARNING Skip and you will lose your $100 rewards, Tap within 5 Seconds, SR, PLAY FOR FREE!, Claim your SR character and rewards worth $100!",보상,용병 모집,,마그 탐험대,Karbel,히어로 수집 육성,$100 가치 혜택 강조,수집 및 도감,"손가락 지시선, 텍스트 오버레이",심플/클린 UI,"만족과 성취감, 수집욕/소유욕","재화/보물상자, SD/치비 캐릭터","2D 일러스트, 2.5D 입체 그래픽",도발적 문구와 타이머로 이탈을 방지하고 FOMO 심리를 자극함. 보상형 인벤토리 활용을 통해 UA 매체에서 압도적 전환율 달성 기대.
260406_VID_A-Mob-Adventure01A-UA_L_1920x1080_EN;https://www.youtube.com/watch?v=hVmkPdIsz70,YouTube 동영상,HQ_HQ_PH_US-EN_GA_NU_AD_ACi_260430,M_1844_INTEREST_GENRE_ALL_NONE_260430_2,2026-05-01,2,KRW,2100,102,1,0,VID,가로형,2026-04-06,A,Mob,Adventure01A,EN;https://www,260406_VID_A-Mob-Adventure01A-UA_L_1920x1080_EN,A-Mob-Adventure01A-UA,https://www.youtube.com/watch?v=hVmkPdIsz70,"비주얼 임팩트, 성장 비포애프터",긴박함,TRUE,,없음,"WARNING, GOBLINS INCOMING!, Goblins? Easy! Level UP! UP!, Power Boost! BOOM! BOOM!, Strategic deployment!, Get ready for BATTLE!","편의성, 전략성",AFK 기능,8인 실시간 전투,고블린,카르벨,렐릭 탐험 어드벤처,스마트폰 UI 팝업 연출,"시뮬레이션 및 관리, 장애물 및 도전","텍스트 오버레이, 클로즈업 및 줌",자연/야외 미학,"도전과 승부욕, 만족과 성취감","SD/치비 캐릭터, 성장 지표, 군단/대규모 유닛",2.5D 입체 그래픽,16:9 화면 대비로 대규모 전투와 모바일 최적화 강조. 방치형 육성 선호 유저 타겟으로 핵심 시스템 소구 및 브랜딩·퍼포먼스 효율 기대.
260406_VID_A-Mob-Adventure01A-UA_S_1080x1080_EN;https://www.youtube.com/watch?v=LMKl0g6yRJU,YouTube 동영상,HQ_HQ_PH_US-EN_GA_NU_AD_ACi_260430,M_1844_INTEREST_GENRE_ALL_NONE_260430_2,2026-05-01,6,KRW,5186,147,4,0,VID,정방형,2026-04-06,A,Mob,Adventure01A,EN;https://www,260406_VID_A-Mob-Adventure01A-UA_S_1080x1080_EN,A-Mob-Adventure01A-UA,https://www.youtube.com/watch?v=LMKl0g6yRJU,"비주얼 임팩트, 성장 비포애프터",긴박함,TRUE,,없음,"WARNING, GOBLINS INCOMING!, Goblins? Easy! Level UP! UP!, Power Boost! BOOM! BOOM!, Strategic deployment!, Get ready for BATTLE!","편의성, 전략성",AFK 기능,8인 실시간 전투,고블린,카르벨,렐릭 탐험 어드벤처,스마트폰 UI 팝업 연출,"시뮬레이션 및 관리, 장애물 및 도전","텍스트 오버레이, 클로즈업 및 줌",자연/야외 미학,"도전과 승부욕, 참여와 임장감","SD/치비 캐릭터, 성장 지표, 군단/대규모 유닛",2.5D 입체 그래픽,경고 연출로 몰입도를 높이고 쉬운 성장을 강조해 진입 장벽 완화. 대규모 레이드 소재 확장을 통한 중장기 성과 기대.
260406_VID_A-Mob-Adventure01A-UA_V_1080x1920_EN;https://www.youtube.com/watch?v=nIYkYZ-JFj0,YouTube 동영상,HQ_HQ_PH_US-EN_GA_NU_AD_ACi_260430,M_1844_INTEREST_GENRE_ALL_NONE_260430_2,2026-05-01,1,KRW,2165,65,3,0,VID,세로형,2026-04-06,A,Mob,Adventure01A,EN;https://www,260406_VID_A-Mob-Adventure01A-UA_V_1080x1920_EN,A-Mob-Adventure01A-UA,https://www.youtube.com/watch?v=nIYkYZ-JFj0,"비주얼 임팩트, 성장 비포애프터",긴박함,TRUE,,없음,"WARNING, GOBLINS INCOMING!, Goblins? Easy! Level UP! UP!, Power Boost! BOOM! BOOM!, Strategic deployment!, Get ready for BATTLE!","편의성, 전략성",AFK 기능,8인 실시간 전투,고블린,카르벨,렐릭 탐험 어드벤처,스마트폰 UI 팝업 연출,"시뮬레이션 및 관리, 장애물 및 도전","텍스트 오버레이, 클로즈업 및 줌",자연/야외 미학,"도전과 승부욕, 만족과 성취감","SD/치비 캐릭터, 성장 지표, 군단/대규모 유닛",2.5D 입체 그래픽,세로형 피드 최적화 UI와 마을 습격 반전 연출로 이탈 방지. 직관적 레벨업과 전략적 배치 중심의 성장 쾌감을 자극해 숏폼 환경 내 높은 시청 유지율 및 전환율 기대.
Cute but Powerful Squad,광고 제목,HQ_HQ_PH_US-EN_GA_NU_AD_ACA-PU_260429,M_1844_INTEREST_GENRE_ALL_NONE_260429,2026-05-01,7,KRW,22792,329,14,"11,846.89",TXT,,,,,,,,,,,,,,,,,,,,,,,,,,,,,
Let’s Hunt for Treasure!,광고 제목,HQ_HQ_PH_US-EN_GA_NU_AD_ACA-PU_260429,M_1844_INTEREST_GENRE_ALL_NONE_260429,2026-05-01,1,KRW,9118,307,3,0,TXT,,,,,,,,,,,,,,,,,,,,,,,,,,,,,
Pepp Heroes,광고 제목,HQ_HQ_PH_US-EN_GA_NU_AD_ACA-PU_260429,M_1844_INTEREST_GENRE_ALL_NONE_260429,2026-05-01,0,KRW,34430,364,8,0,TXT,,,,,,,,,,,,,,,,,,,,,,,,,,,,,
Play for Free,광고 제목,HQ_HQ_PH_US-EN_GA_NU_AD_ACA-PU_260429,M_1844_INTEREST_GENRE_ALL_NONE_260429,2026-05-01,0,KRW,19222,816,8,0,TXT,,,,,,,,,,,,,,,,,,,,,,,,,,,,,
"Your RPG, In Your Hands",광고 제목,HQ_HQ_PH_US-EN_GA_NU_AD_ACA-PU_260429,M_1844_INTEREST_GENRE_ALL_NONE_260429,2026-05-01,2,KRW,13513,365,2,"5,871.94",TXT,,,,,,,,,,,,,,,,,,,,,,,,,,,,,
Adorable Yet Powerful! Collect Heroes With Diverse Charms,설명,HQ_HQ_PH_US-EN_GA_NU_AD_ACA-PU_260429,M_1844_INTEREST_GENRE_ALL_NONE_260429,2026-05-01,3,KRW,16589,603,10,"5,871.94",TXT,,,,,,,,,,,,,,,,,,,,,,,,,,,,,
Clock Out and Start Your Treasure Hunt!,설명,HQ_HQ_PH_US-EN_GA_NU_AD_ACA-PU_260429,M_1844_INTEREST_GENRE_ALL_NONE_260429,2026-05-01,8,KRW,24799,605,16,"11,846.89",TXT,,,,,,,,,,,,,,,,,,,,,,,,,,,,,
Get Rewards Worth $100! Play Now!,설명,HQ_HQ_PH_US-EN_GA_NU_AD_ACA-PU_260429,M_1844_INTEREST_GENRE_ALL_NONE_260429,2026-05-01,1,KRW,16077,873,4,0,TXT,,,,,,,,,,,,,,,,,,,,,,,,,,,,,
Strategic Battles With Heroes Full of Personality! Win With Your Own Squad,설명,HQ_HQ_PH_US-EN_GA_NU_AD_ACA-PU_260429,M_1844_INTEREST_GENRE_ALL_NONE_260429,2026-05-01,0,KRW,9038,399,4,0,TXT,,,,,,,,,,,,,,,,,,,,,,,,,,,,,
Unique Hero Skills and Synergies! The Collectible RPG of Endless Team Combinations,설명,HQ_HQ_PH_US-EN_GA_NU_AD_ACA-PU_260429,M_1844_INTEREST_GENRE_ALL_NONE_260429,2026-05-01,4,KRW,79532,"27,593",101,0,TXT,,,,,,,,,,,,,,,,,,,,,,,,,,,,,
251104_BNR_A-Character-Adventure01A-DA_L_1200x628_EN.jpg;https://tpc.googlesyndication.com/simgad/7852267225455295083,가로형 이미지,HQ_HQ_PH_US-EN_GA_NU_AD_ACA-PU_260429,M_1844_INTEREST_GENRE_ALL_NONE_260429,2026-05-01,11,KRW,264340,897,52,"11,846.89",BNR,가로형,2025-11-04,A,Character,Adventure01A,EN,251104_BNR_A-Character-Adventure01A-DA_L_1200x628_EN,A-Character-Adventure01A-DA,https://tpc.googlesyndication.com/simgad/7852267225455295083,"비주얼 임팩트, 캐릭터/유닛 외형",,,,,PEPP HEROES,"아트 퀄리티, 캐릭터, 수집형RPG","5인 분대 전투, 수집형 RPG",,"마그 탐험대, 고블린",카르벨(Karbel),렐릭 탐험 어드벤처,2.5D 입체 월드 강조,"전투 및 액션, 탐험 및 발견",텍스트 오버레이,자연/야외 미학,"도전과 승부욕, 수집욕/소유욕","인간형 영웅, SD/치비 캐릭터, 거대 보스","2.5D 입체 그래픽, 2D 일러스트",와이드 뷰로 보스 대립 및 레이드 강조. 소부대 전투의 스케일감으로 타겟 공략. SNS 최적화와 보상 정보 추가로 유입 및 전환 극대화.
251104_BNR_A-Character-Adventure01A-DA_S_1200x1200_EN.jpg;https://tpc.googlesyndication.com/simgad/13260462268912176542,가로형 이미지,HQ_HQ_PH_US-EN_GA_NU_AD_ACA-PU_260429,M_1844_INTEREST_GENRE_ALL_NONE_260429,2026-05-01,0,KRW,0,360,0,0,BNR,정방형,2025-11-04,A,Character,Adventure01A,EN,251104_BNR_A-Character-Adventure01A-DA_S_1200x1200_EN,A-Character-Adventure01A-DA,https://tpc.googlesyndication.com/simgad/13260462268912176542,"비주얼 임팩트, 캐릭터/유닛 외형",,,,,PEPP HEROES,"아트 퀄리티, 캐릭터, 수집형RPG","5인 분대 전투, 수집형 RPG",,"마그 탐험대, 고블린",카르벨(Karbel),렐릭 탐험 어드벤처,2.5D 입체 월드 강조,"전투 및 액션, 탐험 및 발견",텍스트 오버레이,자연/야외 미학,"참여와 임장감, 수집욕/소유욕","인간형 영웅, SD/치비 캐릭터, 거대 보스","2.5D 입체 그래픽, 2D 일러스트",독창적인 2.5D 비주얼과 코어한 전투 재미로 RPG 유저 공략. 북미·글로벌 시장의 높은 CTR을 기반으로 SSR 소환 연출을 활용해 CVR 최적화.
251104_BNR_A-Character-Adventure01A-DA_V_1200x1500_EN.jpg;https://tpc.googlesyndication.com/simgad/11060997048456614631,가로형 이미지,HQ_HQ_PH_US-EN_GA_NU_AD_ACA-PU_260429,M_1844_INTEREST_GENRE_ALL_NONE_260429,2026-05-01,0,KRW,0,1,0,0,BNR,세로형,2025-11-04,A,Character,Adventure01A,EN,251104_BNR_A-Character-Adventure01A-DA_V_1200x1500_EN,A-Character-Adventure01A-DA,https://tpc.googlesyndication.com/simgad/11060997048456614631,"비주얼 임팩트, 캐릭터/유닛 외형",,,,,PEPP HEROES,"아트 퀄리티, 캐릭터, 수집형RPG","5인 분대 전투, 수집형 RPG",,"마그 탐험대, 고블린",카르벨(Karbel),렐릭 탐험 어드벤처,2.5D 입체 월드 강조,"전투 및 액션, 탐험 및 발견",텍스트 오버레이,자연/야외 미학,"수집욕/소유욕, 만족과 성취감","인간형 영웅, SD/치비 캐릭터, 거대 보스","2.5D 입체 그래픽, 2D 일러스트",캐릭터 케미와 조합 시각화로 SSR 수집 재미 자극. 속성 상성 강조 소재로 고관여 유저 공략 및 확장.
260406_BNR_A-Character-Adventure02A-DA_L_1200x628_EN.jpg;https://tpc.googlesyndication.com/simgad/7571534943945847205,가로형 이미지,HQ_HQ_PH_US-EN_GA_NU_AD_ACA-PU_260429,M_1844_INTEREST_GENRE_ALL_NONE_260429,2026-05-01,0,KRW,1,79,0,0,BNR,가로형,2026-04-06,A,Character,Adventure02A,EN,260406_BNR_A-Character-Adventure02A-DA_L_1200x628_EN,A-Character-Adventure02A-DA,https://tpc.googlesyndication.com/simgad/7571534943945847205,"캐릭터/유닛 외형, 비주얼 임팩트",,,,,"PEPP HEROES: RELIC QUEST, PRE-REGISTER NOW","아트 퀄리티, 릴리즈 예고, 캐릭터, 수집형RPG",용병 모집(Gacha),렐릭 퀘스트,마그 탐험대,샤일린(Shylin),렐릭 탐험 어드벤처,,수집 및 도감,텍스트 오버레이,자연/야외 미학,"수집욕/소유욕, 참여와 임장감",,"2.5D 입체 그래픽, 2D 일러스트",샤일린 비주얼을 활용해 2.5D 미학적 만족감을 강조하고 사전예약을 유도함. 고관여 유저 대상 높은 CTR이 기대되며 캐릭터 시너지 소재로 확장 계획임.
260406_BNR_A-Character-Adventure02A-DA_S_1200x1200_EN.jpg;https://tpc.googlesyndication.com/simgad/11186665980784424187,가로형 이미지,HQ_HQ_PH_US-EN_GA_NU_AD_ACA-PU_260429,M_1844_INTEREST_GENRE_ALL_NONE_260429,2026-05-01,1,KRW,11020,"4,269",19,0,BNR,정방형,2026-04-06,A,Character,Adventure02A,EN,260406_BNR_A-Character-Adventure02A-DA_S_1200x1200_EN,A-Character-Adventure02A-DA,https://tpc.googlesyndication.com/simgad/11186665980784424187,"캐릭터/유닛 외형, 비주얼 임팩트",,,,,"PEPP HEROES: RELIC QUEST, PRE-REGISTER NOW","아트 퀄리티, 릴리즈 예고, 캐릭터, 수집형RPG",용병 모집(Gacha),렐릭 퀘스트,마그 탐험대,샤일린(Shylin),렐릭 탐험 어드벤처,,수집 및 도감,텍스트 오버레이,자연/야외 미학,"수집욕/소유욕, 참여와 임장감",,"2.5D 입체 그래픽, 2D 일러스트",정사각형 포맷 내 캐릭터 밀집도를 높여 시선 집중 및 수집 욕구 자극. 인스타그램 등 매체 최적화 및 보상 정보 결합으로 고효율 기대.
260406_BNR_A-Character-Life01A-DA_L_1200x628_EN.jpg;https://tpc.googlesyndication.com/simgad/4842260928888903016,가로형 이미지,HQ_HQ_PH_US-EN_GA_NU_AD_ACA-PU_260429,M_1844_INTEREST_GENRE_ALL_NONE_260429,2026-05-01,0,KRW,369,593,1,0,BNR,가로형,2026-04-06,A,Character,Life01A,EN,260406_BNR_A-Character-Life01A-DA_L_1200x628_EN,A-Character-Life01A-DA,https://tpc.googlesyndication.com/simgad/4842260928888903016,"캐릭터/유닛 외형, 비주얼 임팩트",,,,,"PEPP HEROES, PLAY FOR FREE","아트 퀄리티, 전략성, 수집형RPG","8인 실시간 전투, 8종 직업 및 4종 클래스 체계","렐릭 퀘스트, 8인 실시간 전투",마그 탐험대,카르벨(Karbel),"렐릭 탐험 어드벤처, 히어로 수집 육성",,"수집 및 도감, 탐험 및 발견","텍스트 오버레이, 심플/클린 UI",자연/야외 미학,"휴식과 힐링, 수집욕/소유욕","SD/치비 캐릭터, 인간형 영웅","2.5D 입체 그래픽, 2D 일러스트",2.5D 월드의 공간감을 강조하여 어드벤처 유저를 타겟팅합니다. 리마케팅에 효과적이며 수집 문구 추가로 정보 전달력 보강을 추천합니다.
260406_BNR_A-Character-Life01A-DA_S_1200x1200_EN.jpg;https://tpc.googlesyndication.com/simgad/1365671312776743899,가로형 이미지,HQ_HQ_PH_US-EN_GA_NU_AD_ACA-PU_260429,M_1844_INTEREST_GENRE_ALL_NONE_260429,2026-05-01,0,KRW,3295,181,2,0,BNR,정방형,2026-04-06,A,Character,Life01A,EN,260406_BNR_A-Character-Life01A-DA_S_1200x1200_EN,A-Character-Life01A-DA,https://tpc.googlesyndication.com/simgad/1365671312776743899,"캐릭터/유닛 외형, 비주얼 임팩트",,,,,"PEPP HEROES, PLAY FOR FREE","아트 퀄리티, 캐릭터, 수집형RPG","8인 실시간 전투, 8종 직업 및 4종 클래스 체계","렐릭 퀘스트, 8인 실시간 전투",마그 탐험대,카르벨(Karbel),"렐릭 탐험 어드벤처, 히어로 수집 육성",,"수집 및 도감, 탐험 및 발견","텍스트 오버레이, 심플/클린 UI",자연/야외 미학,"휴식과 힐링, 수집욕/소유욕","SD/치비 캐릭터, 인간형 영웅","2.5D 입체 그래픽, 2D 일러스트","고퀄리티 일러스트와 실제 화면을 합성해 신뢰감을 조성함. 캐주얼 유저의 힐링 욕구를 공략하여 높은 클릭률을 유도하고, 사전예약 보상 강조로 전환율 극대화가 필요함."
260406_BNR_A-Mob-Adventure01A-DA_L_1200x628_EN.jpg;https://tpc.googlesyndication.com/simgad/16600105301133976800,가로형 이미지,HQ_HQ_PH_US-EN_GA_NU_AD_ACA-PU_260429,M_1844_INTEREST_GENRE_ALL_NONE_260429,2026-05-01,0,KRW,2610,56,1,0,BNR,가로형,2026-04-06,A,Mob,Adventure01A,EN,260406_BNR_A-Mob-Adventure01A-DA_L_1200x628_EN,A-Mob-Adventure01A-DA,https://tpc.googlesyndication.com/simgad/16600105301133976800,"캐릭터/유닛 외형, 비주얼 임팩트",,,,,"Peppy & Ready to Fight, PLAY FOR FREE","아트 퀄리티, 캐릭터, 수집형RPG",8인 실시간 전투,8종 직업 및 4종 클래스 체계,고블린,,렐릭 탐험 어드벤처,몬스터 군단 중심의 구도,"전투 및 액션, 탐험 및 발견",텍스트 오버레이,자연/야외 미학,"참여와 임장감, 수집욕/소유욕","SD/치비 캐릭터, 군단/대규모 유닛","2.5D 입체 그래픽, 2D 일러스트",몬스터 군단과 2.5D 아트 중심의 모험 소구. 독특한 크리처 디자인으로 고관여 유저의 CTR 유도 및 전략적 시너지 강조.
260406_BNR_A-Mob-Adventure01A-DA_S_1200x1200_EN.jpg;https://tpc.googlesyndication.com/simgad/9569657006008026943,가로형 이미지,HQ_HQ_PH_US-EN_GA_NU_AD_ACA-PU_260429,M_1844_INTEREST_GENRE_ALL_NONE_260429,2026-05-01,2,KRW,48369,"22,763",77,0,BNR,정방형,2026-04-06,A,Mob,Adventure01A,EN,260406_BNR_A-Mob-Adventure01A-DA_S_1200x1200_EN,A-Mob-Adventure01A-DA,https://tpc.googlesyndication.com/simgad/9569657006008026943,"캐릭터/유닛 외형, 비주얼 임팩트",,,,,"Peppy & Ready to Fight, PLAY FOR FREE","아트 퀄리티, 캐릭터, 수집형RPG",8인 실시간 전투,8종 직업 및 4종 클래스 체계,고블린,,렐릭 탐험 어드벤처,몬스터 군단 중심의 구도,"전투 및 액션, 탐험 및 발견",텍스트 오버레이,자연/야외 미학,"참여와 임장감, 수집욕/소유욕","SD/치비 캐릭터, 군단/대규모 유닛","2.5D 입체 그래픽, 2D 일러스트","1:1 비율로 SD 캐릭터의 디테일과 2.5D 비주얼을 강조함. 높은 아트 퀄리티로 유저 시선을 유도하며, 시간 및 날씨 변화를 활용한 소재 확장을 제안함."
260406_VID_A-Character-Collection01B-UA_S_1080x1080_EN;https://www.youtube.com/watch?v=cTfY4JpFc-s,YouTube 동영상,HQ_HQ_PH_US-EN_GA_NU_AD_ACA-PU_260429,M_1844_INTEREST_GENRE_ALL_NONE_260429,2026-05-01,0,KRW,1032,30,0,0,VID,정방형,2026-04-06,A,Character,Collection01B,EN;https://www,260406_VID_A-Character-Collection01B-UA_S_1080x1080_EN,A-Character-Collection01B-UA,https://www.youtube.com/watch?v=cTfY4JpFc-s,"질문/선택형, 캐릭터/유닛 외형",경쾌함,TRUE,,없음,"CHOOSE YOUR HERO, HUGO, KARBEL, MONAD","캐릭터, 수집형RPG, 전략성",용병 모집(Gacha),DIY 픽업 시스템,마그 탐험대,"휴고, 카르벨, 모나드",히어로 수집 육성,남성 캐릭터 위주 배치,수집 및 도감,"텍스트 오버레이, 분할 화면",심플/클린 UI,수집욕/소유욕,"SD/치비 캐릭터, 인간형 영웅",2D 일러스트,캐릭터 구성 대조를 통한 타겟 취향별 효율 분석. 탱커 및 딜러 중심 덱 선호 심리 공략하며 캐릭터 조합 변주 소재로 리타겟팅 광고 활용 권장.
260406_VID_A-Character-Combat01A-UA_L_1920x1080_EN;https://www.youtube.com/watch?v=2W7-0AV2mfg,YouTube 동영상,HQ_HQ_PH_US-EN_GA_NU_AD_ACA-PU_260429,M_1844_INTEREST_GENRE_ALL_NONE_260429,2026-05-01,0,KRW,3149,64,0,"5,871.94",VID,가로형,2026-04-06,A,Character,Combat01A,EN;https://www,260406_VID_A-Character-Combat01A-UA_L_1920x1080_EN,A-Character-Combat01A-UA,https://www.youtube.com/watch?v=2W7-0AV2mfg,"비주얼 임팩트, 캐릭터/유닛 외형",긴박함,TRUE,,없음,"VINESSA, A DARK WIZARD WHO DOMINATES THE FIELD, SOPHIA, REMOVES ALL DEBUFFS! THE KEY TO SURVIVAL, BERNETA, A SYNERGY DEALER THAT PERFECTS YOUR TEAM, PLAY FOR FREE","아트 퀄리티, 캐릭터, 수집형RPG, 전략성",용병 모집,스킬 컷신 연출,마그 탐험대,"Vinessa, Sophia, Berneta",렐릭 탐험 어드벤처,캐릭터별 스킬 특징 강조,전투 및 액션,"텍스트 오버레이, 클로즈업 및 줌",자연/야외 미학,"도전과 승부욕, 수집욕/소유욕","인간형 영웅, SD/치비 캐릭터, 성장 지표","2.5D 입체 그래픽, 2D 일러스트",인게임 전투와 일러스트 교차 편집으로 몰입도 극대화. 캐릭터 스킬 및 시너지로 전략적 호기심 자극. 플레이 영상 기반 안정적 CVR 확보 및 캐릭터 속성 대비 변주 제안.
260406_VID_A-Character-Combat01A-UA_S_1080x1080_EN;https://www.youtube.com/watch?v=jnNAzjzUw8o,YouTube 동영상,HQ_HQ_PH_US-EN_GA_NU_AD_ACA-PU_260429,M_1844_INTEREST_GENRE_ALL_NONE_260429,2026-05-01,0,KRW,4419,80,0,0,VID,정방형,2026-04-06,A,Character,Combat01A,EN;https://www,260406_VID_A-Character-Combat01A-UA_S_1080x1080_EN,A-Character-Combat01A-UA,https://www.youtube.com/watch?v=jnNAzjzUw8o,"비주얼 임팩트, 캐릭터/유닛 외형",긴박함,TRUE,,없음,"VINESSA, A DARK WIZARD WHO DOMINATES THE FIELD, SOPHIA, REMOVES ALL DEBUFFS! THE KEY TO SURVIVAL, BERNETA, A SYNERGY DEALER THAT PERFECTS YOUR TEAM, PLAY FOR FREE","아트 퀄리티, 캐릭터, 수집형RPG, 전략성",용병 모집,스킬 컷신 연출,마그 탐험대,"Vinessa, Sophia, Berneta",렐릭 탐험 어드벤처,캐릭터별 스킬 특징 강조,전투 및 액션,"텍스트 오버레이, 클로즈업 및 줌",자연/야외 미학,"도전과 승부욕, 수집욕/소유욕","인간형 영웅, SD/치비 캐릭터, 성장 지표","2.5D 입체 그래픽, 2D 일러스트",SSR 비네사 비주얼을 초반에 배치해 RPG 팬덤 시선 확보. 고퀄리티 애니메이션으로 캐릭터 소유욕을 자극하며 스킬 콤보 시리즈로 소재 확장 가능.
260406_VID_A-Character-Combat01A-UA_V_1080x1920_EN;https://www.youtube.com/watch?v=tHmXhOKu33A,YouTube 동영상,HQ_HQ_PH_US-EN_GA_NU_AD_ACA-PU_260429,M_1844_INTEREST_GENRE_ALL_NONE_260429,2026-05-01,0,KRW,2838,58,0,0,VID,세로형,2026-04-06,A,Character,Combat01A,EN;https://www,260406_VID_A-Character-Combat01A-UA_V_1080x1920_EN,A-Character-Combat01A-UA,https://www.youtube.com/watch?v=tHmXhOKu33A,"비주얼 임팩트, 캐릭터/유닛 외형",긴박함,TRUE,,없음,"VINESSA, A DARK WIZARD WHO DOMINATES THE FIELD, SOPHIA, REMOVES ALL DEBUFFS! THE KEY TO SURVIVAL, BERNETA, A SYNERGY DEALER THAT PERFECTS YOUR TEAM, PLAY FOR FREE","아트 퀄리티, 캐릭터, 수집형RPG, 전략성",용병 모집,스킬 컷신 연출,마그 탐험대,"Vinessa, Sophia, Berneta",렐릭 탐험 어드벤처,캐릭터별 스킬 특징 강조,전투 및 액션,"텍스트 오버레이, 클로즈업 및 줌",자연/야외 미학,"도전과 승부욕, 수집욕/소유욕","인간형 영웅, SD/치비 캐릭터, 성장 지표","2.5D 입체 그래픽, 2D 일러스트",숏폼 최적화 세로 분할 화면으로 캐릭터와 전투 연출 강조. 한 손 플레이 선호 심리를 공략하여 틱톡 및 릴스 내 높은 조회수 확보 기대.
260406_VID_A-Character-Combat01B-UA_L_1920x1080_EN;https://www.youtube.com/watch?v=d4rVTfnnYhg,YouTube 동영상,HQ_HQ_PH_US-EN_GA_NU_AD_ACA-PU_260429,M_1844_INTEREST_GENRE_ALL_NONE_260429,2026-05-01,2,KRW,42908,571,4,0,VID,가로형,2026-04-06,A,Character,Combat01B,EN;https://www,260406_VID_A-Character-Combat01B-UA_L_1920x1080_EN,A-Character-Combat01B-UA,https://www.youtube.com/watch?v=d4rVTfnnYhg,"비주얼 임팩트, 캐릭터/유닛 외형",긴박함,TRUE,,없음,"HUGO, An indomitable warrior..., MONAD, A sage who devastates..., KARBEL, A fiery dealer..., PLAY FOR FREE","전략성, 아트 퀄리티",용병 모집,8인 실시간 전투,마그 탐험대,"Hugo, Monad, Karbel",히어로 수집 육성,,전투 및 액션,"텍스트 오버레이, 클로즈업 및 줌",자연/야외 미학,"도전과 승부욕, 수집욕/소유욕","인간형 영웅, SD/치비 캐릭터, 성장 지표","2.5D 입체 그래픽, 2D 일러스트",16:9 뷰로 넓은 전장과 스킬 강조. 화려한 연출로 타격감 선호 유저 공략. 전투 선호층 대상 높은 전환율 기대.
260406_VID_A-Character-Combat01B-UA_S_1080x1080_EN;https://www.youtube.com/watch?v=tcTIYuJi7pM,YouTube 동영상,HQ_HQ_PH_US-EN_GA_NU_AD_ACA-PU_260429,M_1844_INTEREST_GENRE_ALL_NONE_260429,2026-05-01,0,KRW,4623,179,1,0,VID,정방형,2026-04-06,A,Character,Combat01B,EN;https://www,260406_VID_A-Character-Combat01B-UA_S_1080x1080_EN,A-Character-Combat01B-UA,https://www.youtube.com/watch?v=tcTIYuJi7pM,"비주얼 임팩트, 캐릭터/유닛 외형",긴박함,TRUE,,없음,"HUGO, An indomitable warrior..., MONAD, A sage who devastates..., KARBEL, A fiery dealer..., PLAY FOR FREE","전략성, 아트 퀄리티",용병 모집,8인 실시간 전투,마그 탐험대,"Hugo, Monad, Karbel",히어로 수집 육성,,전투 및 액션,"텍스트 오버레이, 클로즈업 및 줌",자연/야외 미학,"도전과 승부욕, 수집욕/소유욕","인간형 영웅, SD/치비 캐릭터, 성장 지표","2.5D 입체 그래픽, 2D 일러스트",소피아의 생존 및 지원 능력과 팀 시너지를 강조해 전략적 유저 공략. 비네사 소재 A/B 테스트로 타겟별 선호 캐릭터 최적화 및 성과 확장 도모.
260406_VID_A-Character-Combat01B-UA_V_1080x1920_EN;https://www.youtube.com/watch?v=rrd-TGZqEqc,YouTube 동영상,HQ_HQ_PH_US-EN_GA_NU_AD_ACA-PU_260429,M_1844_INTEREST_GENRE_ALL_NONE_260429,2026-05-01,2,KRW,26004,439,2,0,VID,세로형,2026-04-06,A,Character,Combat01B,EN;https://www,260406_VID_A-Character-Combat01B-UA_V_1080x1920_EN,A-Character-Combat01B-UA,https://www.youtube.com/watch?v=rrd-TGZqEqc,"비주얼 임팩트, 캐릭터/유닛 외형",긴박함,TRUE,,없음,"HUGO, An indomitable warrior..., MONAD, A sage who devastates..., KARBEL, A fiery dealer..., PLAY FOR FREE","전략성, 아트 퀄리티",용병 모집,8인 실시간 전투,마그 탐험대,"Hugo, Monad, Karbel",히어로 수집 육성,,전투 및 액션,"텍스트 오버레이, 클로즈업 및 줌",자연/야외 미학,"도전과 승부욕, 수집욕/소유욕","인간형 영웅, SD/치비 캐릭터, 성장 지표","2.5D 입체 그래픽, 2D 일러스트",직관적인 탱딜힐 구성으로 정통 RPG 유저의 파티 니즈 충족. 역할군 조합의 재미를 텍스트로 보강하여 효율 극대화 기대.
260406_VID_A-Charater-Collection01B-UA_L_1920x1080_EN;https://www.youtube.com/watch?v=rRGCh1x6a6M,YouTube 동영상,HQ_HQ_PH_US-EN_GA_NU_AD_ACA-PU_260429,M_1844_INTEREST_GENRE_ALL_NONE_260429,2026-05-01,0,KRW,12461,261,1,0,VID,가로형,2026-04-06,A,Charater,Collection01B,EN;https://www,260406_VID_A-Charater-Collection01B-UA_L_1920x1080_EN,A-Charater-Collection01B-UA,https://www.youtube.com/watch?v=rRGCh1x6a6M,"질문/선택형, 캐릭터/유닛 외형",경쾌함,TRUE,,없음,"CHOOSE YOUR HERO, HUGO, PLAY FOR FREE","아트 퀄리티, 전략성",용병 모집,DIY 픽업 시스템,마그 탐험대,Hugo,히어로 수집 육성,,수집 및 도감,"텍스트 오버레이, 클로즈업 및 줌",심플/클린 UI,"수집욕/소유욕, 만족과 성취감","인간형 영웅, SD/치비 캐릭터","2.5D 입체 그래픽, 2D 일러스트","그리드 UI로 풍부한 캐릭터 풀을 어필해 수집 욕구를 자극하며, 캐릭터 강조 엔드카드를 통해 높은 잔존율을 확보합니다."
260406_VID_A-Charater-Collection01B-UA_V_1080x1920_EN;https://www.youtube.com/watch?v=u5diHTUsSOs,YouTube 동영상,HQ_HQ_PH_US-EN_GA_NU_AD_ACA-PU_260429,M_1844_INTEREST_GENRE_ALL_NONE_260429,2026-05-01,0,KRW,2020,38,0,0,VID,세로형,2026-04-06,A,Charater,Collection01B,EN;https://www,260406_VID_A-Charater-Collection01B-UA_V_1080x1920_EN,A-Charater-Collection01B-UA,https://www.youtube.com/watch?v=u5diHTUsSOs,"질문/선택형, 캐릭터/유닛 외형",경쾌함,TRUE,,없음,"CHOOSE YOUR HERO, HUGO, PLAY FOR FREE","아트 퀄리티, 전략성",용병 모집,DIY 픽업 시스템,마그 탐험대,Hugo,히어로 수집 육성,캐릭터 픽(Pick) 연출,수집 및 도감,"텍스트 오버레이, 클로즈업 및 줌",심플/클린 UI,"수집욕/소유욕, 만족과 성취감","인간형 영웅, SD/치비 캐릭터","2.5D 입체 그래픽, 2D 일러스트",직접 영웅을 선택하는 인터랙티브 경험으로 기대감 부여. 다양한 영웅 노출을 통해 유저 취향을 공략하고 반복적인 참여 유도.
260406_VID_A-Hooking-Reward02A-FK_L_1920x1080_EN;https://www.youtube.com/watch?v=oRlzfGbT3xY,YouTube 동영상,HQ_HQ_PH_US-EN_GA_NU_AD_ACA-PU_260429,M_1844_INTEREST_GENRE_ALL_NONE_260429,2026-05-01,1,KRW,13357,199,4,0,VID,가로형,2026-04-06,A,Hooking,Reward02A,EN;https://www,260406_VID_A-Hooking-Reward02A-FK_L_1920x1080_EN,A-Hooking-Reward02A-FK,https://www.youtube.com/watch?v=oRlzfGbT3xY,"실패/분노 유도, 압도적 보상",긴박함,TRUE,,없음,"Tap here to save him!, Help me!, HELP KARBEL CLEAR, Claim your SR character and rewards worth $100!, PLAY FOR FREE",보상,용병 모집,우호도 시스템,마그 탐험대,카르벨(Karbel),히어로 수집 육성,페이크 플레이(구출 미니게임) 형식 활용,퍼즐 및 논리,"손가락 지시선, 텍스트 오버레이",자연/야외 미학,"도전과 승부욕, 만족과 성취감","SD/치비 캐릭터, 재화/보물상자",2D 일러스트,구출 미니게임 방식을 활용해 시청자 이탈을 방지하고 즉각적인 행동을 유도합니다. 대량의 재화 보상으로 성취감을 자극하여 저단가 트래픽 확보 및 높은 클릭률을 공략합니다.
260406_VID_A-Hooking-Reward02A-FK_S_1080x1080_EN;https://www.youtube.com/watch?v=EgLwtP8WjE4,YouTube 동영상,HQ_HQ_PH_US-EN_GA_NU_AD_ACA-PU_260429,M_1844_INTEREST_GENRE_ALL_NONE_260429,2026-05-01,0,KRW,1572,17,0,0,VID,정방형,2026-04-06,A,Hooking,Reward02A,EN;https://www,260406_VID_A-Hooking-Reward02A-FK_S_1080x1080_EN,A-Hooking-Reward02A-FK,https://www.youtube.com/watch?v=EgLwtP8WjE4,"실패/분노 유도, 압도적 보상",긴박함,TRUE,,없음,"Tap here to save him!, Help me!, HELP KARBEL CLEAR, Claim your SR character and rewards worth $100!, PLAY FOR FREE",보상,용병 모집,우호도 시스템,마그 탐험대,카르벨(Karbel),히어로 수집 육성,페이크 플레이(구출 미니게임) 형식 활용,퍼즐 및 논리,"손가락 지시선, 텍스트 오버레이",자연/야외 미학,"도전과 승부욕, 만족과 성취감","SD/치비 캐릭터, 재화/보물상자",2D 일러스트,위기 상황 미션과 100달러 보상으로 유저 참여 및 전환 유도. 쉬운 조작성 강조로 진입 장벽을 낮춰 대량 유입용 런칭 소재로 적합.
260406_VID_A-Hooking-Reward02A-FK_V_1080x1920_EN;https://www.youtube.com/watch?v=b7LsalWUDvQ,YouTube 동영상,HQ_HQ_PH_US-EN_GA_NU_AD_ACA-PU_260429,M_1844_INTEREST_GENRE_ALL_NONE_260429,2026-05-01,0,KRW,1963,13,0,0,VID,세로형,2026-04-06,A,Hooking,Reward02A,EN;https://www,260406_VID_A-Hooking-Reward02A-FK_V_1080x1920_EN,A-Hooking-Reward02A-FK,https://www.youtube.com/watch?v=b7LsalWUDvQ,"실패/분노 유도, 압도적 보상",긴박함,TRUE,,없음,"Tap here to save him!, Help me!, HELP KARBEL CLEAR, Claim your SR character and rewards worth $100!, PLAY FOR FREE",보상,용병 모집,우호도 시스템,마그 탐험대,카르벨(Karbel),히어로 수집 육성,페이크 플레이(구출 미니게임) 형식 활용,퍼즐 및 논리,"손가락 지시선, 텍스트 오버레이",자연/야외 미학,"도전과 승부욕, 만족과 성취감","SD/치비 캐릭터, 재화/보물상자",2D 일러스트,9:16 세로형 구조로 터치 인터랙션을 극대화하고 FOMO를 자극해 시청 완료율을 높입니다. 캐릭터 활용 및 실패 연출의 A/B 테스트 확장을 제안합니다.
260406_VID_A-Hooking-Reward03A-UA_L_1920x1080_EN;https://www.youtube.com/watch?v=XUrzh1Qrk5w,YouTube 동영상,HQ_HQ_PH_US-EN_GA_NU_AD_ACA-PU_260429,M_1844_INTEREST_GENRE_ALL_NONE_260429,2026-05-01,0,KRW,10165,107,2,0,VID,가로형,2026-04-06,A,Hooking,Reward03A,EN;https://www,260406_VID_A-Hooking-Reward03A-UA_L_1920x1080_EN,A-Hooking-Reward03A-UA,https://www.youtube.com/watch?v=XUrzh1Qrk5w,"압도적 보상, 실패/분노 유도",경쾌함,TRUE,,없음,"WARNING Skip and you will lose your $100 rewards, Tap within 5 Seconds, SR, PLAY FOR FREE!, Claim your SR character and rewards worth $100!",보상,용병 모집,,마그 탐험대,Karbel,히어로 수집 육성,$100 가치 혜택 강조,수집 및 도감,"손가락 지시선, 텍스트 오버레이",심플/클린 UI,"만족과 성취감, 수집욕/소유욕","재화/보물상자, SD/치비 캐릭터","2D 일러스트, 2.5D 입체 그래픽","가로 화면을 활용한 화려한 연출로 시각적 몰입감을 높이고, 보상 상실에 대한 FOMO 심리를 자극하여 가로형 매체 타겟 광고 효율을 극대화함."
260406_VID_A-Hooking-Reward03A-UA_S_1080x1080_EN;https://www.youtube.com/watch?v=VGJB5tDWops,YouTube 동영상,HQ_HQ_PH_US-EN_GA_NU_AD_ACA-PU_260429,M_1844_INTEREST_GENRE_ALL_NONE_260429,2026-05-01,0,KRW,2601,69,0,0,VID,정방형,2026-04-06,A,Hooking,Reward03A,EN;https://www,260406_VID_A-Hooking-Reward03A-UA_S_1080x1080_EN,A-Hooking-Reward03A-UA,https://www.youtube.com/watch?v=VGJB5tDWops,"압도적 보상, 실패/분노 유도",경쾌함,TRUE,,없음,"WARNING Skip and you will lose your $100 rewards, Tap within 5 Seconds, SR, PLAY FOR FREE!, Claim your SR character and rewards worth $100!",보상,용병 모집,,마그 탐험대,Karbel,히어로 수집 육성,$100 가치 혜택 강조,수집 및 도감,"손가락 지시선, 텍스트 오버레이",심플/클린 UI,"만족과 성취감, 수집욕/소유욕","재화/보물상자, SD/치비 캐릭터","2D 일러스트, 2.5D 입체 그래픽",부정적 후킹과 시간 제한으로 클릭 유도. $100 가치 및 SR 확정으로 수익 구체화. 높은 CVR 예상되며 보상 변주를 통한 라이브 옵스 제안.
260406_VID_A-Hooking-Reward03A-UA_V_1080x1920_EN;https://www.youtube.com/watch?v=jA_HAiz95x4,YouTube 동영상,HQ_HQ_PH_US-EN_GA_NU_AD_ACA-PU_260429,M_1844_INTEREST_GENRE_ALL_NONE_260429,2026-05-01,3,KRW,31968,218,4,0,VID,세로형,2026-04-06,A,Hooking,Reward03A,EN;https://www,260406_VID_A-Hooking-Reward03A-UA_V_1080x1920_EN,A-Hooking-Reward03A-UA,https://www.youtube.com/watch?v=jA_HAiz95x4,"압도적 보상, 실패/분노 유도",경쾌함,TRUE,,없음,"WARNING Skip and you will lose your $100 rewards, Tap within 5 Seconds, SR, PLAY FOR FREE!, Claim your SR character and rewards worth $100!",보상,용병 모집,,마그 탐험대,Karbel,히어로 수집 육성,$100 가치 혜택 강조,수집 및 도감,"손가락 지시선, 텍스트 오버레이",심플/클린 UI,"만족과 성취감, 수집욕/소유욕","재화/보물상자, SD/치비 캐릭터","2D 일러스트, 2.5D 입체 그래픽",도발적 문구와 타이머로 이탈을 방지하고 FOMO 심리를 자극함. 보상형 인벤토리 활용을 통해 UA 매체에서 압도적 전환율 달성 기대.
260406_VID_A-Mob-Adventure01A-UA_L_1920x1080_EN;https://www.youtube.com/watch?v=hVmkPdIsz70,YouTube 동영상,HQ_HQ_PH_US-EN_GA_NU_AD_ACA-PU_260429,M_1844_INTEREST_GENRE_ALL_NONE_260429,2026-05-01,0,KRW,3904,32,0,0,VID,가로형,2026-04-06,A,Mob,Adventure01A,EN;https://www,260406_VID_A-Mob-Adventure01A-UA_L_1920x1080_EN,A-Mob-Adventure01A-UA,https://www.youtube.com/watch?v=hVmkPdIsz70,"비주얼 임팩트, 성장 비포애프터",긴박함,TRUE,,없음,"WARNING, GOBLINS INCOMING!, Goblins? Easy! Level UP! UP!, Power Boost! BOOM! BOOM!, Strategic deployment!, Get ready for BATTLE!","편의성, 전략성",AFK 기능,8인 실시간 전투,고블린,카르벨,렐릭 탐험 어드벤처,스마트폰 UI 팝업 연출,"시뮬레이션 및 관리, 장애물 및 도전","텍스트 오버레이, 클로즈업 및 줌",자연/야외 미학,"도전과 승부욕, 만족과 성취감","SD/치비 캐릭터, 성장 지표, 군단/대규모 유닛",2.5D 입체 그래픽,16:9 화면 대비로 대규모 전투와 모바일 최적화 강조. 방치형 육성 선호 유저 타겟으로 핵심 시스템 소구 및 브랜딩·퍼포먼스 효율 기대.
260406_VID_A-Mob-Adventure01A-UA_S_1080x1080_EN;https://www.youtube.com/watch?v=LMKl0g6yRJU,YouTube 동영상,HQ_HQ_PH_US-EN_GA_NU_AD_ACA-PU_260429,M_1844_INTEREST_GENRE_ALL_NONE_260429,2026-05-01,1,KRW,16120,585,8,0,VID,정방형,2026-04-06,A,Mob,Adventure01A,EN;https://www,260406_VID_A-Mob-Adventure01A-UA_S_1080x1080_EN,A-Mob-Adventure01A-UA,https://www.youtube.com/watch?v=LMKl0g6yRJU,"비주얼 임팩트, 성장 비포애프터",긴박함,TRUE,,없음,"WARNING, GOBLINS INCOMING!, Goblins? Easy! Level UP! UP!, Power Boost! BOOM! BOOM!, Strategic deployment!, Get ready for BATTLE!","편의성, 전략성",AFK 기능,8인 실시간 전투,고블린,카르벨,렐릭 탐험 어드벤처,스마트폰 UI 팝업 연출,"시뮬레이션 및 관리, 장애물 및 도전","텍스트 오버레이, 클로즈업 및 줌",자연/야외 미학,"도전과 승부욕, 참여와 임장감","SD/치비 캐릭터, 성장 지표, 군단/대규모 유닛",2.5D 입체 그래픽,경고 연출로 몰입도를 높이고 쉬운 성장을 강조해 진입 장벽 완화. 대규모 레이드 소재 확장을 통한 중장기 성과 기대.
260406_VID_A-Mob-Adventure01A-UA_V_1080x1920_EN;https://www.youtube.com/watch?v=nIYkYZ-JFj0,YouTube 동영상,HQ_HQ_PH_US-EN_GA_NU_AD_ACA-PU_260429,M_1844_INTEREST_GENRE_ALL_NONE_260429,2026-05-01,0,KRW,826,21,0,0,VID,세로형,2026-04-06,A,Mob,Adventure01A,EN;https://www,260406_VID_A-Mob-Adventure01A-UA_V_1080x1920_EN,A-Mob-Adventure01A-UA,https://www.youtube.com/watch?v=nIYkYZ-JFj0,"비주얼 임팩트, 성장 비포애프터",긴박함,TRUE,,없음,"WARNING, GOBLINS INCOMING!, Goblins? Easy! Level UP! UP!, Power Boost! BOOM! BOOM!, Strategic deployment!, Get ready for BATTLE!","편의성, 전략성",AFK 기능,8인 실시간 전투,고블린,카르벨,렐릭 탐험 어드벤처,스마트폰 UI 팝업 연출,"시뮬레이션 및 관리, 장애물 및 도전","텍스트 오버레이, 클로즈업 및 줌",자연/야외 미학,"도전과 승부욕, 만족과 성취감","SD/치비 캐릭터, 성장 지표, 군단/대규모 유닛",2.5D 입체 그래픽,세로형 피드 최적화 UI와 마을 습격 반전 연출로 이탈 방지. 직관적 레벨업과 전략적 배치 중심의 성장 쾌감을 자극해 숏폼 환경 내 높은 시청 유지율 및 전환율 기대.
Cute but Powerful Squad,광고 제목,HQ_HQ_PH_US-EN_GA_NU_AD_ACA-PU_260429,M_1844_INTEREST_GENRE_ALL_NONE_260429_3,2026-05-01,2,KRW,22784,"1,096",9,0,TXT,,,,,,,,,,,,,,,,,,,,,,,,,,,,,
Let’s Hunt for Treasure!,광고 제목,HQ_HQ_PH_US-EN_GA_NU_AD_ACA-PU_260429,M_1844_INTEREST_GENRE_ALL_NONE_260429_3,2026-05-01,13,KRW,26497,"1,303",6,"114,756.83",TXT,,,,,,,,,,,,,,,,,,,,,,,,,,,,,
Pepp Heroes,광고 제목,HQ_HQ_PH_US-EN_GA_NU_AD_ACA-PU_260429,M_1844_INTEREST_GENRE_ALL_NONE_260429_3,2026-05-01,0,KRW,19877,"1,035",2,0,TXT,,,,,,,,,,,,,,,,,,,,,,,,,,,,,
Play for Free,광고 제목,HQ_HQ_PH_US-EN_GA_NU_AD_ACA-PU_260429,M_1844_INTEREST_GENRE_ALL_NONE_260429_3,2026-05-01,0,KRW,46921,"2,879",21,0,TXT,,,,,,,,,,,,,,,,,,,,,,,,,,,,,
"Your RPG, In Your Hands",광고 제목,HQ_HQ_PH_US-EN_GA_NU_AD_ACA-PU_260429,M_1844_INTEREST_GENRE_ALL_NONE_260429_3,2026-05-01,1,KRW,17446,"1,002",5,0,TXT,,,,,,,,,,,,,,,,,,,,,,,,,,,,,
Adorable Yet Powerful! Collect Heroes With Diverse Charms,설명,HQ_HQ_PH_US-EN_GA_NU_AD_ACA-PU_260429,M_1844_INTEREST_GENRE_ALL_NONE_260429_3,2026-05-01,7,KRW,30586,"1,848",27,"57,378.42",TXT,,,,,,,,,,,,,,,,,,,,,,,,,,,,,
Clock Out and Start Your Treasure Hunt!,설명,HQ_HQ_PH_US-EN_GA_NU_AD_ACA-PU_260429,M_1844_INTEREST_GENRE_ALL_NONE_260429_3,2026-05-01,0,KRW,20192,"1,250",2,0,TXT,,,,,,,,,,,,,,,,,,,,,,,,,,,,,
Get Rewards Worth $100! Play Now!,설명,HQ_HQ_PH_US-EN_GA_NU_AD_ACA-PU_260429,M_1844_INTEREST_GENRE_ALL_NONE_260429_3,2026-05-01,1,KRW,36493,"2,412",28,0,TXT,,,,,,,,,,,,,,,,,,,,,,,,,,,,,
Strategic Battles With Heroes Full of Personality! Win With Your Own Squad,설명,HQ_HQ_PH_US-EN_GA_NU_AD_ACA-PU_260429,M_1844_INTEREST_GENRE_ALL_NONE_260429_3,2026-05-01,0,KRW,35375,"2,095",13,0,TXT,,,,,,,,,,,,,,,,,,,,,,,,,,,,,
Unique Hero Skills and Synergies! The Collectible RPG of Endless Team Combinations,설명,HQ_HQ_PH_US-EN_GA_NU_AD_ACA-PU_260429,M_1844_INTEREST_GENRE_ALL_NONE_260429_3,2026-05-01,5,KRW,98980,"12,019",88,0,TXT,,,,,,,,,,,,,,,,,,,,,,,,,,,,,
260429_BNR_A-AI-Defeatmonster01A-DA_L_1200x628_EN.png;https://tpc.googlesyndication.com/simgad/5874425896871501801,가로형 이미지,HQ_HQ_PH_US-EN_GA_NU_AD_ACA-PU_260429,M_1844_INTEREST_GENRE_ALL_NONE_260429_3,2026-05-01,0,KRW,21392,"3,420",22,0,BNR,가로형,2026-04-29,A,AI,Defeatmonster01A,EN,260429_BNR_A-AI-Defeatmonster01A-DA_L_1200x628_EN,A-AI-Defeatmonster01A-DA,https://tpc.googlesyndication.com/simgad/5874425896871501801,비주얼 임팩트,웅장함,,,,,아트 퀄리티,영지 빌딩,8인 실시간 전투,마그 탐험대,,어드벤처,,탐험 및 발견,클로즈업 및 줌,자연/야외 미학,만족과 성취감,인간형 영웅,2D 일러스트,성취감 테마를 통해 기존 RPG 유저의 도전 욕구를 충족시키며 클릭을 유도함.
260429_BNR_A-AI-Defeatmonster01A-DA_S_1200x1200_EN.png;https://tpc.googlesyndication.com/simgad/17279094099779978431,가로형 이미지,HQ_HQ_PH_US-EN_GA_NU_AD_ACA-PU_260429,M_1844_INTEREST_GENRE_ALL_NONE_260429_3,2026-05-01,0,KRW,404,358,1,0,BNR,정방형,2026-04-29,A,AI,Defeatmonster01A,EN,260429_BNR_A-AI-Defeatmonster01A-DA_S_1200x1200_EN,A-AI-Defeatmonster01A-DA,https://tpc.googlesyndication.com/simgad/17279094099779978431,비주얼 임팩트,웅장함,,,,,아트 퀄리티,영지 빌딩,8인 실시간 전투,마그 탐험대,,어드벤처,,탐험 및 발견,클로즈업 및 줌,자연/야외 미학,만족과 성취감,인간형 영웅,2D 일러스트,성취감 테마를 통해 기존 RPG 유저의 도전 욕구를 충족시키며 클릭을 유도함.
260429_BNR_A-AI-Favoritehero01A-DA_L_1200x628_EN.png;https://tpc.googlesyndication.com/simgad/1998466068806704912,가로형 이미지,HQ_HQ_PH_US-EN_GA_NU_AD_ACA-PU_260429,M_1844_INTEREST_GENRE_ALL_NONE_260429_3,2026-05-01,0,KRW,1480,155,1,0,BNR,가로형,2026-04-29,A,AI,Favoritehero01A,EN,260429_BNR_A-AI-Favoritehero01A-DA_L_1200x628_EN,A-AI-Favoritehero01A-DA,https://tpc.googlesyndication.com/simgad/1998466068806704912,"질문/선택형, 캐릭터/유닛 외형",경쾌함,,,,"Who is your favorite hero?, VS, PLAY FOR FREE",아트 퀄리티,용병 모집,DIY 픽업 시스템,마그 탐험대,샤일린,히어로 수집 육성,,수집 및 도감,"분할 화면, 텍스트 오버레이",자연/야외 미학,수집욕/소유욕,"인간형 영웅, SD/치비 캐릭터",2D 일러스트,대조되는 속성의 캐릭터를 배치한 질문형 카피로 유저의 취향과 수집욕을 자극함.
260429_BNR_A-AI-Favoritehero01A-DA_S_1200x1200_EN.png;https://tpc.googlesyndication.com/simgad/5513864076699612430,가로형 이미지,HQ_HQ_PH_US-EN_GA_NU_AD_ACA-PU_260429,M_1844_INTEREST_GENRE_ALL_NONE_260429_3,2026-05-01,2,KRW,18039,"1,950",22,0,BNR,정방형,2026-04-29,A,AI,Favoritehero01A,EN,260429_BNR_A-AI-Favoritehero01A-DA_S_1200x1200_EN,A-AI-Favoritehero01A-DA,https://tpc.googlesyndication.com/simgad/5513864076699612430,"질문/선택형, 캐릭터/유닛 외형",경쾌함,,,,"Who is your favorite hero?, VS, PLAY FOR FREE",아트 퀄리티,용병 모집,DIY 픽업 시스템,마그 탐험대,샤일린,히어로 수집 육성,,수집 및 도감,"분할 화면, 텍스트 오버레이",자연/야외 미학,수집욕/소유욕,"인간형 영웅, SD/치비 캐릭터",2D 일러스트,대조되는 속성의 캐릭터를 배치한 질문형 카피로 유저의 취향과 수집욕을 자극함.
260429_BNR_A-AI-Favoritehero01B-DA_L_1200x628_EN.png;https://tpc.googlesyndication.com/simgad/13430850387343170645,가로형 이미지,HQ_HQ_PH_US-EN_GA_NU_AD_ACA-PU_260429,M_1844_INTEREST_GENRE_ALL_NONE_260429_3,2026-05-01,0,KRW,271,190,1,0,BNR,가로형,2026-04-29,A,AI,Favoritehero01B,EN,260429_BNR_A-AI-Favoritehero01B-DA_L_1200x628_EN,A-AI-Favoritehero01B-DA,https://tpc.googlesyndication.com/simgad/13430850387343170645,"질문/선택형, 캐릭터/유닛 외형",,,,,"Who is your favorite hero?, VS, PLAY FOR FREE",아트 퀄리티,용병 모집,DIY 픽업 시스템,마그 탐험대,카르벨,히어로 수집 육성,,수집 및 도감,"분할 화면, 텍스트 오버레이",던전/신전,수집욕/소유욕,인간형 영웅,2D 일러스트,대조되는 속성의 캐릭터를 배치한 질문형 카피로 유저의 취향과 수집욕을 자극함.
260429_BNR_A-AI-Favoritehero01B-DA_S_1200x1200_EN.png;https://tpc.googlesyndication.com/simgad/4869773213661551192,가로형 이미지,HQ_HQ_PH_US-EN_GA_NU_AD_ACA-PU_260429,M_1844_INTEREST_GENRE_ALL_NONE_260429_3,2026-05-01,1,KRW,42589,"5,739",51,0,BNR,정방형,2026-04-29,A,AI,Favoritehero01B,EN,260429_BNR_A-AI-Favoritehero01B-DA_S_1200x1200_EN,A-AI-Favoritehero01B-DA,https://tpc.googlesyndication.com/simgad/4869773213661551192,"질문/선택형, 캐릭터/유닛 외형",,,,,"Who is your favorite hero?, VS, PLAY FOR FREE",아트 퀄리티,용병 모집,DIY 픽업 시스템,마그 탐험대,카르벨,히어로 수집 육성,,수집 및 도감,"분할 화면, 텍스트 오버레이",던전/신전,수집욕/소유욕,인간형 영웅,2D 일러스트,대조되는 속성의 캐릭터를 배치한 질문형 카피로 유저의 취향과 수집욕을 자극함.
260429_BNR_A-AI-Victory01A-DA_L_1200x628_EN.png;https://tpc.googlesyndication.com/simgad/17680799217874309764,가로형 이미지,HQ_HQ_PH_US-EN_GA_NU_AD_ACA-PU_260429,M_1844_INTEREST_GENRE_ALL_NONE_260429_3,2026-05-01,0,KRW,434,97,1,0,BNR,가로형,2026-04-29,A,AI,Victory01A,EN,260429_BNR_A-AI-Victory01A-DA_L_1200x628_EN,A-AI-Victory01A-DA,https://tpc.googlesyndication.com/simgad/17680799217874309764,"비주얼 임팩트, 압도적 보상",,,,,"VICTORY!, Crush The Monsters With the Top Squad, PLAY FREE","보상, 전략성",스쿼드 전투,보스 레이드,마그 탐험대,카르벨,렐릭 탐험 어드벤처,,"전투 및 액션, 장애물 및 도전",텍스트 오버레이,던전/신전,만족과 성취감,"인간형 영웅, 거대 보스, 재화/보물상자",2D 일러스트,보스 토벌 후 쏟아지는 재화 연출로 성취감을 주고 파티 편성 로망을 자극함.
260429_BNR_A-AI-Victory01A-DA_S_1200x1200_EN.png;https://tpc.googlesyndication.com/simgad/8323476710876020002,가로형 이미지,HQ_HQ_PH_US-EN_GA_NU_AD_ACA-PU_260429,M_1844_INTEREST_GENRE_ALL_NONE_260429_3,2026-05-01,0,KRW,1296,339,2,0,BNR,정방형,2026-04-29,A,AI,Victory01A,EN,260429_BNR_A-AI-Victory01A-DA_S_1200x1200_EN,A-AI-Victory01A-DA,https://tpc.googlesyndication.com/simgad/8323476710876020002,"비주얼 임팩트, 압도적 보상",,,,,"VICTORY!, Crush The Monsters With the Top Squad, PLAY FREE","보상, 전략성",스쿼드 전투,보스 레이드,마그 탐험대,카르벨,렐릭 탐험 어드벤처,,"전투 및 액션, 장애물 및 도전",텍스트 오버레이,던전/신전,만족과 성취감,"인간형 영웅, 거대 보스, 재화/보물상자",2D 일러스트,보스 토벌 후 쏟아지는 재화 연출로 성취감을 주고 파티 편성 로망을 자극함.
260429_BNR_A-AI-Victory01A-DA_V_1200x1500_EN.png;https://tpc.googlesyndication.com/simgad/4104206601493878101,가로형 이미지,HQ_HQ_PH_US-EN_GA_NU_AD_ACA-PU_260429,M_1844_INTEREST_GENRE_ALL_NONE_260429_3,2026-05-01,0,KRW,63,3,1,0,BNR,세로형,2026-04-29,A,AI,Victory01A,EN,260429_BNR_A-AI-Victory01A-DA_V_1200x1500_EN,A-AI-Victory01A-DA,https://tpc.googlesyndication.com/simgad/4104206601493878101,"비주얼 임팩트, 압도적 보상",,,,,"VICTORY!, Crush The Monsters With the Top Squad, PLAY FREE","보상, 전략성",스쿼드 전투,보스 레이드,마그 탐험대,카르벨,렐릭 탐험 어드벤처,,"전투 및 액션, 장애물 및 도전",텍스트 오버레이,던전/신전,만족과 성취감,"인간형 영웅, 거대 보스, 재화/보물상자",2D 일러스트,보스 토벌 후 쏟아지는 재화 연출로 성취감을 주고 파티 편성 로망을 자극함.
260406_VID_A-Character-Collection01B-UA_S_1080x1080_EN;https://www.youtube.com/watch?v=cTfY4JpFc-s,YouTube 동영상,HQ_HQ_PH_US-EN_GA_NU_AD_ACA-PU_260429,M_1844_INTEREST_GENRE_ALL_NONE_260429_3,2026-05-01,0,KRW,1032,38,0,0,VID,정방형,2026-04-06,A,Character,Collection01B,EN;https://www,260406_VID_A-Character-Collection01B-UA_S_1080x1080_EN,A-Character-Collection01B-UA,https://www.youtube.com/watch?v=cTfY4JpFc-s,"질문/선택형, 캐릭터/유닛 외형",경쾌함,TRUE,,없음,"CHOOSE YOUR HERO, HUGO, KARBEL, MONAD","캐릭터, 수집형RPG, 전략성",용병 모집(Gacha),DIY 픽업 시스템,마그 탐험대,"휴고, 카르벨, 모나드",히어로 수집 육성,남성 캐릭터 위주 배치,수집 및 도감,"텍스트 오버레이, 분할 화면",심플/클린 UI,수집욕/소유욕,"SD/치비 캐릭터, 인간형 영웅",2D 일러스트,캐릭터 구성 대조를 통한 타겟 취향별 효율 분석. 탱커 및 딜러 중심 덱 선호 심리 공략하며 캐릭터 조합 변주 소재로 리타겟팅 광고 활용 권장.
260406_VID_A-Character-Combat01A-UA_L_1920x1080_EN;https://www.youtube.com/watch?v=2W7-0AV2mfg,YouTube 동영상,HQ_HQ_PH_US-EN_GA_NU_AD_ACA-PU_260429,M_1844_INTEREST_GENRE_ALL_NONE_260429_3,2026-05-01,1,KRW,8818,334,1,0,VID,가로형,2026-04-06,A,Character,Combat01A,EN;https://www,260406_VID_A-Character-Combat01A-UA_L_1920x1080_EN,A-Character-Combat01A-UA,https://www.youtube.com/watch?v=2W7-0AV2mfg,"비주얼 임팩트, 캐릭터/유닛 외형",긴박함,TRUE,,없음,"VINESSA, A DARK WIZARD WHO DOMINATES THE FIELD, SOPHIA, REMOVES ALL DEBUFFS! THE KEY TO SURVIVAL, BERNETA, A SYNERGY DEALER THAT PERFECTS YOUR TEAM, PLAY FOR FREE","아트 퀄리티, 캐릭터, 수집형RPG, 전략성",용병 모집,스킬 컷신 연출,마그 탐험대,"Vinessa, Sophia, Berneta",렐릭 탐험 어드벤처,캐릭터별 스킬 특징 강조,전투 및 액션,"텍스트 오버레이, 클로즈업 및 줌",자연/야외 미학,"도전과 승부욕, 수집욕/소유욕","인간형 영웅, SD/치비 캐릭터, 성장 지표","2.5D 입체 그래픽, 2D 일러스트",인게임 전투와 일러스트 교차 편집으로 몰입도 극대화. 캐릭터 스킬 및 시너지로 전략적 호기심 자극. 플레이 영상 기반 안정적 CVR 확보 및 캐릭터 속성 대비 변주 제안.
260406_VID_A-Character-Combat01A-UA_S_1080x1080_EN;https://www.youtube.com/watch?v=jnNAzjzUw8o,YouTube 동영상,HQ_HQ_PH_US-EN_GA_NU_AD_ACA-PU_260429,M_1844_INTEREST_GENRE_ALL_NONE_260429_3,2026-05-01,6,KRW,9424,376,1,"57,378.42",VID,정방형,2026-04-06,A,Character,Combat01A,EN;https://www,260406_VID_A-Character-Combat01A-UA_S_1080x1080_EN,A-Character-Combat01A-UA,https://www.youtube.com/watch?v=jnNAzjzUw8o,"비주얼 임팩트, 캐릭터/유닛 외형",긴박함,TRUE,,없음,"VINESSA, A DARK WIZARD WHO DOMINATES THE FIELD, SOPHIA, REMOVES ALL DEBUFFS! THE KEY TO SURVIVAL, BERNETA, A SYNERGY DEALER THAT PERFECTS YOUR TEAM, PLAY FOR FREE","아트 퀄리티, 캐릭터, 수집형RPG, 전략성",용병 모집,스킬 컷신 연출,마그 탐험대,"Vinessa, Sophia, Berneta",렐릭 탐험 어드벤처,캐릭터별 스킬 특징 강조,전투 및 액션,"텍스트 오버레이, 클로즈업 및 줌",자연/야외 미학,"도전과 승부욕, 수집욕/소유욕","인간형 영웅, SD/치비 캐릭터, 성장 지표","2.5D 입체 그래픽, 2D 일러스트",SSR 비네사 비주얼을 초반에 배치해 RPG 팬덤 시선 확보. 고퀄리티 애니메이션으로 캐릭터 소유욕을 자극하며 스킬 콤보 시리즈로 소재 확장 가능.
260406_VID_A-Character-Combat01A-UA_V_1080x1920_EN;https://www.youtube.com/watch?v=tHmXhOKu33A,YouTube 동영상,HQ_HQ_PH_US-EN_GA_NU_AD_ACA-PU_260429,M_1844_INTEREST_GENRE_ALL_NONE_260429_3,2026-05-01,0,KRW,2435,65,0,0,VID,세로형,2026-04-06,A,Character,Combat01A,EN;https://www,260406_VID_A-Character-Combat01A-UA_V_1080x1920_EN,A-Character-Combat01A-UA,https://www.youtube.com/watch?v=tHmXhOKu33A,"비주얼 임팩트, 캐릭터/유닛 외형",긴박함,TRUE,,없음,"VINESSA, A DARK WIZARD WHO DOMINATES THE FIELD, SOPHIA, REMOVES ALL DEBUFFS! THE KEY TO SURVIVAL, BERNETA, A SYNERGY DEALER THAT PERFECTS YOUR TEAM, PLAY FOR FREE","아트 퀄리티, 캐릭터, 수집형RPG, 전략성",용병 모집,스킬 컷신 연출,마그 탐험대,"Vinessa, Sophia, Berneta",렐릭 탐험 어드벤처,캐릭터별 스킬 특징 강조,전투 및 액션,"텍스트 오버레이, 클로즈업 및 줌",자연/야외 미학,"도전과 승부욕, 수집욕/소유욕","인간형 영웅, SD/치비 캐릭터, 성장 지표","2.5D 입체 그래픽, 2D 일러스트",숏폼 최적화 세로 분할 화면으로 캐릭터와 전투 연출 강조. 한 손 플레이 선호 심리를 공략하여 틱톡 및 릴스 내 높은 조회수 확보 기대.
260406_VID_A-Character-Combat01B-UA_L_1920x1080_EN;https://www.youtube.com/watch?v=d4rVTfnnYhg,YouTube 동영상,HQ_HQ_PH_US-EN_GA_NU_AD_ACA-PU_260429,M_1844_INTEREST_GENRE_ALL_NONE_260429_3,2026-05-01,2,KRW,67204,852,10,0,VID,가로형,2026-04-06,A,Character,Combat01B,EN;https://www,260406_VID_A-Character-Combat01B-UA_L_1920x1080_EN,A-Character-Combat01B-UA,https://www.youtube.com/watch?v=d4rVTfnnYhg,"비주얼 임팩트, 캐릭터/유닛 외형",긴박함,TRUE,,없음,"HUGO, An indomitable warrior..., MONAD, A sage who devastates..., KARBEL, A fiery dealer..., PLAY FOR FREE","전략성, 아트 퀄리티",용병 모집,8인 실시간 전투,마그 탐험대,"Hugo, Monad, Karbel",히어로 수집 육성,,전투 및 액션,"텍스트 오버레이, 클로즈업 및 줌",자연/야외 미학,"도전과 승부욕, 수집욕/소유욕","인간형 영웅, SD/치비 캐릭터, 성장 지표","2.5D 입체 그래픽, 2D 일러스트",16:9 뷰로 넓은 전장과 스킬 강조. 화려한 연출로 타격감 선호 유저 공략. 전투 선호층 대상 높은 전환율 기대.
260406_VID_A-Character-Combat01B-UA_S_1080x1080_EN;https://www.youtube.com/watch?v=tcTIYuJi7pM,YouTube 동영상,HQ_HQ_PH_US-EN_GA_NU_AD_ACA-PU_260429,M_1844_INTEREST_GENRE_ALL_NONE_260429_3,2026-05-01,0,KRW,1545,67,0,0,VID,정방형,2026-04-06,A,Character,Combat01B,EN;https://www,260406_VID_A-Character-Combat01B-UA_S_1080x1080_EN,A-Character-Combat01B-UA,https://www.youtube.com/watch?v=tcTIYuJi7pM,"비주얼 임팩트, 캐릭터/유닛 외형",긴박함,TRUE,,없음,"HUGO, An indomitable warrior..., MONAD, A sage who devastates..., KARBEL, A fiery dealer..., PLAY FOR FREE","전략성, 아트 퀄리티",용병 모집,8인 실시간 전투,마그 탐험대,"Hugo, Monad, Karbel",히어로 수집 육성,,전투 및 액션,"텍스트 오버레이, 클로즈업 및 줌",자연/야외 미학,"도전과 승부욕, 수집욕/소유욕","인간형 영웅, SD/치비 캐릭터, 성장 지표","2.5D 입체 그래픽, 2D 일러스트",소피아의 생존 및 지원 능력과 팀 시너지를 강조해 전략적 유저 공략. 비네사 소재 A/B 테스트로 타겟별 선호 캐릭터 최적화 및 성과 확장 도모.
260406_VID_A-Character-Combat01B-UA_V_1080x1920_EN;https://www.youtube.com/watch?v=rrd-TGZqEqc,YouTube 동영상,HQ_HQ_PH_US-EN_GA_NU_AD_ACA-PU_260429,M_1844_INTEREST_GENRE_ALL_NONE_260429_3,2026-05-01,4,KRW,57877,"2,477",9,0,VID,세로형,2026-04-06,A,Character,Combat01B,EN;https://www,260406_VID_A-Character-Combat01B-UA_V_1080x1920_EN,A-Character-Combat01B-UA,https://www.youtube.com/watch?v=rrd-TGZqEqc,"비주얼 임팩트, 캐릭터/유닛 외형",긴박함,TRUE,,없음,"HUGO, An indomitable warrior..., MONAD, A sage who devastates..., KARBEL, A fiery dealer..., PLAY FOR FREE","전략성, 아트 퀄리티",용병 모집,8인 실시간 전투,마그 탐험대,"Hugo, Monad, Karbel",히어로 수집 육성,,전투 및 액션,"텍스트 오버레이, 클로즈업 및 줌",자연/야외 미학,"도전과 승부욕, 수집욕/소유욕","인간형 영웅, SD/치비 캐릭터, 성장 지표","2.5D 입체 그래픽, 2D 일러스트",직관적인 탱딜힐 구성으로 정통 RPG 유저의 파티 니즈 충족. 역할군 조합의 재미를 텍스트로 보강하여 효율 극대화 기대.
260406_VID_A-Charater-Collection01B-UA_L_1920x1080_EN;https://www.youtube.com/watch?v=rRGCh1x6a6M,YouTube 동영상,HQ_HQ_PH_US-EN_GA_NU_AD_ACA-PU_260429,M_1844_INTEREST_GENRE_ALL_NONE_260429_3,2026-05-01,0,KRW,9387,295,1,0,VID,가로형,2026-04-06,A,Charater,Collection01B,EN;https://www,260406_VID_A-Charater-Collection01B-UA_L_1920x1080_EN,A-Charater-Collection01B-UA,https://www.youtube.com/watch?v=rRGCh1x6a6M,"질문/선택형, 캐릭터/유닛 외형",경쾌함,TRUE,,없음,"CHOOSE YOUR HERO, HUGO, PLAY FOR FREE","아트 퀄리티, 전략성",용병 모집,DIY 픽업 시스템,마그 탐험대,Hugo,히어로 수집 육성,,수집 및 도감,"텍스트 오버레이, 클로즈업 및 줌",심플/클린 UI,"수집욕/소유욕, 만족과 성취감","인간형 영웅, SD/치비 캐릭터","2.5D 입체 그래픽, 2D 일러스트","그리드 UI로 풍부한 캐릭터 풀을 어필해 수집 욕구를 자극하며, 캐릭터 강조 엔드카드를 통해 높은 잔존율을 확보합니다."
260406_VID_A-Charater-Collection01B-UA_V_1080x1920_EN;https://www.youtube.com/watch?v=u5diHTUsSOs,YouTube 동영상,HQ_HQ_PH_US-EN_GA_NU_AD_ACA-PU_260429,M_1844_INTEREST_GENRE_ALL_NONE_260429_3,2026-05-01,0,KRW,1419,64,1,0,VID,세로형,2026-04-06,A,Charater,Collection01B,EN;https://www,260406_VID_A-Charater-Collection01B-UA_V_1080x1920_EN,A-Charater-Collection01B-UA,https://www.youtube.com/watch?v=u5diHTUsSOs,"질문/선택형, 캐릭터/유닛 외형",경쾌함,TRUE,,없음,"CHOOSE YOUR HERO, HUGO, PLAY FOR FREE","아트 퀄리티, 전략성",용병 모집,DIY 픽업 시스템,마그 탐험대,Hugo,히어로 수집 육성,캐릭터 픽(Pick) 연출,수집 및 도감,"텍스트 오버레이, 클로즈업 및 줌",심플/클린 UI,"수집욕/소유욕, 만족과 성취감","인간형 영웅, SD/치비 캐릭터","2.5D 입체 그래픽, 2D 일러스트",직접 영웅을 선택하는 인터랙티브 경험으로 기대감 부여. 다양한 영웅 노출을 통해 유저 취향을 공략하고 반복적인 참여 유도.
260406_VID_A-Hooking-Reward02A-FK_L_1920x1080_EN;https://www.youtube.com/watch?v=oRlzfGbT3xY,YouTube 동영상,HQ_HQ_PH_US-EN_GA_NU_AD_ACA-PU_260429,M_1844_INTEREST_GENRE_ALL_NONE_260429_3,2026-05-01,0,KRW,37046,411,2,0,VID,가로형,2026-04-06,A,Hooking,Reward02A,EN;https://www,260406_VID_A-Hooking-Reward02A-FK_L_1920x1080_EN,A-Hooking-Reward02A-FK,https://www.youtube.com/watch?v=oRlzfGbT3xY,"실패/분노 유도, 압도적 보상",긴박함,TRUE,,없음,"Tap here to save him!, Help me!, HELP KARBEL CLEAR, Claim your SR character and rewards worth $100!, PLAY FOR FREE",보상,용병 모집,우호도 시스템,마그 탐험대,카르벨(Karbel),히어로 수집 육성,페이크 플레이(구출 미니게임) 형식 활용,퍼즐 및 논리,"손가락 지시선, 텍스트 오버레이",자연/야외 미학,"도전과 승부욕, 만족과 성취감","SD/치비 캐릭터, 재화/보물상자",2D 일러스트,구출 미니게임 방식을 활용해 시청자 이탈을 방지하고 즉각적인 행동을 유도합니다. 대량의 재화 보상으로 성취감을 자극하여 저단가 트래픽 확보 및 높은 클릭률을 공략합니다.
260406_VID_A-Hooking-Reward02A-FK_S_1080x1080_EN;https://www.youtube.com/watch?v=EgLwtP8WjE4,YouTube 동영상,HQ_HQ_PH_US-EN_GA_NU_AD_ACA-PU_260429,M_1844_INTEREST_GENRE_ALL_NONE_260429_3,2026-05-01,0,KRW,2913,20,0,0,VID,정방형,2026-04-06,A,Hooking,Reward02A,EN;https://www,260406_VID_A-Hooking-Reward02A-FK_S_1080x1080_EN,A-Hooking-Reward02A-FK,https://www.youtube.com/watch?v=EgLwtP8WjE4,"실패/분노 유도, 압도적 보상",긴박함,TRUE,,없음,"Tap here to save him!, Help me!, HELP KARBEL CLEAR, Claim your SR character and rewards worth $100!, PLAY FOR FREE",보상,용병 모집,우호도 시스템,마그 탐험대,카르벨(Karbel),히어로 수집 육성,페이크 플레이(구출 미니게임) 형식 활용,퍼즐 및 논리,"손가락 지시선, 텍스트 오버레이",자연/야외 미학,"도전과 승부욕, 만족과 성취감","SD/치비 캐릭터, 재화/보물상자",2D 일러스트,위기 상황 미션과 100달러 보상으로 유저 참여 및 전환 유도. 쉬운 조작성 강조로 진입 장벽을 낮춰 대량 유입용 런칭 소재로 적합.
260406_VID_A-Hooking-Reward02A-FK_V_1080x1920_EN;https://www.youtube.com/watch?v=b7LsalWUDvQ,YouTube 동영상,HQ_HQ_PH_US-EN_GA_NU_AD_ACA-PU_260429,M_1844_INTEREST_GENRE_ALL_NONE_260429_3,2026-05-01,0,KRW,1475,33,0,0,VID,세로형,2026-04-06,A,Hooking,Reward02A,EN;https://www,260406_VID_A-Hooking-Reward02A-FK_V_1080x1920_EN,A-Hooking-Reward02A-FK,https://www.youtube.com/watch?v=b7LsalWUDvQ,"실패/분노 유도, 압도적 보상",긴박함,TRUE,,없음,"Tap here to save him!, Help me!, HELP KARBEL CLEAR, Claim your SR character and rewards worth $100!, PLAY FOR FREE",보상,용병 모집,우호도 시스템,마그 탐험대,카르벨(Karbel),히어로 수집 육성,페이크 플레이(구출 미니게임) 형식 활용,퍼즐 및 논리,"손가락 지시선, 텍스트 오버레이",자연/야외 미학,"도전과 승부욕, 만족과 성취감","SD/치비 캐릭터, 재화/보물상자",2D 일러스트,9:16 세로형 구조로 터치 인터랙션을 극대화하고 FOMO를 자극해 시청 완료율을 높입니다. 캐릭터 활용 및 실패 연출의 A/B 테스트 확장을 제안합니다.
260406_VID_A-Hooking-Reward03A-UA_L_1920x1080_EN;https://www.youtube.com/watch?v=XUrzh1Qrk5w,YouTube 동영상,HQ_HQ_PH_US-EN_GA_NU_AD_ACA-PU_260429,M_1844_INTEREST_GENRE_ALL_NONE_260429_3,2026-05-01,1,KRW,20494,169,3,0,VID,가로형,2026-04-06,A,Hooking,Reward03A,EN;https://www,260406_VID_A-Hooking-Reward03A-UA_L_1920x1080_EN,A-Hooking-Reward03A-UA,https://www.youtube.com/watch?v=XUrzh1Qrk5w,"압도적 보상, 실패/분노 유도",경쾌함,TRUE,,없음,"WARNING Skip and you will lose your $100 rewards, Tap within 5 Seconds, SR, PLAY FOR FREE!, Claim your SR character and rewards worth $100!",보상,용병 모집,,마그 탐험대,Karbel,히어로 수집 육성,$100 가치 혜택 강조,수집 및 도감,"손가락 지시선, 텍스트 오버레이",심플/클린 UI,"만족과 성취감, 수집욕/소유욕","재화/보물상자, SD/치비 캐릭터","2D 일러스트, 2.5D 입체 그래픽","가로 화면을 활용한 화려한 연출로 시각적 몰입감을 높이고, 보상 상실에 대한 FOMO 심리를 자극하여 가로형 매체 타겟 광고 효율을 극대화함."
260406_VID_A-Hooking-Reward03A-UA_S_1080x1080_EN;https://www.youtube.com/watch?v=VGJB5tDWops,YouTube 동영상,HQ_HQ_PH_US-EN_GA_NU_AD_ACA-PU_260429,M_1844_INTEREST_GENRE_ALL_NONE_260429_3,2026-05-01,2,KRW,9556,327,1,0,VID,정방형,2026-04-06,A,Hooking,Reward03A,EN;https://www,260406_VID_A-Hooking-Reward03A-UA_S_1080x1080_EN,A-Hooking-Reward03A-UA,https://www.youtube.com/watch?v=VGJB5tDWops,"압도적 보상, 실패/분노 유도",경쾌함,TRUE,,없음,"WARNING Skip and you will lose your $100 rewards, Tap within 5 Seconds, SR, PLAY FOR FREE!, Claim your SR character and rewards worth $100!",보상,용병 모집,,마그 탐험대,Karbel,히어로 수집 육성,$100 가치 혜택 강조,수집 및 도감,"손가락 지시선, 텍스트 오버레이",심플/클린 UI,"만족과 성취감, 수집욕/소유욕","재화/보물상자, SD/치비 캐릭터","2D 일러스트, 2.5D 입체 그래픽",부정적 후킹과 시간 제한으로 클릭 유도. $100 가치 및 SR 확정으로 수익 구체화. 높은 CVR 예상되며 보상 변주를 통한 라이브 옵스 제안.
260406_VID_A-Hooking-Reward03A-UA_V_1080x1920_EN;https://www.youtube.com/watch?v=jA_HAiz95x4,YouTube 동영상,HQ_HQ_PH_US-EN_GA_NU_AD_ACA-PU_260429,M_1844_INTEREST_GENRE_ALL_NONE_260429_3,2026-05-01,2,KRW,39302,269,1,0,VID,세로형,2026-04-06,A,Hooking,Reward03A,EN;https://www,260406_VID_A-Hooking-Reward03A-UA_V_1080x1920_EN,A-Hooking-Reward03A-UA,https://www.youtube.com/watch?v=jA_HAiz95x4,"압도적 보상, 실패/분노 유도",경쾌함,TRUE,,없음,"WARNING Skip and you will lose your $100 rewards, Tap within 5 Seconds, SR, PLAY FOR FREE!, Claim your SR character and rewards worth $100!",보상,용병 모집,,마그 탐험대,Karbel,히어로 수집 육성,$100 가치 혜택 강조,수집 및 도감,"손가락 지시선, 텍스트 오버레이",심플/클린 UI,"만족과 성취감, 수집욕/소유욕","재화/보물상자, SD/치비 캐릭터","2D 일러스트, 2.5D 입체 그래픽",도발적 문구와 타이머로 이탈을 방지하고 FOMO 심리를 자극함. 보상형 인벤토리 활용을 통해 UA 매체에서 압도적 전환율 달성 기대.
260406_VID_A-Mob-Adventure01A-UA_L_1920x1080_EN;https://www.youtube.com/watch?v=hVmkPdIsz70,YouTube 동영상,HQ_HQ_PH_US-EN_GA_NU_AD_ACA-PU_260429,M_1844_INTEREST_GENRE_ALL_NONE_260429_3,2026-05-01,0,KRW,2179,71,0,0,VID,가로형,2026-04-06,A,Mob,Adventure01A,EN;https://www,260406_VID_A-Mob-Adventure01A-UA_L_1920x1080_EN,A-Mob-Adventure01A-UA,https://www.youtube.com/watch?v=hVmkPdIsz70,"비주얼 임팩트, 성장 비포애프터",긴박함,TRUE,,없음,"WARNING, GOBLINS INCOMING!, Goblins? Easy! Level UP! UP!, Power Boost! BOOM! BOOM!, Strategic deployment!, Get ready for BATTLE!","편의성, 전략성",AFK 기능,8인 실시간 전투,고블린,카르벨,렐릭 탐험 어드벤처,스마트폰 UI 팝업 연출,"시뮬레이션 및 관리, 장애물 및 도전","텍스트 오버레이, 클로즈업 및 줌",자연/야외 미학,"도전과 승부욕, 만족과 성취감","SD/치비 캐릭터, 성장 지표, 군단/대규모 유닛",2.5D 입체 그래픽,16:9 화면 대비로 대규모 전투와 모바일 최적화 강조. 방치형 육성 선호 유저 타겟으로 핵심 시스템 소구 및 브랜딩·퍼포먼스 효율 기대.
260406_VID_A-Mob-Adventure01A-UA_S_1080x1080_EN;https://www.youtube.com/watch?v=LMKl0g6yRJU,YouTube 동영상,HQ_HQ_PH_US-EN_GA_NU_AD_ACA-PU_260429,M_1844_INTEREST_GENRE_ALL_NONE_260429_3,2026-05-01,0,KRW,64222,"3,296",25,0,VID,정방형,2026-04-06,A,Mob,Adventure01A,EN;https://www,260406_VID_A-Mob-Adventure01A-UA_S_1080x1080_EN,A-Mob-Adventure01A-UA,https://www.youtube.com/watch?v=LMKl0g6yRJU,"비주얼 임팩트, 성장 비포애프터",긴박함,TRUE,,없음,"WARNING, GOBLINS INCOMING!, Goblins? Easy! Level UP! UP!, Power Boost! BOOM! BOOM!, Strategic deployment!, Get ready for BATTLE!","편의성, 전략성",AFK 기능,8인 실시간 전투,고블린,카르벨,렐릭 탐험 어드벤처,스마트폰 UI 팝업 연출,"시뮬레이션 및 관리, 장애물 및 도전","텍스트 오버레이, 클로즈업 및 줌",자연/야외 미학,"도전과 승부욕, 참여와 임장감","SD/치비 캐릭터, 성장 지표, 군단/대규모 유닛",2.5D 입체 그래픽,경고 연출로 몰입도를 높이고 쉬운 성장을 강조해 진입 장벽 완화. 대규모 레이드 소재 확장을 통한 중장기 성과 기대.
260406_VID_A-Mob-Adventure01A-UA_V_1080x1920_EN;https://www.youtube.com/watch?v=nIYkYZ-JFj0,YouTube 동영상,HQ_HQ_PH_US-EN_GA_NU_AD_ACA-PU_260429,M_1844_INTEREST_GENRE_ALL_NONE_260429_3,2026-05-01,0,KRW,527,30,0,0,VID,세로형,2026-04-06,A,Mob,Adventure01A,EN;https://www,260406_VID_A-Mob-Adventure01A-UA_V_1080x1920_EN,A-Mob-Adventure01A-UA,https://www.youtube.com/watch?v=nIYkYZ-JFj0,"비주얼 임팩트, 성장 비포애프터",긴박함,TRUE,,없음,"WARNING, GOBLINS INCOMING!, Goblins? Easy! Level UP! UP!, Power Boost! BOOM! BOOM!, Strategic deployment!, Get ready for BATTLE!","편의성, 전략성",AFK 기능,8인 실시간 전투,고블린,카르벨,렐릭 탐험 어드벤처,스마트폰 UI 팝업 연출,"시뮬레이션 및 관리, 장애물 및 도전","텍스트 오버레이, 클로즈업 및 줌",자연/야외 미학,"도전과 승부욕, 만족과 성취감","SD/치비 캐릭터, 성장 지표, 군단/대규모 유닛",2.5D 입체 그래픽,세로형 피드 최적화 UI와 마을 습격 반전 연출로 이탈 방지. 직관적 레벨업과 전략적 배치 중심의 성장 쾌감을 자극해 숏폼 환경 내 높은 시청 유지율 및 전환율 기대.
Cute but Powerful Squad,광고 제목,HQ_HQ_PH_US-EN_GA_NU_AD_ACA-PU_260429,M_1844_INTEREST_GENRE_ALL_NONE_260429_2,2026-05-01,5,KRW,38535,"1,543",14,0,TXT,,,,,,,,,,,,,,,,,,,,,,,,,,,,,
Let’s Hunt for Treasure!,광고 제목,HQ_HQ_PH_US-EN_GA_NU_AD_ACA-PU_260429,M_1844_INTEREST_GENRE_ALL_NONE_260429_2,2026-05-01,0,KRW,16752,836,2,0,TXT,,,,,,,,,,,,,,,,,,,,,,,,,,,,,
Pepp Heroes,광고 제목,HQ_HQ_PH_US-EN_GA_NU_AD_ACA-PU_260429,M_1844_INTEREST_GENRE_ALL_NONE_260429_2,2026-05-01,1,KRW,47971,875,9,0,TXT,,,,,,,,,,,,,,,,,,,,,,,,,,,,,
Play for Free,광고 제목,HQ_HQ_PH_US-EN_GA_NU_AD_ACA-PU_260429,M_1844_INTEREST_GENRE_ALL_NONE_260429_2,2026-05-01,0,KRW,40061,"2,183",6,0,TXT,,,,,,,,,,,,,,,,,,,,,,,,,,,,,
"Your RPG, In Your Hands",광고 제목,HQ_HQ_PH_US-EN_GA_NU_AD_ACA-PU_260429,M_1844_INTEREST_GENRE_ALL_NONE_260429_2,2026-05-01,0,KRW,17025,984,3,0,TXT,,,,,,,,,,,,,,,,,,,,,,,,,,,,,
Adorable Yet Powerful! Collect Heroes With Diverse Charms,설명,HQ_HQ_PH_US-EN_GA_NU_AD_ACA-PU_260429,M_1844_INTEREST_GENRE_ALL_NONE_260429_2,2026-05-01,0,KRW,22709,"1,232",7,0,TXT,,,,,,,,,,,,,,,,,,,,,,,,,,,,,
Clock Out and Start Your Treasure Hunt!,설명,HQ_HQ_PH_US-EN_GA_NU_AD_ACA-PU_260429,M_1844_INTEREST_GENRE_ALL_NONE_260429_2,2026-05-01,1,KRW,23997,"1,721",9,0,TXT,,,,,,,,,,,,,,,,,,,,,,,,,,,,,
Get Rewards Worth $100! Play Now!,설명,HQ_HQ_PH_US-EN_GA_NU_AD_ACA-PU_260429,M_1844_INTEREST_GENRE_ALL_NONE_260429_2,2026-05-01,0,KRW,20113,"1,409",4,0,TXT,,,,,,,,,,,,,,,,,,,,,,,,,,,,,
Strategic Battles With Heroes Full of Personality! Win With Your Own Squad,설명,HQ_HQ_PH_US-EN_GA_NU_AD_ACA-PU_260429,M_1844_INTEREST_GENRE_ALL_NONE_260429_2,2026-05-01,4,KRW,40764,"1,605",10,0,TXT,,,,,,,,,,,,,,,,,,,,,,,,,,,,,
Unique Hero Skills and Synergies! The Collectible RPG of Endless Team Combinations,설명,HQ_HQ_PH_US-EN_GA_NU_AD_ACA-PU_260429,M_1844_INTEREST_GENRE_ALL_NONE_260429_2,2026-05-01,1,KRW,31502,"4,020",13,0,TXT,,,,,,,,,,,,,,,,,,,,,,,,,,,,,
260406_BNR_A-Character-100usd01A-DA_L_1200x628_EN.jpg;https://tpc.googlesyndication.com/simgad/128038747177600361,가로형 이미지,HQ_HQ_PH_US-EN_GA_NU_AD_ACA-PU_260429,M_1844_INTEREST_GENRE_ALL_NONE_260429_2,2026-05-01,0,KRW,0,9,0,0,BNR,가로형,2026-04-06,A,Character,100usd01A,EN,260406_BNR_A-Character-100usd01A-DA_L_1200x628_EN,A-Character-100usd01A-DA,https://tpc.googlesyndication.com/simgad/128038747177600361,"압도적 보상, 캐릭터/유닛 외형",,,,,"Pre-registration Event, $100, Pre-register and Earn Rewards Worth $100!, Claim Rewards","보상, 릴리즈 예고",용병 모집(Gacha),사전예약 혜택,마그 탐험대,카르벨(Karbel),히어로 수집 육성,,수집 및 도감,"텍스트 오버레이, 클로즈업 및 줌",심플/클린 UI,"수집욕/소유욕, 만족과 성취감","인간형 영웅, 재화/보물상자","2D 일러스트, 2.5D 입체 그래픽","100달러 가치 강조로 사전예약 전환율을 극대화합니다. 보상 강조를 통해 초반 성장 불안을 해소하며, 향후 보상 아이템 노출을 통해 높은 클릭률을 유도합니다."
260406_BNR_A-Character-100usd01A-DA_S_1200x1200_EN.jpg;https://tpc.googlesyndication.com/simgad/10042032527036690642,가로형 이미지,HQ_HQ_PH_US-EN_GA_NU_AD_ACA-PU_260429,M_1844_INTEREST_GENRE_ALL_NONE_260429_2,2026-05-01,1,KRW,11093,"1,264",6,0,BNR,정방형,2026-04-06,A,Character,100usd01A,EN,260406_BNR_A-Character-100usd01A-DA_S_1200x1200_EN,A-Character-100usd01A-DA,https://tpc.googlesyndication.com/simgad/10042032527036690642,"압도적 보상, 캐릭터/유닛 외형",,,,,"Pre-registration Event, $100, Pre-register and Earn Rewards Worth $100!, Claim Rewards","보상, 릴리즈 예고",용병 모집(Gacha),사전예약 혜택,마그 탐험대,카르벨(Karbel),히어로 수집 육성,,수집 및 도감,"텍스트 오버레이, 클로즈업 및 줌",심플/클린 UI,"수집욕/소유욕, 만족과 성취감","인간형 영웅, 재화/보물상자","2D 일러스트, 2.5D 입체 그래픽",정방형 레이아웃과 $100 보상 텍스트로 시인성을 극대화했습니다. 혜택 중심 소구로 스낵 컬처 타겟의 전환을 유도하며 대비를 높인 A/B 테스트를 제안합니다.
260406_BNR_A-Character-Adventure04A-DA_L_1200x628_EN.jpg;https://tpc.googlesyndication.com/simgad/11190732183298883065,가로형 이미지,HQ_HQ_PH_US-EN_GA_NU_AD_ACA-PU_260429,M_1844_INTEREST_GENRE_ALL_NONE_260429_2,2026-05-01,0,KRW,0,35,0,0,BNR,가로형,2026-04-06,A,Character,Adventure04A,EN,260406_BNR_A-Character-Adventure04A-DA_L_1200x628_EN,A-Character-Adventure04A-DA,https://tpc.googlesyndication.com/simgad/11190732183298883065,"비주얼 임팩트, 캐릭터/유닛 외형",,,,,PEPP HEROES,"아트 퀄리티, 수집형RPG, 릴리즈 예고","8인 실시간 전투, 수집형 RPG",8인 실시간 전투,"마그 탐험대, 고블린","카르벨(Karbel), 샤일린(Shylin)",히어로 수집 육성,,"전투 및 액션, 장애물 및 도전",텍스트 오버레이,자연/야외 미학,"도전과 승부욕, 참여와 임장감","인간형 영웅, 거대 보스, SD/치비 캐릭터","2.5D 입체 그래픽, 2D 일러스트",SD 영웅과 거대 보스의 대치로 모험심 자극. 정적 RPG 유저에게 액션 소구 및 보상 텍스트로 CTR·CVR 최적화.
260406_BNR_A-Character-Adventure04A-DA_S_1200x1200_EN.jpg;https://tpc.googlesyndication.com/simgad/4078122247307565443,가로형 이미지,HQ_HQ_PH_US-EN_GA_NU_AD_ACA-PU_260429,M_1844_INTEREST_GENRE_ALL_NONE_260429_2,2026-05-01,0,KRW,1073,302,3,0,BNR,정방형,2026-04-06,A,Character,Adventure04A,EN,260406_BNR_A-Character-Adventure04A-DA_S_1200x1200_EN,A-Character-Adventure04A-DA,https://tpc.googlesyndication.com/simgad/4078122247307565443,"비주얼 임팩트, 캐릭터/유닛 외형",,,,,PEPP HEROES,"아트 퀄리티, 수집형RPG, 릴리즈 예고","8인 실시간 전투, 수집형 RPG",8인 실시간 전투,"마그 탐험대, 고블린","카르벨(Karbel), 샤일린(Shylin)",히어로 수집 육성,,"전투 및 액션, 장애물 및 도전",텍스트 오버레이,자연/야외 미학,"도전과 승부욕, 참여와 임장감","인간형 영웅, 거대 보스, SD/치비 캐릭터","2.5D 입체 그래픽, 2D 일러스트","정방형 규격의 캐릭터 밀집 배치를 통해 스쿼드 일체감을 강조하고, 직업 아이콘 오버레이로 팀 빌딩의 전략적 재미와 영웅의 매력을 소구함."
260406_BNR_A-Character-Adventure05A-DA_L_1200x628_EN.jpg;https://tpc.googlesyndication.com/simgad/14620542589526622535,가로형 이미지,HQ_HQ_PH_US-EN_GA_NU_AD_ACA-PU_260429,M_1844_INTEREST_GENRE_ALL_NONE_260429_2,2026-05-01,0,KRW,54,27,1,0,BNR,가로형,2026-04-06,A,Character,Adventure05A,EN,260406_BNR_A-Character-Adventure05A-DA_L_1200x628_EN,A-Character-Adventure05A-DA,https://tpc.googlesyndication.com/simgad/14620542589526622535,"캐릭터/유닛 외형, 비주얼 임팩트",,,,,Every Hero Needs a Little Pepp,"아트 퀄리티, 수집형RPG, 캐릭터","8인 실시간 전투, 수집형 RPG",렐릭 퀘스트,"마그 탐험대, 고블린","샤일린(Shylin), 카르벨(Karbel)",렐릭 탐험 어드벤처,2.5D 독보적 그래픽 강조,"전투 및 액션, 수집 및 도감","텍스트 오버레이, 클로즈업 및 줌",던전/신전,"수집욕/소유욕, 참여와 임장감","인간형 영웅, SD/치비 캐릭터","2.5D 입체 그래픽, 2D 일러스트",독보적인 2.5D 비주얼과 대립 구도로 정체성 각인. 입체적 모험 선사 및 고퀄리티 아트로 글로벌 CTR 유도. SSR 스킬 컷신 활용해 CVR 극대화 기대.
260406_BNR_A-Character-Adventure05A-DA_S_1200x1200_EN.jpg;https://tpc.googlesyndication.com/simgad/13772335840655466460,가로형 이미지,HQ_HQ_PH_US-EN_GA_NU_AD_ACA-PU_260429,M_1844_INTEREST_GENRE_ALL_NONE_260429_2,2026-05-01,0,KRW,1412,403,2,0,BNR,정방형,2026-04-06,A,Character,Adventure05A,EN,260406_BNR_A-Character-Adventure05A-DA_S_1200x1200_EN,A-Character-Adventure05A-DA,https://tpc.googlesyndication.com/simgad/13772335840655466460,"캐릭터/유닛 외형, 비주얼 임팩트",,,,,Every Hero Needs a Little Pepp,"아트 퀄리티, 수집형RPG, 캐릭터","8인 실시간 전투, 수집형 RPG",렐릭 퀘스트,"마그 탐험대, 고블린","샤일린(Shylin), 카르벨(Karbel)",렐릭 탐험 어드벤처,2.5D 독보적 그래픽 강조,"전투 및 액션, 수집 및 도감","텍스트 오버레이, 클로즈업 및 줌",던전/신전,"수집욕/소유욕, 참여와 임장감","인간형 영웅, SD/치비 캐릭터","2.5D 입체 그래픽, 2D 일러스트",정방형 규격의 캐릭터 밀집 노출로 수집 재미를 강조함. 영웅 반전 매력 소유욕을 자극하며 피드 최적화로 클릭률 극대화 유도. 보상 텍스트 오버레이로 전환율 보완 필요.
260406_BNR_A-Character-Comics01A-DA_L_1200x628_EN.jpg;https://tpc.googlesyndication.com/simgad/3049438568803176011,가로형 이미지,HQ_HQ_PH_US-EN_GA_NU_AD_ACA-PU_260429,M_1844_INTEREST_GENRE_ALL_NONE_260429_2,2026-05-01,0,KRW,0,32,0,0,BNR,가로형,2026-04-06,A,Character,Comics01A,EN,260406_BNR_A-Character-Comics01A-DA_L_1200x628_EN,A-Character-Comics01A-DA,https://tpc.googlesyndication.com/simgad/3049438568803176011,"비주얼 임팩트, 캐릭터/유닛 외형",,,,,"EVERY HERO NEEDS A LITTLE PEPP, PEPP HEROES","아트 퀄리티, 캐릭터, 수집형RPG","용병 모집(Gacha), 8인 실시간 전투",8인 실시간 전투,마그 탐험대,카르벨(Karbel),"히어로 수집 육성, 렐릭 탐험 어드벤처",코믹스 스타일 레이아웃,"수집 및 도감, 전투 및 액션","분할 화면, 텍스트 오버레이",자연/야외 미학,"수집욕/소유욕, 휴식과 힐링","SD/치비 캐릭터, 인간형 영웅",2.5D 입체 그래픽,코믹스 레이아웃과 친근한 아트 스타일로 진입 장벽을 낮추고 개성을 강조함. 가독성 높은 카피로 높은 CTR을 유도하며 SSR 캐릭터 중심의 수집 욕구 자극 전략을 제안함.
260406_BNR_A-Character-Comics01A-DA_S_1200x1200_EN.jpg;https://tpc.googlesyndication.com/simgad/4695384483296336434,가로형 이미지,HQ_HQ_PH_US-EN_GA_NU_AD_ACA-PU_260429,M_1844_INTEREST_GENRE_ALL_NONE_260429_2,2026-05-01,0,KRW,0,51,0,0,BNR,정방형,2026-04-06,A,Character,Comics01A,EN,260406_BNR_A-Character-Comics01A-DA_S_1200x1200_EN,A-Character-Comics01A-DA,https://tpc.googlesyndication.com/simgad/4695384483296336434,"비주얼 임팩트, 캐릭터/유닛 외형",,,,,"EVERY HERO NEEDS A LITTLE PEPP, PEPP HEROES","아트 퀄리티, 캐릭터, 수집형RPG","용병 모집(Gacha), 8인 실시간 전투",8인 실시간 전투,마그 탐험대,카르벨(Karbel),"히어로 수집 육성, 렐릭 탐험 어드벤처",코믹스 스타일 레이아웃,"수집 및 도감, 전투 및 액션","분할 화면, 텍스트 오버레이",자연/야외 미학,"수집욕/소유욕, 휴식과 힐링","SD/치비 캐릭터, 인간형 영웅",2.5D 입체 그래픽,십자 분할 레이아웃으로 카피 집중도를 높이고 SD 캐릭터로 수집욕 자극. SNS 최적화 규격으로 유저 유입 유도 및 직업별 변주 제안.
260406_BNR_A-Character-Comics01A-DA_V_1200x1500_EN.jpg;https://tpc.googlesyndication.com/simgad/13581844973087919256,가로형 이미지,HQ_HQ_PH_US-EN_GA_NU_AD_ACA-PU_260429,M_1844_INTEREST_GENRE_ALL_NONE_260429_2,2026-05-01,0,KRW,0,2,0,0,BNR,세로형,2026-04-06,A,Character,Comics01A,EN,260406_BNR_A-Character-Comics01A-DA_V_1200x1500_EN,A-Character-Comics01A-DA,https://tpc.googlesyndication.com/simgad/13581844973087919256,"비주얼 임팩트, 캐릭터/유닛 외형",,,,,"EVERY HERO NEEDS A LITTLE PEPP, PEPP HEROES","아트 퀄리티, 캐릭터, 수집형RPG","용병 모집(Gacha), 8인 실시간 전투",8인 실시간 전투,마그 탐험대,카르벨(Karbel),"히어로 수집 육성, 렐릭 탐험 어드벤처",코믹스 스타일 레이아웃,"수집 및 도감, 전투 및 액션","분할 화면, 텍스트 오버레이",자연/야외 미학,"수집욕/소유욕, 휴식과 힐링","SD/치비 캐릭터, 인간형 영웅",2.5D 입체 그래픽,독보적 화풍의 2.5D 그래픽으로 차별화된 비주얼 소구. 세로 규격의 범용성을 활용하며 보스 레이드 테마를 병행해 유저 반응 테스트 및 세그먼트 공략 필요.
260406_BNR_A-Charater-Collection01A-DA_L_1200x628_EN.jpg;https://tpc.googlesyndication.com/simgad/9157278201026773067,가로형 이미지,HQ_HQ_PH_US-EN_GA_NU_AD_ACA-PU_260429,M_1844_INTEREST_GENRE_ALL_NONE_260429_2,2026-05-01,0,KRW,179,313,1,0,BNR,가로형,2026-04-06,A,Charater,Collection01A,EN,260406_BNR_A-Charater-Collection01A-DA_L_1200x628_EN,A-Charater-Collection01A-DA,https://tpc.googlesyndication.com/simgad/9157278201026773067,"캐릭터/유닛 외형, 비주얼 임팩트",,,,,"Get Pepp'd, com2us, PEPP HEROES","아트 퀄리티, 캐릭터, 수집형RPG",수집형 RPG,용병 모집(Gacha),마그 탐험대,다수의 SD 영웅,히어로 수집 육성,,수집 및 도감,텍스트 오버레이,심플/클린 UI,수집욕/소유욕,SD/치비 캐릭터,2.5D 입체 그래픽,"'Get Pepp'd' 슬로건과 촘촘한 캐릭터 배치로 방대한 수집성 강조. 2.5D 및 SD 캐릭터로 유저 소유욕 자극 및 높은 CTR 유도, 인기 캐릭터 중심 확장 용이."
260406_BNR_A-Charater-Collection01A-DA_S_1200x1200_EN.jpg;https://tpc.googlesyndication.com/simgad/2322926171558263908,가로형 이미지,HQ_HQ_PH_US-EN_GA_NU_AD_ACA-PU_260429,M_1844_INTEREST_GENRE_ALL_NONE_260429_2,2026-05-01,0,KRW,424,"1,338",1,0,BNR,정방형,2026-04-06,A,Charater,Collection01A,EN,260406_BNR_A-Charater-Collection01A-DA_S_1200x1200_EN,A-Charater-Collection01A-DA,https://tpc.googlesyndication.com/simgad/2322926171558263908,"캐릭터/유닛 외형, 비주얼 임팩트",,,,,"Get Pepp'd, com2us, PEPP HEROES","아트 퀄리티, 캐릭터, 수집형RPG",수집형 RPG,용병 모집(Gacha),마그 탐험대,다수의 SD 영웅,히어로 수집 육성,,수집 및 도감,텍스트 오버레이,심플/클린 UI,수집욕/소유욕,SD/치비 캐릭터,2.5D 입체 그래픽,정방형 구도로 캐릭터 밀도와 시각적 풍성함 극대화. SNS 주목도 확보 및 캐릭터 등급 변주를 통한 전환율 개선 기대.
260406_BNR_A-Mob-Adventure02A-DA_L_1200x628_EN.jpg;https://tpc.googlesyndication.com/simgad/17125206759944352040,가로형 이미지,HQ_HQ_PH_US-EN_GA_NU_AD_ACA-PU_260429,M_1844_INTEREST_GENRE_ALL_NONE_260429_2,2026-05-01,0,KRW,9995,63,7,0,BNR,가로형,2026-04-06,A,Mob,Adventure02A,EN,260406_BNR_A-Mob-Adventure02A-DA_L_1200x628_EN,A-Mob-Adventure02A-DA,https://tpc.googlesyndication.com/simgad/17125206759944352040,비주얼 임팩트,,,,,PEPP HEROES,"아트 퀄리티, 수집형RPG",5인 분대 전투,거대 보스 레이드,"마그 탐험대, 고블린",,렐릭 탐험 어드벤처,2.5D 입체 월드 강조,"장애물 및 도전, 전투 및 액션",텍스트 오버레이,자연/야외 미학,도전과 승부욕,"거대 보스, SD/치비 캐릭터",2.5D 입체 그래픽,5인 파티 레이드와 SD 캐릭터로 어드벤처 RPG 정체성 강조. 2.5D 그래픽으로 CTR을 높이고 사전예약 보상을 통해 CVR 극대화 유도.
260406_BNR_A-Mob-Adventure02A-DA_S_1200x1200_EN.jpg;https://tpc.googlesyndication.com/simgad/17573267286983610733,가로형 이미지,HQ_HQ_PH_US-EN_GA_NU_AD_ACA-PU_260429,M_1844_INTEREST_GENRE_ALL_NONE_260429_2,2026-05-01,0,KRW,2662,44,2,0,BNR,정방형,2026-04-06,A,Mob,Adventure02A,EN,260406_BNR_A-Mob-Adventure02A-DA_S_1200x1200_EN,A-Mob-Adventure02A-DA,https://tpc.googlesyndication.com/simgad/17573267286983610733,비주얼 임팩트,,,,,PEPP HEROES,"아트 퀄리티, 수집형RPG",5인 분대 전투,거대 보스 레이드,"마그 탐험대, 고블린",,렐릭 탐험 어드벤처,2.5D 입체 월드 강조,"장애물 및 도전, 전투 및 액션",텍스트 오버레이,자연/야외 미학,도전과 승부욕,"거대 보스, SD/치비 캐릭터",2.5D 입체 그래픽,2.5D 비주얼과 거대 보스 대치 구도로 몰입감 강조. 직접 조작 및 전략 조합을 선호하는 수집형 RPG 유저를 공략해 높은 클릭률과 수집욕 자극 기대.
260406_BNR_A-Mob-Adventure02A-DA_V_1200x1500_EN.jpg;https://tpc.googlesyndication.com/simgad/12487452563763707002,가로형 이미지,HQ_HQ_PH_US-EN_GA_NU_AD_ACA-PU_260429,M_1844_INTEREST_GENRE_ALL_NONE_260429_2,2026-05-01,0,KRW,0,2,0,0,BNR,세로형,2026-04-06,A,Mob,Adventure02A,EN,260406_BNR_A-Mob-Adventure02A-DA_V_1200x1500_EN,A-Mob-Adventure02A-DA,https://tpc.googlesyndication.com/simgad/12487452563763707002,비주얼 임팩트,,,,,PEPP HEROES,"아트 퀄리티, 수집형RPG",5인 분대 전투,거대 보스 레이드,"마그 탐험대, 고블린",,렐릭 탐험 어드벤처,2.5D 입체 월드 강조,"장애물 및 도전, 전투 및 액션",텍스트 오버레이,자연/야외 미학,도전과 승부욕,"거대 보스, SD/치비 캐릭터",2.5D 입체 그래픽,초기 핵심 영웅 노출로 수집 재미 강조 및 따뜻한 아트 스타일로 힐링 소구. 방대한 콘텐츠 중심의 텍스트 보강으로 캐주얼 유저 유입 및 잔존율 제고.
260406_VID_A-Character-Collection01B-UA_S_1080x1080_EN;https://www.youtube.com/watch?v=cTfY4JpFc-s,YouTube 동영상,HQ_HQ_PH_US-EN_GA_NU_AD_ACA-PU_260429,M_1844_INTEREST_GENRE_ALL_NONE_260429_2,2026-05-01,0,KRW,3121,56,0,0,VID,정방형,2026-04-06,A,Character,Collection01B,EN;https://www,260406_VID_A-Character-Collection01B-UA_S_1080x1080_EN,A-Character-Collection01B-UA,https://www.youtube.com/watch?v=cTfY4JpFc-s,"질문/선택형, 캐릭터/유닛 외형",경쾌함,TRUE,,없음,"CHOOSE YOUR HERO, HUGO, KARBEL, MONAD","캐릭터, 수집형RPG, 전략성",용병 모집(Gacha),DIY 픽업 시스템,마그 탐험대,"휴고, 카르벨, 모나드",히어로 수집 육성,남성 캐릭터 위주 배치,수집 및 도감,"텍스트 오버레이, 분할 화면",심플/클린 UI,수집욕/소유욕,"SD/치비 캐릭터, 인간형 영웅",2D 일러스트,캐릭터 구성 대조를 통한 타겟 취향별 효율 분석. 탱커 및 딜러 중심 덱 선호 심리 공략하며 캐릭터 조합 변주 소재로 리타겟팅 광고 활용 권장.
260406_VID_A-Character-Combat01A-UA_L_1920x1080_EN;https://www.youtube.com/watch?v=2W7-0AV2mfg,YouTube 동영상,HQ_HQ_PH_US-EN_GA_NU_AD_ACA-PU_260429,M_1844_INTEREST_GENRE_ALL_NONE_260429_2,2026-05-01,0,KRW,4643,408,0,0,VID,가로형,2026-04-06,A,Character,Combat01A,EN;https://www,260406_VID_A-Character-Combat01A-UA_L_1920x1080_EN,A-Character-Combat01A-UA,https://www.youtube.com/watch?v=2W7-0AV2mfg,"비주얼 임팩트, 캐릭터/유닛 외형",긴박함,TRUE,,없음,"VINESSA, A DARK WIZARD WHO DOMINATES THE FIELD, SOPHIA, REMOVES ALL DEBUFFS! THE KEY TO SURVIVAL, BERNETA, A SYNERGY DEALER THAT PERFECTS YOUR TEAM, PLAY FOR FREE","아트 퀄리티, 캐릭터, 수집형RPG, 전략성",용병 모집,스킬 컷신 연출,마그 탐험대,"Vinessa, Sophia, Berneta",렐릭 탐험 어드벤처,캐릭터별 스킬 특징 강조,전투 및 액션,"텍스트 오버레이, 클로즈업 및 줌",자연/야외 미학,"도전과 승부욕, 수집욕/소유욕","인간형 영웅, SD/치비 캐릭터, 성장 지표","2.5D 입체 그래픽, 2D 일러스트",인게임 전투와 일러스트 교차 편집으로 몰입도 극대화. 캐릭터 스킬 및 시너지로 전략적 호기심 자극. 플레이 영상 기반 안정적 CVR 확보 및 캐릭터 속성 대비 변주 제안.
260406_VID_A-Character-Combat01A-UA_S_1080x1080_EN;https://www.youtube.com/watch?v=jnNAzjzUw8o,YouTube 동영상,HQ_HQ_PH_US-EN_GA_NU_AD_ACA-PU_260429,M_1844_INTEREST_GENRE_ALL_NONE_260429_2,2026-05-01,0,KRW,10156,390,2,0,VID,정방형,2026-04-06,A,Character,Combat01A,EN;https://www,260406_VID_A-Character-Combat01A-UA_S_1080x1080_EN,A-Character-Combat01A-UA,https://www.youtube.com/watch?v=jnNAzjzUw8o,"비주얼 임팩트, 캐릭터/유닛 외형",긴박함,TRUE,,없음,"VINESSA, A DARK WIZARD WHO DOMINATES THE FIELD, SOPHIA, REMOVES ALL DEBUFFS! THE KEY TO SURVIVAL, BERNETA, A SYNERGY DEALER THAT PERFECTS YOUR TEAM, PLAY FOR FREE","아트 퀄리티, 캐릭터, 수집형RPG, 전략성",용병 모집,스킬 컷신 연출,마그 탐험대,"Vinessa, Sophia, Berneta",렐릭 탐험 어드벤처,캐릭터별 스킬 특징 강조,전투 및 액션,"텍스트 오버레이, 클로즈업 및 줌",자연/야외 미학,"도전과 승부욕, 수집욕/소유욕","인간형 영웅, SD/치비 캐릭터, 성장 지표","2.5D 입체 그래픽, 2D 일러스트",SSR 비네사 비주얼을 초반에 배치해 RPG 팬덤 시선 확보. 고퀄리티 애니메이션으로 캐릭터 소유욕을 자극하며 스킬 콤보 시리즈로 소재 확장 가능.
260406_VID_A-Character-Combat01A-UA_V_1080x1920_EN;https://www.youtube.com/watch?v=tHmXhOKu33A,YouTube 동영상,HQ_HQ_PH_US-EN_GA_NU_AD_ACA-PU_260429,M_1844_INTEREST_GENRE_ALL_NONE_260429_2,2026-05-01,1,KRW,4320,140,2,0,VID,세로형,2026-04-06,A,Character,Combat01A,EN;https://www,260406_VID_A-Character-Combat01A-UA_V_1080x1920_EN,A-Character-Combat01A-UA,https://www.youtube.com/watch?v=tHmXhOKu33A,"비주얼 임팩트, 캐릭터/유닛 외형",긴박함,TRUE,,없음,"VINESSA, A DARK WIZARD WHO DOMINATES THE FIELD, SOPHIA, REMOVES ALL DEBUFFS! THE KEY TO SURVIVAL, BERNETA, A SYNERGY DEALER THAT PERFECTS YOUR TEAM, PLAY FOR FREE","아트 퀄리티, 캐릭터, 수집형RPG, 전략성",용병 모집,스킬 컷신 연출,마그 탐험대,"Vinessa, Sophia, Berneta",렐릭 탐험 어드벤처,캐릭터별 스킬 특징 강조,전투 및 액션,"텍스트 오버레이, 클로즈업 및 줌",자연/야외 미학,"도전과 승부욕, 수집욕/소유욕","인간형 영웅, SD/치비 캐릭터, 성장 지표","2.5D 입체 그래픽, 2D 일러스트",숏폼 최적화 세로 분할 화면으로 캐릭터와 전투 연출 강조. 한 손 플레이 선호 심리를 공략하여 틱톡 및 릴스 내 높은 조회수 확보 기대.
260406_VID_A-Character-Combat01B-UA_L_1920x1080_EN;https://www.youtube.com/watch?v=d4rVTfnnYhg,YouTube 동영상,HQ_HQ_PH_US-EN_GA_NU_AD_ACA-PU_260429,M_1844_INTEREST_GENRE_ALL_NONE_260429_2,2026-05-01,3,KRW,37732,349,6,0,VID,가로형,2026-04-06,A,Character,Combat01B,EN;https://www,260406_VID_A-Character-Combat01B-UA_L_1920x1080_EN,A-Character-Combat01B-UA,https://www.youtube.com/watch?v=d4rVTfnnYhg,"비주얼 임팩트, 캐릭터/유닛 외형",긴박함,TRUE,,없음,"HUGO, An indomitable warrior..., MONAD, A sage who devastates..., KARBEL, A fiery dealer..., PLAY FOR FREE","전략성, 아트 퀄리티",용병 모집,8인 실시간 전투,마그 탐험대,"Hugo, Monad, Karbel",히어로 수집 육성,,전투 및 액션,"텍스트 오버레이, 클로즈업 및 줌",자연/야외 미학,"도전과 승부욕, 수집욕/소유욕","인간형 영웅, SD/치비 캐릭터, 성장 지표","2.5D 입체 그래픽, 2D 일러스트",16:9 뷰로 넓은 전장과 스킬 강조. 화려한 연출로 타격감 선호 유저 공략. 전투 선호층 대상 높은 전환율 기대.
260406_VID_A-Character-Combat01B-UA_S_1080x1080_EN;https://www.youtube.com/watch?v=tcTIYuJi7pM,YouTube 동영상,HQ_HQ_PH_US-EN_GA_NU_AD_ACA-PU_260429,M_1844_INTEREST_GENRE_ALL_NONE_260429_2,2026-05-01,0,KRW,1591,39,1,0,VID,정방형,2026-04-06,A,Character,Combat01B,EN;https://www,260406_VID_A-Character-Combat01B-UA_S_1080x1080_EN,A-Character-Combat01B-UA,https://www.youtube.com/watch?v=tcTIYuJi7pM,"비주얼 임팩트, 캐릭터/유닛 외형",긴박함,TRUE,,없음,"HUGO, An indomitable warrior..., MONAD, A sage who devastates..., KARBEL, A fiery dealer..., PLAY FOR FREE","전략성, 아트 퀄리티",용병 모집,8인 실시간 전투,마그 탐험대,"Hugo, Monad, Karbel",히어로 수집 육성,,전투 및 액션,"텍스트 오버레이, 클로즈업 및 줌",자연/야외 미학,"도전과 승부욕, 수집욕/소유욕","인간형 영웅, SD/치비 캐릭터, 성장 지표","2.5D 입체 그래픽, 2D 일러스트",소피아의 생존 및 지원 능력과 팀 시너지를 강조해 전략적 유저 공략. 비네사 소재 A/B 테스트로 타겟별 선호 캐릭터 최적화 및 성과 확장 도모.
260406_VID_A-Character-Combat01B-UA_V_1080x1920_EN;https://www.youtube.com/watch?v=rrd-TGZqEqc,YouTube 동영상,HQ_HQ_PH_US-EN_GA_NU_AD_ACA-PU_260429,M_1844_INTEREST_GENRE_ALL_NONE_260429_2,2026-05-01,6,KRW,72548,"3,095",15,0,VID,세로형,2026-04-06,A,Character,Combat01B,EN;https://www,260406_VID_A-Character-Combat01B-UA_V_1080x1920_EN,A-Character-Combat01B-UA,https://www.youtube.com/watch?v=rrd-TGZqEqc,"비주얼 임팩트, 캐릭터/유닛 외형",긴박함,TRUE,,없음,"HUGO, An indomitable warrior..., MONAD, A sage who devastates..., KARBEL, A fiery dealer..., PLAY FOR FREE","전략성, 아트 퀄리티",용병 모집,8인 실시간 전투,마그 탐험대,"Hugo, Monad, Karbel",히어로 수집 육성,,전투 및 액션,"텍스트 오버레이, 클로즈업 및 줌",자연/야외 미학,"도전과 승부욕, 수집욕/소유욕","인간형 영웅, SD/치비 캐릭터, 성장 지표","2.5D 입체 그래픽, 2D 일러스트",직관적인 탱딜힐 구성으로 정통 RPG 유저의 파티 니즈 충족. 역할군 조합의 재미를 텍스트로 보강하여 효율 극대화 기대.
260406_VID_A-Charater-Collection01B-UA_L_1920x1080_EN;https://www.youtube.com/watch?v=rRGCh1x6a6M,YouTube 동영상,HQ_HQ_PH_US-EN_GA_NU_AD_ACA-PU_260429,M_1844_INTEREST_GENRE_ALL_NONE_260429_2,2026-05-01,1,KRW,23567,338,3,0,VID,가로형,2026-04-06,A,Charater,Collection01B,EN;https://www,260406_VID_A-Charater-Collection01B-UA_L_1920x1080_EN,A-Charater-Collection01B-UA,https://www.youtube.com/watch?v=rRGCh1x6a6M,"질문/선택형, 캐릭터/유닛 외형",경쾌함,TRUE,,없음,"CHOOSE YOUR HERO, HUGO, PLAY FOR FREE","아트 퀄리티, 전략성",용병 모집,DIY 픽업 시스템,마그 탐험대,Hugo,히어로 수집 육성,,수집 및 도감,"텍스트 오버레이, 클로즈업 및 줌",심플/클린 UI,"수집욕/소유욕, 만족과 성취감","인간형 영웅, SD/치비 캐릭터","2.5D 입체 그래픽, 2D 일러스트","그리드 UI로 풍부한 캐릭터 풀을 어필해 수집 욕구를 자극하며, 캐릭터 강조 엔드카드를 통해 높은 잔존율을 확보합니다."
260406_VID_A-Charater-Collection01B-UA_V_1080x1920_EN;https://www.youtube.com/watch?v=u5diHTUsSOs,YouTube 동영상,HQ_HQ_PH_US-EN_GA_NU_AD_ACA-PU_260429,M_1844_INTEREST_GENRE_ALL_NONE_260429_2,2026-05-01,0,KRW,3148,45,0,0,VID,세로형,2026-04-06,A,Charater,Collection01B,EN;https://www,260406_VID_A-Charater-Collection01B-UA_V_1080x1920_EN,A-Charater-Collection01B-UA,https://www.youtube.com/watch?v=u5diHTUsSOs,"질문/선택형, 캐릭터/유닛 외형",경쾌함,TRUE,,없음,"CHOOSE YOUR HERO, HUGO, PLAY FOR FREE","아트 퀄리티, 전략성",용병 모집,DIY 픽업 시스템,마그 탐험대,Hugo,히어로 수집 육성,캐릭터 픽(Pick) 연출,수집 및 도감,"텍스트 오버레이, 클로즈업 및 줌",심플/클린 UI,"수집욕/소유욕, 만족과 성취감","인간형 영웅, SD/치비 캐릭터","2.5D 입체 그래픽, 2D 일러스트",직접 영웅을 선택하는 인터랙티브 경험으로 기대감 부여. 다양한 영웅 노출을 통해 유저 취향을 공략하고 반복적인 참여 유도.
260406_VID_A-Hooking-Reward02A-FK_L_1920x1080_EN;https://www.youtube.com/watch?v=oRlzfGbT3xY,YouTube 동영상,HQ_HQ_PH_US-EN_GA_NU_AD_ACA-PU_260429,M_1844_INTEREST_GENRE_ALL_NONE_260429_2,2026-05-01,2,KRW,18501,242,1,0,VID,가로형,2026-04-06,A,Hooking,Reward02A,EN;https://www,260406_VID_A-Hooking-Reward02A-FK_L_1920x1080_EN,A-Hooking-Reward02A-FK,https://www.youtube.com/watch?v=oRlzfGbT3xY,"실패/분노 유도, 압도적 보상",긴박함,TRUE,,없음,"Tap here to save him!, Help me!, HELP KARBEL CLEAR, Claim your SR character and rewards worth $100!, PLAY FOR FREE",보상,용병 모집,우호도 시스템,마그 탐험대,카르벨(Karbel),히어로 수집 육성,페이크 플레이(구출 미니게임) 형식 활용,퍼즐 및 논리,"손가락 지시선, 텍스트 오버레이",자연/야외 미학,"도전과 승부욕, 만족과 성취감","SD/치비 캐릭터, 재화/보물상자",2D 일러스트,구출 미니게임 방식을 활용해 시청자 이탈을 방지하고 즉각적인 행동을 유도합니다. 대량의 재화 보상으로 성취감을 자극하여 저단가 트래픽 확보 및 높은 클릭률을 공략합니다.
260406_VID_A-Hooking-Reward02A-FK_S_1080x1080_EN;https://www.youtube.com/watch?v=EgLwtP8WjE4,YouTube 동영상,HQ_HQ_PH_US-EN_GA_NU_AD_ACA-PU_260429,M_1844_INTEREST_GENRE_ALL_NONE_260429_2,2026-05-01,0,KRW,1704,13,0,0,VID,정방형,2026-04-06,A,Hooking,Reward02A,EN;https://www,260406_VID_A-Hooking-Reward02A-FK_S_1080x1080_EN,A-Hooking-Reward02A-FK,https://www.youtube.com/watch?v=EgLwtP8WjE4,"실패/분노 유도, 압도적 보상",긴박함,TRUE,,없음,"Tap here to save him!, Help me!, HELP KARBEL CLEAR, Claim your SR character and rewards worth $100!, PLAY FOR FREE",보상,용병 모집,우호도 시스템,마그 탐험대,카르벨(Karbel),히어로 수집 육성,페이크 플레이(구출 미니게임) 형식 활용,퍼즐 및 논리,"손가락 지시선, 텍스트 오버레이",자연/야외 미학,"도전과 승부욕, 만족과 성취감","SD/치비 캐릭터, 재화/보물상자",2D 일러스트,위기 상황 미션과 100달러 보상으로 유저 참여 및 전환 유도. 쉬운 조작성 강조로 진입 장벽을 낮춰 대량 유입용 런칭 소재로 적합.
260406_VID_A-Hooking-Reward02A-FK_V_1080x1920_EN;https://www.youtube.com/watch?v=b7LsalWUDvQ,YouTube 동영상,HQ_HQ_PH_US-EN_GA_NU_AD_ACA-PU_260429,M_1844_INTEREST_GENRE_ALL_NONE_260429_2,2026-05-01,0,KRW,2156,9,0,0,VID,세로형,2026-04-06,A,Hooking,Reward02A,EN;https://www,260406_VID_A-Hooking-Reward02A-FK_V_1080x1920_EN,A-Hooking-Reward02A-FK,https://www.youtube.com/watch?v=b7LsalWUDvQ,"실패/분노 유도, 압도적 보상",긴박함,TRUE,,없음,"Tap here to save him!, Help me!, HELP KARBEL CLEAR, Claim your SR character and rewards worth $100!, PLAY FOR FREE",보상,용병 모집,우호도 시스템,마그 탐험대,카르벨(Karbel),히어로 수집 육성,페이크 플레이(구출 미니게임) 형식 활용,퍼즐 및 논리,"손가락 지시선, 텍스트 오버레이",자연/야외 미학,"도전과 승부욕, 만족과 성취감","SD/치비 캐릭터, 재화/보물상자",2D 일러스트,9:16 세로형 구조로 터치 인터랙션을 극대화하고 FOMO를 자극해 시청 완료율을 높입니다. 캐릭터 활용 및 실패 연출의 A/B 테스트 확장을 제안합니다.
260406_VID_A-Hooking-Reward03A-UA_L_1920x1080_EN;https://www.youtube.com/watch?v=XUrzh1Qrk5w,YouTube 동영상,HQ_HQ_PH_US-EN_GA_NU_AD_ACA-PU_260429,M_1844_INTEREST_GENRE_ALL_NONE_260429_2,2026-05-01,1,KRW,17252,147,0,0,VID,가로형,2026-04-06,A,Hooking,Reward03A,EN;https://www,260406_VID_A-Hooking-Reward03A-UA_L_1920x1080_EN,A-Hooking-Reward03A-UA,https://www.youtube.com/watch?v=XUrzh1Qrk5w,"압도적 보상, 실패/분노 유도",경쾌함,TRUE,,없음,"WARNING Skip and you will lose your $100 rewards, Tap within 5 Seconds, SR, PLAY FOR FREE!, Claim your SR character and rewards worth $100!",보상,용병 모집,,마그 탐험대,Karbel,히어로 수집 육성,$100 가치 혜택 강조,수집 및 도감,"손가락 지시선, 텍스트 오버레이",심플/클린 UI,"만족과 성취감, 수집욕/소유욕","재화/보물상자, SD/치비 캐릭터","2D 일러스트, 2.5D 입체 그래픽","가로 화면을 활용한 화려한 연출로 시각적 몰입감을 높이고, 보상 상실에 대한 FOMO 심리를 자극하여 가로형 매체 타겟 광고 효율을 극대화함."
260406_VID_A-Hooking-Reward03A-UA_S_1080x1080_EN;https://www.youtube.com/watch?v=VGJB5tDWops,YouTube 동영상,HQ_HQ_PH_US-EN_GA_NU_AD_ACA-PU_260429,M_1844_INTEREST_GENRE_ALL_NONE_260429_2,2026-05-01,0,KRW,2302,138,1,0,VID,정방형,2026-04-06,A,Hooking,Reward03A,EN;https://www,260406_VID_A-Hooking-Reward03A-UA_S_1080x1080_EN,A-Hooking-Reward03A-UA,https://www.youtube.com/watch?v=VGJB5tDWops,"압도적 보상, 실패/분노 유도",경쾌함,TRUE,,없음,"WARNING Skip and you will lose your $100 rewards, Tap within 5 Seconds, SR, PLAY FOR FREE!, Claim your SR character and rewards worth $100!",보상,용병 모집,,마그 탐험대,Karbel,히어로 수집 육성,$100 가치 혜택 강조,수집 및 도감,"손가락 지시선, 텍스트 오버레이",심플/클린 UI,"만족과 성취감, 수집욕/소유욕","재화/보물상자, SD/치비 캐릭터","2D 일러스트, 2.5D 입체 그래픽",부정적 후킹과 시간 제한으로 클릭 유도. $100 가치 및 SR 확정으로 수익 구체화. 높은 CVR 예상되며 보상 변주를 통한 라이브 옵스 제안.
260406_VID_A-Hooking-Reward03A-UA_V_1080x1920_EN;https://www.youtube.com/watch?v=jA_HAiz95x4,YouTube 동영상,HQ_HQ_PH_US-EN_GA_NU_AD_ACA-PU_260429,M_1844_INTEREST_GENRE_ALL_NONE_260429_2,2026-05-01,0,KRW,13732,195,0,0,VID,세로형,2026-04-06,A,Hooking,Reward03A,EN;https://www,260406_VID_A-Hooking-Reward03A-UA_V_1080x1920_EN,A-Hooking-Reward03A-UA,https://www.youtube.com/watch?v=jA_HAiz95x4,"압도적 보상, 실패/분노 유도",경쾌함,TRUE,,없음,"WARNING Skip and you will lose your $100 rewards, Tap within 5 Seconds, SR, PLAY FOR FREE!, Claim your SR character and rewards worth $100!",보상,용병 모집,,마그 탐험대,Karbel,히어로 수집 육성,$100 가치 혜택 강조,수집 및 도감,"손가락 지시선, 텍스트 오버레이",심플/클린 UI,"만족과 성취감, 수집욕/소유욕","재화/보물상자, SD/치비 캐릭터","2D 일러스트, 2.5D 입체 그래픽",도발적 문구와 타이머로 이탈을 방지하고 FOMO 심리를 자극함. 보상형 인벤토리 활용을 통해 UA 매체에서 압도적 전환율 달성 기대.
260406_VID_A-Mob-Adventure01A-UA_L_1920x1080_EN;https://www.youtube.com/watch?v=hVmkPdIsz70,YouTube 동영상,HQ_HQ_PH_US-EN_GA_NU_AD_ACA-PU_260429,M_1844_INTEREST_GENRE_ALL_NONE_260429_2,2026-05-01,0,KRW,2355,50,0,0,VID,가로형,2026-04-06,A,Mob,Adventure01A,EN;https://www,260406_VID_A-Mob-Adventure01A-UA_L_1920x1080_EN,A-Mob-Adventure01A-UA,https://www.youtube.com/watch?v=hVmkPdIsz70,"비주얼 임팩트, 성장 비포애프터",긴박함,TRUE,,없음,"WARNING, GOBLINS INCOMING!, Goblins? Easy! Level UP! UP!, Power Boost! BOOM! BOOM!, Strategic deployment!, Get ready for BATTLE!","편의성, 전략성",AFK 기능,8인 실시간 전투,고블린,카르벨,렐릭 탐험 어드벤처,스마트폰 UI 팝업 연출,"시뮬레이션 및 관리, 장애물 및 도전","텍스트 오버레이, 클로즈업 및 줌",자연/야외 미학,"도전과 승부욕, 만족과 성취감","SD/치비 캐릭터, 성장 지표, 군단/대규모 유닛",2.5D 입체 그래픽,16:9 화면 대비로 대규모 전투와 모바일 최적화 강조. 방치형 육성 선호 유저 타겟으로 핵심 시스템 소구 및 브랜딩·퍼포먼스 효율 기대.
260406_VID_A-Mob-Adventure01A-UA_S_1080x1080_EN;https://www.youtube.com/watch?v=LMKl0g6yRJU,YouTube 동영상,HQ_HQ_PH_US-EN_GA_NU_AD_ACA-PU_260429,M_1844_INTEREST_GENRE_ALL_NONE_260429_2,2026-05-01,0,KRW,12779,"1,177",4,0,VID,정방형,2026-04-06,A,Mob,Adventure01A,EN;https://www,260406_VID_A-Mob-Adventure01A-UA_S_1080x1080_EN,A-Mob-Adventure01A-UA,https://www.youtube.com/watch?v=LMKl0g6yRJU,"비주얼 임팩트, 성장 비포애프터",긴박함,TRUE,,없음,"WARNING, GOBLINS INCOMING!, Goblins? Easy! Level UP! UP!, Power Boost! BOOM! BOOM!, Strategic deployment!, Get ready for BATTLE!","편의성, 전략성",AFK 기능,8인 실시간 전투,고블린,카르벨,렐릭 탐험 어드벤처,스마트폰 UI 팝업 연출,"시뮬레이션 및 관리, 장애물 및 도전","텍스트 오버레이, 클로즈업 및 줌",자연/야외 미학,"도전과 승부욕, 참여와 임장감","SD/치비 캐릭터, 성장 지표, 군단/대규모 유닛",2.5D 입체 그래픽,경고 연출로 몰입도를 높이고 쉬운 성장을 강조해 진입 장벽 완화. 대규모 레이드 소재 확장을 통한 중장기 성과 기대.
260406_VID_A-Mob-Adventure01A-UA_V_1080x1920_EN;https://www.youtube.com/watch?v=nIYkYZ-JFj0,YouTube 동영상,HQ_HQ_PH_US-EN_GA_NU_AD_ACA-PU_260429,M_1844_INTEREST_GENRE_ALL_NONE_260429_2,2026-05-01,0,KRW,4701,121,1,0,VID,세로형,2026-04-06,A,Mob,Adventure01A,EN;https://www,260406_VID_A-Mob-Adventure01A-UA_V_1080x1920_EN,A-Mob-Adventure01A-UA,https://www.youtube.com/watch?v=nIYkYZ-JFj0,"비주얼 임팩트, 성장 비포애프터",긴박함,TRUE,,없음,"WARNING, GOBLINS INCOMING!, Goblins? Easy! Level UP! UP!, Power Boost! BOOM! BOOM!, Strategic deployment!, Get ready for BATTLE!","편의성, 전략성",AFK 기능,8인 실시간 전투,고블린,카르벨,렐릭 탐험 어드벤처,스마트폰 UI 팝업 연출,"시뮬레이션 및 관리, 장애물 및 도전","텍스트 오버레이, 클로즈업 및 줌",자연/야외 미학,"도전과 승부욕, 만족과 성취감","SD/치비 캐릭터, 성장 지표, 군단/대규모 유닛",2.5D 입체 그래픽,세로형 피드 최적화 UI와 마을 습격 반전 연출로 이탈 방지. 직관적 레벨업과 전략적 배치 중심의 성장 쾌감을 자극해 숏폼 환경 내 높은 시청 유지율 및 전환율 기대.
Cute but Powerful Squad,광고 제목,HQ_HQ_PH_SEA-EN_GA_NU_AD_ACA-PU_260430,M_1844_INTEREST_GENRE_ALL_NONE_260430_3,2026-05-01,0,KRW,519,221,4,0,TXT,,,,,,,,,,,,,,,,,,,,,,,,,,,,,
Let’s Hunt for Treasure!,광고 제목,HQ_HQ_PH_SEA-EN_GA_NU_AD_ACA-PU_260430,M_1844_INTEREST_GENRE_ALL_NONE_260430_3,2026-05-01,0,KRW,1221,308,21,0,TXT,,,,,,,,,,,,,,,,,,,,,,,,,,,,,
Pepp Heroes,광고 제목,HQ_HQ_PH_SEA-EN_GA_NU_AD_ACA-PU_260430,M_1844_INTEREST_GENRE_ALL_NONE_260430_3,2026-05-01,4,KRW,13441,974,57,0,TXT,,,,,,,,,,,,,,,,,,,,,,,,,,,,,
Play for Free,광고 제목,HQ_HQ_PH_SEA-EN_GA_NU_AD_ACA-PU_260430,M_1844_INTEREST_GENRE_ALL_NONE_260430_3,2026-05-01,4,KRW,2287,399,17,0,TXT,,,,,,,,,,,,,,,,,,,,,,,,,,,,,
"Your RPG, In Your Hands",광고 제목,HQ_HQ_PH_SEA-EN_GA_NU_AD_ACA-PU_260430,M_1844_INTEREST_GENRE_ALL_NONE_260430_3,2026-05-01,0,KRW,680,179,1,0,TXT,,,,,,,,,,,,,,,,,,,,,,,,,,,,,
Adorable Yet Powerful! Collect Heroes With Diverse Charms,설명,HQ_HQ_PH_SEA-EN_GA_NU_AD_ACA-PU_260430,M_1844_INTEREST_GENRE_ALL_NONE_260430_3,2026-05-01,0,KRW,1848,413,9,0,TXT,,,,,,,,,,,,,,,,,,,,,,,,,,,,,
Clock Out and Start Your Treasure Hunt!,설명,HQ_HQ_PH_SEA-EN_GA_NU_AD_ACA-PU_260430,M_1844_INTEREST_GENRE_ALL_NONE_260430_3,2026-05-01,2,KRW,2965,314,23,0,TXT,,,,,,,,,,,,,,,,,,,,,,,,,,,,,
Get Rewards Worth $100! Play Now!,설명,HQ_HQ_PH_SEA-EN_GA_NU_AD_ACA-PU_260430,M_1844_INTEREST_GENRE_ALL_NONE_260430_3,2026-05-01,0,KRW,621,443,5,0,TXT,,,,,,,,,,,,,,,,,,,,,,,,,,,,,
Strategic Battles With Heroes Full of Personality! Win With Your Own Squad,설명,HQ_HQ_PH_SEA-EN_GA_NU_AD_ACA-PU_260430,M_1844_INTEREST_GENRE_ALL_NONE_260430_3,2026-05-01,1,KRW,438,211,3,0,TXT,,,,,,,,,,,,,,,,,,,,,,,,,,,,,
Unique Hero Skills and Synergies! The Collectible RPG of Endless Team Combinations,설명,HQ_HQ_PH_SEA-EN_GA_NU_AD_ACA-PU_260430,M_1844_INTEREST_GENRE_ALL_NONE_260430_3,2026-05-01,0,KRW,959,551,3,0,TXT,,,,,,,,,,,,,,,,,,,,,,,,,,,,,
260429_BNR_A-AI-Defeatmonster01A-DA_L_1200x628_EN.png;https://tpc.googlesyndication.com/simgad/5874425896871501801,가로형 이미지,HQ_HQ_PH_SEA-EN_GA_NU_AD_ACA-PU_260430,M_1844_INTEREST_GENRE_ALL_NONE_260430_3,2026-05-01,0,KRW,17,156,2,0,BNR,가로형,2026-04-29,A,AI,Defeatmonster01A,EN,260429_BNR_A-AI-Defeatmonster01A-DA_L_1200x628_EN,A-AI-Defeatmonster01A-DA,https://tpc.googlesyndication.com/simgad/5874425896871501801,비주얼 임팩트,웅장함,,,,,아트 퀄리티,영지 빌딩,8인 실시간 전투,마그 탐험대,,어드벤처,,탐험 및 발견,클로즈업 및 줌,자연/야외 미학,만족과 성취감,인간형 영웅,2D 일러스트,성취감 테마를 통해 기존 RPG 유저의 도전 욕구를 충족시키며 클릭을 유도함.
260429_BNR_A-AI-Defeatmonster01A-DA_S_1200x1200_EN.png;https://tpc.googlesyndication.com/simgad/17279094099779978431,가로형 이미지,HQ_HQ_PH_SEA-EN_GA_NU_AD_ACA-PU_260430,M_1844_INTEREST_GENRE_ALL_NONE_260430_3,2026-05-01,0,KRW,13,47,2,0,BNR,정방형,2026-04-29,A,AI,Defeatmonster01A,EN,260429_BNR_A-AI-Defeatmonster01A-DA_S_1200x1200_EN,A-AI-Defeatmonster01A-DA,https://tpc.googlesyndication.com/simgad/17279094099779978431,비주얼 임팩트,웅장함,,,,,아트 퀄리티,영지 빌딩,8인 실시간 전투,마그 탐험대,,어드벤처,,탐험 및 발견,클로즈업 및 줌,자연/야외 미학,만족과 성취감,인간형 영웅,2D 일러스트,성취감 테마를 통해 기존 RPG 유저의 도전 욕구를 충족시키며 클릭을 유도함.
260429_BNR_A-AI-Favoritehero01A-DA_L_1200x628_EN.png;https://tpc.googlesyndication.com/simgad/1998466068806704912,가로형 이미지,HQ_HQ_PH_SEA-EN_GA_NU_AD_ACA-PU_260430,M_1844_INTEREST_GENRE_ALL_NONE_260430_3,2026-05-01,0,KRW,113,133,2,0,BNR,가로형,2026-04-29,A,AI,Favoritehero01A,EN,260429_BNR_A-AI-Favoritehero01A-DA_L_1200x628_EN,A-AI-Favoritehero01A-DA,https://tpc.googlesyndication.com/simgad/1998466068806704912,"질문/선택형, 캐릭터/유닛 외형",경쾌함,,,,"Who is your favorite hero?, VS, PLAY FOR FREE",아트 퀄리티,용병 모집,DIY 픽업 시스템,마그 탐험대,샤일린,히어로 수집 육성,,수집 및 도감,"분할 화면, 텍스트 오버레이",자연/야외 미학,수집욕/소유욕,"인간형 영웅, SD/치비 캐릭터",2D 일러스트,대조되는 속성의 캐릭터를 배치한 질문형 카피로 유저의 취향과 수집욕을 자극함.
260429_BNR_A-AI-Favoritehero01A-DA_S_1200x1200_EN.png;https://tpc.googlesyndication.com/simgad/5513864076699612430,가로형 이미지,HQ_HQ_PH_SEA-EN_GA_NU_AD_ACA-PU_260430,M_1844_INTEREST_GENRE_ALL_NONE_260430_3,2026-05-01,0,KRW,49,113,2,0,BNR,정방형,2026-04-29,A,AI,Favoritehero01A,EN,260429_BNR_A-AI-Favoritehero01A-DA_S_1200x1200_EN,A-AI-Favoritehero01A-DA,https://tpc.googlesyndication.com/simgad/5513864076699612430,"질문/선택형, 캐릭터/유닛 외형",경쾌함,,,,"Who is your favorite hero?, VS, PLAY FOR FREE",아트 퀄리티,용병 모집,DIY 픽업 시스템,마그 탐험대,샤일린,히어로 수집 육성,,수집 및 도감,"분할 화면, 텍스트 오버레이",자연/야외 미학,수집욕/소유욕,"인간형 영웅, SD/치비 캐릭터",2D 일러스트,대조되는 속성의 캐릭터를 배치한 질문형 카피로 유저의 취향과 수집욕을 자극함.
260429_BNR_A-AI-Favoritehero01A-DA_V_1200x1500_EN.png;https://tpc.googlesyndication.com/simgad/14656330935303652945,가로형 이미지,HQ_HQ_PH_SEA-EN_GA_NU_AD_ACA-PU_260430,M_1844_INTEREST_GENRE_ALL_NONE_260430_3,2026-05-01,0,KRW,0,2,0,0,BNR,세로형,2026-04-29,A,AI,Favoritehero01A,EN,260429_BNR_A-AI-Favoritehero01A-DA_V_1200x1500_EN,A-AI-Favoritehero01A-DA,https://tpc.googlesyndication.com/simgad/14656330935303652945,"질문/선택형, 캐릭터/유닛 외형",경쾌함,,,,"Who is your favorite hero?, VS, PLAY FOR FREE",아트 퀄리티,용병 모집,DIY 픽업 시스템,마그 탐험대,샤일린,히어로 수집 육성,,수집 및 도감,"분할 화면, 텍스트 오버레이",자연/야외 미학,수집욕/소유욕,"인간형 영웅, SD/치비 캐릭터",2D 일러스트,대조되는 속성의 캐릭터를 배치한 질문형 카피로 유저의 취향과 수집욕을 자극함.
260429_BNR_A-AI-Favoritehero01B-DA_L_1200x628_EN.png;https://tpc.googlesyndication.com/simgad/13430850387343170645,가로형 이미지,HQ_HQ_PH_SEA-EN_GA_NU_AD_ACA-PU_260430,M_1844_INTEREST_GENRE_ALL_NONE_260430_3,2026-05-01,0,KRW,6,75,0,0,BNR,가로형,2026-04-29,A,AI,Favoritehero01B,EN,260429_BNR_A-AI-Favoritehero01B-DA_L_1200x628_EN,A-AI-Favoritehero01B-DA,https://tpc.googlesyndication.com/simgad/13430850387343170645,"질문/선택형, 캐릭터/유닛 외형",,,,,"Who is your favorite hero?, VS, PLAY FOR FREE",아트 퀄리티,용병 모집,DIY 픽업 시스템,마그 탐험대,카르벨,히어로 수집 육성,,수집 및 도감,"분할 화면, 텍스트 오버레이",던전/신전,수집욕/소유욕,인간형 영웅,2D 일러스트,대조되는 속성의 캐릭터를 배치한 질문형 카피로 유저의 취향과 수집욕을 자극함.
260429_BNR_A-AI-Favoritehero01B-DA_S_1200x1200_EN.png;https://tpc.googlesyndication.com/simgad/4869773213661551192,가로형 이미지,HQ_HQ_PH_SEA-EN_GA_NU_AD_ACA-PU_260430,M_1844_INTEREST_GENRE_ALL_NONE_260430_3,2026-05-01,0,KRW,203,185,2,0,BNR,정방형,2026-04-29,A,AI,Favoritehero01B,EN,260429_BNR_A-AI-Favoritehero01B-DA_S_1200x1200_EN,A-AI-Favoritehero01B-DA,https://tpc.googlesyndication.com/simgad/4869773213661551192,"질문/선택형, 캐릭터/유닛 외형",,,,,"Who is your favorite hero?, VS, PLAY FOR FREE",아트 퀄리티,용병 모집,DIY 픽업 시스템,마그 탐험대,카르벨,히어로 수집 육성,,수집 및 도감,"분할 화면, 텍스트 오버레이",던전/신전,수집욕/소유욕,인간형 영웅,2D 일러스트,대조되는 속성의 캐릭터를 배치한 질문형 카피로 유저의 취향과 수집욕을 자극함.
260429_BNR_A-AI-Favoritehero01B-DA_V_1200x1500_EN.png;https://tpc.googlesyndication.com/simgad/3790660926335306230,가로형 이미지,HQ_HQ_PH_SEA-EN_GA_NU_AD_ACA-PU_260430,M_1844_INTEREST_GENRE_ALL_NONE_260430_3,2026-05-01,0,KRW,0,1,0,0,BNR,세로형,2026-04-29,A,AI,Favoritehero01B,EN,260429_BNR_A-AI-Favoritehero01B-DA_V_1200x1500_EN,A-AI-Favoritehero01B-DA,https://tpc.googlesyndication.com/simgad/3790660926335306230,"질문/선택형, 캐릭터/유닛 외형",,,,,"Who is your favorite hero?, VS, PLAY FOR FREE",아트 퀄리티,용병 모집,DIY 픽업 시스템,마그 탐험대,카르벨,히어로 수집 육성,,수집 및 도감,"분할 화면, 텍스트 오버레이",던전/신전,수집욕/소유욕,인간형 영웅,2D 일러스트,대조되는 속성의 캐릭터를 배치한 질문형 카피로 유저의 취향과 수집욕을 자극함.
260429_BNR_A-AI-Victory01A-DA_L_1200x628_EN.png;https://tpc.googlesyndication.com/simgad/17680799217874309764,가로형 이미지,HQ_HQ_PH_SEA-EN_GA_NU_AD_ACA-PU_260430,M_1844_INTEREST_GENRE_ALL_NONE_260430_3,2026-05-01,0,KRW,0,13,0,0,BNR,가로형,2026-04-29,A,AI,Victory01A,EN,260429_BNR_A-AI-Victory01A-DA_L_1200x628_EN,A-AI-Victory01A-DA,https://tpc.googlesyndication.com/simgad/17680799217874309764,"비주얼 임팩트, 압도적 보상",,,,,"VICTORY!, Crush The Monsters With the Top Squad, PLAY FREE","보상, 전략성",스쿼드 전투,보스 레이드,마그 탐험대,카르벨,렐릭 탐험 어드벤처,,"전투 및 액션, 장애물 및 도전",텍스트 오버레이,던전/신전,만족과 성취감,"인간형 영웅, 거대 보스, 재화/보물상자",2D 일러스트,보스 토벌 후 쏟아지는 재화 연출로 성취감을 주고 파티 편성 로망을 자극함.
260429_BNR_A-AI-Victory01A-DA_S_1200x1200_EN.png;https://tpc.googlesyndication.com/simgad/8323476710876020002,가로형 이미지,HQ_HQ_PH_SEA-EN_GA_NU_AD_ACA-PU_260430,M_1844_INTEREST_GENRE_ALL_NONE_260430_3,2026-05-01,0,KRW,349,119,1,0,BNR,정방형,2026-04-29,A,AI,Victory01A,EN,260429_BNR_A-AI-Victory01A-DA_S_1200x1200_EN,A-AI-Victory01A-DA,https://tpc.googlesyndication.com/simgad/8323476710876020002,"비주얼 임팩트, 압도적 보상",,,,,"VICTORY!, Crush The Monsters With the Top Squad, PLAY FREE","보상, 전략성",스쿼드 전투,보스 레이드,마그 탐험대,카르벨,렐릭 탐험 어드벤처,,"전투 및 액션, 장애물 및 도전",텍스트 오버레이,던전/신전,만족과 성취감,"인간형 영웅, 거대 보스, 재화/보물상자",2D 일러스트,보스 토벌 후 쏟아지는 재화 연출로 성취감을 주고 파티 편성 로망을 자극함.
260429_BNR_A-AI-Victory01A-DA_V_1200x1500_EN.png;https://tpc.googlesyndication.com/simgad/4104206601493878101,가로형 이미지,HQ_HQ_PH_SEA-EN_GA_NU_AD_ACA-PU_260430,M_1844_INTEREST_GENRE_ALL_NONE_260430_3,2026-05-01,0,KRW,3,7,0,0,BNR,세로형,2026-04-29,A,AI,Victory01A,EN,260429_BNR_A-AI-Victory01A-DA_V_1200x1500_EN,A-AI-Victory01A-DA,https://tpc.googlesyndication.com/simgad/4104206601493878101,"비주얼 임팩트, 압도적 보상",,,,,"VICTORY!, Crush The Monsters With the Top Squad, PLAY FREE","보상, 전략성",스쿼드 전투,보스 레이드,마그 탐험대,카르벨,렐릭 탐험 어드벤처,,"전투 및 액션, 장애물 및 도전",텍스트 오버레이,던전/신전,만족과 성취감,"인간형 영웅, 거대 보스, 재화/보물상자",2D 일러스트,보스 토벌 후 쏟아지는 재화 연출로 성취감을 주고 파티 편성 로망을 자극함.
260406_VID_A-Character-Collection01B-UA_S_1080x1080_EN;https://www.youtube.com/watch?v=cTfY4JpFc-s,YouTube 동영상,HQ_HQ_PH_SEA-EN_GA_NU_AD_ACA-PU_260430,M_1844_INTEREST_GENRE_ALL_NONE_260430_3,2026-05-01,3,KRW,4367,"1,055",6,0,VID,정방형,2026-04-06,A,Character,Collection01B,EN;https://www,260406_VID_A-Character-Collection01B-UA_S_1080x1080_EN,A-Character-Collection01B-UA,https://www.youtube.com/watch?v=cTfY4JpFc-s,"질문/선택형, 캐릭터/유닛 외형",경쾌함,TRUE,,없음,"CHOOSE YOUR HERO, HUGO, KARBEL, MONAD","캐릭터, 수집형RPG, 전략성",용병 모집(Gacha),DIY 픽업 시스템,마그 탐험대,"휴고, 카르벨, 모나드",히어로 수집 육성,남성 캐릭터 위주 배치,수집 및 도감,"텍스트 오버레이, 분할 화면",심플/클린 UI,수집욕/소유욕,"SD/치비 캐릭터, 인간형 영웅",2D 일러스트,캐릭터 구성 대조를 통한 타겟 취향별 효율 분석. 탱커 및 딜러 중심 덱 선호 심리 공략하며 캐릭터 조합 변주 소재로 리타겟팅 광고 활용 권장.
260406_VID_A-Character-Combat01A-UA_L_1920x1080_EN;https://www.youtube.com/watch?v=2W7-0AV2mfg,YouTube 동영상,HQ_HQ_PH_SEA-EN_GA_NU_AD_ACA-PU_260430,M_1844_INTEREST_GENRE_ALL_NONE_260430_3,2026-05-01,1,KRW,4984,852,16,0,VID,가로형,2026-04-06,A,Character,Combat01A,EN;https://www,260406_VID_A-Character-Combat01A-UA_L_1920x1080_EN,A-Character-Combat01A-UA,https://www.youtube.com/watch?v=2W7-0AV2mfg,"비주얼 임팩트, 캐릭터/유닛 외형",긴박함,TRUE,,없음,"VINESSA, A DARK WIZARD WHO DOMINATES THE FIELD, SOPHIA, REMOVES ALL DEBUFFS! THE KEY TO SURVIVAL, BERNETA, A SYNERGY DEALER THAT PERFECTS YOUR TEAM, PLAY FOR FREE","아트 퀄리티, 캐릭터, 수집형RPG, 전략성",용병 모집,스킬 컷신 연출,마그 탐험대,"Vinessa, Sophia, Berneta",렐릭 탐험 어드벤처,캐릭터별 스킬 특징 강조,전투 및 액션,"텍스트 오버레이, 클로즈업 및 줌",자연/야외 미학,"도전과 승부욕, 수집욕/소유욕","인간형 영웅, SD/치비 캐릭터, 성장 지표","2.5D 입체 그래픽, 2D 일러스트",인게임 전투와 일러스트 교차 편집으로 몰입도 극대화. 캐릭터 스킬 및 시너지로 전략적 호기심 자극. 플레이 영상 기반 안정적 CVR 확보 및 캐릭터 속성 대비 변주 제안.
260406_VID_A-Character-Combat01A-UA_S_1080x1080_EN;https://www.youtube.com/watch?v=jnNAzjzUw8o,YouTube 동영상,HQ_HQ_PH_SEA-EN_GA_NU_AD_ACA-PU_260430,M_1844_INTEREST_GENRE_ALL_NONE_260430_3,2026-05-01,1,KRW,1476,439,3,0,VID,정방형,2026-04-06,A,Character,Combat01A,EN;https://www,260406_VID_A-Character-Combat01A-UA_S_1080x1080_EN,A-Character-Combat01A-UA,https://www.youtube.com/watch?v=jnNAzjzUw8o,"비주얼 임팩트, 캐릭터/유닛 외형",긴박함,TRUE,,없음,"VINESSA, A DARK WIZARD WHO DOMINATES THE FIELD, SOPHIA, REMOVES ALL DEBUFFS! THE KEY TO SURVIVAL, BERNETA, A SYNERGY DEALER THAT PERFECTS YOUR TEAM, PLAY FOR FREE","아트 퀄리티, 캐릭터, 수집형RPG, 전략성",용병 모집,스킬 컷신 연출,마그 탐험대,"Vinessa, Sophia, Berneta",렐릭 탐험 어드벤처,캐릭터별 스킬 특징 강조,전투 및 액션,"텍스트 오버레이, 클로즈업 및 줌",자연/야외 미학,"도전과 승부욕, 수집욕/소유욕","인간형 영웅, SD/치비 캐릭터, 성장 지표","2.5D 입체 그래픽, 2D 일러스트",SSR 비네사 비주얼을 초반에 배치해 RPG 팬덤 시선 확보. 고퀄리티 애니메이션으로 캐릭터 소유욕을 자극하며 스킬 콤보 시리즈로 소재 확장 가능.
260406_VID_A-Character-Combat01A-UA_V_1080x1920_EN;https://www.youtube.com/watch?v=tHmXhOKu33A,YouTube 동영상,HQ_HQ_PH_SEA-EN_GA_NU_AD_ACA-PU_260430,M_1844_INTEREST_GENRE_ALL_NONE_260430_3,2026-05-01,1,KRW,1421,427,1,0,VID,세로형,2026-04-06,A,Character,Combat01A,EN;https://www,260406_VID_A-Character-Combat01A-UA_V_1080x1920_EN,A-Character-Combat01A-UA,https://www.youtube.com/watch?v=tHmXhOKu33A,"비주얼 임팩트, 캐릭터/유닛 외형",긴박함,TRUE,,없음,"VINESSA, A DARK WIZARD WHO DOMINATES THE FIELD, SOPHIA, REMOVES ALL DEBUFFS! THE KEY TO SURVIVAL, BERNETA, A SYNERGY DEALER THAT PERFECTS YOUR TEAM, PLAY FOR FREE","아트 퀄리티, 캐릭터, 수집형RPG, 전략성",용병 모집,스킬 컷신 연출,마그 탐험대,"Vinessa, Sophia, Berneta",렐릭 탐험 어드벤처,캐릭터별 스킬 특징 강조,전투 및 액션,"텍스트 오버레이, 클로즈업 및 줌",자연/야외 미학,"도전과 승부욕, 수집욕/소유욕","인간형 영웅, SD/치비 캐릭터, 성장 지표","2.5D 입체 그래픽, 2D 일러스트",숏폼 최적화 세로 분할 화면으로 캐릭터와 전투 연출 강조. 한 손 플레이 선호 심리를 공략하여 틱톡 및 릴스 내 높은 조회수 확보 기대.
260406_VID_A-Character-Combat01B-UA_L_1920x1080_EN;https://www.youtube.com/watch?v=d4rVTfnnYhg,YouTube 동영상,HQ_HQ_PH_SEA-EN_GA_NU_AD_ACA-PU_260430,M_1844_INTEREST_GENRE_ALL_NONE_260430_3,2026-05-01,1,KRW,17136,"3,062",74,0,VID,가로형,2026-04-06,A,Character,Combat01B,EN;https://www,260406_VID_A-Character-Combat01B-UA_L_1920x1080_EN,A-Character-Combat01B-UA,https://www.youtube.com/watch?v=d4rVTfnnYhg,"비주얼 임팩트, 캐릭터/유닛 외형",긴박함,TRUE,,없음,"HUGO, An indomitable warrior..., MONAD, A sage who devastates..., KARBEL, A fiery dealer..., PLAY FOR FREE","전략성, 아트 퀄리티",용병 모집,8인 실시간 전투,마그 탐험대,"Hugo, Monad, Karbel",히어로 수집 육성,,전투 및 액션,"텍스트 오버레이, 클로즈업 및 줌",자연/야외 미학,"도전과 승부욕, 수집욕/소유욕","인간형 영웅, SD/치비 캐릭터, 성장 지표","2.5D 입체 그래픽, 2D 일러스트",16:9 뷰로 넓은 전장과 스킬 강조. 화려한 연출로 타격감 선호 유저 공략. 전투 선호층 대상 높은 전환율 기대.
260406_VID_A-Character-Combat01B-UA_S_1080x1080_EN;https://www.youtube.com/watch?v=tcTIYuJi7pM,YouTube 동영상,HQ_HQ_PH_SEA-EN_GA_NU_AD_ACA-PU_260430,M_1844_INTEREST_GENRE_ALL_NONE_260430_3,2026-05-01,0,KRW,359,84,0,0,VID,정방형,2026-04-06,A,Character,Combat01B,EN;https://www,260406_VID_A-Character-Combat01B-UA_S_1080x1080_EN,A-Character-Combat01B-UA,https://www.youtube.com/watch?v=tcTIYuJi7pM,"비주얼 임팩트, 캐릭터/유닛 외형",긴박함,TRUE,,없음,"HUGO, An indomitable warrior..., MONAD, A sage who devastates..., KARBEL, A fiery dealer..., PLAY FOR FREE","전략성, 아트 퀄리티",용병 모집,8인 실시간 전투,마그 탐험대,"Hugo, Monad, Karbel",히어로 수집 육성,,전투 및 액션,"텍스트 오버레이, 클로즈업 및 줌",자연/야외 미학,"도전과 승부욕, 수집욕/소유욕","인간형 영웅, SD/치비 캐릭터, 성장 지표","2.5D 입체 그래픽, 2D 일러스트",소피아의 생존 및 지원 능력과 팀 시너지를 강조해 전략적 유저 공략. 비네사 소재 A/B 테스트로 타겟별 선호 캐릭터 최적화 및 성과 확장 도모.
260406_VID_A-Character-Combat01B-UA_V_1080x1920_EN;https://www.youtube.com/watch?v=rrd-TGZqEqc,YouTube 동영상,HQ_HQ_PH_SEA-EN_GA_NU_AD_ACA-PU_260430,M_1844_INTEREST_GENRE_ALL_NONE_260430_3,2026-05-01,12,KRW,36202,"5,894",26,"5,938.29",VID,세로형,2026-04-06,A,Character,Combat01B,EN;https://www,260406_VID_A-Character-Combat01B-UA_V_1080x1920_EN,A-Character-Combat01B-UA,https://www.youtube.com/watch?v=rrd-TGZqEqc,"비주얼 임팩트, 캐릭터/유닛 외형",긴박함,TRUE,,없음,"HUGO, An indomitable warrior..., MONAD, A sage who devastates..., KARBEL, A fiery dealer..., PLAY FOR FREE","전략성, 아트 퀄리티",용병 모집,8인 실시간 전투,마그 탐험대,"Hugo, Monad, Karbel",히어로 수집 육성,,전투 및 액션,"텍스트 오버레이, 클로즈업 및 줌",자연/야외 미학,"도전과 승부욕, 수집욕/소유욕","인간형 영웅, SD/치비 캐릭터, 성장 지표","2.5D 입체 그래픽, 2D 일러스트",직관적인 탱딜힐 구성으로 정통 RPG 유저의 파티 니즈 충족. 역할군 조합의 재미를 텍스트로 보강하여 효율 극대화 기대.
260406_VID_A-Charater-Collection01B-UA_L_1920x1080_EN;https://www.youtube.com/watch?v=rRGCh1x6a6M,YouTube 동영상,HQ_HQ_PH_SEA-EN_GA_NU_AD_ACA-PU_260430,M_1844_INTEREST_GENRE_ALL_NONE_260430_3,2026-05-01,2,KRW,4416,"1,132",14,0,VID,가로형,2026-04-06,A,Charater,Collection01B,EN;https://www,260406_VID_A-Charater-Collection01B-UA_L_1920x1080_EN,A-Charater-Collection01B-UA,https://www.youtube.com/watch?v=rRGCh1x6a6M,"질문/선택형, 캐릭터/유닛 외형",경쾌함,TRUE,,없음,"CHOOSE YOUR HERO, HUGO, PLAY FOR FREE","아트 퀄리티, 전략성",용병 모집,DIY 픽업 시스템,마그 탐험대,Hugo,히어로 수집 육성,,수집 및 도감,"텍스트 오버레이, 클로즈업 및 줌",심플/클린 UI,"수집욕/소유욕, 만족과 성취감","인간형 영웅, SD/치비 캐릭터","2.5D 입체 그래픽, 2D 일러스트","그리드 UI로 풍부한 캐릭터 풀을 어필해 수집 욕구를 자극하며, 캐릭터 강조 엔드카드를 통해 높은 잔존율을 확보합니다."
260406_VID_A-Charater-Collection01B-UA_V_1080x1920_EN;https://www.youtube.com/watch?v=u5diHTUsSOs,YouTube 동영상,HQ_HQ_PH_SEA-EN_GA_NU_AD_ACA-PU_260430,M_1844_INTEREST_GENRE_ALL_NONE_260430_3,2026-05-01,0,KRW,377,146,0,0,VID,세로형,2026-04-06,A,Charater,Collection01B,EN;https://www,260406_VID_A-Charater-Collection01B-UA_V_1080x1920_EN,A-Charater-Collection01B-UA,https://www.youtube.com/watch?v=u5diHTUsSOs,"질문/선택형, 캐릭터/유닛 외형",경쾌함,TRUE,,없음,"CHOOSE YOUR HERO, HUGO, PLAY FOR FREE","아트 퀄리티, 전략성",용병 모집,DIY 픽업 시스템,마그 탐험대,Hugo,히어로 수집 육성,캐릭터 픽(Pick) 연출,수집 및 도감,"텍스트 오버레이, 클로즈업 및 줌",심플/클린 UI,"수집욕/소유욕, 만족과 성취감","인간형 영웅, SD/치비 캐릭터","2.5D 입체 그래픽, 2D 일러스트",직접 영웅을 선택하는 인터랙티브 경험으로 기대감 부여. 다양한 영웅 노출을 통해 유저 취향을 공략하고 반복적인 참여 유도.
260406_VID_A-Hooking-Reward02A-FK_L_1920x1080_EN;https://www.youtube.com/watch?v=oRlzfGbT3xY,YouTube 동영상,HQ_HQ_PH_SEA-EN_GA_NU_AD_ACA-PU_260430,M_1844_INTEREST_GENRE_ALL_NONE_260430_3,2026-05-01,8,KRW,39471,"4,202",19,0,VID,가로형,2026-04-06,A,Hooking,Reward02A,EN;https://www,260406_VID_A-Hooking-Reward02A-FK_L_1920x1080_EN,A-Hooking-Reward02A-FK,https://www.youtube.com/watch?v=oRlzfGbT3xY,"실패/분노 유도, 압도적 보상",긴박함,TRUE,,없음,"Tap here to save him!, Help me!, HELP KARBEL CLEAR, Claim your SR character and rewards worth $100!, PLAY FOR FREE",보상,용병 모집,우호도 시스템,마그 탐험대,카르벨(Karbel),히어로 수집 육성,페이크 플레이(구출 미니게임) 형식 활용,퍼즐 및 논리,"손가락 지시선, 텍스트 오버레이",자연/야외 미학,"도전과 승부욕, 만족과 성취감","SD/치비 캐릭터, 재화/보물상자",2D 일러스트,구출 미니게임 방식을 활용해 시청자 이탈을 방지하고 즉각적인 행동을 유도합니다. 대량의 재화 보상으로 성취감을 자극하여 저단가 트래픽 확보 및 높은 클릭률을 공략합니다.
260406_VID_A-Hooking-Reward02A-FK_S_1080x1080_EN;https://www.youtube.com/watch?v=EgLwtP8WjE4,YouTube 동영상,HQ_HQ_PH_SEA-EN_GA_NU_AD_ACA-PU_260430,M_1844_INTEREST_GENRE_ALL_NONE_260430_3,2026-05-01,0,KRW,1006,213,3,0,VID,정방형,2026-04-06,A,Hooking,Reward02A,EN;https://www,260406_VID_A-Hooking-Reward02A-FK_S_1080x1080_EN,A-Hooking-Reward02A-FK,https://www.youtube.com/watch?v=EgLwtP8WjE4,"실패/분노 유도, 압도적 보상",긴박함,TRUE,,없음,"Tap here to save him!, Help me!, HELP KARBEL CLEAR, Claim your SR character and rewards worth $100!, PLAY FOR FREE",보상,용병 모집,우호도 시스템,마그 탐험대,카르벨(Karbel),히어로 수집 육성,페이크 플레이(구출 미니게임) 형식 활용,퍼즐 및 논리,"손가락 지시선, 텍스트 오버레이",자연/야외 미학,"도전과 승부욕, 만족과 성취감","SD/치비 캐릭터, 재화/보물상자",2D 일러스트,위기 상황 미션과 100달러 보상으로 유저 참여 및 전환 유도. 쉬운 조작성 강조로 진입 장벽을 낮춰 대량 유입용 런칭 소재로 적합.
260406_VID_A-Hooking-Reward02A-FK_V_1080x1920_EN;https://www.youtube.com/watch?v=b7LsalWUDvQ,YouTube 동영상,HQ_HQ_PH_SEA-EN_GA_NU_AD_ACA-PU_260430,M_1844_INTEREST_GENRE_ALL_NONE_260430_3,2026-05-01,0,KRW,267,53,0,0,VID,세로형,2026-04-06,A,Hooking,Reward02A,EN;https://www,260406_VID_A-Hooking-Reward02A-FK_V_1080x1920_EN,A-Hooking-Reward02A-FK,https://www.youtube.com/watch?v=b7LsalWUDvQ,"실패/분노 유도, 압도적 보상",긴박함,TRUE,,없음,"Tap here to save him!, Help me!, HELP KARBEL CLEAR, Claim your SR character and rewards worth $100!, PLAY FOR FREE",보상,용병 모집,우호도 시스템,마그 탐험대,카르벨(Karbel),히어로 수집 육성,페이크 플레이(구출 미니게임) 형식 활용,퍼즐 및 논리,"손가락 지시선, 텍스트 오버레이",자연/야외 미학,"도전과 승부욕, 만족과 성취감","SD/치비 캐릭터, 재화/보물상자",2D 일러스트,9:16 세로형 구조로 터치 인터랙션을 극대화하고 FOMO를 자극해 시청 완료율을 높입니다. 캐릭터 활용 및 실패 연출의 A/B 테스트 확장을 제안합니다.
260406_VID_A-Hooking-Reward03A-UA_L_1920x1080_EN;https://www.youtube.com/watch?v=XUrzh1Qrk5w,YouTube 동영상,HQ_HQ_PH_SEA-EN_GA_NU_AD_ACA-PU_260430,M_1844_INTEREST_GENRE_ALL_NONE_260430_3,2026-05-01,0,KRW,10049,"1,615",25,0,VID,가로형,2026-04-06,A,Hooking,Reward03A,EN;https://www,260406_VID_A-Hooking-Reward03A-UA_L_1920x1080_EN,A-Hooking-Reward03A-UA,https://www.youtube.com/watch?v=XUrzh1Qrk5w,"압도적 보상, 실패/분노 유도",경쾌함,TRUE,,없음,"WARNING Skip and you will lose your $100 rewards, Tap within 5 Seconds, SR, PLAY FOR FREE!, Claim your SR character and rewards worth $100!",보상,용병 모집,,마그 탐험대,Karbel,히어로 수집 육성,$100 가치 혜택 강조,수집 및 도감,"손가락 지시선, 텍스트 오버레이",심플/클린 UI,"만족과 성취감, 수집욕/소유욕","재화/보물상자, SD/치비 캐릭터","2D 일러스트, 2.5D 입체 그래픽","가로 화면을 활용한 화려한 연출로 시각적 몰입감을 높이고, 보상 상실에 대한 FOMO 심리를 자극하여 가로형 매체 타겟 광고 효율을 극대화함."
260406_VID_A-Hooking-Reward03A-UA_S_1080x1080_EN;https://www.youtube.com/watch?v=VGJB5tDWops,YouTube 동영상,HQ_HQ_PH_SEA-EN_GA_NU_AD_ACA-PU_260430,M_1844_INTEREST_GENRE_ALL_NONE_260430_3,2026-05-01,0,KRW,603,190,2,0,VID,정방형,2026-04-06,A,Hooking,Reward03A,EN;https://www,260406_VID_A-Hooking-Reward03A-UA_S_1080x1080_EN,A-Hooking-Reward03A-UA,https://www.youtube.com/watch?v=VGJB5tDWops,"압도적 보상, 실패/분노 유도",경쾌함,TRUE,,없음,"WARNING Skip and you will lose your $100 rewards, Tap within 5 Seconds, SR, PLAY FOR FREE!, Claim your SR character and rewards worth $100!",보상,용병 모집,,마그 탐험대,Karbel,히어로 수집 육성,$100 가치 혜택 강조,수집 및 도감,"손가락 지시선, 텍스트 오버레이",심플/클린 UI,"만족과 성취감, 수집욕/소유욕","재화/보물상자, SD/치비 캐릭터","2D 일러스트, 2.5D 입체 그래픽",부정적 후킹과 시간 제한으로 클릭 유도. $100 가치 및 SR 확정으로 수익 구체화. 높은 CVR 예상되며 보상 변주를 통한 라이브 옵스 제안.
260406_VID_A-Hooking-Reward03A-UA_V_1080x1920_EN;https://www.youtube.com/watch?v=jA_HAiz95x4,YouTube 동영상,HQ_HQ_PH_SEA-EN_GA_NU_AD_ACA-PU_260430,M_1844_INTEREST_GENRE_ALL_NONE_260430_3,2026-05-01,1,KRW,2179,130,20,0,VID,세로형,2026-04-06,A,Hooking,Reward03A,EN;https://www,260406_VID_A-Hooking-Reward03A-UA_V_1080x1920_EN,A-Hooking-Reward03A-UA,https://www.youtube.com/watch?v=jA_HAiz95x4,"압도적 보상, 실패/분노 유도",경쾌함,TRUE,,없음,"WARNING Skip and you will lose your $100 rewards, Tap within 5 Seconds, SR, PLAY FOR FREE!, Claim your SR character and rewards worth $100!",보상,용병 모집,,마그 탐험대,Karbel,히어로 수집 육성,$100 가치 혜택 강조,수집 및 도감,"손가락 지시선, 텍스트 오버레이",심플/클린 UI,"만족과 성취감, 수집욕/소유욕","재화/보물상자, SD/치비 캐릭터","2D 일러스트, 2.5D 입체 그래픽",도발적 문구와 타이머로 이탈을 방지하고 FOMO 심리를 자극함. 보상형 인벤토리 활용을 통해 UA 매체에서 압도적 전환율 달성 기대.
260406_VID_A-Mob-Adventure01A-UA_L_1920x1080_EN;https://www.youtube.com/watch?v=hVmkPdIsz70,YouTube 동영상,HQ_HQ_PH_SEA-EN_GA_NU_AD_ACA-PU_260430,M_1844_INTEREST_GENRE_ALL_NONE_260430_3,2026-05-01,0,KRW,635,91,2,0,VID,가로형,2026-04-06,A,Mob,Adventure01A,EN;https://www,260406_VID_A-Mob-Adventure01A-UA_L_1920x1080_EN,A-Mob-Adventure01A-UA,https://www.youtube.com/watch?v=hVmkPdIsz70,"비주얼 임팩트, 성장 비포애프터",긴박함,TRUE,,없음,"WARNING, GOBLINS INCOMING!, Goblins? Easy! Level UP! UP!, Power Boost! BOOM! BOOM!, Strategic deployment!, Get ready for BATTLE!","편의성, 전략성",AFK 기능,8인 실시간 전투,고블린,카르벨,렐릭 탐험 어드벤처,스마트폰 UI 팝업 연출,"시뮬레이션 및 관리, 장애물 및 도전","텍스트 오버레이, 클로즈업 및 줌",자연/야외 미학,"도전과 승부욕, 만족과 성취감","SD/치비 캐릭터, 성장 지표, 군단/대규모 유닛",2.5D 입체 그래픽,16:9 화면 대비로 대규모 전투와 모바일 최적화 강조. 방치형 육성 선호 유저 타겟으로 핵심 시스템 소구 및 브랜딩·퍼포먼스 효율 기대.
260406_VID_A-Mob-Adventure01A-UA_S_1080x1080_EN;https://www.youtube.com/watch?v=LMKl0g6yRJU,YouTube 동영상,HQ_HQ_PH_SEA-EN_GA_NU_AD_ACA-PU_260430,M_1844_INTEREST_GENRE_ALL_NONE_260430_3,2026-05-01,1,KRW,1702,633,5,0,VID,정방형,2026-04-06,A,Mob,Adventure01A,EN;https://www,260406_VID_A-Mob-Adventure01A-UA_S_1080x1080_EN,A-Mob-Adventure01A-UA,https://www.youtube.com/watch?v=LMKl0g6yRJU,"비주얼 임팩트, 성장 비포애프터",긴박함,TRUE,,없음,"WARNING, GOBLINS INCOMING!, Goblins? Easy! Level UP! UP!, Power Boost! BOOM! BOOM!, Strategic deployment!, Get ready for BATTLE!","편의성, 전략성",AFK 기능,8인 실시간 전투,고블린,카르벨,렐릭 탐험 어드벤처,스마트폰 UI 팝업 연출,"시뮬레이션 및 관리, 장애물 및 도전","텍스트 오버레이, 클로즈업 및 줌",자연/야외 미학,"도전과 승부욕, 참여와 임장감","SD/치비 캐릭터, 성장 지표, 군단/대규모 유닛",2.5D 입체 그래픽,경고 연출로 몰입도를 높이고 쉬운 성장을 강조해 진입 장벽 완화. 대규모 레이드 소재 확장을 통한 중장기 성과 기대.
260406_VID_A-Mob-Adventure01A-UA_V_1080x1920_EN;https://www.youtube.com/watch?v=nIYkYZ-JFj0,YouTube 동영상,HQ_HQ_PH_SEA-EN_GA_NU_AD_ACA-PU_260430,M_1844_INTEREST_GENRE_ALL_NONE_260430_3,2026-05-01,2,KRW,523,95,3,0,VID,세로형,2026-04-06,A,Mob,Adventure01A,EN;https://www,260406_VID_A-Mob-Adventure01A-UA_V_1080x1920_EN,A-Mob-Adventure01A-UA,https://www.youtube.com/watch?v=nIYkYZ-JFj0,"비주얼 임팩트, 성장 비포애프터",긴박함,TRUE,,없음,"WARNING, GOBLINS INCOMING!, Goblins? Easy! Level UP! UP!, Power Boost! BOOM! BOOM!, Strategic deployment!, Get ready for BATTLE!","편의성, 전략성",AFK 기능,8인 실시간 전투,고블린,카르벨,렐릭 탐험 어드벤처,스마트폰 UI 팝업 연출,"시뮬레이션 및 관리, 장애물 및 도전","텍스트 오버레이, 클로즈업 및 줌",자연/야외 미학,"도전과 승부욕, 만족과 성취감","SD/치비 캐릭터, 성장 지표, 군단/대규모 유닛",2.5D 입체 그래픽,세로형 피드 최적화 UI와 마을 습격 반전 연출로 이탈 방지. 직관적 레벨업과 전략적 배치 중심의 성장 쾌감을 자극해 숏폼 환경 내 높은 시청 유지율 및 전환율 기대.
Cute but Powerful Squad,광고 제목,HQ_HQ_PH_SEA-EN_GA_NU_AD_ACA-PU_260430,M_1844_INTEREST_GENRE_ALL_NONE_260430,2026-05-01,6,KRW,2243,502,12,0,TXT,,,,,,,,,,,,,,,,,,,,,,,,,,,,,
Let’s Hunt for Treasure!,광고 제목,HQ_HQ_PH_SEA-EN_GA_NU_AD_ACA-PU_260430,M_1844_INTEREST_GENRE_ALL_NONE_260430,2026-05-01,4,KRW,1131,463,12,0,TXT,,,,,,,,,,,,,,,,,,,,,,,,,,,,,
Pepp Heroes,광고 제목,HQ_HQ_PH_SEA-EN_GA_NU_AD_ACA-PU_260430,M_1844_INTEREST_GENRE_ALL_NONE_260430,2026-05-01,2,KRW,11087,804,28,0,TXT,,,,,,,,,,,,,,,,,,,,,,,,,,,,,
Play for Free,광고 제목,HQ_HQ_PH_SEA-EN_GA_NU_AD_ACA-PU_260430,M_1844_INTEREST_GENRE_ALL_NONE_260430,2026-05-01,1,KRW,4239,860,19,0,TXT,,,,,,,,,,,,,,,,,,,,,,,,,,,,,
"Your RPG, In Your Hands",광고 제목,HQ_HQ_PH_SEA-EN_GA_NU_AD_ACA-PU_260430,M_1844_INTEREST_GENRE_ALL_NONE_260430,2026-05-01,1,KRW,4015,640,5,0,TXT,,,,,,,,,,,,,,,,,,,,,,,,,,,,,
Adorable Yet Powerful! Collect Heroes With Diverse Charms,설명,HQ_HQ_PH_SEA-EN_GA_NU_AD_ACA-PU_260430,M_1844_INTEREST_GENRE_ALL_NONE_260430,2026-05-01,5,KRW,5065,939,14,0,TXT,,,,,,,,,,,,,,,,,,,,,,,,,,,,,
Clock Out and Start Your Treasure Hunt!,설명,HQ_HQ_PH_SEA-EN_GA_NU_AD_ACA-PU_260430,M_1844_INTEREST_GENRE_ALL_NONE_260430,2026-05-01,6,KRW,3840,692,29,0,TXT,,,,,,,,,,,,,,,,,,,,,,,,,,,,,
Get Rewards Worth $100! Play Now!,설명,HQ_HQ_PH_SEA-EN_GA_NU_AD_ACA-PU_260430,M_1844_INTEREST_GENRE_ALL_NONE_260430,2026-05-01,3,KRW,5701,"1,095",13,0,TXT,,,,,,,,,,,,,,,,,,,,,,,,,,,,,
Strategic Battles With Heroes Full of Personality! Win With Your Own Squad,설명,HQ_HQ_PH_SEA-EN_GA_NU_AD_ACA-PU_260430,M_1844_INTEREST_GENRE_ALL_NONE_260430,2026-05-01,2,KRW,646,546,6,0,TXT,,,,,,,,,,,,,,,,,,,,,,,,,,,,,
Unique Hero Skills and Synergies! The Collectible RPG of Endless Team Combinations,설명,HQ_HQ_PH_SEA-EN_GA_NU_AD_ACA-PU_260430,M_1844_INTEREST_GENRE_ALL_NONE_260430,2026-05-01,2,KRW,3641,829,8,0,TXT,,,,,,,,,,,,,,,,,,,,,,,,,,,,,
251104_BNR_A-Character-Adventure01A-DA_L_1200x628_EN.jpg;https://tpc.googlesyndication.com/simgad/7852267225455295083,가로형 이미지,HQ_HQ_PH_SEA-EN_GA_NU_AD_ACA-PU_260430,M_1844_INTEREST_GENRE_ALL_NONE_260430,2026-05-01,7,KRW,34622,"1,117",47,0,BNR,가로형,2025-11-04,A,Character,Adventure01A,EN,251104_BNR_A-Character-Adventure01A-DA_L_1200x628_EN,A-Character-Adventure01A-DA,https://tpc.googlesyndication.com/simgad/7852267225455295083,"비주얼 임팩트, 캐릭터/유닛 외형",,,,,PEPP HEROES,"아트 퀄리티, 캐릭터, 수집형RPG","5인 분대 전투, 수집형 RPG",,"마그 탐험대, 고블린",카르벨(Karbel),렐릭 탐험 어드벤처,2.5D 입체 월드 강조,"전투 및 액션, 탐험 및 발견",텍스트 오버레이,자연/야외 미학,"도전과 승부욕, 수집욕/소유욕","인간형 영웅, SD/치비 캐릭터, 거대 보스","2.5D 입체 그래픽, 2D 일러스트",와이드 뷰로 보스 대립 및 레이드 강조. 소부대 전투의 스케일감으로 타겟 공략. SNS 최적화와 보상 정보 추가로 유입 및 전환 극대화.
251104_BNR_A-Character-Adventure01A-DA_S_1200x1200_EN.jpg;https://tpc.googlesyndication.com/simgad/13260462268912176542,가로형 이미지,HQ_HQ_PH_SEA-EN_GA_NU_AD_ACA-PU_260430,M_1844_INTEREST_GENRE_ALL_NONE_260430,2026-05-01,0,KRW,303,118,4,0,BNR,정방형,2025-11-04,A,Character,Adventure01A,EN,251104_BNR_A-Character-Adventure01A-DA_S_1200x1200_EN,A-Character-Adventure01A-DA,https://tpc.googlesyndication.com/simgad/13260462268912176542,"비주얼 임팩트, 캐릭터/유닛 외형",,,,,PEPP HEROES,"아트 퀄리티, 캐릭터, 수집형RPG","5인 분대 전투, 수집형 RPG",,"마그 탐험대, 고블린",카르벨(Karbel),렐릭 탐험 어드벤처,2.5D 입체 월드 강조,"전투 및 액션, 탐험 및 발견",텍스트 오버레이,자연/야외 미학,"참여와 임장감, 수집욕/소유욕","인간형 영웅, SD/치비 캐릭터, 거대 보스","2.5D 입체 그래픽, 2D 일러스트",독창적인 2.5D 비주얼과 코어한 전투 재미로 RPG 유저 공략. 북미·글로벌 시장의 높은 CTR을 기반으로 SSR 소환 연출을 활용해 CVR 최적화.
251104_BNR_A-Character-Adventure01A-DA_V_1200x1500_EN.jpg;https://tpc.googlesyndication.com/simgad/11060997048456614631,가로형 이미지,HQ_HQ_PH_SEA-EN_GA_NU_AD_ACA-PU_260430,M_1844_INTEREST_GENRE_ALL_NONE_260430,2026-05-01,0,KRW,11,61,1,0,BNR,세로형,2025-11-04,A,Character,Adventure01A,EN,251104_BNR_A-Character-Adventure01A-DA_V_1200x1500_EN,A-Character-Adventure01A-DA,https://tpc.googlesyndication.com/simgad/11060997048456614631,"비주얼 임팩트, 캐릭터/유닛 외형",,,,,PEPP HEROES,"아트 퀄리티, 캐릭터, 수집형RPG","5인 분대 전투, 수집형 RPG",,"마그 탐험대, 고블린",카르벨(Karbel),렐릭 탐험 어드벤처,2.5D 입체 월드 강조,"전투 및 액션, 탐험 및 발견",텍스트 오버레이,자연/야외 미학,"수집욕/소유욕, 만족과 성취감","인간형 영웅, SD/치비 캐릭터, 거대 보스","2.5D 입체 그래픽, 2D 일러스트",캐릭터 케미와 조합 시각화로 SSR 수집 재미 자극. 속성 상성 강조 소재로 고관여 유저 공략 및 확장.
260406_BNR_A-Character-Adventure02A-DA_L_1200x628_EN.jpg;https://tpc.googlesyndication.com/simgad/7571534943945847205,가로형 이미지,HQ_HQ_PH_SEA-EN_GA_NU_AD_ACA-PU_260430,M_1844_INTEREST_GENRE_ALL_NONE_260430,2026-05-01,2,KRW,200,85,5,0,BNR,가로형,2026-04-06,A,Character,Adventure02A,EN,260406_BNR_A-Character-Adventure02A-DA_L_1200x628_EN,A-Character-Adventure02A-DA,https://tpc.googlesyndication.com/simgad/7571534943945847205,"캐릭터/유닛 외형, 비주얼 임팩트",,,,,"PEPP HEROES: RELIC QUEST, PRE-REGISTER NOW","아트 퀄리티, 릴리즈 예고, 캐릭터, 수집형RPG",용병 모집(Gacha),렐릭 퀘스트,마그 탐험대,샤일린(Shylin),렐릭 탐험 어드벤처,,수집 및 도감,텍스트 오버레이,자연/야외 미학,"수집욕/소유욕, 참여와 임장감",,"2.5D 입체 그래픽, 2D 일러스트",샤일린 비주얼을 활용해 2.5D 미학적 만족감을 강조하고 사전예약을 유도함. 고관여 유저 대상 높은 CTR이 기대되며 캐릭터 시너지 소재로 확장 계획임.
260406_BNR_A-Character-Adventure02A-DA_S_1200x1200_EN.jpg;https://tpc.googlesyndication.com/simgad/11186665980784424187,가로형 이미지,HQ_HQ_PH_SEA-EN_GA_NU_AD_ACA-PU_260430,M_1844_INTEREST_GENRE_ALL_NONE_260430,2026-05-01,0,KRW,112,232,1,0,BNR,정방형,2026-04-06,A,Character,Adventure02A,EN,260406_BNR_A-Character-Adventure02A-DA_S_1200x1200_EN,A-Character-Adventure02A-DA,https://tpc.googlesyndication.com/simgad/11186665980784424187,"캐릭터/유닛 외형, 비주얼 임팩트",,,,,"PEPP HEROES: RELIC QUEST, PRE-REGISTER NOW","아트 퀄리티, 릴리즈 예고, 캐릭터, 수집형RPG",용병 모집(Gacha),렐릭 퀘스트,마그 탐험대,샤일린(Shylin),렐릭 탐험 어드벤처,,수집 및 도감,텍스트 오버레이,자연/야외 미학,"수집욕/소유욕, 참여와 임장감",,"2.5D 입체 그래픽, 2D 일러스트",정사각형 포맷 내 캐릭터 밀집도를 높여 시선 집중 및 수집 욕구 자극. 인스타그램 등 매체 최적화 및 보상 정보 결합으로 고효율 기대.
260406_BNR_A-Character-Adventure02A-DA_V_1200x1500_EN.jpg;https://tpc.googlesyndication.com/simgad/6053276405209869053,가로형 이미지,HQ_HQ_PH_SEA-EN_GA_NU_AD_ACA-PU_260430,M_1844_INTEREST_GENRE_ALL_NONE_260430,2026-05-01,0,KRW,10,83,0,0,BNR,세로형,2026-04-06,A,Character,Adventure02A,EN,260406_BNR_A-Character-Adventure02A-DA_V_1200x1500_EN,A-Character-Adventure02A-DA,https://tpc.googlesyndication.com/simgad/6053276405209869053,"캐릭터/유닛 외형, 비주얼 임팩트",,,,,"PEPP HEROES: RELIC QUEST, PRE-REGISTER NOW","아트 퀄리티, 릴리즈 예고, 캐릭터, 수집형RPG",용병 모집(Gacha),렐릭 퀘스트,마그 탐험대,샤일린(Shylin),렐릭 탐험 어드벤처,,수집 및 도감,텍스트 오버레이,자연/야외 미학,"수집욕/소유욕, 참여와 임장감",,"2.5D 입체 그래픽, 2D 일러스트",세로형 피드 최적화와 2.5D 배경으로 어드벤처 컨셉 전달. 영웅 캐릭터를 강조해 탐험 욕구를 자극하며 SNS 뉴스피드 내 높은 CTR 성과 기대함.
260406_BNR_A-Character-Life01A-DA_L_1200x628_EN.jpg;https://tpc.googlesyndication.com/simgad/4842260928888903016,가로형 이미지,HQ_HQ_PH_SEA-EN_GA_NU_AD_ACA-PU_260430,M_1844_INTEREST_GENRE_ALL_NONE_260430,2026-05-01,1,KRW,140,231,4,0,BNR,가로형,2026-04-06,A,Character,Life01A,EN,260406_BNR_A-Character-Life01A-DA_L_1200x628_EN,A-Character-Life01A-DA,https://tpc.googlesyndication.com/simgad/4842260928888903016,"캐릭터/유닛 외형, 비주얼 임팩트",,,,,"PEPP HEROES, PLAY FOR FREE","아트 퀄리티, 전략성, 수집형RPG","8인 실시간 전투, 8종 직업 및 4종 클래스 체계","렐릭 퀘스트, 8인 실시간 전투",마그 탐험대,카르벨(Karbel),"렐릭 탐험 어드벤처, 히어로 수집 육성",,"수집 및 도감, 탐험 및 발견","텍스트 오버레이, 심플/클린 UI",자연/야외 미학,"휴식과 힐링, 수집욕/소유욕","SD/치비 캐릭터, 인간형 영웅","2.5D 입체 그래픽, 2D 일러스트",2.5D 월드의 공간감을 강조하여 어드벤처 유저를 타겟팅합니다. 리마케팅에 효과적이며 수집 문구 추가로 정보 전달력 보강을 추천합니다.
260406_BNR_A-Character-Life01A-DA_S_1200x1200_EN.jpg;https://tpc.googlesyndication.com/simgad/1365671312776743899,가로형 이미지,HQ_HQ_PH_SEA-EN_GA_NU_AD_ACA-PU_260430,M_1844_INTEREST_GENRE_ALL_NONE_260430,2026-05-01,0,KRW,16,90,1,0,BNR,정방형,2026-04-06,A,Character,Life01A,EN,260406_BNR_A-Character-Life01A-DA_S_1200x1200_EN,A-Character-Life01A-DA,https://tpc.googlesyndication.com/simgad/1365671312776743899,"캐릭터/유닛 외형, 비주얼 임팩트",,,,,"PEPP HEROES, PLAY FOR FREE","아트 퀄리티, 캐릭터, 수집형RPG","8인 실시간 전투, 8종 직업 및 4종 클래스 체계","렐릭 퀘스트, 8인 실시간 전투",마그 탐험대,카르벨(Karbel),"렐릭 탐험 어드벤처, 히어로 수집 육성",,"수집 및 도감, 탐험 및 발견","텍스트 오버레이, 심플/클린 UI",자연/야외 미학,"휴식과 힐링, 수집욕/소유욕","SD/치비 캐릭터, 인간형 영웅","2.5D 입체 그래픽, 2D 일러스트","고퀄리티 일러스트와 실제 화면을 합성해 신뢰감을 조성함. 캐주얼 유저의 힐링 욕구를 공략하여 높은 클릭률을 유도하고, 사전예약 보상 강조로 전환율 극대화가 필요함."
260406_BNR_A-Character-Life01A-DA_V_1200x1500_EN.jpg;https://tpc.googlesyndication.com/simgad/4106688461642527637,가로형 이미지,HQ_HQ_PH_SEA-EN_GA_NU_AD_ACA-PU_260430,M_1844_INTEREST_GENRE_ALL_NONE_260430,2026-05-01,0,KRW,2,19,0,0,BNR,세로형,2026-04-06,A,Character,Life01A,EN,260406_BNR_A-Character-Life01A-DA_V_1200x1500_EN,A-Character-Life01A-DA,https://tpc.googlesyndication.com/simgad/4106688461642527637,"캐릭터/유닛 외형, 비주얼 임팩트",,,,,"PEPP HEROES, PLAY FOR FREE","아트 퀄리티, 캐릭터, 수집형RPG","8인 실시간 전투, 8종 직업 및 4종 클래스 체계","렐릭 퀘스트, 8인 실시간 전투",마그 탐험대,카르벨(Karbel),"렐릭 탐험 어드벤처, 히어로 수집 육성",,"수집 및 도감, 탐험 및 발견","텍스트 오버레이, 심플/클린 UI",자연/야외 미학,"휴식과 힐링, 수집욕/소유욕","SD/치비 캐릭터, 인간형 영웅","2.5D 입체 그래픽, 2D 일러스트",중간 비율로 캐릭터 디테일을 강조하여 수집 욕구를 자극합니다. 보스 대치 장면을 대조 삽입하여 도전 욕구를 자극하고 효율을 개선합니다.
260406_BNR_A-Mob-Adventure01A-DA_L_1200x628_EN.jpg;https://tpc.googlesyndication.com/simgad/16600105301133976800,가로형 이미지,HQ_HQ_PH_SEA-EN_GA_NU_AD_ACA-PU_260430,M_1844_INTEREST_GENRE_ALL_NONE_260430,2026-05-01,0,KRW,0,38,0,0,BNR,가로형,2026-04-06,A,Mob,Adventure01A,EN,260406_BNR_A-Mob-Adventure01A-DA_L_1200x628_EN,A-Mob-Adventure01A-DA,https://tpc.googlesyndication.com/simgad/16600105301133976800,"캐릭터/유닛 외형, 비주얼 임팩트",,,,,"Peppy & Ready to Fight, PLAY FOR FREE","아트 퀄리티, 캐릭터, 수집형RPG",8인 실시간 전투,8종 직업 및 4종 클래스 체계,고블린,,렐릭 탐험 어드벤처,몬스터 군단 중심의 구도,"전투 및 액션, 탐험 및 발견",텍스트 오버레이,자연/야외 미학,"참여와 임장감, 수집욕/소유욕","SD/치비 캐릭터, 군단/대규모 유닛","2.5D 입체 그래픽, 2D 일러스트",몬스터 군단과 2.5D 아트 중심의 모험 소구. 독특한 크리처 디자인으로 고관여 유저의 CTR 유도 및 전략적 시너지 강조.
260406_BNR_A-Mob-Adventure01A-DA_S_1200x1200_EN.jpg;https://tpc.googlesyndication.com/simgad/9569657006008026943,가로형 이미지,HQ_HQ_PH_SEA-EN_GA_NU_AD_ACA-PU_260430,M_1844_INTEREST_GENRE_ALL_NONE_260430,2026-05-01,0,KRW,2906,683,6,0,BNR,정방형,2026-04-06,A,Mob,Adventure01A,EN,260406_BNR_A-Mob-Adventure01A-DA_S_1200x1200_EN,A-Mob-Adventure01A-DA,https://tpc.googlesyndication.com/simgad/9569657006008026943,"캐릭터/유닛 외형, 비주얼 임팩트",,,,,"Peppy & Ready to Fight, PLAY FOR FREE","아트 퀄리티, 캐릭터, 수집형RPG",8인 실시간 전투,8종 직업 및 4종 클래스 체계,고블린,,렐릭 탐험 어드벤처,몬스터 군단 중심의 구도,"전투 및 액션, 탐험 및 발견",텍스트 오버레이,자연/야외 미학,"참여와 임장감, 수집욕/소유욕","SD/치비 캐릭터, 군단/대규모 유닛","2.5D 입체 그래픽, 2D 일러스트","1:1 비율로 SD 캐릭터의 디테일과 2.5D 비주얼을 강조함. 높은 아트 퀄리티로 유저 시선을 유도하며, 시간 및 날씨 변화를 활용한 소재 확장을 제안함."
260406_BNR_A-Mob-Adventure01A-DA_V_1200x1500_EN.jpg;https://tpc.googlesyndication.com/simgad/16351660437053448831,가로형 이미지,HQ_HQ_PH_SEA-EN_GA_NU_AD_ACA-PU_260430,M_1844_INTEREST_GENRE_ALL_NONE_260430,2026-05-01,0,KRW,0,1,0,0,BNR,세로형,2026-04-06,A,Mob,Adventure01A,EN,260406_BNR_A-Mob-Adventure01A-DA_V_1200x1500_EN,A-Mob-Adventure01A-DA,https://tpc.googlesyndication.com/simgad/16351660437053448831,"캐릭터/유닛 외형, 비주얼 임팩트",,,,,"Peppy & Ready to Fight, PLAY FOR FREE","아트 퀄리티, 캐릭터, 수집형RPG",8인 실시간 전투,8종 직업 및 4종 클래스 체계,고블린,,렐릭 탐험 어드벤처,몬스터 군단 중심의 구도,"전투 및 액션, 탐험 및 발견",텍스트 오버레이,자연/야외 미학,"참여와 임장감, 수집욕/소유욕","SD/치비 캐릭터, 군단/대규모 유닛","2.5D 입체 그래픽, 2D 일러스트",플랫폼별 규격 대응 및 캐릭터 위계 유지로 브랜드 각인. 모험의 설렘을 유발하는 구도로 범용적 성과 기대. 사전예약 보상 아이콘 오버레이로 보상 심리 자극 및 효율 극대화.
260406_VID_A-Character-Collection01B-UA_S_1080x1080_EN;https://www.youtube.com/watch?v=cTfY4JpFc-s,YouTube 동영상,HQ_HQ_PH_SEA-EN_GA_NU_AD_ACA-PU_260430,M_1844_INTEREST_GENRE_ALL_NONE_260430,2026-05-01,10,KRW,10564,"2,728",18,0,VID,정방형,2026-04-06,A,Character,Collection01B,EN;https://www,260406_VID_A-Character-Collection01B-UA_S_1080x1080_EN,A-Character-Collection01B-UA,https://www.youtube.com/watch?v=cTfY4JpFc-s,"질문/선택형, 캐릭터/유닛 외형",경쾌함,TRUE,,없음,"CHOOSE YOUR HERO, HUGO, KARBEL, MONAD","캐릭터, 수집형RPG, 전략성",용병 모집(Gacha),DIY 픽업 시스템,마그 탐험대,"휴고, 카르벨, 모나드",히어로 수집 육성,남성 캐릭터 위주 배치,수집 및 도감,"텍스트 오버레이, 분할 화면",심플/클린 UI,수집욕/소유욕,"SD/치비 캐릭터, 인간형 영웅",2D 일러스트,캐릭터 구성 대조를 통한 타겟 취향별 효율 분석. 탱커 및 딜러 중심 덱 선호 심리 공략하며 캐릭터 조합 변주 소재로 리타겟팅 광고 활용 권장.
260406_VID_A-Character-Combat01A-UA_L_1920x1080_EN;https://www.youtube.com/watch?v=2W7-0AV2mfg,YouTube 동영상,HQ_HQ_PH_SEA-EN_GA_NU_AD_ACA-PU_260430,M_1844_INTEREST_GENRE_ALL_NONE_260430,2026-05-01,4,KRW,3370,947,11,0,VID,가로형,2026-04-06,A,Character,Combat01A,EN;https://www,260406_VID_A-Character-Combat01A-UA_L_1920x1080_EN,A-Character-Combat01A-UA,https://www.youtube.com/watch?v=2W7-0AV2mfg,"비주얼 임팩트, 캐릭터/유닛 외형",긴박함,TRUE,,없음,"VINESSA, A DARK WIZARD WHO DOMINATES THE FIELD, SOPHIA, REMOVES ALL DEBUFFS! THE KEY TO SURVIVAL, BERNETA, A SYNERGY DEALER THAT PERFECTS YOUR TEAM, PLAY FOR FREE","아트 퀄리티, 캐릭터, 수집형RPG, 전략성",용병 모집,스킬 컷신 연출,마그 탐험대,"Vinessa, Sophia, Berneta",렐릭 탐험 어드벤처,캐릭터별 스킬 특징 강조,전투 및 액션,"텍스트 오버레이, 클로즈업 및 줌",자연/야외 미학,"도전과 승부욕, 수집욕/소유욕","인간형 영웅, SD/치비 캐릭터, 성장 지표","2.5D 입체 그래픽, 2D 일러스트",인게임 전투와 일러스트 교차 편집으로 몰입도 극대화. 캐릭터 스킬 및 시너지로 전략적 호기심 자극. 플레이 영상 기반 안정적 CVR 확보 및 캐릭터 속성 대비 변주 제안.
260406_VID_A-Character-Combat01A-UA_S_1080x1080_EN;https://www.youtube.com/watch?v=jnNAzjzUw8o,YouTube 동영상,HQ_HQ_PH_SEA-EN_GA_NU_AD_ACA-PU_260430,M_1844_INTEREST_GENRE_ALL_NONE_260430,2026-05-01,3,KRW,10804,"3,257",12,0,VID,정방형,2026-04-06,A,Character,Combat01A,EN;https://www,260406_VID_A-Character-Combat01A-UA_S_1080x1080_EN,A-Character-Combat01A-UA,https://www.youtube.com/watch?v=jnNAzjzUw8o,"비주얼 임팩트, 캐릭터/유닛 외형",긴박함,TRUE,,없음,"VINESSA, A DARK WIZARD WHO DOMINATES THE FIELD, SOPHIA, REMOVES ALL DEBUFFS! THE KEY TO SURVIVAL, BERNETA, A SYNERGY DEALER THAT PERFECTS YOUR TEAM, PLAY FOR FREE","아트 퀄리티, 캐릭터, 수집형RPG, 전략성",용병 모집,스킬 컷신 연출,마그 탐험대,"Vinessa, Sophia, Berneta",렐릭 탐험 어드벤처,캐릭터별 스킬 특징 강조,전투 및 액션,"텍스트 오버레이, 클로즈업 및 줌",자연/야외 미학,"도전과 승부욕, 수집욕/소유욕","인간형 영웅, SD/치비 캐릭터, 성장 지표","2.5D 입체 그래픽, 2D 일러스트",SSR 비네사 비주얼을 초반에 배치해 RPG 팬덤 시선 확보. 고퀄리티 애니메이션으로 캐릭터 소유욕을 자극하며 스킬 콤보 시리즈로 소재 확장 가능.
260406_VID_A-Character-Combat01A-UA_V_1080x1920_EN;https://www.youtube.com/watch?v=tHmXhOKu33A,YouTube 동영상,HQ_HQ_PH_SEA-EN_GA_NU_AD_ACA-PU_260430,M_1844_INTEREST_GENRE_ALL_NONE_260430,2026-05-01,5,KRW,5311,"1,178",7,0,VID,세로형,2026-04-06,A,Character,Combat01A,EN;https://www,260406_VID_A-Character-Combat01A-UA_V_1080x1920_EN,A-Character-Combat01A-UA,https://www.youtube.com/watch?v=tHmXhOKu33A,"비주얼 임팩트, 캐릭터/유닛 외형",긴박함,TRUE,,없음,"VINESSA, A DARK WIZARD WHO DOMINATES THE FIELD, SOPHIA, REMOVES ALL DEBUFFS! THE KEY TO SURVIVAL, BERNETA, A SYNERGY DEALER THAT PERFECTS YOUR TEAM, PLAY FOR FREE","아트 퀄리티, 캐릭터, 수집형RPG, 전략성",용병 모집,스킬 컷신 연출,마그 탐험대,"Vinessa, Sophia, Berneta",렐릭 탐험 어드벤처,캐릭터별 스킬 특징 강조,전투 및 액션,"텍스트 오버레이, 클로즈업 및 줌",자연/야외 미학,"도전과 승부욕, 수집욕/소유욕","인간형 영웅, SD/치비 캐릭터, 성장 지표","2.5D 입체 그래픽, 2D 일러스트",숏폼 최적화 세로 분할 화면으로 캐릭터와 전투 연출 강조. 한 손 플레이 선호 심리를 공략하여 틱톡 및 릴스 내 높은 조회수 확보 기대.
260406_VID_A-Character-Combat01B-UA_L_1920x1080_EN;https://www.youtube.com/watch?v=d4rVTfnnYhg,YouTube 동영상,HQ_HQ_PH_SEA-EN_GA_NU_AD_ACA-PU_260430,M_1844_INTEREST_GENRE_ALL_NONE_260430,2026-05-01,8,KRW,17798,"4,540",80,"5,720.20",VID,가로형,2026-04-06,A,Character,Combat01B,EN;https://www,260406_VID_A-Character-Combat01B-UA_L_1920x1080_EN,A-Character-Combat01B-UA,https://www.youtube.com/watch?v=d4rVTfnnYhg,"비주얼 임팩트, 캐릭터/유닛 외형",긴박함,TRUE,,없음,"HUGO, An indomitable warrior..., MONAD, A sage who devastates..., KARBEL, A fiery dealer..., PLAY FOR FREE","전략성, 아트 퀄리티",용병 모집,8인 실시간 전투,마그 탐험대,"Hugo, Monad, Karbel",히어로 수집 육성,,전투 및 액션,"텍스트 오버레이, 클로즈업 및 줌",자연/야외 미학,"도전과 승부욕, 수집욕/소유욕","인간형 영웅, SD/치비 캐릭터, 성장 지표","2.5D 입체 그래픽, 2D 일러스트",16:9 뷰로 넓은 전장과 스킬 강조. 화려한 연출로 타격감 선호 유저 공략. 전투 선호층 대상 높은 전환율 기대.
260406_VID_A-Character-Combat01B-UA_S_1080x1080_EN;https://www.youtube.com/watch?v=tcTIYuJi7pM,YouTube 동영상,HQ_HQ_PH_SEA-EN_GA_NU_AD_ACA-PU_260430,M_1844_INTEREST_GENRE_ALL_NONE_260430,2026-05-01,0,KRW,1229,245,0,0,VID,정방형,2026-04-06,A,Character,Combat01B,EN;https://www,260406_VID_A-Character-Combat01B-UA_S_1080x1080_EN,A-Character-Combat01B-UA,https://www.youtube.com/watch?v=tcTIYuJi7pM,"비주얼 임팩트, 캐릭터/유닛 외형",긴박함,TRUE,,없음,"HUGO, An indomitable warrior..., MONAD, A sage who devastates..., KARBEL, A fiery dealer..., PLAY FOR FREE","전략성, 아트 퀄리티",용병 모집,8인 실시간 전투,마그 탐험대,"Hugo, Monad, Karbel",히어로 수집 육성,,전투 및 액션,"텍스트 오버레이, 클로즈업 및 줌",자연/야외 미학,"도전과 승부욕, 수집욕/소유욕","인간형 영웅, SD/치비 캐릭터, 성장 지표","2.5D 입체 그래픽, 2D 일러스트",소피아의 생존 및 지원 능력과 팀 시너지를 강조해 전략적 유저 공략. 비네사 소재 A/B 테스트로 타겟별 선호 캐릭터 최적화 및 성과 확장 도모.
260406_VID_A-Character-Combat01B-UA_V_1080x1920_EN;https://www.youtube.com/watch?v=rrd-TGZqEqc,YouTube 동영상,HQ_HQ_PH_SEA-EN_GA_NU_AD_ACA-PU_260430,M_1844_INTEREST_GENRE_ALL_NONE_260430,2026-05-01,9,KRW,33420,"5,767",29,0,VID,세로형,2026-04-06,A,Character,Combat01B,EN;https://www,260406_VID_A-Character-Combat01B-UA_V_1080x1920_EN,A-Character-Combat01B-UA,https://www.youtube.com/watch?v=rrd-TGZqEqc,"비주얼 임팩트, 캐릭터/유닛 외형",긴박함,TRUE,,없음,"HUGO, An indomitable warrior..., MONAD, A sage who devastates..., KARBEL, A fiery dealer..., PLAY FOR FREE","전략성, 아트 퀄리티",용병 모집,8인 실시간 전투,마그 탐험대,"Hugo, Monad, Karbel",히어로 수집 육성,,전투 및 액션,"텍스트 오버레이, 클로즈업 및 줌",자연/야외 미학,"도전과 승부욕, 수집욕/소유욕","인간형 영웅, SD/치비 캐릭터, 성장 지표","2.5D 입체 그래픽, 2D 일러스트",직관적인 탱딜힐 구성으로 정통 RPG 유저의 파티 니즈 충족. 역할군 조합의 재미를 텍스트로 보강하여 효율 극대화 기대.
260406_VID_A-Charater-Collection01B-UA_L_1920x1080_EN;https://www.youtube.com/watch?v=rRGCh1x6a6M,YouTube 동영상,HQ_HQ_PH_SEA-EN_GA_NU_AD_ACA-PU_260430,M_1844_INTEREST_GENRE_ALL_NONE_260430,2026-05-01,5,KRW,11800,"3,789",22,0,VID,가로형,2026-04-06,A,Charater,Collection01B,EN;https://www,260406_VID_A-Charater-Collection01B-UA_L_1920x1080_EN,A-Charater-Collection01B-UA,https://www.youtube.com/watch?v=rRGCh1x6a6M,"질문/선택형, 캐릭터/유닛 외형",경쾌함,TRUE,,없음,"CHOOSE YOUR HERO, HUGO, PLAY FOR FREE","아트 퀄리티, 전략성",용병 모집,DIY 픽업 시스템,마그 탐험대,Hugo,히어로 수집 육성,,수집 및 도감,"텍스트 오버레이, 클로즈업 및 줌",심플/클린 UI,"수집욕/소유욕, 만족과 성취감","인간형 영웅, SD/치비 캐릭터","2.5D 입체 그래픽, 2D 일러스트","그리드 UI로 풍부한 캐릭터 풀을 어필해 수집 욕구를 자극하며, 캐릭터 강조 엔드카드를 통해 높은 잔존율을 확보합니다."
260406_VID_A-Charater-Collection01B-UA_V_1080x1920_EN;https://www.youtube.com/watch?v=u5diHTUsSOs,YouTube 동영상,HQ_HQ_PH_SEA-EN_GA_NU_AD_ACA-PU_260430,M_1844_INTEREST_GENRE_ALL_NONE_260430,2026-05-01,0,KRW,364,192,0,0,VID,세로형,2026-04-06,A,Charater,Collection01B,EN;https://www,260406_VID_A-Charater-Collection01B-UA_V_1080x1920_EN,A-Charater-Collection01B-UA,https://www.youtube.com/watch?v=u5diHTUsSOs,"질문/선택형, 캐릭터/유닛 외형",경쾌함,TRUE,,없음,"CHOOSE YOUR HERO, HUGO, PLAY FOR FREE","아트 퀄리티, 전략성",용병 모집,DIY 픽업 시스템,마그 탐험대,Hugo,히어로 수집 육성,캐릭터 픽(Pick) 연출,수집 및 도감,"텍스트 오버레이, 클로즈업 및 줌",심플/클린 UI,"수집욕/소유욕, 만족과 성취감","인간형 영웅, SD/치비 캐릭터","2.5D 입체 그래픽, 2D 일러스트",직접 영웅을 선택하는 인터랙티브 경험으로 기대감 부여. 다양한 영웅 노출을 통해 유저 취향을 공략하고 반복적인 참여 유도.
260406_VID_A-Hooking-Reward02A-FK_L_1920x1080_EN;https://www.youtube.com/watch?v=oRlzfGbT3xY,YouTube 동영상,HQ_HQ_PH_SEA-EN_GA_NU_AD_ACA-PU_260430,M_1844_INTEREST_GENRE_ALL_NONE_260430,2026-05-01,39,KRW,155800,"15,926",122,0,VID,가로형,2026-04-06,A,Hooking,Reward02A,EN;https://www,260406_VID_A-Hooking-Reward02A-FK_L_1920x1080_EN,A-Hooking-Reward02A-FK,https://www.youtube.com/watch?v=oRlzfGbT3xY,"실패/분노 유도, 압도적 보상",긴박함,TRUE,,없음,"Tap here to save him!, Help me!, HELP KARBEL CLEAR, Claim your SR character and rewards worth $100!, PLAY FOR FREE",보상,용병 모집,우호도 시스템,마그 탐험대,카르벨(Karbel),히어로 수집 육성,페이크 플레이(구출 미니게임) 형식 활용,퍼즐 및 논리,"손가락 지시선, 텍스트 오버레이",자연/야외 미학,"도전과 승부욕, 만족과 성취감","SD/치비 캐릭터, 재화/보물상자",2D 일러스트,구출 미니게임 방식을 활용해 시청자 이탈을 방지하고 즉각적인 행동을 유도합니다. 대량의 재화 보상으로 성취감을 자극하여 저단가 트래픽 확보 및 높은 클릭률을 공략합니다.
260406_VID_A-Hooking-Reward02A-FK_S_1080x1080_EN;https://www.youtube.com/watch?v=EgLwtP8WjE4,YouTube 동영상,HQ_HQ_PH_SEA-EN_GA_NU_AD_ACA-PU_260430,M_1844_INTEREST_GENRE_ALL_NONE_260430,2026-05-01,2,KRW,1783,826,17,0,VID,정방형,2026-04-06,A,Hooking,Reward02A,EN;https://www,260406_VID_A-Hooking-Reward02A-FK_S_1080x1080_EN,A-Hooking-Reward02A-FK,https://www.youtube.com/watch?v=EgLwtP8WjE4,"실패/분노 유도, 압도적 보상",긴박함,TRUE,,없음,"Tap here to save him!, Help me!, HELP KARBEL CLEAR, Claim your SR character and rewards worth $100!, PLAY FOR FREE",보상,용병 모집,우호도 시스템,마그 탐험대,카르벨(Karbel),히어로 수집 육성,페이크 플레이(구출 미니게임) 형식 활용,퍼즐 및 논리,"손가락 지시선, 텍스트 오버레이",자연/야외 미학,"도전과 승부욕, 만족과 성취감","SD/치비 캐릭터, 재화/보물상자",2D 일러스트,위기 상황 미션과 100달러 보상으로 유저 참여 및 전환 유도. 쉬운 조작성 강조로 진입 장벽을 낮춰 대량 유입용 런칭 소재로 적합.
260406_VID_A-Hooking-Reward02A-FK_V_1080x1920_EN;https://www.youtube.com/watch?v=b7LsalWUDvQ,YouTube 동영상,HQ_HQ_PH_SEA-EN_GA_NU_AD_ACA-PU_260430,M_1844_INTEREST_GENRE_ALL_NONE_260430,2026-05-01,0,KRW,561,133,0,0,VID,세로형,2026-04-06,A,Hooking,Reward02A,EN;https://www,260406_VID_A-Hooking-Reward02A-FK_V_1080x1920_EN,A-Hooking-Reward02A-FK,https://www.youtube.com/watch?v=b7LsalWUDvQ,"실패/분노 유도, 압도적 보상",긴박함,TRUE,,없음,"Tap here to save him!, Help me!, HELP KARBEL CLEAR, Claim your SR character and rewards worth $100!, PLAY FOR FREE",보상,용병 모집,우호도 시스템,마그 탐험대,카르벨(Karbel),히어로 수집 육성,페이크 플레이(구출 미니게임) 형식 활용,퍼즐 및 논리,"손가락 지시선, 텍스트 오버레이",자연/야외 미학,"도전과 승부욕, 만족과 성취감","SD/치비 캐릭터, 재화/보물상자",2D 일러스트,9:16 세로형 구조로 터치 인터랙션을 극대화하고 FOMO를 자극해 시청 완료율을 높입니다. 캐릭터 활용 및 실패 연출의 A/B 테스트 확장을 제안합니다.
260406_VID_A-Hooking-Reward03A-UA_L_1920x1080_EN;https://www.youtube.com/watch?v=XUrzh1Qrk5w,YouTube 동영상,HQ_HQ_PH_SEA-EN_GA_NU_AD_ACA-PU_260430,M_1844_INTEREST_GENRE_ALL_NONE_260430,2026-05-01,8,KRW,14850,"4,007",67,0,VID,가로형,2026-04-06,A,Hooking,Reward03A,EN;https://www,260406_VID_A-Hooking-Reward03A-UA_L_1920x1080_EN,A-Hooking-Reward03A-UA,https://www.youtube.com/watch?v=XUrzh1Qrk5w,"압도적 보상, 실패/분노 유도",경쾌함,TRUE,,없음,"WARNING Skip and you will lose your $100 rewards, Tap within 5 Seconds, SR, PLAY FOR FREE!, Claim your SR character and rewards worth $100!",보상,용병 모집,,마그 탐험대,Karbel,히어로 수집 육성,$100 가치 혜택 강조,수집 및 도감,"손가락 지시선, 텍스트 오버레이",심플/클린 UI,"만족과 성취감, 수집욕/소유욕","재화/보물상자, SD/치비 캐릭터","2D 일러스트, 2.5D 입체 그래픽","가로 화면을 활용한 화려한 연출로 시각적 몰입감을 높이고, 보상 상실에 대한 FOMO 심리를 자극하여 가로형 매체 타겟 광고 효율을 극대화함."
260406_VID_A-Hooking-Reward03A-UA_S_1080x1080_EN;https://www.youtube.com/watch?v=VGJB5tDWops,YouTube 동영상,HQ_HQ_PH_SEA-EN_GA_NU_AD_ACA-PU_260430,M_1844_INTEREST_GENRE_ALL_NONE_260430,2026-05-01,1,KRW,1286,266,7,0,VID,정방형,2026-04-06,A,Hooking,Reward03A,EN;https://www,260406_VID_A-Hooking-Reward03A-UA_S_1080x1080_EN,A-Hooking-Reward03A-UA,https://www.youtube.com/watch?v=VGJB5tDWops,"압도적 보상, 실패/분노 유도",경쾌함,TRUE,,없음,"WARNING Skip and you will lose your $100 rewards, Tap within 5 Seconds, SR, PLAY FOR FREE!, Claim your SR character and rewards worth $100!",보상,용병 모집,,마그 탐험대,Karbel,히어로 수집 육성,$100 가치 혜택 강조,수집 및 도감,"손가락 지시선, 텍스트 오버레이",심플/클린 UI,"만족과 성취감, 수집욕/소유욕","재화/보물상자, SD/치비 캐릭터","2D 일러스트, 2.5D 입체 그래픽",부정적 후킹과 시간 제한으로 클릭 유도. $100 가치 및 SR 확정으로 수익 구체화. 높은 CVR 예상되며 보상 변주를 통한 라이브 옵스 제안.
260406_VID_A-Hooking-Reward03A-UA_V_1080x1920_EN;https://www.youtube.com/watch?v=jA_HAiz95x4,YouTube 동영상,HQ_HQ_PH_SEA-EN_GA_NU_AD_ACA-PU_260430,M_1844_INTEREST_GENRE_ALL_NONE_260430,2026-05-01,2,KRW,3810,379,2,0,VID,세로형,2026-04-06,A,Hooking,Reward03A,EN;https://www,260406_VID_A-Hooking-Reward03A-UA_V_1080x1920_EN,A-Hooking-Reward03A-UA,https://www.youtube.com/watch?v=jA_HAiz95x4,"압도적 보상, 실패/분노 유도",경쾌함,TRUE,,없음,"WARNING Skip and you will lose your $100 rewards, Tap within 5 Seconds, SR, PLAY FOR FREE!, Claim your SR character and rewards worth $100!",보상,용병 모집,,마그 탐험대,Karbel,히어로 수집 육성,$100 가치 혜택 강조,수집 및 도감,"손가락 지시선, 텍스트 오버레이",심플/클린 UI,"만족과 성취감, 수집욕/소유욕","재화/보물상자, SD/치비 캐릭터","2D 일러스트, 2.5D 입체 그래픽",도발적 문구와 타이머로 이탈을 방지하고 FOMO 심리를 자극함. 보상형 인벤토리 활용을 통해 UA 매체에서 압도적 전환율 달성 기대.
260406_VID_A-Mob-Adventure01A-UA_L_1920x1080_EN;https://www.youtube.com/watch?v=hVmkPdIsz70,YouTube 동영상,HQ_HQ_PH_SEA-EN_GA_NU_AD_ACA-PU_260430,M_1844_INTEREST_GENRE_ALL_NONE_260430,2026-05-01,1,KRW,1042,249,3,0,VID,가로형,2026-04-06,A,Mob,Adventure01A,EN;https://www,260406_VID_A-Mob-Adventure01A-UA_L_1920x1080_EN,A-Mob-Adventure01A-UA,https://www.youtube.com/watch?v=hVmkPdIsz70,"비주얼 임팩트, 성장 비포애프터",긴박함,TRUE,,없음,"WARNING, GOBLINS INCOMING!, Goblins? Easy! Level UP! UP!, Power Boost! BOOM! BOOM!, Strategic deployment!, Get ready for BATTLE!","편의성, 전략성",AFK 기능,8인 실시간 전투,고블린,카르벨,렐릭 탐험 어드벤처,스마트폰 UI 팝업 연출,"시뮬레이션 및 관리, 장애물 및 도전","텍스트 오버레이, 클로즈업 및 줌",자연/야외 미학,"도전과 승부욕, 만족과 성취감","SD/치비 캐릭터, 성장 지표, 군단/대규모 유닛",2.5D 입체 그래픽,16:9 화면 대비로 대규모 전투와 모바일 최적화 강조. 방치형 육성 선호 유저 타겟으로 핵심 시스템 소구 및 브랜딩·퍼포먼스 효율 기대.
260406_VID_A-Mob-Adventure01A-UA_S_1080x1080_EN;https://www.youtube.com/watch?v=LMKl0g6yRJU,YouTube 동영상,HQ_HQ_PH_SEA-EN_GA_NU_AD_ACA-PU_260430,M_1844_INTEREST_GENRE_ALL_NONE_260430,2026-05-01,3,KRW,2873,"1,223",22,0,VID,정방형,2026-04-06,A,Mob,Adventure01A,EN;https://www,260406_VID_A-Mob-Adventure01A-UA_S_1080x1080_EN,A-Mob-Adventure01A-UA,https://www.youtube.com/watch?v=LMKl0g6yRJU,"비주얼 임팩트, 성장 비포애프터",긴박함,TRUE,,없음,"WARNING, GOBLINS INCOMING!, Goblins? Easy! Level UP! UP!, Power Boost! BOOM! BOOM!, Strategic deployment!, Get ready for BATTLE!","편의성, 전략성",AFK 기능,8인 실시간 전투,고블린,카르벨,렐릭 탐험 어드벤처,스마트폰 UI 팝업 연출,"시뮬레이션 및 관리, 장애물 및 도전","텍스트 오버레이, 클로즈업 및 줌",자연/야외 미학,"도전과 승부욕, 참여와 임장감","SD/치비 캐릭터, 성장 지표, 군단/대규모 유닛",2.5D 입체 그래픽,경고 연출로 몰입도를 높이고 쉬운 성장을 강조해 진입 장벽 완화. 대규모 레이드 소재 확장을 통한 중장기 성과 기대.
260406_VID_A-Mob-Adventure01A-UA_V_1080x1920_EN;https://www.youtube.com/watch?v=nIYkYZ-JFj0,YouTube 동영상,HQ_HQ_PH_SEA-EN_GA_NU_AD_ACA-PU_260430,M_1844_INTEREST_GENRE_ALL_NONE_260430,2026-05-01,1,KRW,3408,462,5,0,VID,세로형,2026-04-06,A,Mob,Adventure01A,EN;https://www,260406_VID_A-Mob-Adventure01A-UA_V_1080x1920_EN,A-Mob-Adventure01A-UA,https://www.youtube.com/watch?v=nIYkYZ-JFj0,"비주얼 임팩트, 성장 비포애프터",긴박함,TRUE,,없음,"WARNING, GOBLINS INCOMING!, Goblins? Easy! Level UP! UP!, Power Boost! BOOM! BOOM!, Strategic deployment!, Get ready for BATTLE!","편의성, 전략성",AFK 기능,8인 실시간 전투,고블린,카르벨,렐릭 탐험 어드벤처,스마트폰 UI 팝업 연출,"시뮬레이션 및 관리, 장애물 및 도전","텍스트 오버레이, 클로즈업 및 줌",자연/야외 미학,"도전과 승부욕, 만족과 성취감","SD/치비 캐릭터, 성장 지표, 군단/대규모 유닛",2.5D 입체 그래픽,세로형 피드 최적화 UI와 마을 습격 반전 연출로 이탈 방지. 직관적 레벨업과 전략적 배치 중심의 성장 쾌감을 자극해 숏폼 환경 내 높은 시청 유지율 및 전환율 기대.
Cute but Powerful Squad,광고 제목,HQ_HQ_PH_SEA-EN_GA_NU_AD_ACA-PU_260430,M_1844_INTEREST_GENRE_ALL_NONE_260430_2,2026-05-01,0,KRW,809,265,5,0,TXT,,,,,,,,,,,,,,,,,,,,,,,,,,,,,
Let’s Hunt for Treasure!,광고 제목,HQ_HQ_PH_SEA-EN_GA_NU_AD_ACA-PU_260430,M_1844_INTEREST_GENRE_ALL_NONE_260430_2,2026-05-01,0,KRW,705,457,9,0,TXT,,,,,,,,,,,,,,,,,,,,,,,,,,,,,
Pepp Heroes,광고 제목,HQ_HQ_PH_SEA-EN_GA_NU_AD_ACA-PU_260430,M_1844_INTEREST_GENRE_ALL_NONE_260430_2,2026-05-01,4,KRW,9979,"1,115",61,0,TXT,,,,,,,,,,,,,,,,,,,,,,,,,,,,,
Play for Free,광고 제목,HQ_HQ_PH_SEA-EN_GA_NU_AD_ACA-PU_260430,M_1844_INTEREST_GENRE_ALL_NONE_260430_2,2026-05-01,2,KRW,2751,536,17,0,TXT,,,,,,,,,,,,,,,,,,,,,,,,,,,,,
"Your RPG, In Your Hands",광고 제목,HQ_HQ_PH_SEA-EN_GA_NU_AD_ACA-PU_260430,M_1844_INTEREST_GENRE_ALL_NONE_260430_2,2026-05-01,0,KRW,1621,266,2,0,TXT,,,,,,,,,,,,,,,,,,,,,,,,,,,,,
Adorable Yet Powerful! Collect Heroes With Diverse Charms,설명,HQ_HQ_PH_SEA-EN_GA_NU_AD_ACA-PU_260430,M_1844_INTEREST_GENRE_ALL_NONE_260430_2,2026-05-01,1,KRW,2194,"1,489",33,0,TXT,,,,,,,,,,,,,,,,,,,,,,,,,,,,,
Clock Out and Start Your Treasure Hunt!,설명,HQ_HQ_PH_SEA-EN_GA_NU_AD_ACA-PU_260430,M_1844_INTEREST_GENRE_ALL_NONE_260430_2,2026-05-01,0,KRW,4116,519,29,0,TXT,,,,,,,,,,,,,,,,,,,,,,,,,,,,,
Get Rewards Worth $100! Play Now!,설명,HQ_HQ_PH_SEA-EN_GA_NU_AD_ACA-PU_260430,M_1844_INTEREST_GENRE_ALL_NONE_260430_2,2026-05-01,0,KRW,2001,"1,512",32,0,TXT,,,,,,,,,,,,,,,,,,,,,,,,,,,,,
Strategic Battles With Heroes Full of Personality! Win With Your Own Squad,설명,HQ_HQ_PH_SEA-EN_GA_NU_AD_ACA-PU_260430,M_1844_INTEREST_GENRE_ALL_NONE_260430_2,2026-05-01,0,KRW,615,340,2,0,TXT,,,,,,,,,,,,,,,,,,,,,,,,,,,,,
Unique Hero Skills and Synergies! The Collectible RPG of Endless Team Combinations,설명,HQ_HQ_PH_SEA-EN_GA_NU_AD_ACA-PU_260430,M_1844_INTEREST_GENRE_ALL_NONE_260430_2,2026-05-01,0,KRW,1619,949,10,0,TXT,,,,,,,,,,,,,,,,,,,,,,,,,,,,,
260406_BNR_A-Character-100usd01A-DA_L_1200x628_EN.jpg;https://tpc.googlesyndication.com/simgad/128038747177600361,가로형 이미지,HQ_HQ_PH_SEA-EN_GA_NU_AD_ACA-PU_260430,M_1844_INTEREST_GENRE_ALL_NONE_260430_2,2026-05-01,0,KRW,2,27,0,0,BNR,가로형,2026-04-06,A,Character,100usd01A,EN,260406_BNR_A-Character-100usd01A-DA_L_1200x628_EN,A-Character-100usd01A-DA,https://tpc.googlesyndication.com/simgad/128038747177600361,"압도적 보상, 캐릭터/유닛 외형",,,,,"Pre-registration Event, $100, Pre-register and Earn Rewards Worth $100!, Claim Rewards","보상, 릴리즈 예고",용병 모집(Gacha),사전예약 혜택,마그 탐험대,카르벨(Karbel),히어로 수집 육성,,수집 및 도감,"텍스트 오버레이, 클로즈업 및 줌",심플/클린 UI,"수집욕/소유욕, 만족과 성취감","인간형 영웅, 재화/보물상자","2D 일러스트, 2.5D 입체 그래픽","100달러 가치 강조로 사전예약 전환율을 극대화합니다. 보상 강조를 통해 초반 성장 불안을 해소하며, 향후 보상 아이템 노출을 통해 높은 클릭률을 유도합니다."
260406_BNR_A-Character-100usd01A-DA_S_1200x1200_EN.jpg;https://tpc.googlesyndication.com/simgad/10042032527036690642,가로형 이미지,HQ_HQ_PH_SEA-EN_GA_NU_AD_ACA-PU_260430,M_1844_INTEREST_GENRE_ALL_NONE_260430_2,2026-05-01,0,KRW,1217,560,13,0,BNR,정방형,2026-04-06,A,Character,100usd01A,EN,260406_BNR_A-Character-100usd01A-DA_S_1200x1200_EN,A-Character-100usd01A-DA,https://tpc.googlesyndication.com/simgad/10042032527036690642,"압도적 보상, 캐릭터/유닛 외형",,,,,"Pre-registration Event, $100, Pre-register and Earn Rewards Worth $100!, Claim Rewards","보상, 릴리즈 예고",용병 모집(Gacha),사전예약 혜택,마그 탐험대,카르벨(Karbel),히어로 수집 육성,,수집 및 도감,"텍스트 오버레이, 클로즈업 및 줌",심플/클린 UI,"수집욕/소유욕, 만족과 성취감","인간형 영웅, 재화/보물상자","2D 일러스트, 2.5D 입체 그래픽",정방형 레이아웃과 $100 보상 텍스트로 시인성을 극대화했습니다. 혜택 중심 소구로 스낵 컬처 타겟의 전환을 유도하며 대비를 높인 A/B 테스트를 제안합니다.
260406_BNR_A-Character-Adventure04A-DA_L_1200x628_EN.jpg;https://tpc.googlesyndication.com/simgad/11190732183298883065,가로형 이미지,HQ_HQ_PH_SEA-EN_GA_NU_AD_ACA-PU_260430,M_1844_INTEREST_GENRE_ALL_NONE_260430_2,2026-05-01,0,KRW,1,28,0,0,BNR,가로형,2026-04-06,A,Character,Adventure04A,EN,260406_BNR_A-Character-Adventure04A-DA_L_1200x628_EN,A-Character-Adventure04A-DA,https://tpc.googlesyndication.com/simgad/11190732183298883065,"비주얼 임팩트, 캐릭터/유닛 외형",,,,,PEPP HEROES,"아트 퀄리티, 수집형RPG, 릴리즈 예고","8인 실시간 전투, 수집형 RPG",8인 실시간 전투,"마그 탐험대, 고블린","카르벨(Karbel), 샤일린(Shylin)",히어로 수집 육성,,"전투 및 액션, 장애물 및 도전",텍스트 오버레이,자연/야외 미학,"도전과 승부욕, 참여와 임장감","인간형 영웅, 거대 보스, SD/치비 캐릭터","2.5D 입체 그래픽, 2D 일러스트",SD 영웅과 거대 보스의 대치로 모험심 자극. 정적 RPG 유저에게 액션 소구 및 보상 텍스트로 CTR·CVR 최적화.
260406_BNR_A-Character-Adventure04A-DA_S_1200x1200_EN.jpg;https://tpc.googlesyndication.com/simgad/4078122247307565443,가로형 이미지,HQ_HQ_PH_SEA-EN_GA_NU_AD_ACA-PU_260430,M_1844_INTEREST_GENRE_ALL_NONE_260430_2,2026-05-01,0,KRW,98,169,2,0,BNR,정방형,2026-04-06,A,Character,Adventure04A,EN,260406_BNR_A-Character-Adventure04A-DA_S_1200x1200_EN,A-Character-Adventure04A-DA,https://tpc.googlesyndication.com/simgad/4078122247307565443,"비주얼 임팩트, 캐릭터/유닛 외형",,,,,PEPP HEROES,"아트 퀄리티, 수집형RPG, 릴리즈 예고","8인 실시간 전투, 수집형 RPG",8인 실시간 전투,"마그 탐험대, 고블린","카르벨(Karbel), 샤일린(Shylin)",히어로 수집 육성,,"전투 및 액션, 장애물 및 도전",텍스트 오버레이,자연/야외 미학,"도전과 승부욕, 참여와 임장감","인간형 영웅, 거대 보스, SD/치비 캐릭터","2.5D 입체 그래픽, 2D 일러스트","정방형 규격의 캐릭터 밀집 배치를 통해 스쿼드 일체감을 강조하고, 직업 아이콘 오버레이로 팀 빌딩의 전략적 재미와 영웅의 매력을 소구함."
260406_BNR_A-Character-Adventure04A-DA_V_1200x1500_EN.jpg;https://tpc.googlesyndication.com/simgad/11937984762376226606,가로형 이미지,HQ_HQ_PH_SEA-EN_GA_NU_AD_ACA-PU_260430,M_1844_INTEREST_GENRE_ALL_NONE_260430_2,2026-05-01,0,KRW,0,2,0,0,BNR,세로형,2026-04-06,A,Character,Adventure04A,EN,260406_BNR_A-Character-Adventure04A-DA_V_1200x1500_EN,A-Character-Adventure04A-DA,https://tpc.googlesyndication.com/simgad/11937984762376226606,"비주얼 임팩트, 캐릭터/유닛 외형",,,,,PEPP HEROES,"아트 퀄리티, 수집형RPG, 릴리즈 예고","8인 실시간 전투, 수집형 RPG",8인 실시간 전투,"마그 탐험대, 고블린","카르벨(Karbel), 샤일린(Shylin)",히어로 수집 육성,,"전투 및 액션, 장애물 및 도전",텍스트 오버레이,자연/야외 미학,"도전과 승부욕, 참여와 임장감","인간형 영웅, 거대 보스, SD/치비 캐릭터","2.5D 입체 그래픽, 2D 일러스트",4:5 고정 배너로 가독성 및 브랜드 인지도 제고. 세련된 2D 일러스트로 기술력 신뢰 부여 및 네트워크 광고 효율 극대화. 배경 안개 효과로 후킹력 강화.
260406_BNR_A-Character-Adventure05A-DA_L_1200x628_EN.jpg;https://tpc.googlesyndication.com/simgad/14620542589526622535,가로형 이미지,HQ_HQ_PH_SEA-EN_GA_NU_AD_ACA-PU_260430,M_1844_INTEREST_GENRE_ALL_NONE_260430_2,2026-05-01,0,KRW,0,8,0,0,BNR,가로형,2026-04-06,A,Character,Adventure05A,EN,260406_BNR_A-Character-Adventure05A-DA_L_1200x628_EN,A-Character-Adventure05A-DA,https://tpc.googlesyndication.com/simgad/14620542589526622535,"캐릭터/유닛 외형, 비주얼 임팩트",,,,,Every Hero Needs a Little Pepp,"아트 퀄리티, 수집형RPG, 캐릭터","8인 실시간 전투, 수집형 RPG",렐릭 퀘스트,"마그 탐험대, 고블린","샤일린(Shylin), 카르벨(Karbel)",렐릭 탐험 어드벤처,2.5D 독보적 그래픽 강조,"전투 및 액션, 수집 및 도감","텍스트 오버레이, 클로즈업 및 줌",던전/신전,"수집욕/소유욕, 참여와 임장감","인간형 영웅, SD/치비 캐릭터","2.5D 입체 그래픽, 2D 일러스트",독보적인 2.5D 비주얼과 대립 구도로 정체성 각인. 입체적 모험 선사 및 고퀄리티 아트로 글로벌 CTR 유도. SSR 스킬 컷신 활용해 CVR 극대화 기대.
260406_BNR_A-Character-Adventure05A-DA_S_1200x1200_EN.jpg;https://tpc.googlesyndication.com/simgad/13772335840655466460,가로형 이미지,HQ_HQ_PH_SEA-EN_GA_NU_AD_ACA-PU_260430,M_1844_INTEREST_GENRE_ALL_NONE_260430_2,2026-05-01,0,KRW,392,427,17,0,BNR,정방형,2026-04-06,A,Character,Adventure05A,EN,260406_BNR_A-Character-Adventure05A-DA_S_1200x1200_EN,A-Character-Adventure05A-DA,https://tpc.googlesyndication.com/simgad/13772335840655466460,"캐릭터/유닛 외형, 비주얼 임팩트",,,,,Every Hero Needs a Little Pepp,"아트 퀄리티, 수집형RPG, 캐릭터","8인 실시간 전투, 수집형 RPG",렐릭 퀘스트,"마그 탐험대, 고블린","샤일린(Shylin), 카르벨(Karbel)",렐릭 탐험 어드벤처,2.5D 독보적 그래픽 강조,"전투 및 액션, 수집 및 도감","텍스트 오버레이, 클로즈업 및 줌",던전/신전,"수집욕/소유욕, 참여와 임장감","인간형 영웅, SD/치비 캐릭터","2.5D 입체 그래픽, 2D 일러스트",정방형 규격의 캐릭터 밀집 노출로 수집 재미를 강조함. 영웅 반전 매력 소유욕을 자극하며 피드 최적화로 클릭률 극대화 유도. 보상 텍스트 오버레이로 전환율 보완 필요.
260406_BNR_A-Character-Comics01A-DA_L_1200x628_EN.jpg;https://tpc.googlesyndication.com/simgad/3049438568803176011,가로형 이미지,HQ_HQ_PH_SEA-EN_GA_NU_AD_ACA-PU_260430,M_1844_INTEREST_GENRE_ALL_NONE_260430_2,2026-05-01,0,KRW,41,21,2,0,BNR,가로형,2026-04-06,A,Character,Comics01A,EN,260406_BNR_A-Character-Comics01A-DA_L_1200x628_EN,A-Character-Comics01A-DA,https://tpc.googlesyndication.com/simgad/3049438568803176011,"비주얼 임팩트, 캐릭터/유닛 외형",,,,,"EVERY HERO NEEDS A LITTLE PEPP, PEPP HEROES","아트 퀄리티, 캐릭터, 수집형RPG","용병 모집(Gacha), 8인 실시간 전투",8인 실시간 전투,마그 탐험대,카르벨(Karbel),"히어로 수집 육성, 렐릭 탐험 어드벤처",코믹스 스타일 레이아웃,"수집 및 도감, 전투 및 액션","분할 화면, 텍스트 오버레이",자연/야외 미학,"수집욕/소유욕, 휴식과 힐링","SD/치비 캐릭터, 인간형 영웅",2.5D 입체 그래픽,코믹스 레이아웃과 친근한 아트 스타일로 진입 장벽을 낮추고 개성을 강조함. 가독성 높은 카피로 높은 CTR을 유도하며 SSR 캐릭터 중심의 수집 욕구 자극 전략을 제안함.
260406_BNR_A-Character-Comics01A-DA_S_1200x1200_EN.jpg;https://tpc.googlesyndication.com/simgad/4695384483296336434,가로형 이미지,HQ_HQ_PH_SEA-EN_GA_NU_AD_ACA-PU_260430,M_1844_INTEREST_GENRE_ALL_NONE_260430_2,2026-05-01,0,KRW,0,21,0,0,BNR,정방형,2026-04-06,A,Character,Comics01A,EN,260406_BNR_A-Character-Comics01A-DA_S_1200x1200_EN,A-Character-Comics01A-DA,https://tpc.googlesyndication.com/simgad/4695384483296336434,"비주얼 임팩트, 캐릭터/유닛 외형",,,,,"EVERY HERO NEEDS A LITTLE PEPP, PEPP HEROES","아트 퀄리티, 캐릭터, 수집형RPG","용병 모집(Gacha), 8인 실시간 전투",8인 실시간 전투,마그 탐험대,카르벨(Karbel),"히어로 수집 육성, 렐릭 탐험 어드벤처",코믹스 스타일 레이아웃,"수집 및 도감, 전투 및 액션","분할 화면, 텍스트 오버레이",자연/야외 미학,"수집욕/소유욕, 휴식과 힐링","SD/치비 캐릭터, 인간형 영웅",2.5D 입체 그래픽,십자 분할 레이아웃으로 카피 집중도를 높이고 SD 캐릭터로 수집욕 자극. SNS 최적화 규격으로 유저 유입 유도 및 직업별 변주 제안.
260406_BNR_A-Character-Comics01A-DA_V_1200x1500_EN.jpg;https://tpc.googlesyndication.com/simgad/13581844973087919256,가로형 이미지,HQ_HQ_PH_SEA-EN_GA_NU_AD_ACA-PU_260430,M_1844_INTEREST_GENRE_ALL_NONE_260430_2,2026-05-01,0,KRW,97,5,1,0,BNR,세로형,2026-04-06,A,Character,Comics01A,EN,260406_BNR_A-Character-Comics01A-DA_V_1200x1500_EN,A-Character-Comics01A-DA,https://tpc.googlesyndication.com/simgad/13581844973087919256,"비주얼 임팩트, 캐릭터/유닛 외형",,,,,"EVERY HERO NEEDS A LITTLE PEPP, PEPP HEROES","아트 퀄리티, 캐릭터, 수집형RPG","용병 모집(Gacha), 8인 실시간 전투",8인 실시간 전투,마그 탐험대,카르벨(Karbel),"히어로 수집 육성, 렐릭 탐험 어드벤처",코믹스 스타일 레이아웃,"수집 및 도감, 전투 및 액션","분할 화면, 텍스트 오버레이",자연/야외 미학,"수집욕/소유욕, 휴식과 힐링","SD/치비 캐릭터, 인간형 영웅",2.5D 입체 그래픽,독보적 화풍의 2.5D 그래픽으로 차별화된 비주얼 소구. 세로 규격의 범용성을 활용하며 보스 레이드 테마를 병행해 유저 반응 테스트 및 세그먼트 공략 필요.
260406_BNR_A-Charater-Collection01A-DA_L_1200x628_EN.jpg;https://tpc.googlesyndication.com/simgad/9157278201026773067,가로형 이미지,HQ_HQ_PH_SEA-EN_GA_NU_AD_ACA-PU_260430,M_1844_INTEREST_GENRE_ALL_NONE_260430_2,2026-05-01,0,KRW,191,307,2,0,BNR,가로형,2026-04-06,A,Charater,Collection01A,EN,260406_BNR_A-Charater-Collection01A-DA_L_1200x628_EN,A-Charater-Collection01A-DA,https://tpc.googlesyndication.com/simgad/9157278201026773067,"캐릭터/유닛 외형, 비주얼 임팩트",,,,,"Get Pepp'd, com2us, PEPP HEROES","아트 퀄리티, 캐릭터, 수집형RPG",수집형 RPG,용병 모집(Gacha),마그 탐험대,다수의 SD 영웅,히어로 수집 육성,,수집 및 도감,텍스트 오버레이,심플/클린 UI,수집욕/소유욕,SD/치비 캐릭터,2.5D 입체 그래픽,"'Get Pepp'd' 슬로건과 촘촘한 캐릭터 배치로 방대한 수집성 강조. 2.5D 및 SD 캐릭터로 유저 소유욕 자극 및 높은 CTR 유도, 인기 캐릭터 중심 확장 용이."
260406_BNR_A-Charater-Collection01A-DA_S_1200x1200_EN.jpg;https://tpc.googlesyndication.com/simgad/2322926171558263908,가로형 이미지,HQ_HQ_PH_SEA-EN_GA_NU_AD_ACA-PU_260430,M_1844_INTEREST_GENRE_ALL_NONE_260430_2,2026-05-01,0,KRW,727,561,11,0,BNR,정방형,2026-04-06,A,Charater,Collection01A,EN,260406_BNR_A-Charater-Collection01A-DA_S_1200x1200_EN,A-Charater-Collection01A-DA,https://tpc.googlesyndication.com/simgad/2322926171558263908,"캐릭터/유닛 외형, 비주얼 임팩트",,,,,"Get Pepp'd, com2us, PEPP HEROES","아트 퀄리티, 캐릭터, 수집형RPG",수집형 RPG,용병 모집(Gacha),마그 탐험대,다수의 SD 영웅,히어로 수집 육성,,수집 및 도감,텍스트 오버레이,심플/클린 UI,수집욕/소유욕,SD/치비 캐릭터,2.5D 입체 그래픽,정방형 구도로 캐릭터 밀도와 시각적 풍성함 극대화. SNS 주목도 확보 및 캐릭터 등급 변주를 통한 전환율 개선 기대.
260406_BNR_A-Charater-Collection01A-DA_V_1200x1500_EN.jpg;https://tpc.googlesyndication.com/simgad/5699446522298240409,가로형 이미지,HQ_HQ_PH_SEA-EN_GA_NU_AD_ACA-PU_260430,M_1844_INTEREST_GENRE_ALL_NONE_260430_2,2026-05-01,0,KRW,0,26,0,0,BNR,세로형,2026-04-06,A,Charater,Collection01A,EN,260406_BNR_A-Charater-Collection01A-DA_V_1200x1500_EN,A-Charater-Collection01A-DA,https://tpc.googlesyndication.com/simgad/5699446522298240409,"캐릭터/유닛 외형, 비주얼 임팩트",,,,,"Get Pepp'd, com2us, PEPP HEROES","아트 퀄리티, 캐릭터, 수집형RPG",수집형 RPG,용병 모집(Gacha),마그 탐험대,다수의 SD 영웅,히어로 수집 육성,,수집 및 도감,텍스트 오버레이,심플/클린 UI,수집욕/소유욕,SD/치비 캐릭터,2.5D 입체 그래픽,세로 뷰로 50종 영웅 노출을 극대화하여 전략적 흥미 유발. 무료 소환권 혜택 강조로 전환율 제고 및 안정적 성과 기대.
260406_BNR_A-Mob-Adventure02A-DA_L_1200x628_EN.jpg;https://tpc.googlesyndication.com/simgad/17125206759944352040,가로형 이미지,HQ_HQ_PH_SEA-EN_GA_NU_AD_ACA-PU_260430,M_1844_INTEREST_GENRE_ALL_NONE_260430_2,2026-05-01,0,KRW,3,88,0,0,BNR,가로형,2026-04-06,A,Mob,Adventure02A,EN,260406_BNR_A-Mob-Adventure02A-DA_L_1200x628_EN,A-Mob-Adventure02A-DA,https://tpc.googlesyndication.com/simgad/17125206759944352040,비주얼 임팩트,,,,,PEPP HEROES,"아트 퀄리티, 수집형RPG",5인 분대 전투,거대 보스 레이드,"마그 탐험대, 고블린",,렐릭 탐험 어드벤처,2.5D 입체 월드 강조,"장애물 및 도전, 전투 및 액션",텍스트 오버레이,자연/야외 미학,도전과 승부욕,"거대 보스, SD/치비 캐릭터",2.5D 입체 그래픽,5인 파티 레이드와 SD 캐릭터로 어드벤처 RPG 정체성 강조. 2.5D 그래픽으로 CTR을 높이고 사전예약 보상을 통해 CVR 극대화 유도.
260406_BNR_A-Mob-Adventure02A-DA_S_1200x1200_EN.jpg;https://tpc.googlesyndication.com/simgad/17573267286983610733,가로형 이미지,HQ_HQ_PH_SEA-EN_GA_NU_AD_ACA-PU_260430,M_1844_INTEREST_GENRE_ALL_NONE_260430_2,2026-05-01,0,KRW,19,24,1,0,BNR,정방형,2026-04-06,A,Mob,Adventure02A,EN,260406_BNR_A-Mob-Adventure02A-DA_S_1200x1200_EN,A-Mob-Adventure02A-DA,https://tpc.googlesyndication.com/simgad/17573267286983610733,비주얼 임팩트,,,,,PEPP HEROES,"아트 퀄리티, 수집형RPG",5인 분대 전투,거대 보스 레이드,"마그 탐험대, 고블린",,렐릭 탐험 어드벤처,2.5D 입체 월드 강조,"장애물 및 도전, 전투 및 액션",텍스트 오버레이,자연/야외 미학,도전과 승부욕,"거대 보스, SD/치비 캐릭터",2.5D 입체 그래픽,2.5D 비주얼과 거대 보스 대치 구도로 몰입감 강조. 직접 조작 및 전략 조합을 선호하는 수집형 RPG 유저를 공략해 높은 클릭률과 수집욕 자극 기대.
260406_BNR_A-Mob-Adventure02A-DA_V_1200x1500_EN.jpg;https://tpc.googlesyndication.com/simgad/12487452563763707002,가로형 이미지,HQ_HQ_PH_SEA-EN_GA_NU_AD_ACA-PU_260430,M_1844_INTEREST_GENRE_ALL_NONE_260430_2,2026-05-01,0,KRW,123,116,1,0,BNR,세로형,2026-04-06,A,Mob,Adventure02A,EN,260406_BNR_A-Mob-Adventure02A-DA_V_1200x1500_EN,A-Mob-Adventure02A-DA,https://tpc.googlesyndication.com/simgad/12487452563763707002,비주얼 임팩트,,,,,PEPP HEROES,"아트 퀄리티, 수집형RPG",5인 분대 전투,거대 보스 레이드,"마그 탐험대, 고블린",,렐릭 탐험 어드벤처,2.5D 입체 월드 강조,"장애물 및 도전, 전투 및 액션",텍스트 오버레이,자연/야외 미학,도전과 승부욕,"거대 보스, SD/치비 캐릭터",2.5D 입체 그래픽,초기 핵심 영웅 노출로 수집 재미 강조 및 따뜻한 아트 스타일로 힐링 소구. 방대한 콘텐츠 중심의 텍스트 보강으로 캐주얼 유저 유입 및 잔존율 제고.
260406_VID_A-Character-Collection01B-UA_S_1080x1080_EN;https://www.youtube.com/watch?v=cTfY4JpFc-s,YouTube 동영상,HQ_HQ_PH_SEA-EN_GA_NU_AD_ACA-PU_260430,M_1844_INTEREST_GENRE_ALL_NONE_260430_2,2026-05-01,1,KRW,2227,501,8,0,VID,정방형,2026-04-06,A,Character,Collection01B,EN;https://www,260406_VID_A-Character-Collection01B-UA_S_1080x1080_EN,A-Character-Collection01B-UA,https://www.youtube.com/watch?v=cTfY4JpFc-s,"질문/선택형, 캐릭터/유닛 외형",경쾌함,TRUE,,없음,"CHOOSE YOUR HERO, HUGO, KARBEL, MONAD","캐릭터, 수집형RPG, 전략성",용병 모집(Gacha),DIY 픽업 시스템,마그 탐험대,"휴고, 카르벨, 모나드",히어로 수집 육성,남성 캐릭터 위주 배치,수집 및 도감,"텍스트 오버레이, 분할 화면",심플/클린 UI,수집욕/소유욕,"SD/치비 캐릭터, 인간형 영웅",2D 일러스트,캐릭터 구성 대조를 통한 타겟 취향별 효율 분석. 탱커 및 딜러 중심 덱 선호 심리 공략하며 캐릭터 조합 변주 소재로 리타겟팅 광고 활용 권장.
260406_VID_A-Character-Combat01A-UA_L_1920x1080_EN;https://www.youtube.com/watch?v=2W7-0AV2mfg,YouTube 동영상,HQ_HQ_PH_SEA-EN_GA_NU_AD_ACA-PU_260430,M_1844_INTEREST_GENRE_ALL_NONE_260430_2,2026-05-01,3,KRW,4464,821,17,0,VID,가로형,2026-04-06,A,Character,Combat01A,EN;https://www,260406_VID_A-Character-Combat01A-UA_L_1920x1080_EN,A-Character-Combat01A-UA,https://www.youtube.com/watch?v=2W7-0AV2mfg,"비주얼 임팩트, 캐릭터/유닛 외형",긴박함,TRUE,,없음,"VINESSA, A DARK WIZARD WHO DOMINATES THE FIELD, SOPHIA, REMOVES ALL DEBUFFS! THE KEY TO SURVIVAL, BERNETA, A SYNERGY DEALER THAT PERFECTS YOUR TEAM, PLAY FOR FREE","아트 퀄리티, 캐릭터, 수집형RPG, 전략성",용병 모집,스킬 컷신 연출,마그 탐험대,"Vinessa, Sophia, Berneta",렐릭 탐험 어드벤처,캐릭터별 스킬 특징 강조,전투 및 액션,"텍스트 오버레이, 클로즈업 및 줌",자연/야외 미학,"도전과 승부욕, 수집욕/소유욕","인간형 영웅, SD/치비 캐릭터, 성장 지표","2.5D 입체 그래픽, 2D 일러스트",인게임 전투와 일러스트 교차 편집으로 몰입도 극대화. 캐릭터 스킬 및 시너지로 전략적 호기심 자극. 플레이 영상 기반 안정적 CVR 확보 및 캐릭터 속성 대비 변주 제안.
260406_VID_A-Character-Combat01A-UA_S_1080x1080_EN;https://www.youtube.com/watch?v=jnNAzjzUw8o,YouTube 동영상,HQ_HQ_PH_SEA-EN_GA_NU_AD_ACA-PU_260430,M_1844_INTEREST_GENRE_ALL_NONE_260430_2,2026-05-01,1,KRW,1533,534,3,0,VID,정방형,2026-04-06,A,Character,Combat01A,EN;https://www,260406_VID_A-Character-Combat01A-UA_S_1080x1080_EN,A-Character-Combat01A-UA,https://www.youtube.com/watch?v=jnNAzjzUw8o,"비주얼 임팩트, 캐릭터/유닛 외형",긴박함,TRUE,,없음,"VINESSA, A DARK WIZARD WHO DOMINATES THE FIELD, SOPHIA, REMOVES ALL DEBUFFS! THE KEY TO SURVIVAL, BERNETA, A SYNERGY DEALER THAT PERFECTS YOUR TEAM, PLAY FOR FREE","아트 퀄리티, 캐릭터, 수집형RPG, 전략성",용병 모집,스킬 컷신 연출,마그 탐험대,"Vinessa, Sophia, Berneta",렐릭 탐험 어드벤처,캐릭터별 스킬 특징 강조,전투 및 액션,"텍스트 오버레이, 클로즈업 및 줌",자연/야외 미학,"도전과 승부욕, 수집욕/소유욕","인간형 영웅, SD/치비 캐릭터, 성장 지표","2.5D 입체 그래픽, 2D 일러스트",SSR 비네사 비주얼을 초반에 배치해 RPG 팬덤 시선 확보. 고퀄리티 애니메이션으로 캐릭터 소유욕을 자극하며 스킬 콤보 시리즈로 소재 확장 가능.
260406_VID_A-Character-Combat01A-UA_V_1080x1920_EN;https://www.youtube.com/watch?v=tHmXhOKu33A,YouTube 동영상,HQ_HQ_PH_SEA-EN_GA_NU_AD_ACA-PU_260430,M_1844_INTEREST_GENRE_ALL_NONE_260430_2,2026-05-01,2,KRW,936,381,3,0,VID,세로형,2026-04-06,A,Character,Combat01A,EN;https://www,260406_VID_A-Character-Combat01A-UA_V_1080x1920_EN,A-Character-Combat01A-UA,https://www.youtube.com/watch?v=tHmXhOKu33A,"비주얼 임팩트, 캐릭터/유닛 외형",긴박함,TRUE,,없음,"VINESSA, A DARK WIZARD WHO DOMINATES THE FIELD, SOPHIA, REMOVES ALL DEBUFFS! THE KEY TO SURVIVAL, BERNETA, A SYNERGY DEALER THAT PERFECTS YOUR TEAM, PLAY FOR FREE","아트 퀄리티, 캐릭터, 수집형RPG, 전략성",용병 모집,스킬 컷신 연출,마그 탐험대,"Vinessa, Sophia, Berneta",렐릭 탐험 어드벤처,캐릭터별 스킬 특징 강조,전투 및 액션,"텍스트 오버레이, 클로즈업 및 줌",자연/야외 미학,"도전과 승부욕, 수집욕/소유욕","인간형 영웅, SD/치비 캐릭터, 성장 지표","2.5D 입체 그래픽, 2D 일러스트",숏폼 최적화 세로 분할 화면으로 캐릭터와 전투 연출 강조. 한 손 플레이 선호 심리를 공략하여 틱톡 및 릴스 내 높은 조회수 확보 기대.
260406_VID_A-Character-Combat01B-UA_L_1920x1080_EN;https://www.youtube.com/watch?v=d4rVTfnnYhg,YouTube 동영상,HQ_HQ_PH_SEA-EN_GA_NU_AD_ACA-PU_260430,M_1844_INTEREST_GENRE_ALL_NONE_260430_2,2026-05-01,14,KRW,39545,"9,524",188,"2,954.48",VID,가로형,2026-04-06,A,Character,Combat01B,EN;https://www,260406_VID_A-Character-Combat01B-UA_L_1920x1080_EN,A-Character-Combat01B-UA,https://www.youtube.com/watch?v=d4rVTfnnYhg,"비주얼 임팩트, 캐릭터/유닛 외형",긴박함,TRUE,,없음,"HUGO, An indomitable warrior..., MONAD, A sage who devastates..., KARBEL, A fiery dealer..., PLAY FOR FREE","전략성, 아트 퀄리티",용병 모집,8인 실시간 전투,마그 탐험대,"Hugo, Monad, Karbel",히어로 수집 육성,,전투 및 액션,"텍스트 오버레이, 클로즈업 및 줌",자연/야외 미학,"도전과 승부욕, 수집욕/소유욕","인간형 영웅, SD/치비 캐릭터, 성장 지표","2.5D 입체 그래픽, 2D 일러스트",16:9 뷰로 넓은 전장과 스킬 강조. 화려한 연출로 타격감 선호 유저 공략. 전투 선호층 대상 높은 전환율 기대.
260406_VID_A-Character-Combat01B-UA_S_1080x1080_EN;https://www.youtube.com/watch?v=tcTIYuJi7pM,YouTube 동영상,HQ_HQ_PH_SEA-EN_GA_NU_AD_ACA-PU_260430,M_1844_INTEREST_GENRE_ALL_NONE_260430_2,2026-05-01,1,KRW,407,109,1,0,VID,정방형,2026-04-06,A,Character,Combat01B,EN;https://www,260406_VID_A-Character-Combat01B-UA_S_1080x1080_EN,A-Character-Combat01B-UA,https://www.youtube.com/watch?v=tcTIYuJi7pM,"비주얼 임팩트, 캐릭터/유닛 외형",긴박함,TRUE,,없음,"HUGO, An indomitable warrior..., MONAD, A sage who devastates..., KARBEL, A fiery dealer..., PLAY FOR FREE","전략성, 아트 퀄리티",용병 모집,8인 실시간 전투,마그 탐험대,"Hugo, Monad, Karbel",히어로 수집 육성,,전투 및 액션,"텍스트 오버레이, 클로즈업 및 줌",자연/야외 미학,"도전과 승부욕, 수집욕/소유욕","인간형 영웅, SD/치비 캐릭터, 성장 지표","2.5D 입체 그래픽, 2D 일러스트",소피아의 생존 및 지원 능력과 팀 시너지를 강조해 전략적 유저 공략. 비네사 소재 A/B 테스트로 타겟별 선호 캐릭터 최적화 및 성과 확장 도모.
260406_VID_A-Character-Combat01B-UA_V_1080x1920_EN;https://www.youtube.com/watch?v=rrd-TGZqEqc,YouTube 동영상,HQ_HQ_PH_SEA-EN_GA_NU_AD_ACA-PU_260430,M_1844_INTEREST_GENRE_ALL_NONE_260430_2,2026-05-01,1,KRW,5557,"1,195",6,0,VID,세로형,2026-04-06,A,Character,Combat01B,EN;https://www,260406_VID_A-Character-Combat01B-UA_V_1080x1920_EN,A-Character-Combat01B-UA,https://www.youtube.com/watch?v=rrd-TGZqEqc,"비주얼 임팩트, 캐릭터/유닛 외형",긴박함,TRUE,,없음,"HUGO, An indomitable warrior..., MONAD, A sage who devastates..., KARBEL, A fiery dealer..., PLAY FOR FREE","전략성, 아트 퀄리티",용병 모집,8인 실시간 전투,마그 탐험대,"Hugo, Monad, Karbel",히어로 수집 육성,,전투 및 액션,"텍스트 오버레이, 클로즈업 및 줌",자연/야외 미학,"도전과 승부욕, 수집욕/소유욕","인간형 영웅, SD/치비 캐릭터, 성장 지표","2.5D 입체 그래픽, 2D 일러스트",직관적인 탱딜힐 구성으로 정통 RPG 유저의 파티 니즈 충족. 역할군 조합의 재미를 텍스트로 보강하여 효율 극대화 기대.
260406_VID_A-Charater-Collection01B-UA_L_1920x1080_EN;https://www.youtube.com/watch?v=rRGCh1x6a6M,YouTube 동영상,HQ_HQ_PH_SEA-EN_GA_NU_AD_ACA-PU_260430,M_1844_INTEREST_GENRE_ALL_NONE_260430_2,2026-05-01,1,KRW,7629,"2,064",22,0,VID,가로형,2026-04-06,A,Charater,Collection01B,EN;https://www,260406_VID_A-Charater-Collection01B-UA_L_1920x1080_EN,A-Charater-Collection01B-UA,https://www.youtube.com/watch?v=rRGCh1x6a6M,"질문/선택형, 캐릭터/유닛 외형",경쾌함,TRUE,,없음,"CHOOSE YOUR HERO, HUGO, PLAY FOR FREE","아트 퀄리티, 전략성",용병 모집,DIY 픽업 시스템,마그 탐험대,Hugo,히어로 수집 육성,,수집 및 도감,"텍스트 오버레이, 클로즈업 및 줌",심플/클린 UI,"수집욕/소유욕, 만족과 성취감","인간형 영웅, SD/치비 캐릭터","2.5D 입체 그래픽, 2D 일러스트","그리드 UI로 풍부한 캐릭터 풀을 어필해 수집 욕구를 자극하며, 캐릭터 강조 엔드카드를 통해 높은 잔존율을 확보합니다."
260406_VID_A-Charater-Collection01B-UA_V_1080x1920_EN;https://www.youtube.com/watch?v=u5diHTUsSOs,YouTube 동영상,HQ_HQ_PH_SEA-EN_GA_NU_AD_ACA-PU_260430,M_1844_INTEREST_GENRE_ALL_NONE_260430_2,2026-05-01,1,KRW,294,100,0,0,VID,세로형,2026-04-06,A,Charater,Collection01B,EN;https://www,260406_VID_A-Charater-Collection01B-UA_V_1080x1920_EN,A-Charater-Collection01B-UA,https://www.youtube.com/watch?v=u5diHTUsSOs,"질문/선택형, 캐릭터/유닛 외형",경쾌함,TRUE,,없음,"CHOOSE YOUR HERO, HUGO, PLAY FOR FREE","아트 퀄리티, 전략성",용병 모집,DIY 픽업 시스템,마그 탐험대,Hugo,히어로 수집 육성,캐릭터 픽(Pick) 연출,수집 및 도감,"텍스트 오버레이, 클로즈업 및 줌",심플/클린 UI,"수집욕/소유욕, 만족과 성취감","인간형 영웅, SD/치비 캐릭터","2.5D 입체 그래픽, 2D 일러스트",직접 영웅을 선택하는 인터랙티브 경험으로 기대감 부여. 다양한 영웅 노출을 통해 유저 취향을 공략하고 반복적인 참여 유도.
260406_VID_A-Hooking-Reward02A-FK_L_1920x1080_EN;https://www.youtube.com/watch?v=oRlzfGbT3xY,YouTube 동영상,HQ_HQ_PH_SEA-EN_GA_NU_AD_ACA-PU_260430,M_1844_INTEREST_GENRE_ALL_NONE_260430_2,2026-05-01,7,KRW,59649,"8,856",82,0,VID,가로형,2026-04-06,A,Hooking,Reward02A,EN;https://www,260406_VID_A-Hooking-Reward02A-FK_L_1920x1080_EN,A-Hooking-Reward02A-FK,https://www.youtube.com/watch?v=oRlzfGbT3xY,"실패/분노 유도, 압도적 보상",긴박함,TRUE,,없음,"Tap here to save him!, Help me!, HELP KARBEL CLEAR, Claim your SR character and rewards worth $100!, PLAY FOR FREE",보상,용병 모집,우호도 시스템,마그 탐험대,카르벨(Karbel),히어로 수집 육성,페이크 플레이(구출 미니게임) 형식 활용,퍼즐 및 논리,"손가락 지시선, 텍스트 오버레이",자연/야외 미학,"도전과 승부욕, 만족과 성취감","SD/치비 캐릭터, 재화/보물상자",2D 일러스트,구출 미니게임 방식을 활용해 시청자 이탈을 방지하고 즉각적인 행동을 유도합니다. 대량의 재화 보상으로 성취감을 자극하여 저단가 트래픽 확보 및 높은 클릭률을 공략합니다.
260406_VID_A-Hooking-Reward02A-FK_S_1080x1080_EN;https://www.youtube.com/watch?v=EgLwtP8WjE4,YouTube 동영상,HQ_HQ_PH_SEA-EN_GA_NU_AD_ACA-PU_260430,M_1844_INTEREST_GENRE_ALL_NONE_260430_2,2026-05-01,0,KRW,1849,470,1,0,VID,정방형,2026-04-06,A,Hooking,Reward02A,EN;https://www,260406_VID_A-Hooking-Reward02A-FK_S_1080x1080_EN,A-Hooking-Reward02A-FK,https://www.youtube.com/watch?v=EgLwtP8WjE4,"실패/분노 유도, 압도적 보상",긴박함,TRUE,,없음,"Tap here to save him!, Help me!, HELP KARBEL CLEAR, Claim your SR character and rewards worth $100!, PLAY FOR FREE",보상,용병 모집,우호도 시스템,마그 탐험대,카르벨(Karbel),히어로 수집 육성,페이크 플레이(구출 미니게임) 형식 활용,퍼즐 및 논리,"손가락 지시선, 텍스트 오버레이",자연/야외 미학,"도전과 승부욕, 만족과 성취감","SD/치비 캐릭터, 재화/보물상자",2D 일러스트,위기 상황 미션과 100달러 보상으로 유저 참여 및 전환 유도. 쉬운 조작성 강조로 진입 장벽을 낮춰 대량 유입용 런칭 소재로 적합.
260406_VID_A-Hooking-Reward02A-FK_V_1080x1920_EN;https://www.youtube.com/watch?v=b7LsalWUDvQ,YouTube 동영상,HQ_HQ_PH_SEA-EN_GA_NU_AD_ACA-PU_260430,M_1844_INTEREST_GENRE_ALL_NONE_260430_2,2026-05-01,0,KRW,252,64,1,0,VID,세로형,2026-04-06,A,Hooking,Reward02A,EN;https://www,260406_VID_A-Hooking-Reward02A-FK_V_1080x1920_EN,A-Hooking-Reward02A-FK,https://www.youtube.com/watch?v=b7LsalWUDvQ,"실패/분노 유도, 압도적 보상",긴박함,TRUE,,없음,"Tap here to save him!, Help me!, HELP KARBEL CLEAR, Claim your SR character and rewards worth $100!, PLAY FOR FREE",보상,용병 모집,우호도 시스템,마그 탐험대,카르벨(Karbel),히어로 수집 육성,페이크 플레이(구출 미니게임) 형식 활용,퍼즐 및 논리,"손가락 지시선, 텍스트 오버레이",자연/야외 미학,"도전과 승부욕, 만족과 성취감","SD/치비 캐릭터, 재화/보물상자",2D 일러스트,9:16 세로형 구조로 터치 인터랙션을 극대화하고 FOMO를 자극해 시청 완료율을 높입니다. 캐릭터 활용 및 실패 연출의 A/B 테스트 확장을 제안합니다.
260406_VID_A-Hooking-Reward03A-UA_L_1920x1080_EN;https://www.youtube.com/watch?v=XUrzh1Qrk5w,YouTube 동영상,HQ_HQ_PH_SEA-EN_GA_NU_AD_ACA-PU_260430,M_1844_INTEREST_GENRE_ALL_NONE_260430_2,2026-05-01,0,KRW,4947,990,16,0,VID,가로형,2026-04-06,A,Hooking,Reward03A,EN;https://www,260406_VID_A-Hooking-Reward03A-UA_L_1920x1080_EN,A-Hooking-Reward03A-UA,https://www.youtube.com/watch?v=XUrzh1Qrk5w,"압도적 보상, 실패/분노 유도",경쾌함,TRUE,,없음,"WARNING Skip and you will lose your $100 rewards, Tap within 5 Seconds, SR, PLAY FOR FREE!, Claim your SR character and rewards worth $100!",보상,용병 모집,,마그 탐험대,Karbel,히어로 수집 육성,$100 가치 혜택 강조,수집 및 도감,"손가락 지시선, 텍스트 오버레이",심플/클린 UI,"만족과 성취감, 수집욕/소유욕","재화/보물상자, SD/치비 캐릭터","2D 일러스트, 2.5D 입체 그래픽","가로 화면을 활용한 화려한 연출로 시각적 몰입감을 높이고, 보상 상실에 대한 FOMO 심리를 자극하여 가로형 매체 타겟 광고 효율을 극대화함."
260406_VID_A-Hooking-Reward03A-UA_S_1080x1080_EN;https://www.youtube.com/watch?v=VGJB5tDWops,YouTube 동영상,HQ_HQ_PH_SEA-EN_GA_NU_AD_ACA-PU_260430,M_1844_INTEREST_GENRE_ALL_NONE_260430_2,2026-05-01,0,KRW,704,104,0,0,VID,정방형,2026-04-06,A,Hooking,Reward03A,EN;https://www,260406_VID_A-Hooking-Reward03A-UA_S_1080x1080_EN,A-Hooking-Reward03A-UA,https://www.youtube.com/watch?v=VGJB5tDWops,"압도적 보상, 실패/분노 유도",경쾌함,TRUE,,없음,"WARNING Skip and you will lose your $100 rewards, Tap within 5 Seconds, SR, PLAY FOR FREE!, Claim your SR character and rewards worth $100!",보상,용병 모집,,마그 탐험대,Karbel,히어로 수집 육성,$100 가치 혜택 강조,수집 및 도감,"손가락 지시선, 텍스트 오버레이",심플/클린 UI,"만족과 성취감, 수집욕/소유욕","재화/보물상자, SD/치비 캐릭터","2D 일러스트, 2.5D 입체 그래픽",부정적 후킹과 시간 제한으로 클릭 유도. $100 가치 및 SR 확정으로 수익 구체화. 높은 CVR 예상되며 보상 변주를 통한 라이브 옵스 제안.
260406_VID_A-Hooking-Reward03A-UA_V_1080x1920_EN;https://www.youtube.com/watch?v=jA_HAiz95x4,YouTube 동영상,HQ_HQ_PH_SEA-EN_GA_NU_AD_ACA-PU_260430,M_1844_INTEREST_GENRE_ALL_NONE_260430_2,2026-05-01,1,KRW,515,106,3,0,VID,세로형,2026-04-06,A,Hooking,Reward03A,EN;https://www,260406_VID_A-Hooking-Reward03A-UA_V_1080x1920_EN,A-Hooking-Reward03A-UA,https://www.youtube.com/watch?v=jA_HAiz95x4,"압도적 보상, 실패/분노 유도",경쾌함,TRUE,,없음,"WARNING Skip and you will lose your $100 rewards, Tap within 5 Seconds, SR, PLAY FOR FREE!, Claim your SR character and rewards worth $100!",보상,용병 모집,,마그 탐험대,Karbel,히어로 수집 육성,$100 가치 혜택 강조,수집 및 도감,"손가락 지시선, 텍스트 오버레이",심플/클린 UI,"만족과 성취감, 수집욕/소유욕","재화/보물상자, SD/치비 캐릭터","2D 일러스트, 2.5D 입체 그래픽",도발적 문구와 타이머로 이탈을 방지하고 FOMO 심리를 자극함. 보상형 인벤토리 활용을 통해 UA 매체에서 압도적 전환율 달성 기대.
260406_VID_A-Mob-Adventure01A-UA_L_1920x1080_EN;https://www.youtube.com/watch?v=hVmkPdIsz70,YouTube 동영상,HQ_HQ_PH_SEA-EN_GA_NU_AD_ACA-PU_260430,M_1844_INTEREST_GENRE_ALL_NONE_260430_2,2026-05-01,3,KRW,7840,"1,571",24,0,VID,가로형,2026-04-06,A,Mob,Adventure01A,EN;https://www,260406_VID_A-Mob-Adventure01A-UA_L_1920x1080_EN,A-Mob-Adventure01A-UA,https://www.youtube.com/watch?v=hVmkPdIsz70,"비주얼 임팩트, 성장 비포애프터",긴박함,TRUE,,없음,"WARNING, GOBLINS INCOMING!, Goblins? Easy! Level UP! UP!, Power Boost! BOOM! BOOM!, Strategic deployment!, Get ready for BATTLE!","편의성, 전략성",AFK 기능,8인 실시간 전투,고블린,카르벨,렐릭 탐험 어드벤처,스마트폰 UI 팝업 연출,"시뮬레이션 및 관리, 장애물 및 도전","텍스트 오버레이, 클로즈업 및 줌",자연/야외 미학,"도전과 승부욕, 만족과 성취감","SD/치비 캐릭터, 성장 지표, 군단/대규모 유닛",2.5D 입체 그래픽,16:9 화면 대비로 대규모 전투와 모바일 최적화 강조. 방치형 육성 선호 유저 타겟으로 핵심 시스템 소구 및 브랜딩·퍼포먼스 효율 기대.
260406_VID_A-Mob-Adventure01A-UA_S_1080x1080_EN;https://www.youtube.com/watch?v=LMKl0g6yRJU,YouTube 동영상,HQ_HQ_PH_SEA-EN_GA_NU_AD_ACA-PU_260430,M_1844_INTEREST_GENRE_ALL_NONE_260430_2,2026-05-01,5,KRW,11519,"2,581",42,0,VID,정방형,2026-04-06,A,Mob,Adventure01A,EN;https://www,260406_VID_A-Mob-Adventure01A-UA_S_1080x1080_EN,A-Mob-Adventure01A-UA,https://www.youtube.com/watch?v=LMKl0g6yRJU,"비주얼 임팩트, 성장 비포애프터",긴박함,TRUE,,없음,"WARNING, GOBLINS INCOMING!, Goblins? Easy! Level UP! UP!, Power Boost! BOOM! BOOM!, Strategic deployment!, Get ready for BATTLE!","편의성, 전략성",AFK 기능,8인 실시간 전투,고블린,카르벨,렐릭 탐험 어드벤처,스마트폰 UI 팝업 연출,"시뮬레이션 및 관리, 장애물 및 도전","텍스트 오버레이, 클로즈업 및 줌",자연/야외 미학,"도전과 승부욕, 참여와 임장감","SD/치비 캐릭터, 성장 지표, 군단/대규모 유닛",2.5D 입체 그래픽,경고 연출로 몰입도를 높이고 쉬운 성장을 강조해 진입 장벽 완화. 대규모 레이드 소재 확장을 통한 중장기 성과 기대.
260406_VID_A-Mob-Adventure01A-UA_V_1080x1920_EN;https://www.youtube.com/watch?v=nIYkYZ-JFj0,YouTube 동영상,HQ_HQ_PH_SEA-EN_GA_NU_AD_ACA-PU_260430,M_1844_INTEREST_GENRE_ALL_NONE_260430_2,2026-05-01,0,KRW,1607,241,1,0,VID,세로형,2026-04-06,A,Mob,Adventure01A,EN;https://www,260406_VID_A-Mob-Adventure01A-UA_V_1080x1920_EN,A-Mob-Adventure01A-UA,https://www.youtube.com/watch?v=nIYkYZ-JFj0,"비주얼 임팩트, 성장 비포애프터",긴박함,TRUE,,없음,"WARNING, GOBLINS INCOMING!, Goblins? Easy! Level UP! UP!, Power Boost! BOOM! BOOM!, Strategic deployment!, Get ready for BATTLE!","편의성, 전략성",AFK 기능,8인 실시간 전투,고블린,카르벨,렐릭 탐험 어드벤처,스마트폰 UI 팝업 연출,"시뮬레이션 및 관리, 장애물 및 도전","텍스트 오버레이, 클로즈업 및 줌",자연/야외 미학,"도전과 승부욕, 만족과 성취감","SD/치비 캐릭터, 성장 지표, 군단/대규모 유닛",2.5D 입체 그래픽,세로형 피드 최적화 UI와 마을 습격 반전 연출로 이탈 방지. 직관적 레벨업과 전략적 배치 중심의 성장 쾌감을 자극해 숏폼 환경 내 높은 시청 유지율 및 전환율 기대.
Cute but Powerful Squad,광고 제목,HQ_HQ_PH_US-EN_GA_NU_AD_ACi_260430,M_1844_INTEREST_GENRE_ALL_NONE_260430_3,2026-05-02,6,KRW,10435,667,11,0,TXT,,,,,,,,,,,,,,,,,,,,,,,,,,,,,
Let’s Hunt for Treasure!,광고 제목,HQ_HQ_PH_US-EN_GA_NU_AD_ACi_260430,M_1844_INTEREST_GENRE_ALL_NONE_260430_3,2026-05-02,2,KRW,2601,208,4,0,TXT,,,,,,,,,,,,,,,,,,,,,,,,,,,,,
Pepp Heroes,광고 제목,HQ_HQ_PH_US-EN_GA_NU_AD_ACi_260430,M_1844_INTEREST_GENRE_ALL_NONE_260430_3,2026-05-02,5,KRW,3887,297,8,0,TXT,,,,,,,,,,,,,,,,,,,,,,,,,,,,,
Play for Free,광고 제목,HQ_HQ_PH_US-EN_GA_NU_AD_ACi_260430,M_1844_INTEREST_GENRE_ALL_NONE_260430_3,2026-05-02,3,KRW,2688,373,5,0,TXT,,,,,,,,,,,,,,,,,,,,,,,,,,,,,
"Your RPG, In Your Hands",광고 제목,HQ_HQ_PH_US-EN_GA_NU_AD_ACi_260430,M_1844_INTEREST_GENRE_ALL_NONE_260430_3,2026-05-02,7,KRW,9782,338,20,0,TXT,,,,,,,,,,,,,,,,,,,,,,,,,,,,,
Adorable Yet Powerful! Collect Heroes With Diverse Charms,설명,HQ_HQ_PH_US-EN_GA_NU_AD_ACi_260430,M_1844_INTEREST_GENRE_ALL_NONE_260430_3,2026-05-02,7,KRW,9814,638,14,0,TXT,,,,,,,,,,,,,,,,,,,,,,,,,,,,,
Clock Out and Start Your Treasure Hunt!,설명,HQ_HQ_PH_US-EN_GA_NU_AD_ACi_260430,M_1844_INTEREST_GENRE_ALL_NONE_260430_3,2026-05-02,10,KRW,13363,585,17,0,TXT,,,,,,,,,,,,,,,,,,,,,,,,,,,,,
Get Rewards Worth $100! Play Now!,설명,HQ_HQ_PH_US-EN_GA_NU_AD_ACi_260430,M_1844_INTEREST_GENRE_ALL_NONE_260430_3,2026-05-02,9,KRW,9499,606,15,0,TXT,,,,,,,,,,,,,,,,,,,,,,,,,,,,,
Strategic Battles With Heroes Full of Personality! Win With Your Own Squad,설명,HQ_HQ_PH_US-EN_GA_NU_AD_ACi_260430,M_1844_INTEREST_GENRE_ALL_NONE_260430_3,2026-05-02,8,KRW,10924,661,19,0,TXT,,,,,,,,,,,,,,,,,,,,,,,,,,,,,
Unique Hero Skills and Synergies! The Collectible RPG of Endless Team Combinations,설명,HQ_HQ_PH_US-EN_GA_NU_AD_ACi_260430,M_1844_INTEREST_GENRE_ALL_NONE_260430_3,2026-05-02,10,KRW,14921,642,19,0,TXT,,,,,,,,,,,,,,,,,,,,,,,,,,,,,
260429_BNR_A-AI-Defeatmonster01A-DA_L_1200x628_EN.png;https://tpc.googlesyndication.com/simgad/5874425896871501801,가로형 이미지,HQ_HQ_PH_US-EN_GA_NU_AD_ACi_260430,M_1844_INTEREST_GENRE_ALL_NONE_260430_3,2026-05-02,4,KRW,8414,360,18,0,BNR,가로형,2026-04-29,A,AI,Defeatmonster01A,EN,260429_BNR_A-AI-Defeatmonster01A-DA_L_1200x628_EN,A-AI-Defeatmonster01A-DA,https://tpc.googlesyndication.com/simgad/5874425896871501801,비주얼 임팩트,웅장함,,,,,아트 퀄리티,영지 빌딩,8인 실시간 전투,마그 탐험대,,어드벤처,,탐험 및 발견,클로즈업 및 줌,자연/야외 미학,만족과 성취감,인간형 영웅,2D 일러스트,성취감 테마를 통해 기존 RPG 유저의 도전 욕구를 충족시키며 클릭을 유도함.
260429_BNR_A-AI-Defeatmonster01A-DA_S_1200x1200_EN.png;https://tpc.googlesyndication.com/simgad/17279094099779978431,가로형 이미지,HQ_HQ_PH_US-EN_GA_NU_AD_ACi_260430,M_1844_INTEREST_GENRE_ALL_NONE_260430_3,2026-05-02,0,KRW,1131,45,1,0,BNR,정방형,2026-04-29,A,AI,Defeatmonster01A,EN,260429_BNR_A-AI-Defeatmonster01A-DA_S_1200x1200_EN,A-AI-Defeatmonster01A-DA,https://tpc.googlesyndication.com/simgad/17279094099779978431,비주얼 임팩트,웅장함,,,,,아트 퀄리티,영지 빌딩,8인 실시간 전투,마그 탐험대,,어드벤처,,탐험 및 발견,클로즈업 및 줌,자연/야외 미학,만족과 성취감,인간형 영웅,2D 일러스트,성취감 테마를 통해 기존 RPG 유저의 도전 욕구를 충족시키며 클릭을 유도함.
260429_BNR_A-AI-Defeatmonster01A-DA_V_1200x1500_EN.png;https://tpc.googlesyndication.com/simgad/15179255730540632041,가로형 이미지,HQ_HQ_PH_US-EN_GA_NU_AD_ACi_260430,M_1844_INTEREST_GENRE_ALL_NONE_260430_3,2026-05-02,1,KRW,1560,37,1,0,BNR,세로형,2026-04-29,A,AI,Defeatmonster01A,EN,260429_BNR_A-AI-Defeatmonster01A-DA_V_1200x1500_EN,A-AI-Defeatmonster01A-DA,https://tpc.googlesyndication.com/simgad/15179255730540632041,비주얼 임팩트,웅장함,,,,,아트 퀄리티,영지 빌딩,8인 실시간 전투,마그 탐험대,,어드벤처,,탐험 및 발견,클로즈업 및 줌,자연/야외 미학,만족과 성취감,인간형 영웅,2D 일러스트,성취감 테마를 통해 기존 RPG 유저의 도전 욕구를 충족시키며 클릭을 유도함.
260429_BNR_A-AI-Favoritehero01A-DA_L_1200x628_EN.png;https://tpc.googlesyndication.com/simgad/1998466068806704912,가로형 이미지,HQ_HQ_PH_US-EN_GA_NU_AD_ACi_260430,M_1844_INTEREST_GENRE_ALL_NONE_260430_3,2026-05-02,0,KRW,7,7,0,0,BNR,가로형,2026-04-29,A,AI,Favoritehero01A,EN,260429_BNR_A-AI-Favoritehero01A-DA_L_1200x628_EN,A-AI-Favoritehero01A-DA,https://tpc.googlesyndication.com/simgad/1998466068806704912,"질문/선택형, 캐릭터/유닛 외형",경쾌함,,,,"Who is your favorite hero?, VS, PLAY FOR FREE",아트 퀄리티,용병 모집,DIY 픽업 시스템,마그 탐험대,샤일린,히어로 수집 육성,,수집 및 도감,"분할 화면, 텍스트 오버레이",자연/야외 미학,수집욕/소유욕,"인간형 영웅, SD/치비 캐릭터",2D 일러스트,대조되는 속성의 캐릭터를 배치한 질문형 카피로 유저의 취향과 수집욕을 자극함.
260429_BNR_A-AI-Favoritehero01A-DA_S_1200x1200_EN.png;https://tpc.googlesyndication.com/simgad/5513864076699612430,가로형 이미지,HQ_HQ_PH_US-EN_GA_NU_AD_ACi_260430,M_1844_INTEREST_GENRE_ALL_NONE_260430_3,2026-05-02,1,KRW,2264,44,2,0,BNR,정방형,2026-04-29,A,AI,Favoritehero01A,EN,260429_BNR_A-AI-Favoritehero01A-DA_S_1200x1200_EN,A-AI-Favoritehero01A-DA,https://tpc.googlesyndication.com/simgad/5513864076699612430,"질문/선택형, 캐릭터/유닛 외형",경쾌함,,,,"Who is your favorite hero?, VS, PLAY FOR FREE",아트 퀄리티,용병 모집,DIY 픽업 시스템,마그 탐험대,샤일린,히어로 수집 육성,,수집 및 도감,"분할 화면, 텍스트 오버레이",자연/야외 미학,수집욕/소유욕,"인간형 영웅, SD/치비 캐릭터",2D 일러스트,대조되는 속성의 캐릭터를 배치한 질문형 카피로 유저의 취향과 수집욕을 자극함.
260429_BNR_A-AI-Favoritehero01A-DA_V_1200x1500_EN.png;https://tpc.googlesyndication.com/simgad/14656330935303652945,가로형 이미지,HQ_HQ_PH_US-EN_GA_NU_AD_ACi_260430,M_1844_INTEREST_GENRE_ALL_NONE_260430_3,2026-05-02,0,KRW,0,2,0,0,BNR,세로형,2026-04-29,A,AI,Favoritehero01A,EN,260429_BNR_A-AI-Favoritehero01A-DA_V_1200x1500_EN,A-AI-Favoritehero01A-DA,https://tpc.googlesyndication.com/simgad/14656330935303652945,"질문/선택형, 캐릭터/유닛 외형",경쾌함,,,,"Who is your favorite hero?, VS, PLAY FOR FREE",아트 퀄리티,용병 모집,DIY 픽업 시스템,마그 탐험대,샤일린,히어로 수집 육성,,수집 및 도감,"분할 화면, 텍스트 오버레이",자연/야외 미학,수집욕/소유욕,"인간형 영웅, SD/치비 캐릭터",2D 일러스트,대조되는 속성의 캐릭터를 배치한 질문형 카피로 유저의 취향과 수집욕을 자극함.
260429_BNR_A-AI-Favoritehero01B-DA_L_1200x628_EN.png;https://tpc.googlesyndication.com/simgad/13430850387343170645,가로형 이미지,HQ_HQ_PH_US-EN_GA_NU_AD_ACi_260430,M_1844_INTEREST_GENRE_ALL_NONE_260430_3,2026-05-02,0,KRW,34,29,0,0,BNR,가로형,2026-04-29,A,AI,Favoritehero01B,EN,260429_BNR_A-AI-Favoritehero01B-DA_L_1200x628_EN,A-AI-Favoritehero01B-DA,https://tpc.googlesyndication.com/simgad/13430850387343170645,"질문/선택형, 캐릭터/유닛 외형",,,,,"Who is your favorite hero?, VS, PLAY FOR FREE",아트 퀄리티,용병 모집,DIY 픽업 시스템,마그 탐험대,카르벨,히어로 수집 육성,,수집 및 도감,"분할 화면, 텍스트 오버레이",던전/신전,수집욕/소유욕,인간형 영웅,2D 일러스트,대조되는 속성의 캐릭터를 배치한 질문형 카피로 유저의 취향과 수집욕을 자극함.
260429_BNR_A-AI-Favoritehero01B-DA_S_1200x1200_EN.png;https://tpc.googlesyndication.com/simgad/4869773213661551192,가로형 이미지,HQ_HQ_PH_US-EN_GA_NU_AD_ACi_260430,M_1844_INTEREST_GENRE_ALL_NONE_260430_3,2026-05-02,1,KRW,1881,27,2,0,BNR,정방형,2026-04-29,A,AI,Favoritehero01B,EN,260429_BNR_A-AI-Favoritehero01B-DA_S_1200x1200_EN,A-AI-Favoritehero01B-DA,https://tpc.googlesyndication.com/simgad/4869773213661551192,"질문/선택형, 캐릭터/유닛 외형",,,,,"Who is your favorite hero?, VS, PLAY FOR FREE",아트 퀄리티,용병 모집,DIY 픽업 시스템,마그 탐험대,카르벨,히어로 수집 육성,,수집 및 도감,"분할 화면, 텍스트 오버레이",던전/신전,수집욕/소유욕,인간형 영웅,2D 일러스트,대조되는 속성의 캐릭터를 배치한 질문형 카피로 유저의 취향과 수집욕을 자극함.
260429_BNR_A-AI-Favoritehero01B-DA_V_1200x1500_EN.png;https://tpc.googlesyndication.com/simgad/3790660926335306230,가로형 이미지,HQ_HQ_PH_US-EN_GA_NU_AD_ACi_260430,M_1844_INTEREST_GENRE_ALL_NONE_260430_3,2026-05-02,0,KRW,1201,62,0,0,BNR,세로형,2026-04-29,A,AI,Favoritehero01B,EN,260429_BNR_A-AI-Favoritehero01B-DA_V_1200x1500_EN,A-AI-Favoritehero01B-DA,https://tpc.googlesyndication.com/simgad/3790660926335306230,"질문/선택형, 캐릭터/유닛 외형",,,,,"Who is your favorite hero?, VS, PLAY FOR FREE",아트 퀄리티,용병 모집,DIY 픽업 시스템,마그 탐험대,카르벨,히어로 수집 육성,,수집 및 도감,"분할 화면, 텍스트 오버레이",던전/신전,수집욕/소유욕,인간형 영웅,2D 일러스트,대조되는 속성의 캐릭터를 배치한 질문형 카피로 유저의 취향과 수집욕을 자극함.
260429_BNR_A-AI-Victory01A-DA_L_1200x628_EN.png;https://tpc.googlesyndication.com/simgad/17680799217874309764,가로형 이미지,HQ_HQ_PH_US-EN_GA_NU_AD_ACi_260430,M_1844_INTEREST_GENRE_ALL_NONE_260430_3,2026-05-02,12,KRW,17549,513,26,0,BNR,가로형,2026-04-29,A,AI,Victory01A,EN,260429_BNR_A-AI-Victory01A-DA_L_1200x628_EN,A-AI-Victory01A-DA,https://tpc.googlesyndication.com/simgad/17680799217874309764,"비주얼 임팩트, 압도적 보상",,,,,"VICTORY!, Crush The Monsters With the Top Squad, PLAY FREE","보상, 전략성",스쿼드 전투,보스 레이드,마그 탐험대,카르벨,렐릭 탐험 어드벤처,,"전투 및 액션, 장애물 및 도전",텍스트 오버레이,던전/신전,만족과 성취감,"인간형 영웅, 거대 보스, 재화/보물상자",2D 일러스트,보스 토벌 후 쏟아지는 재화 연출로 성취감을 주고 파티 편성 로망을 자극함.
260429_BNR_A-AI-Victory01A-DA_S_1200x1200_EN.png;https://tpc.googlesyndication.com/simgad/8323476710876020002,가로형 이미지,HQ_HQ_PH_US-EN_GA_NU_AD_ACi_260430,M_1844_INTEREST_GENRE_ALL_NONE_260430_3,2026-05-02,2,KRW,7627,100,5,0,BNR,정방형,2026-04-29,A,AI,Victory01A,EN,260429_BNR_A-AI-Victory01A-DA_S_1200x1200_EN,A-AI-Victory01A-DA,https://tpc.googlesyndication.com/simgad/8323476710876020002,"비주얼 임팩트, 압도적 보상",,,,,"VICTORY!, Crush The Monsters With the Top Squad, PLAY FREE","보상, 전략성",스쿼드 전투,보스 레이드,마그 탐험대,카르벨,렐릭 탐험 어드벤처,,"전투 및 액션, 장애물 및 도전",텍스트 오버레이,던전/신전,만족과 성취감,"인간형 영웅, 거대 보스, 재화/보물상자",2D 일러스트,보스 토벌 후 쏟아지는 재화 연출로 성취감을 주고 파티 편성 로망을 자극함.
260429_BNR_A-AI-Victory01A-DA_V_1200x1500_EN.png;https://tpc.googlesyndication.com/simgad/4104206601493878101,가로형 이미지,HQ_HQ_PH_US-EN_GA_NU_AD_ACi_260430,M_1844_INTEREST_GENRE_ALL_NONE_260430_3,2026-05-02,1,KRW,1199,16,1,0,BNR,세로형,2026-04-29,A,AI,Victory01A,EN,260429_BNR_A-AI-Victory01A-DA_V_1200x1500_EN,A-AI-Victory01A-DA,https://tpc.googlesyndication.com/simgad/4104206601493878101,"비주얼 임팩트, 압도적 보상",,,,,"VICTORY!, Crush The Monsters With the Top Squad, PLAY FREE","보상, 전략성",스쿼드 전투,보스 레이드,마그 탐험대,카르벨,렐릭 탐험 어드벤처,,"전투 및 액션, 장애물 및 도전",텍스트 오버레이,던전/신전,만족과 성취감,"인간형 영웅, 거대 보스, 재화/보물상자",2D 일러스트,보스 토벌 후 쏟아지는 재화 연출로 성취감을 주고 파티 편성 로망을 자극함.
260406_VID_A-Character-Collection01B-UA_S_1080x1080_EN;https://www.youtube.com/watch?v=cTfY4JpFc-s,YouTube 동영상,HQ_HQ_PH_US-EN_GA_NU_AD_ACi_260430,M_1844_INTEREST_GENRE_ALL_NONE_260430_3,2026-05-02,3,KRW,20253,322,16,0,VID,정방형,2026-04-06,A,Character,Collection01B,EN;https://www,260406_VID_A-Character-Collection01B-UA_S_1080x1080_EN,A-Character-Collection01B-UA,https://www.youtube.com/watch?v=cTfY4JpFc-s,"질문/선택형, 캐릭터/유닛 외형",경쾌함,TRUE,,없음,"CHOOSE YOUR HERO, HUGO, KARBEL, MONAD","캐릭터, 수집형RPG, 전략성",용병 모집(Gacha),DIY 픽업 시스템,마그 탐험대,"휴고, 카르벨, 모나드",히어로 수집 육성,남성 캐릭터 위주 배치,수집 및 도감,"텍스트 오버레이, 분할 화면",심플/클린 UI,수집욕/소유욕,"SD/치비 캐릭터, 인간형 영웅",2D 일러스트,캐릭터 구성 대조를 통한 타겟 취향별 효율 분석. 탱커 및 딜러 중심 덱 선호 심리 공략하며 캐릭터 조합 변주 소재로 리타겟팅 광고 활용 권장.
260406_VID_A-Character-Combat01A-UA_L_1920x1080_EN;https://www.youtube.com/watch?v=2W7-0AV2mfg,YouTube 동영상,HQ_HQ_PH_US-EN_GA_NU_AD_ACi_260430,M_1844_INTEREST_GENRE_ALL_NONE_260430_3,2026-05-02,3,KRW,3930,122,6,0,VID,가로형,2026-04-06,A,Character,Combat01A,EN;https://www,260406_VID_A-Character-Combat01A-UA_L_1920x1080_EN,A-Character-Combat01A-UA,https://www.youtube.com/watch?v=2W7-0AV2mfg,"비주얼 임팩트, 캐릭터/유닛 외형",긴박함,TRUE,,없음,"VINESSA, A DARK WIZARD WHO DOMINATES THE FIELD, SOPHIA, REMOVES ALL DEBUFFS! THE KEY TO SURVIVAL, BERNETA, A SYNERGY DEALER THAT PERFECTS YOUR TEAM, PLAY FOR FREE","아트 퀄리티, 캐릭터, 수집형RPG, 전략성",용병 모집,스킬 컷신 연출,마그 탐험대,"Vinessa, Sophia, Berneta",렐릭 탐험 어드벤처,캐릭터별 스킬 특징 강조,전투 및 액션,"텍스트 오버레이, 클로즈업 및 줌",자연/야외 미학,"도전과 승부욕, 수집욕/소유욕","인간형 영웅, SD/치비 캐릭터, 성장 지표","2.5D 입체 그래픽, 2D 일러스트",인게임 전투와 일러스트 교차 편집으로 몰입도 극대화. 캐릭터 스킬 및 시너지로 전략적 호기심 자극. 플레이 영상 기반 안정적 CVR 확보 및 캐릭터 속성 대비 변주 제안.
260406_VID_A-Character-Combat01A-UA_S_1080x1080_EN;https://www.youtube.com/watch?v=jnNAzjzUw8o,YouTube 동영상,HQ_HQ_PH_US-EN_GA_NU_AD_ACi_260430,M_1844_INTEREST_GENRE_ALL_NONE_260430_3,2026-05-02,1,KRW,3177,118,1,0,VID,정방형,2026-04-06,A,Character,Combat01A,EN;https://www,260406_VID_A-Character-Combat01A-UA_S_1080x1080_EN,A-Character-Combat01A-UA,https://www.youtube.com/watch?v=jnNAzjzUw8o,"비주얼 임팩트, 캐릭터/유닛 외형",긴박함,TRUE,,없음,"VINESSA, A DARK WIZARD WHO DOMINATES THE FIELD, SOPHIA, REMOVES ALL DEBUFFS! THE KEY TO SURVIVAL, BERNETA, A SYNERGY DEALER THAT PERFECTS YOUR TEAM, PLAY FOR FREE","아트 퀄리티, 캐릭터, 수집형RPG, 전략성",용병 모집,스킬 컷신 연출,마그 탐험대,"Vinessa, Sophia, Berneta",렐릭 탐험 어드벤처,캐릭터별 스킬 특징 강조,전투 및 액션,"텍스트 오버레이, 클로즈업 및 줌",자연/야외 미학,"도전과 승부욕, 수집욕/소유욕","인간형 영웅, SD/치비 캐릭터, 성장 지표","2.5D 입체 그래픽, 2D 일러스트",SSR 비네사 비주얼을 초반에 배치해 RPG 팬덤 시선 확보. 고퀄리티 애니메이션으로 캐릭터 소유욕을 자극하며 스킬 콤보 시리즈로 소재 확장 가능.
260406_VID_A-Character-Combat01A-UA_V_1080x1920_EN;https://www.youtube.com/watch?v=tHmXhOKu33A,YouTube 동영상,HQ_HQ_PH_US-EN_GA_NU_AD_ACi_260430,M_1844_INTEREST_GENRE_ALL_NONE_260430_3,2026-05-02,0,KRW,1781,89,1,0,VID,세로형,2026-04-06,A,Character,Combat01A,EN;https://www,260406_VID_A-Character-Combat01A-UA_V_1080x1920_EN,A-Character-Combat01A-UA,https://www.youtube.com/watch?v=tHmXhOKu33A,"비주얼 임팩트, 캐릭터/유닛 외형",긴박함,TRUE,,없음,"VINESSA, A DARK WIZARD WHO DOMINATES THE FIELD, SOPHIA, REMOVES ALL DEBUFFS! THE KEY TO SURVIVAL, BERNETA, A SYNERGY DEALER THAT PERFECTS YOUR TEAM, PLAY FOR FREE","아트 퀄리티, 캐릭터, 수집형RPG, 전략성",용병 모집,스킬 컷신 연출,마그 탐험대,"Vinessa, Sophia, Berneta",렐릭 탐험 어드벤처,캐릭터별 스킬 특징 강조,전투 및 액션,"텍스트 오버레이, 클로즈업 및 줌",자연/야외 미학,"도전과 승부욕, 수집욕/소유욕","인간형 영웅, SD/치비 캐릭터, 성장 지표","2.5D 입체 그래픽, 2D 일러스트",숏폼 최적화 세로 분할 화면으로 캐릭터와 전투 연출 강조. 한 손 플레이 선호 심리를 공략하여 틱톡 및 릴스 내 높은 조회수 확보 기대.
260406_VID_A-Character-Combat01B-UA_L_1920x1080_EN;https://www.youtube.com/watch?v=d4rVTfnnYhg,YouTube 동영상,HQ_HQ_PH_US-EN_GA_NU_AD_ACi_260430,M_1844_INTEREST_GENRE_ALL_NONE_260430_3,2026-05-02,2,KRW,7097,335,7,0,VID,가로형,2026-04-06,A,Character,Combat01B,EN;https://www,260406_VID_A-Character-Combat01B-UA_L_1920x1080_EN,A-Character-Combat01B-UA,https://www.youtube.com/watch?v=d4rVTfnnYhg,"비주얼 임팩트, 캐릭터/유닛 외형",긴박함,TRUE,,없음,"HUGO, An indomitable warrior..., MONAD, A sage who devastates..., KARBEL, A fiery dealer..., PLAY FOR FREE","전략성, 아트 퀄리티",용병 모집,8인 실시간 전투,마그 탐험대,"Hugo, Monad, Karbel",히어로 수집 육성,,전투 및 액션,"텍스트 오버레이, 클로즈업 및 줌",자연/야외 미학,"도전과 승부욕, 수집욕/소유욕","인간형 영웅, SD/치비 캐릭터, 성장 지표","2.5D 입체 그래픽, 2D 일러스트",16:9 뷰로 넓은 전장과 스킬 강조. 화려한 연출로 타격감 선호 유저 공략. 전투 선호층 대상 높은 전환율 기대.
260406_VID_A-Character-Combat01B-UA_S_1080x1080_EN;https://www.youtube.com/watch?v=tcTIYuJi7pM,YouTube 동영상,HQ_HQ_PH_US-EN_GA_NU_AD_ACi_260430,M_1844_INTEREST_GENRE_ALL_NONE_260430_3,2026-05-02,3,KRW,6887,149,7,0,VID,정방형,2026-04-06,A,Character,Combat01B,EN;https://www,260406_VID_A-Character-Combat01B-UA_S_1080x1080_EN,A-Character-Combat01B-UA,https://www.youtube.com/watch?v=tcTIYuJi7pM,"비주얼 임팩트, 캐릭터/유닛 외형",긴박함,TRUE,,없음,"HUGO, An indomitable warrior..., MONAD, A sage who devastates..., KARBEL, A fiery dealer..., PLAY FOR FREE","전략성, 아트 퀄리티",용병 모집,8인 실시간 전투,마그 탐험대,"Hugo, Monad, Karbel",히어로 수집 육성,,전투 및 액션,"텍스트 오버레이, 클로즈업 및 줌",자연/야외 미학,"도전과 승부욕, 수집욕/소유욕","인간형 영웅, SD/치비 캐릭터, 성장 지표","2.5D 입체 그래픽, 2D 일러스트",소피아의 생존 및 지원 능력과 팀 시너지를 강조해 전략적 유저 공략. 비네사 소재 A/B 테스트로 타겟별 선호 캐릭터 최적화 및 성과 확장 도모.
260406_VID_A-Character-Combat01B-UA_V_1080x1920_EN;https://www.youtube.com/watch?v=rrd-TGZqEqc,YouTube 동영상,HQ_HQ_PH_US-EN_GA_NU_AD_ACi_260430,M_1844_INTEREST_GENRE_ALL_NONE_260430_3,2026-05-02,2,KRW,9685,273,6,0,VID,세로형,2026-04-06,A,Character,Combat01B,EN;https://www,260406_VID_A-Character-Combat01B-UA_V_1080x1920_EN,A-Character-Combat01B-UA,https://www.youtube.com/watch?v=rrd-TGZqEqc,"비주얼 임팩트, 캐릭터/유닛 외형",긴박함,TRUE,,없음,"HUGO, An indomitable warrior..., MONAD, A sage who devastates..., KARBEL, A fiery dealer..., PLAY FOR FREE","전략성, 아트 퀄리티",용병 모집,8인 실시간 전투,마그 탐험대,"Hugo, Monad, Karbel",히어로 수집 육성,,전투 및 액션,"텍스트 오버레이, 클로즈업 및 줌",자연/야외 미학,"도전과 승부욕, 수집욕/소유욕","인간형 영웅, SD/치비 캐릭터, 성장 지표","2.5D 입체 그래픽, 2D 일러스트",직관적인 탱딜힐 구성으로 정통 RPG 유저의 파티 니즈 충족. 역할군 조합의 재미를 텍스트로 보강하여 효율 극대화 기대.
260406_VID_A-Charater-Collection01B-UA_L_1920x1080_EN;https://www.youtube.com/watch?v=rRGCh1x6a6M,YouTube 동영상,HQ_HQ_PH_US-EN_GA_NU_AD_ACi_260430,M_1844_INTEREST_GENRE_ALL_NONE_260430_3,2026-05-02,2,KRW,8821,296,25,0,VID,가로형,2026-04-06,A,Charater,Collection01B,EN;https://www,260406_VID_A-Charater-Collection01B-UA_L_1920x1080_EN,A-Charater-Collection01B-UA,https://www.youtube.com/watch?v=rRGCh1x6a6M,"질문/선택형, 캐릭터/유닛 외형",경쾌함,TRUE,,없음,"CHOOSE YOUR HERO, HUGO, PLAY FOR FREE","아트 퀄리티, 전략성",용병 모집,DIY 픽업 시스템,마그 탐험대,Hugo,히어로 수집 육성,,수집 및 도감,"텍스트 오버레이, 클로즈업 및 줌",심플/클린 UI,"수집욕/소유욕, 만족과 성취감","인간형 영웅, SD/치비 캐릭터","2.5D 입체 그래픽, 2D 일러스트","그리드 UI로 풍부한 캐릭터 풀을 어필해 수집 욕구를 자극하며, 캐릭터 강조 엔드카드를 통해 높은 잔존율을 확보합니다."
260406_VID_A-Charater-Collection01B-UA_V_1080x1920_EN;https://www.youtube.com/watch?v=u5diHTUsSOs,YouTube 동영상,HQ_HQ_PH_US-EN_GA_NU_AD_ACi_260430,M_1844_INTEREST_GENRE_ALL_NONE_260430_3,2026-05-02,0,KRW,3141,96,4,0,VID,세로형,2026-04-06,A,Charater,Collection01B,EN;https://www,260406_VID_A-Charater-Collection01B-UA_V_1080x1920_EN,A-Charater-Collection01B-UA,https://www.youtube.com/watch?v=u5diHTUsSOs,"질문/선택형, 캐릭터/유닛 외형",경쾌함,TRUE,,없음,"CHOOSE YOUR HERO, HUGO, PLAY FOR FREE","아트 퀄리티, 전략성",용병 모집,DIY 픽업 시스템,마그 탐험대,Hugo,히어로 수집 육성,캐릭터 픽(Pick) 연출,수집 및 도감,"텍스트 오버레이, 클로즈업 및 줌",심플/클린 UI,"수집욕/소유욕, 만족과 성취감","인간형 영웅, SD/치비 캐릭터","2.5D 입체 그래픽, 2D 일러스트",직접 영웅을 선택하는 인터랙티브 경험으로 기대감 부여. 다양한 영웅 노출을 통해 유저 취향을 공략하고 반복적인 참여 유도.
260406_VID_A-Hooking-Reward02A-FK_L_1920x1080_EN;https://www.youtube.com/watch?v=oRlzfGbT3xY,YouTube 동영상,HQ_HQ_PH_US-EN_GA_NU_AD_ACi_260430,M_1844_INTEREST_GENRE_ALL_NONE_260430_3,2026-05-02,2,KRW,6790,240,5,0,VID,가로형,2026-04-06,A,Hooking,Reward02A,EN;https://www,260406_VID_A-Hooking-Reward02A-FK_L_1920x1080_EN,A-Hooking-Reward02A-FK,https://www.youtube.com/watch?v=oRlzfGbT3xY,"실패/분노 유도, 압도적 보상",긴박함,TRUE,,없음,"Tap here to save him!, Help me!, HELP KARBEL CLEAR, Claim your SR character and rewards worth $100!, PLAY FOR FREE",보상,용병 모집,우호도 시스템,마그 탐험대,카르벨(Karbel),히어로 수집 육성,페이크 플레이(구출 미니게임) 형식 활용,퍼즐 및 논리,"손가락 지시선, 텍스트 오버레이",자연/야외 미학,"도전과 승부욕, 만족과 성취감","SD/치비 캐릭터, 재화/보물상자",2D 일러스트,구출 미니게임 방식을 활용해 시청자 이탈을 방지하고 즉각적인 행동을 유도합니다. 대량의 재화 보상으로 성취감을 자극하여 저단가 트래픽 확보 및 높은 클릭률을 공략합니다.
260406_VID_A-Hooking-Reward02A-FK_S_1080x1080_EN;https://www.youtube.com/watch?v=EgLwtP8WjE4,YouTube 동영상,HQ_HQ_PH_US-EN_GA_NU_AD_ACi_260430,M_1844_INTEREST_GENRE_ALL_NONE_260430_3,2026-05-02,0,KRW,1145,60,0,0,VID,정방형,2026-04-06,A,Hooking,Reward02A,EN;https://www,260406_VID_A-Hooking-Reward02A-FK_S_1080x1080_EN,A-Hooking-Reward02A-FK,https://www.youtube.com/watch?v=EgLwtP8WjE4,"실패/분노 유도, 압도적 보상",긴박함,TRUE,,없음,"Tap here to save him!, Help me!, HELP KARBEL CLEAR, Claim your SR character and rewards worth $100!, PLAY FOR FREE",보상,용병 모집,우호도 시스템,마그 탐험대,카르벨(Karbel),히어로 수집 육성,페이크 플레이(구출 미니게임) 형식 활용,퍼즐 및 논리,"손가락 지시선, 텍스트 오버레이",자연/야외 미학,"도전과 승부욕, 만족과 성취감","SD/치비 캐릭터, 재화/보물상자",2D 일러스트,위기 상황 미션과 100달러 보상으로 유저 참여 및 전환 유도. 쉬운 조작성 강조로 진입 장벽을 낮춰 대량 유입용 런칭 소재로 적합.
260406_VID_A-Hooking-Reward02A-FK_V_1080x1920_EN;https://www.youtube.com/watch?v=b7LsalWUDvQ,YouTube 동영상,HQ_HQ_PH_US-EN_GA_NU_AD_ACi_260430,M_1844_INTEREST_GENRE_ALL_NONE_260430_3,2026-05-02,0,KRW,537,25,2,0,VID,세로형,2026-04-06,A,Hooking,Reward02A,EN;https://www,260406_VID_A-Hooking-Reward02A-FK_V_1080x1920_EN,A-Hooking-Reward02A-FK,https://www.youtube.com/watch?v=b7LsalWUDvQ,"실패/분노 유도, 압도적 보상",긴박함,TRUE,,없음,"Tap here to save him!, Help me!, HELP KARBEL CLEAR, Claim your SR character and rewards worth $100!, PLAY FOR FREE",보상,용병 모집,우호도 시스템,마그 탐험대,카르벨(Karbel),히어로 수집 육성,페이크 플레이(구출 미니게임) 형식 활용,퍼즐 및 논리,"손가락 지시선, 텍스트 오버레이",자연/야외 미학,"도전과 승부욕, 만족과 성취감","SD/치비 캐릭터, 재화/보물상자",2D 일러스트,9:16 세로형 구조로 터치 인터랙션을 극대화하고 FOMO를 자극해 시청 완료율을 높입니다. 캐릭터 활용 및 실패 연출의 A/B 테스트 확장을 제안합니다.
260406_VID_A-Hooking-Reward03A-UA_L_1920x1080_EN;https://www.youtube.com/watch?v=XUrzh1Qrk5w,YouTube 동영상,HQ_HQ_PH_US-EN_GA_NU_AD_ACi_260430,M_1844_INTEREST_GENRE_ALL_NONE_260430_3,2026-05-02,2,KRW,3187,209,3,0,VID,가로형,2026-04-06,A,Hooking,Reward03A,EN;https://www,260406_VID_A-Hooking-Reward03A-UA_L_1920x1080_EN,A-Hooking-Reward03A-UA,https://www.youtube.com/watch?v=XUrzh1Qrk5w,"압도적 보상, 실패/분노 유도",경쾌함,TRUE,,없음,"WARNING Skip and you will lose your $100 rewards, Tap within 5 Seconds, SR, PLAY FOR FREE!, Claim your SR character and rewards worth $100!",보상,용병 모집,,마그 탐험대,Karbel,히어로 수집 육성,$100 가치 혜택 강조,수집 및 도감,"손가락 지시선, 텍스트 오버레이",심플/클린 UI,"만족과 성취감, 수집욕/소유욕","재화/보물상자, SD/치비 캐릭터","2D 일러스트, 2.5D 입체 그래픽","가로 화면을 활용한 화려한 연출로 시각적 몰입감을 높이고, 보상 상실에 대한 FOMO 심리를 자극하여 가로형 매체 타겟 광고 효율을 극대화함."
260406_VID_A-Hooking-Reward03A-UA_S_1080x1080_EN;https://www.youtube.com/watch?v=VGJB5tDWops,YouTube 동영상,HQ_HQ_PH_US-EN_GA_NU_AD_ACi_260430,M_1844_INTEREST_GENRE_ALL_NONE_260430_3,2026-05-02,6,KRW,19798,403,18,0,VID,정방형,2026-04-06,A,Hooking,Reward03A,EN;https://www,260406_VID_A-Hooking-Reward03A-UA_S_1080x1080_EN,A-Hooking-Reward03A-UA,https://www.youtube.com/watch?v=VGJB5tDWops,"압도적 보상, 실패/분노 유도",경쾌함,TRUE,,없음,"WARNING Skip and you will lose your $100 rewards, Tap within 5 Seconds, SR, PLAY FOR FREE!, Claim your SR character and rewards worth $100!",보상,용병 모집,,마그 탐험대,Karbel,히어로 수집 육성,$100 가치 혜택 강조,수집 및 도감,"손가락 지시선, 텍스트 오버레이",심플/클린 UI,"만족과 성취감, 수집욕/소유욕","재화/보물상자, SD/치비 캐릭터","2D 일러스트, 2.5D 입체 그래픽",부정적 후킹과 시간 제한으로 클릭 유도. $100 가치 및 SR 확정으로 수익 구체화. 높은 CVR 예상되며 보상 변주를 통한 라이브 옵스 제안.
260406_VID_A-Hooking-Reward03A-UA_V_1080x1920_EN;https://www.youtube.com/watch?v=jA_HAiz95x4,YouTube 동영상,HQ_HQ_PH_US-EN_GA_NU_AD_ACi_260430,M_1844_INTEREST_GENRE_ALL_NONE_260430_3,2026-05-02,4,KRW,26952,494,11,0,VID,세로형,2026-04-06,A,Hooking,Reward03A,EN;https://www,260406_VID_A-Hooking-Reward03A-UA_V_1080x1920_EN,A-Hooking-Reward03A-UA,https://www.youtube.com/watch?v=jA_HAiz95x4,"압도적 보상, 실패/분노 유도",경쾌함,TRUE,,없음,"WARNING Skip and you will lose your $100 rewards, Tap within 5 Seconds, SR, PLAY FOR FREE!, Claim your SR character and rewards worth $100!",보상,용병 모집,,마그 탐험대,Karbel,히어로 수집 육성,$100 가치 혜택 강조,수집 및 도감,"손가락 지시선, 텍스트 오버레이",심플/클린 UI,"만족과 성취감, 수집욕/소유욕","재화/보물상자, SD/치비 캐릭터","2D 일러스트, 2.5D 입체 그래픽",도발적 문구와 타이머로 이탈을 방지하고 FOMO 심리를 자극함. 보상형 인벤토리 활용을 통해 UA 매체에서 압도적 전환율 달성 기대.
260406_VID_A-Mob-Adventure01A-UA_L_1920x1080_EN;https://www.youtube.com/watch?v=hVmkPdIsz70,YouTube 동영상,HQ_HQ_PH_US-EN_GA_NU_AD_ACi_260430,M_1844_INTEREST_GENRE_ALL_NONE_260430_3,2026-05-02,0,KRW,4358,99,0,0,VID,가로형,2026-04-06,A,Mob,Adventure01A,EN;https://www,260406_VID_A-Mob-Adventure01A-UA_L_1920x1080_EN,A-Mob-Adventure01A-UA,https://www.youtube.com/watch?v=hVmkPdIsz70,"비주얼 임팩트, 성장 비포애프터",긴박함,TRUE,,없음,"WARNING, GOBLINS INCOMING!, Goblins? Easy! Level UP! UP!, Power Boost! BOOM! BOOM!, Strategic deployment!, Get ready for BATTLE!","편의성, 전략성",AFK 기능,8인 실시간 전투,고블린,카르벨,렐릭 탐험 어드벤처,스마트폰 UI 팝업 연출,"시뮬레이션 및 관리, 장애물 및 도전","텍스트 오버레이, 클로즈업 및 줌",자연/야외 미학,"도전과 승부욕, 만족과 성취감","SD/치비 캐릭터, 성장 지표, 군단/대규모 유닛",2.5D 입체 그래픽,16:9 화면 대비로 대규모 전투와 모바일 최적화 강조. 방치형 육성 선호 유저 타겟으로 핵심 시스템 소구 및 브랜딩·퍼포먼스 효율 기대.
260406_VID_A-Mob-Adventure01A-UA_S_1080x1080_EN;https://www.youtube.com/watch?v=LMKl0g6yRJU,YouTube 동영상,HQ_HQ_PH_US-EN_GA_NU_AD_ACi_260430,M_1844_INTEREST_GENRE_ALL_NONE_260430_3,2026-05-02,4,KRW,20225,233,20,0,VID,정방형,2026-04-06,A,Mob,Adventure01A,EN;https://www,260406_VID_A-Mob-Adventure01A-UA_S_1080x1080_EN,A-Mob-Adventure01A-UA,https://www.youtube.com/watch?v=LMKl0g6yRJU,"비주얼 임팩트, 성장 비포애프터",긴박함,TRUE,,없음,"WARNING, GOBLINS INCOMING!, Goblins? Easy! Level UP! UP!, Power Boost! BOOM! BOOM!, Strategic deployment!, Get ready for BATTLE!","편의성, 전략성",AFK 기능,8인 실시간 전투,고블린,카르벨,렐릭 탐험 어드벤처,스마트폰 UI 팝업 연출,"시뮬레이션 및 관리, 장애물 및 도전","텍스트 오버레이, 클로즈업 및 줌",자연/야외 미학,"도전과 승부욕, 참여와 임장감","SD/치비 캐릭터, 성장 지표, 군단/대규모 유닛",2.5D 입체 그래픽,경고 연출로 몰입도를 높이고 쉬운 성장을 강조해 진입 장벽 완화. 대규모 레이드 소재 확장을 통한 중장기 성과 기대.
260406_VID_A-Mob-Adventure01A-UA_V_1080x1920_EN;https://www.youtube.com/watch?v=nIYkYZ-JFj0,YouTube 동영상,HQ_HQ_PH_US-EN_GA_NU_AD_ACi_260430,M_1844_INTEREST_GENRE_ALL_NONE_260430_3,2026-05-02,1,KRW,2043,49,5,0,VID,세로형,2026-04-06,A,Mob,Adventure01A,EN;https://www,260406_VID_A-Mob-Adventure01A-UA_V_1080x1920_EN,A-Mob-Adventure01A-UA,https://www.youtube.com/watch?v=nIYkYZ-JFj0,"비주얼 임팩트, 성장 비포애프터",긴박함,TRUE,,없음,"WARNING, GOBLINS INCOMING!, Goblins? Easy! Level UP! UP!, Power Boost! BOOM! BOOM!, Strategic deployment!, Get ready for BATTLE!","편의성, 전략성",AFK 기능,8인 실시간 전투,고블린,카르벨,렐릭 탐험 어드벤처,스마트폰 UI 팝업 연출,"시뮬레이션 및 관리, 장애물 및 도전","텍스트 오버레이, 클로즈업 및 줌",자연/야외 미학,"도전과 승부욕, 만족과 성취감","SD/치비 캐릭터, 성장 지표, 군단/대규모 유닛",2.5D 입체 그래픽,세로형 피드 최적화 UI와 마을 습격 반전 연출로 이탈 방지. 직관적 레벨업과 전략적 배치 중심의 성장 쾌감을 자극해 숏폼 환경 내 높은 시청 유지율 및 전환율 기대.
Cute but Powerful Squad,광고 제목,HQ_HQ_PH_US-EN_GA_NU_AD_ACi_260430,M_1844_INTEREST_GENRE_ALL_NONE_260430,2026-05-02,5,KRW,6877,680,5,0,TXT,,,,,,,,,,,,,,,,,,,,,,,,,,,,,
Let’s Hunt for Treasure!,광고 제목,HQ_HQ_PH_US-EN_GA_NU_AD_ACi_260430,M_1844_INTEREST_GENRE_ALL_NONE_260430,2026-05-02,2,KRW,3690,267,4,0,TXT,,,,,,,,,,,,,,,,,,,,,,,,,,,,,
Pepp Heroes,광고 제목,HQ_HQ_PH_US-EN_GA_NU_AD_ACi_260430,M_1844_INTEREST_GENRE_ALL_NONE_260430,2026-05-02,1,KRW,3523,273,4,0,TXT,,,,,,,,,,,,,,,,,,,,,,,,,,,,,
Play for Free,광고 제목,HQ_HQ_PH_US-EN_GA_NU_AD_ACi_260430,M_1844_INTEREST_GENRE_ALL_NONE_260430,2026-05-02,9,KRW,5814,459,12,0,TXT,,,,,,,,,,,,,,,,,,,,,,,,,,,,,
"Your RPG, In Your Hands",광고 제목,HQ_HQ_PH_US-EN_GA_NU_AD_ACi_260430,M_1844_INTEREST_GENRE_ALL_NONE_260430,2026-05-02,6,KRW,8641,656,15,0,TXT,,,,,,,,,,,,,,,,,,,,,,,,,,,,,
Adorable Yet Powerful! Collect Heroes With Diverse Charms,설명,HQ_HQ_PH_US-EN_GA_NU_AD_ACi_260430,M_1844_INTEREST_GENRE_ALL_NONE_260430,2026-05-02,2,KRW,10771,630,7,0,TXT,,,,,,,,,,,,,,,,,,,,,,,,,,,,,
Clock Out and Start Your Treasure Hunt!,설명,HQ_HQ_PH_US-EN_GA_NU_AD_ACi_260430,M_1844_INTEREST_GENRE_ALL_NONE_260430,2026-05-02,10,KRW,14875,789,13,0,TXT,,,,,,,,,,,,,,,,,,,,,,,,,,,,,
Get Rewards Worth $100! Play Now!,설명,HQ_HQ_PH_US-EN_GA_NU_AD_ACi_260430,M_1844_INTEREST_GENRE_ALL_NONE_260430,2026-05-02,10,KRW,8656,785,9,0,TXT,,,,,,,,,,,,,,,,,,,,,,,,,,,,,
Strategic Battles With Heroes Full of Personality! Win With Your Own Squad,설명,HQ_HQ_PH_US-EN_GA_NU_AD_ACi_260430,M_1844_INTEREST_GENRE_ALL_NONE_260430,2026-05-02,6,KRW,6449,743,10,0,TXT,,,,,,,,,,,,,,,,,,,,,,,,,,,,,
Unique Hero Skills and Synergies! The Collectible RPG of Endless Team Combinations,설명,HQ_HQ_PH_US-EN_GA_NU_AD_ACi_260430,M_1844_INTEREST_GENRE_ALL_NONE_260430,2026-05-02,8,KRW,8632,637,13,0,TXT,,,,,,,,,,,,,,,,,,,,,,,,,,,,,
251104_BNR_A-Character-Adventure01A-DA_L_1200x628_EN.jpg;https://tpc.googlesyndication.com/simgad/7852267225455295083,가로형 이미지,HQ_HQ_PH_US-EN_GA_NU_AD_ACi_260430,M_1844_INTEREST_GENRE_ALL_NONE_260430,2026-05-02,5,KRW,17639,765,31,0,BNR,가로형,2025-11-04,A,Character,Adventure01A,EN,251104_BNR_A-Character-Adventure01A-DA_L_1200x628_EN,A-Character-Adventure01A-DA,https://tpc.googlesyndication.com/simgad/7852267225455295083,"비주얼 임팩트, 캐릭터/유닛 외형",,,,,PEPP HEROES,"아트 퀄리티, 캐릭터, 수집형RPG","5인 분대 전투, 수집형 RPG",,"마그 탐험대, 고블린",카르벨(Karbel),렐릭 탐험 어드벤처,2.5D 입체 월드 강조,"전투 및 액션, 탐험 및 발견",텍스트 오버레이,자연/야외 미학,"도전과 승부욕, 수집욕/소유욕","인간형 영웅, SD/치비 캐릭터, 거대 보스","2.5D 입체 그래픽, 2D 일러스트",와이드 뷰로 보스 대립 및 레이드 강조. 소부대 전투의 스케일감으로 타겟 공략. SNS 최적화와 보상 정보 추가로 유입 및 전환 극대화.
251104_BNR_A-Character-Adventure01A-DA_S_1200x1200_EN.jpg;https://tpc.googlesyndication.com/simgad/13260462268912176542,가로형 이미지,HQ_HQ_PH_US-EN_GA_NU_AD_ACi_260430,M_1844_INTEREST_GENRE_ALL_NONE_260430,2026-05-02,0,KRW,324,45,1,0,BNR,정방형,2025-11-04,A,Character,Adventure01A,EN,251104_BNR_A-Character-Adventure01A-DA_S_1200x1200_EN,A-Character-Adventure01A-DA,https://tpc.googlesyndication.com/simgad/13260462268912176542,"비주얼 임팩트, 캐릭터/유닛 외형",,,,,PEPP HEROES,"아트 퀄리티, 캐릭터, 수집형RPG","5인 분대 전투, 수집형 RPG",,"마그 탐험대, 고블린",카르벨(Karbel),렐릭 탐험 어드벤처,2.5D 입체 월드 강조,"전투 및 액션, 탐험 및 발견",텍스트 오버레이,자연/야외 미학,"참여와 임장감, 수집욕/소유욕","인간형 영웅, SD/치비 캐릭터, 거대 보스","2.5D 입체 그래픽, 2D 일러스트",독창적인 2.5D 비주얼과 코어한 전투 재미로 RPG 유저 공략. 북미·글로벌 시장의 높은 CTR을 기반으로 SSR 소환 연출을 활용해 CVR 최적화.
251104_BNR_A-Character-Adventure01A-DA_V_1200x1500_EN.jpg;https://tpc.googlesyndication.com/simgad/11060997048456614631,가로형 이미지,HQ_HQ_PH_US-EN_GA_NU_AD_ACi_260430,M_1844_INTEREST_GENRE_ALL_NONE_260430,2026-05-02,1,KRW,2208,25,1,0,BNR,세로형,2025-11-04,A,Character,Adventure01A,EN,251104_BNR_A-Character-Adventure01A-DA_V_1200x1500_EN,A-Character-Adventure01A-DA,https://tpc.googlesyndication.com/simgad/11060997048456614631,"비주얼 임팩트, 캐릭터/유닛 외형",,,,,PEPP HEROES,"아트 퀄리티, 캐릭터, 수집형RPG","5인 분대 전투, 수집형 RPG",,"마그 탐험대, 고블린",카르벨(Karbel),렐릭 탐험 어드벤처,2.5D 입체 월드 강조,"전투 및 액션, 탐험 및 발견",텍스트 오버레이,자연/야외 미학,"수집욕/소유욕, 만족과 성취감","인간형 영웅, SD/치비 캐릭터, 거대 보스","2.5D 입체 그래픽, 2D 일러스트",캐릭터 케미와 조합 시각화로 SSR 수집 재미 자극. 속성 상성 강조 소재로 고관여 유저 공략 및 확장.
260406_BNR_A-Character-Adventure02A-DA_L_1200x628_EN.jpg;https://tpc.googlesyndication.com/simgad/7571534943945847205,가로형 이미지,HQ_HQ_PH_US-EN_GA_NU_AD_ACi_260430,M_1844_INTEREST_GENRE_ALL_NONE_260430,2026-05-02,4,KRW,4962,110,9,0,BNR,가로형,2026-04-06,A,Character,Adventure02A,EN,260406_BNR_A-Character-Adventure02A-DA_L_1200x628_EN,A-Character-Adventure02A-DA,https://tpc.googlesyndication.com/simgad/7571534943945847205,"캐릭터/유닛 외형, 비주얼 임팩트",,,,,"PEPP HEROES: RELIC QUEST, PRE-REGISTER NOW","아트 퀄리티, 릴리즈 예고, 캐릭터, 수집형RPG",용병 모집(Gacha),렐릭 퀘스트,마그 탐험대,샤일린(Shylin),렐릭 탐험 어드벤처,,수집 및 도감,텍스트 오버레이,자연/야외 미학,"수집욕/소유욕, 참여와 임장감",,"2.5D 입체 그래픽, 2D 일러스트",샤일린 비주얼을 활용해 2.5D 미학적 만족감을 강조하고 사전예약을 유도함. 고관여 유저 대상 높은 CTR이 기대되며 캐릭터 시너지 소재로 확장 계획임.
260406_BNR_A-Character-Adventure02A-DA_S_1200x1200_EN.jpg;https://tpc.googlesyndication.com/simgad/11186665980784424187,가로형 이미지,HQ_HQ_PH_US-EN_GA_NU_AD_ACi_260430,M_1844_INTEREST_GENRE_ALL_NONE_260430,2026-05-02,0,KRW,0,19,0,0,BNR,정방형,2026-04-06,A,Character,Adventure02A,EN,260406_BNR_A-Character-Adventure02A-DA_S_1200x1200_EN,A-Character-Adventure02A-DA,https://tpc.googlesyndication.com/simgad/11186665980784424187,"캐릭터/유닛 외형, 비주얼 임팩트",,,,,"PEPP HEROES: RELIC QUEST, PRE-REGISTER NOW","아트 퀄리티, 릴리즈 예고, 캐릭터, 수집형RPG",용병 모집(Gacha),렐릭 퀘스트,마그 탐험대,샤일린(Shylin),렐릭 탐험 어드벤처,,수집 및 도감,텍스트 오버레이,자연/야외 미학,"수집욕/소유욕, 참여와 임장감",,"2.5D 입체 그래픽, 2D 일러스트",정사각형 포맷 내 캐릭터 밀집도를 높여 시선 집중 및 수집 욕구 자극. 인스타그램 등 매체 최적화 및 보상 정보 결합으로 고효율 기대.
260406_BNR_A-Character-Adventure02A-DA_V_1200x1500_EN.jpg;https://tpc.googlesyndication.com/simgad/6053276405209869053,가로형 이미지,HQ_HQ_PH_US-EN_GA_NU_AD_ACi_260430,M_1844_INTEREST_GENRE_ALL_NONE_260430,2026-05-02,3,KRW,14105,118,7,0,BNR,세로형,2026-04-06,A,Character,Adventure02A,EN,260406_BNR_A-Character-Adventure02A-DA_V_1200x1500_EN,A-Character-Adventure02A-DA,https://tpc.googlesyndication.com/simgad/6053276405209869053,"캐릭터/유닛 외형, 비주얼 임팩트",,,,,"PEPP HEROES: RELIC QUEST, PRE-REGISTER NOW","아트 퀄리티, 릴리즈 예고, 캐릭터, 수집형RPG",용병 모집(Gacha),렐릭 퀘스트,마그 탐험대,샤일린(Shylin),렐릭 탐험 어드벤처,,수집 및 도감,텍스트 오버레이,자연/야외 미학,"수집욕/소유욕, 참여와 임장감",,"2.5D 입체 그래픽, 2D 일러스트",세로형 피드 최적화와 2.5D 배경으로 어드벤처 컨셉 전달. 영웅 캐릭터를 강조해 탐험 욕구를 자극하며 SNS 뉴스피드 내 높은 CTR 성과 기대함.
260406_BNR_A-Character-Life01A-DA_L_1200x628_EN.jpg;https://tpc.googlesyndication.com/simgad/4842260928888903016,가로형 이미지,HQ_HQ_PH_US-EN_GA_NU_AD_ACi_260430,M_1844_INTEREST_GENRE_ALL_NONE_260430,2026-05-02,2,KRW,485,35,3,0,BNR,가로형,2026-04-06,A,Character,Life01A,EN,260406_BNR_A-Character-Life01A-DA_L_1200x628_EN,A-Character-Life01A-DA,https://tpc.googlesyndication.com/simgad/4842260928888903016,"캐릭터/유닛 외형, 비주얼 임팩트",,,,,"PEPP HEROES, PLAY FOR FREE","아트 퀄리티, 전략성, 수집형RPG","8인 실시간 전투, 8종 직업 및 4종 클래스 체계","렐릭 퀘스트, 8인 실시간 전투",마그 탐험대,카르벨(Karbel),"렐릭 탐험 어드벤처, 히어로 수집 육성",,"수집 및 도감, 탐험 및 발견","텍스트 오버레이, 심플/클린 UI",자연/야외 미학,"휴식과 힐링, 수집욕/소유욕","SD/치비 캐릭터, 인간형 영웅","2.5D 입체 그래픽, 2D 일러스트",2.5D 월드의 공간감을 강조하여 어드벤처 유저를 타겟팅합니다. 리마케팅에 효과적이며 수집 문구 추가로 정보 전달력 보강을 추천합니다.
260406_BNR_A-Character-Life01A-DA_S_1200x1200_EN.jpg;https://tpc.googlesyndication.com/simgad/1365671312776743899,가로형 이미지,HQ_HQ_PH_US-EN_GA_NU_AD_ACi_260430,M_1844_INTEREST_GENRE_ALL_NONE_260430,2026-05-02,0,KRW,0,23,0,0,BNR,정방형,2026-04-06,A,Character,Life01A,EN,260406_BNR_A-Character-Life01A-DA_S_1200x1200_EN,A-Character-Life01A-DA,https://tpc.googlesyndication.com/simgad/1365671312776743899,"캐릭터/유닛 외형, 비주얼 임팩트",,,,,"PEPP HEROES, PLAY FOR FREE","아트 퀄리티, 캐릭터, 수집형RPG","8인 실시간 전투, 8종 직업 및 4종 클래스 체계","렐릭 퀘스트, 8인 실시간 전투",마그 탐험대,카르벨(Karbel),"렐릭 탐험 어드벤처, 히어로 수집 육성",,"수집 및 도감, 탐험 및 발견","텍스트 오버레이, 심플/클린 UI",자연/야외 미학,"휴식과 힐링, 수집욕/소유욕","SD/치비 캐릭터, 인간형 영웅","2.5D 입체 그래픽, 2D 일러스트","고퀄리티 일러스트와 실제 화면을 합성해 신뢰감을 조성함. 캐주얼 유저의 힐링 욕구를 공략하여 높은 클릭률을 유도하고, 사전예약 보상 강조로 전환율 극대화가 필요함."
260406_BNR_A-Character-Life01A-DA_V_1200x1500_EN.jpg;https://tpc.googlesyndication.com/simgad/4106688461642527637,가로형 이미지,HQ_HQ_PH_US-EN_GA_NU_AD_ACi_260430,M_1844_INTEREST_GENRE_ALL_NONE_260430,2026-05-02,1,KRW,2152,6,2,0,BNR,세로형,2026-04-06,A,Character,Life01A,EN,260406_BNR_A-Character-Life01A-DA_V_1200x1500_EN,A-Character-Life01A-DA,https://tpc.googlesyndication.com/simgad/4106688461642527637,"캐릭터/유닛 외형, 비주얼 임팩트",,,,,"PEPP HEROES, PLAY FOR FREE","아트 퀄리티, 캐릭터, 수집형RPG","8인 실시간 전투, 8종 직업 및 4종 클래스 체계","렐릭 퀘스트, 8인 실시간 전투",마그 탐험대,카르벨(Karbel),"렐릭 탐험 어드벤처, 히어로 수집 육성",,"수집 및 도감, 탐험 및 발견","텍스트 오버레이, 심플/클린 UI",자연/야외 미학,"휴식과 힐링, 수집욕/소유욕","SD/치비 캐릭터, 인간형 영웅","2.5D 입체 그래픽, 2D 일러스트",중간 비율로 캐릭터 디테일을 강조하여 수집 욕구를 자극합니다. 보스 대치 장면을 대조 삽입하여 도전 욕구를 자극하고 효율을 개선합니다.
260406_BNR_A-Mob-Adventure01A-DA_L_1200x628_EN.jpg;https://tpc.googlesyndication.com/simgad/16600105301133976800,가로형 이미지,HQ_HQ_PH_US-EN_GA_NU_AD_ACi_260430,M_1844_INTEREST_GENRE_ALL_NONE_260430,2026-05-02,0,KRW,1792,56,2,0,BNR,가로형,2026-04-06,A,Mob,Adventure01A,EN,260406_BNR_A-Mob-Adventure01A-DA_L_1200x628_EN,A-Mob-Adventure01A-DA,https://tpc.googlesyndication.com/simgad/16600105301133976800,"캐릭터/유닛 외형, 비주얼 임팩트",,,,,"Peppy & Ready to Fight, PLAY FOR FREE","아트 퀄리티, 캐릭터, 수집형RPG",8인 실시간 전투,8종 직업 및 4종 클래스 체계,고블린,,렐릭 탐험 어드벤처,몬스터 군단 중심의 구도,"전투 및 액션, 탐험 및 발견",텍스트 오버레이,자연/야외 미학,"참여와 임장감, 수집욕/소유욕","SD/치비 캐릭터, 군단/대규모 유닛","2.5D 입체 그래픽, 2D 일러스트",몬스터 군단과 2.5D 아트 중심의 모험 소구. 독특한 크리처 디자인으로 고관여 유저의 CTR 유도 및 전략적 시너지 강조.
260406_BNR_A-Mob-Adventure01A-DA_S_1200x1200_EN.jpg;https://tpc.googlesyndication.com/simgad/9569657006008026943,가로형 이미지,HQ_HQ_PH_US-EN_GA_NU_AD_ACi_260430,M_1844_INTEREST_GENRE_ALL_NONE_260430,2026-05-02,1,KRW,4775,140,3,0,BNR,정방형,2026-04-06,A,Mob,Adventure01A,EN,260406_BNR_A-Mob-Adventure01A-DA_S_1200x1200_EN,A-Mob-Adventure01A-DA,https://tpc.googlesyndication.com/simgad/9569657006008026943,"캐릭터/유닛 외형, 비주얼 임팩트",,,,,"Peppy & Ready to Fight, PLAY FOR FREE","아트 퀄리티, 캐릭터, 수집형RPG",8인 실시간 전투,8종 직업 및 4종 클래스 체계,고블린,,렐릭 탐험 어드벤처,몬스터 군단 중심의 구도,"전투 및 액션, 탐험 및 발견",텍스트 오버레이,자연/야외 미학,"참여와 임장감, 수집욕/소유욕","SD/치비 캐릭터, 군단/대규모 유닛","2.5D 입체 그래픽, 2D 일러스트","1:1 비율로 SD 캐릭터의 디테일과 2.5D 비주얼을 강조함. 높은 아트 퀄리티로 유저 시선을 유도하며, 시간 및 날씨 변화를 활용한 소재 확장을 제안함."
260406_BNR_A-Mob-Adventure01A-DA_V_1200x1500_EN.jpg;https://tpc.googlesyndication.com/simgad/16351660437053448831,가로형 이미지,HQ_HQ_PH_US-EN_GA_NU_AD_ACi_260430,M_1844_INTEREST_GENRE_ALL_NONE_260430,2026-05-02,0,KRW,0,6,0,0,BNR,세로형,2026-04-06,A,Mob,Adventure01A,EN,260406_BNR_A-Mob-Adventure01A-DA_V_1200x1500_EN,A-Mob-Adventure01A-DA,https://tpc.googlesyndication.com/simgad/16351660437053448831,"캐릭터/유닛 외형, 비주얼 임팩트",,,,,"Peppy & Ready to Fight, PLAY FOR FREE","아트 퀄리티, 캐릭터, 수집형RPG",8인 실시간 전투,8종 직업 및 4종 클래스 체계,고블린,,렐릭 탐험 어드벤처,몬스터 군단 중심의 구도,"전투 및 액션, 탐험 및 발견",텍스트 오버레이,자연/야외 미학,"참여와 임장감, 수집욕/소유욕","SD/치비 캐릭터, 군단/대규모 유닛","2.5D 입체 그래픽, 2D 일러스트",플랫폼별 규격 대응 및 캐릭터 위계 유지로 브랜드 각인. 모험의 설렘을 유발하는 구도로 범용적 성과 기대. 사전예약 보상 아이콘 오버레이로 보상 심리 자극 및 효율 극대화.
260406_VID_A-Character-Collection01B-UA_S_1080x1080_EN;https://www.youtube.com/watch?v=cTfY4JpFc-s,YouTube 동영상,HQ_HQ_PH_US-EN_GA_NU_AD_ACi_260430,M_1844_INTEREST_GENRE_ALL_NONE_260430,2026-05-02,3,KRW,4771,142,6,0,VID,정방형,2026-04-06,A,Character,Collection01B,EN;https://www,260406_VID_A-Character-Collection01B-UA_S_1080x1080_EN,A-Character-Collection01B-UA,https://www.youtube.com/watch?v=cTfY4JpFc-s,"질문/선택형, 캐릭터/유닛 외형",경쾌함,TRUE,,없음,"CHOOSE YOUR HERO, HUGO, KARBEL, MONAD","캐릭터, 수집형RPG, 전략성",용병 모집(Gacha),DIY 픽업 시스템,마그 탐험대,"휴고, 카르벨, 모나드",히어로 수집 육성,남성 캐릭터 위주 배치,수집 및 도감,"텍스트 오버레이, 분할 화면",심플/클린 UI,수집욕/소유욕,"SD/치비 캐릭터, 인간형 영웅",2D 일러스트,캐릭터 구성 대조를 통한 타겟 취향별 효율 분석. 탱커 및 딜러 중심 덱 선호 심리 공략하며 캐릭터 조합 변주 소재로 리타겟팅 광고 활용 권장.
260406_VID_A-Character-Combat01A-UA_L_1920x1080_EN;https://www.youtube.com/watch?v=2W7-0AV2mfg,YouTube 동영상,HQ_HQ_PH_US-EN_GA_NU_AD_ACi_260430,M_1844_INTEREST_GENRE_ALL_NONE_260430,2026-05-02,0,KRW,1638,99,2,0,VID,가로형,2026-04-06,A,Character,Combat01A,EN;https://www,260406_VID_A-Character-Combat01A-UA_L_1920x1080_EN,A-Character-Combat01A-UA,https://www.youtube.com/watch?v=2W7-0AV2mfg,"비주얼 임팩트, 캐릭터/유닛 외형",긴박함,TRUE,,없음,"VINESSA, A DARK WIZARD WHO DOMINATES THE FIELD, SOPHIA, REMOVES ALL DEBUFFS! THE KEY TO SURVIVAL, BERNETA, A SYNERGY DEALER THAT PERFECTS YOUR TEAM, PLAY FOR FREE","아트 퀄리티, 캐릭터, 수집형RPG, 전략성",용병 모집,스킬 컷신 연출,마그 탐험대,"Vinessa, Sophia, Berneta",렐릭 탐험 어드벤처,캐릭터별 스킬 특징 강조,전투 및 액션,"텍스트 오버레이, 클로즈업 및 줌",자연/야외 미학,"도전과 승부욕, 수집욕/소유욕","인간형 영웅, SD/치비 캐릭터, 성장 지표","2.5D 입체 그래픽, 2D 일러스트",인게임 전투와 일러스트 교차 편집으로 몰입도 극대화. 캐릭터 스킬 및 시너지로 전략적 호기심 자극. 플레이 영상 기반 안정적 CVR 확보 및 캐릭터 속성 대비 변주 제안.
260406_VID_A-Character-Combat01A-UA_S_1080x1080_EN;https://www.youtube.com/watch?v=jnNAzjzUw8o,YouTube 동영상,HQ_HQ_PH_US-EN_GA_NU_AD_ACi_260430,M_1844_INTEREST_GENRE_ALL_NONE_260430,2026-05-02,1,KRW,3216,154,4,0,VID,정방형,2026-04-06,A,Character,Combat01A,EN;https://www,260406_VID_A-Character-Combat01A-UA_S_1080x1080_EN,A-Character-Combat01A-UA,https://www.youtube.com/watch?v=jnNAzjzUw8o,"비주얼 임팩트, 캐릭터/유닛 외형",긴박함,TRUE,,없음,"VINESSA, A DARK WIZARD WHO DOMINATES THE FIELD, SOPHIA, REMOVES ALL DEBUFFS! THE KEY TO SURVIVAL, BERNETA, A SYNERGY DEALER THAT PERFECTS YOUR TEAM, PLAY FOR FREE","아트 퀄리티, 캐릭터, 수집형RPG, 전략성",용병 모집,스킬 컷신 연출,마그 탐험대,"Vinessa, Sophia, Berneta",렐릭 탐험 어드벤처,캐릭터별 스킬 특징 강조,전투 및 액션,"텍스트 오버레이, 클로즈업 및 줌",자연/야외 미학,"도전과 승부욕, 수집욕/소유욕","인간형 영웅, SD/치비 캐릭터, 성장 지표","2.5D 입체 그래픽, 2D 일러스트",SSR 비네사 비주얼을 초반에 배치해 RPG 팬덤 시선 확보. 고퀄리티 애니메이션으로 캐릭터 소유욕을 자극하며 스킬 콤보 시리즈로 소재 확장 가능.
260406_VID_A-Character-Combat01A-UA_V_1080x1920_EN;https://www.youtube.com/watch?v=tHmXhOKu33A,YouTube 동영상,HQ_HQ_PH_US-EN_GA_NU_AD_ACi_260430,M_1844_INTEREST_GENRE_ALL_NONE_260430,2026-05-02,2,KRW,2805,100,3,0,VID,세로형,2026-04-06,A,Character,Combat01A,EN;https://www,260406_VID_A-Character-Combat01A-UA_V_1080x1920_EN,A-Character-Combat01A-UA,https://www.youtube.com/watch?v=tHmXhOKu33A,"비주얼 임팩트, 캐릭터/유닛 외형",긴박함,TRUE,,없음,"VINESSA, A DARK WIZARD WHO DOMINATES THE FIELD, SOPHIA, REMOVES ALL DEBUFFS! THE KEY TO SURVIVAL, BERNETA, A SYNERGY DEALER THAT PERFECTS YOUR TEAM, PLAY FOR FREE","아트 퀄리티, 캐릭터, 수집형RPG, 전략성",용병 모집,스킬 컷신 연출,마그 탐험대,"Vinessa, Sophia, Berneta",렐릭 탐험 어드벤처,캐릭터별 스킬 특징 강조,전투 및 액션,"텍스트 오버레이, 클로즈업 및 줌",자연/야외 미학,"도전과 승부욕, 수집욕/소유욕","인간형 영웅, SD/치비 캐릭터, 성장 지표","2.5D 입체 그래픽, 2D 일러스트",숏폼 최적화 세로 분할 화면으로 캐릭터와 전투 연출 강조. 한 손 플레이 선호 심리를 공략하여 틱톡 및 릴스 내 높은 조회수 확보 기대.
260406_VID_A-Character-Combat01B-UA_L_1920x1080_EN;https://www.youtube.com/watch?v=d4rVTfnnYhg,YouTube 동영상,HQ_HQ_PH_US-EN_GA_NU_AD_ACi_260430,M_1844_INTEREST_GENRE_ALL_NONE_260430,2026-05-02,1,KRW,6560,157,5,0,VID,가로형,2026-04-06,A,Character,Combat01B,EN;https://www,260406_VID_A-Character-Combat01B-UA_L_1920x1080_EN,A-Character-Combat01B-UA,https://www.youtube.com/watch?v=d4rVTfnnYhg,"비주얼 임팩트, 캐릭터/유닛 외형",긴박함,TRUE,,없음,"HUGO, An indomitable warrior..., MONAD, A sage who devastates..., KARBEL, A fiery dealer..., PLAY FOR FREE","전략성, 아트 퀄리티",용병 모집,8인 실시간 전투,마그 탐험대,"Hugo, Monad, Karbel",히어로 수집 육성,,전투 및 액션,"텍스트 오버레이, 클로즈업 및 줌",자연/야외 미학,"도전과 승부욕, 수집욕/소유욕","인간형 영웅, SD/치비 캐릭터, 성장 지표","2.5D 입체 그래픽, 2D 일러스트",16:9 뷰로 넓은 전장과 스킬 강조. 화려한 연출로 타격감 선호 유저 공략. 전투 선호층 대상 높은 전환율 기대.
260406_VID_A-Character-Combat01B-UA_S_1080x1080_EN;https://www.youtube.com/watch?v=tcTIYuJi7pM,YouTube 동영상,HQ_HQ_PH_US-EN_GA_NU_AD_ACi_260430,M_1844_INTEREST_GENRE_ALL_NONE_260430,2026-05-02,0,KRW,1848,67,2,0,VID,정방형,2026-04-06,A,Character,Combat01B,EN;https://www,260406_VID_A-Character-Combat01B-UA_S_1080x1080_EN,A-Character-Combat01B-UA,https://www.youtube.com/watch?v=tcTIYuJi7pM,"비주얼 임팩트, 캐릭터/유닛 외형",긴박함,TRUE,,없음,"HUGO, An indomitable warrior..., MONAD, A sage who devastates..., KARBEL, A fiery dealer..., PLAY FOR FREE","전략성, 아트 퀄리티",용병 모집,8인 실시간 전투,마그 탐험대,"Hugo, Monad, Karbel",히어로 수집 육성,,전투 및 액션,"텍스트 오버레이, 클로즈업 및 줌",자연/야외 미학,"도전과 승부욕, 수집욕/소유욕","인간형 영웅, SD/치비 캐릭터, 성장 지표","2.5D 입체 그래픽, 2D 일러스트",소피아의 생존 및 지원 능력과 팀 시너지를 강조해 전략적 유저 공략. 비네사 소재 A/B 테스트로 타겟별 선호 캐릭터 최적화 및 성과 확장 도모.
260406_VID_A-Character-Combat01B-UA_V_1080x1920_EN;https://www.youtube.com/watch?v=rrd-TGZqEqc,YouTube 동영상,HQ_HQ_PH_US-EN_GA_NU_AD_ACi_260430,M_1844_INTEREST_GENRE_ALL_NONE_260430,2026-05-02,2,KRW,4581,313,4,0,VID,세로형,2026-04-06,A,Character,Combat01B,EN;https://www,260406_VID_A-Character-Combat01B-UA_V_1080x1920_EN,A-Character-Combat01B-UA,https://www.youtube.com/watch?v=rrd-TGZqEqc,"비주얼 임팩트, 캐릭터/유닛 외형",긴박함,TRUE,,없음,"HUGO, An indomitable warrior..., MONAD, A sage who devastates..., KARBEL, A fiery dealer..., PLAY FOR FREE","전략성, 아트 퀄리티",용병 모집,8인 실시간 전투,마그 탐험대,"Hugo, Monad, Karbel",히어로 수집 육성,,전투 및 액션,"텍스트 오버레이, 클로즈업 및 줌",자연/야외 미학,"도전과 승부욕, 수집욕/소유욕","인간형 영웅, SD/치비 캐릭터, 성장 지표","2.5D 입체 그래픽, 2D 일러스트",직관적인 탱딜힐 구성으로 정통 RPG 유저의 파티 니즈 충족. 역할군 조합의 재미를 텍스트로 보강하여 효율 극대화 기대.
260406_VID_A-Charater-Collection01B-UA_L_1920x1080_EN;https://www.youtube.com/watch?v=rRGCh1x6a6M,YouTube 동영상,HQ_HQ_PH_US-EN_GA_NU_AD_ACi_260430,M_1844_INTEREST_GENRE_ALL_NONE_260430,2026-05-02,4,KRW,18942,394,18,0,VID,가로형,2026-04-06,A,Charater,Collection01B,EN;https://www,260406_VID_A-Charater-Collection01B-UA_L_1920x1080_EN,A-Charater-Collection01B-UA,https://www.youtube.com/watch?v=rRGCh1x6a6M,"질문/선택형, 캐릭터/유닛 외형",경쾌함,TRUE,,없음,"CHOOSE YOUR HERO, HUGO, PLAY FOR FREE","아트 퀄리티, 전략성",용병 모집,DIY 픽업 시스템,마그 탐험대,Hugo,히어로 수집 육성,,수집 및 도감,"텍스트 오버레이, 클로즈업 및 줌",심플/클린 UI,"수집욕/소유욕, 만족과 성취감","인간형 영웅, SD/치비 캐릭터","2.5D 입체 그래픽, 2D 일러스트","그리드 UI로 풍부한 캐릭터 풀을 어필해 수집 욕구를 자극하며, 캐릭터 강조 엔드카드를 통해 높은 잔존율을 확보합니다."
260406_VID_A-Charater-Collection01B-UA_V_1080x1920_EN;https://www.youtube.com/watch?v=u5diHTUsSOs,YouTube 동영상,HQ_HQ_PH_US-EN_GA_NU_AD_ACi_260430,M_1844_INTEREST_GENRE_ALL_NONE_260430,2026-05-02,2,KRW,4507,92,2,0,VID,세로형,2026-04-06,A,Charater,Collection01B,EN;https://www,260406_VID_A-Charater-Collection01B-UA_V_1080x1920_EN,A-Charater-Collection01B-UA,https://www.youtube.com/watch?v=u5diHTUsSOs,"질문/선택형, 캐릭터/유닛 외형",경쾌함,TRUE,,없음,"CHOOSE YOUR HERO, HUGO, PLAY FOR FREE","아트 퀄리티, 전략성",용병 모집,DIY 픽업 시스템,마그 탐험대,Hugo,히어로 수집 육성,캐릭터 픽(Pick) 연출,수집 및 도감,"텍스트 오버레이, 클로즈업 및 줌",심플/클린 UI,"수집욕/소유욕, 만족과 성취감","인간형 영웅, SD/치비 캐릭터","2.5D 입체 그래픽, 2D 일러스트",직접 영웅을 선택하는 인터랙티브 경험으로 기대감 부여. 다양한 영웅 노출을 통해 유저 취향을 공략하고 반복적인 참여 유도.
260406_VID_A-Hooking-Reward02A-FK_L_1920x1080_EN;https://www.youtube.com/watch?v=oRlzfGbT3xY,YouTube 동영상,HQ_HQ_PH_US-EN_GA_NU_AD_ACi_260430,M_1844_INTEREST_GENRE_ALL_NONE_260430,2026-05-02,3,KRW,15119,489,5,0,VID,가로형,2026-04-06,A,Hooking,Reward02A,EN;https://www,260406_VID_A-Hooking-Reward02A-FK_L_1920x1080_EN,A-Hooking-Reward02A-FK,https://www.youtube.com/watch?v=oRlzfGbT3xY,"실패/분노 유도, 압도적 보상",긴박함,TRUE,,없음,"Tap here to save him!, Help me!, HELP KARBEL CLEAR, Claim your SR character and rewards worth $100!, PLAY FOR FREE",보상,용병 모집,우호도 시스템,마그 탐험대,카르벨(Karbel),히어로 수집 육성,페이크 플레이(구출 미니게임) 형식 활용,퍼즐 및 논리,"손가락 지시선, 텍스트 오버레이",자연/야외 미학,"도전과 승부욕, 만족과 성취감","SD/치비 캐릭터, 재화/보물상자",2D 일러스트,구출 미니게임 방식을 활용해 시청자 이탈을 방지하고 즉각적인 행동을 유도합니다. 대량의 재화 보상으로 성취감을 자극하여 저단가 트래픽 확보 및 높은 클릭률을 공략합니다.
260406_VID_A-Hooking-Reward02A-FK_S_1080x1080_EN;https://www.youtube.com/watch?v=EgLwtP8WjE4,YouTube 동영상,HQ_HQ_PH_US-EN_GA_NU_AD_ACi_260430,M_1844_INTEREST_GENRE_ALL_NONE_260430,2026-05-02,0,KRW,2345,86,0,0,VID,정방형,2026-04-06,A,Hooking,Reward02A,EN;https://www,260406_VID_A-Hooking-Reward02A-FK_S_1080x1080_EN,A-Hooking-Reward02A-FK,https://www.youtube.com/watch?v=EgLwtP8WjE4,"실패/분노 유도, 압도적 보상",긴박함,TRUE,,없음,"Tap here to save him!, Help me!, HELP KARBEL CLEAR, Claim your SR character and rewards worth $100!, PLAY FOR FREE",보상,용병 모집,우호도 시스템,마그 탐험대,카르벨(Karbel),히어로 수집 육성,페이크 플레이(구출 미니게임) 형식 활용,퍼즐 및 논리,"손가락 지시선, 텍스트 오버레이",자연/야외 미학,"도전과 승부욕, 만족과 성취감","SD/치비 캐릭터, 재화/보물상자",2D 일러스트,위기 상황 미션과 100달러 보상으로 유저 참여 및 전환 유도. 쉬운 조작성 강조로 진입 장벽을 낮춰 대량 유입용 런칭 소재로 적합.
260406_VID_A-Hooking-Reward02A-FK_V_1080x1920_EN;https://www.youtube.com/watch?v=b7LsalWUDvQ,YouTube 동영상,HQ_HQ_PH_US-EN_GA_NU_AD_ACi_260430,M_1844_INTEREST_GENRE_ALL_NONE_260430,2026-05-02,0,KRW,236,29,0,0,VID,세로형,2026-04-06,A,Hooking,Reward02A,EN;https://www,260406_VID_A-Hooking-Reward02A-FK_V_1080x1920_EN,A-Hooking-Reward02A-FK,https://www.youtube.com/watch?v=b7LsalWUDvQ,"실패/분노 유도, 압도적 보상",긴박함,TRUE,,없음,"Tap here to save him!, Help me!, HELP KARBEL CLEAR, Claim your SR character and rewards worth $100!, PLAY FOR FREE",보상,용병 모집,우호도 시스템,마그 탐험대,카르벨(Karbel),히어로 수집 육성,페이크 플레이(구출 미니게임) 형식 활용,퍼즐 및 논리,"손가락 지시선, 텍스트 오버레이",자연/야외 미학,"도전과 승부욕, 만족과 성취감","SD/치비 캐릭터, 재화/보물상자",2D 일러스트,9:16 세로형 구조로 터치 인터랙션을 극대화하고 FOMO를 자극해 시청 완료율을 높입니다. 캐릭터 활용 및 실패 연출의 A/B 테스트 확장을 제안합니다.
260406_VID_A-Hooking-Reward03A-UA_L_1920x1080_EN;https://www.youtube.com/watch?v=XUrzh1Qrk5w,YouTube 동영상,HQ_HQ_PH_US-EN_GA_NU_AD_ACi_260430,M_1844_INTEREST_GENRE_ALL_NONE_260430,2026-05-02,2,KRW,4233,270,6,0,VID,가로형,2026-04-06,A,Hooking,Reward03A,EN;https://www,260406_VID_A-Hooking-Reward03A-UA_L_1920x1080_EN,A-Hooking-Reward03A-UA,https://www.youtube.com/watch?v=XUrzh1Qrk5w,"압도적 보상, 실패/분노 유도",경쾌함,TRUE,,없음,"WARNING Skip and you will lose your $100 rewards, Tap within 5 Seconds, SR, PLAY FOR FREE!, Claim your SR character and rewards worth $100!",보상,용병 모집,,마그 탐험대,Karbel,히어로 수집 육성,$100 가치 혜택 강조,수집 및 도감,"손가락 지시선, 텍스트 오버레이",심플/클린 UI,"만족과 성취감, 수집욕/소유욕","재화/보물상자, SD/치비 캐릭터","2D 일러스트, 2.5D 입체 그래픽","가로 화면을 활용한 화려한 연출로 시각적 몰입감을 높이고, 보상 상실에 대한 FOMO 심리를 자극하여 가로형 매체 타겟 광고 효율을 극대화함."
260406_VID_A-Hooking-Reward03A-UA_S_1080x1080_EN;https://www.youtube.com/watch?v=VGJB5tDWops,YouTube 동영상,HQ_HQ_PH_US-EN_GA_NU_AD_ACi_260430,M_1844_INTEREST_GENRE_ALL_NONE_260430,2026-05-02,6,KRW,14122,272,32,0,VID,정방형,2026-04-06,A,Hooking,Reward03A,EN;https://www,260406_VID_A-Hooking-Reward03A-UA_S_1080x1080_EN,A-Hooking-Reward03A-UA,https://www.youtube.com/watch?v=VGJB5tDWops,"압도적 보상, 실패/분노 유도",경쾌함,TRUE,,없음,"WARNING Skip and you will lose your $100 rewards, Tap within 5 Seconds, SR, PLAY FOR FREE!, Claim your SR character and rewards worth $100!",보상,용병 모집,,마그 탐험대,Karbel,히어로 수집 육성,$100 가치 혜택 강조,수집 및 도감,"손가락 지시선, 텍스트 오버레이",심플/클린 UI,"만족과 성취감, 수집욕/소유욕","재화/보물상자, SD/치비 캐릭터","2D 일러스트, 2.5D 입체 그래픽",부정적 후킹과 시간 제한으로 클릭 유도. $100 가치 및 SR 확정으로 수익 구체화. 높은 CVR 예상되며 보상 변주를 통한 라이브 옵스 제안.
260406_VID_A-Hooking-Reward03A-UA_V_1080x1920_EN;https://www.youtube.com/watch?v=jA_HAiz95x4,YouTube 동영상,HQ_HQ_PH_US-EN_GA_NU_AD_ACi_260430,M_1844_INTEREST_GENRE_ALL_NONE_260430,2026-05-02,5,KRW,18594,372,11,0,VID,세로형,2026-04-06,A,Hooking,Reward03A,EN;https://www,260406_VID_A-Hooking-Reward03A-UA_V_1080x1920_EN,A-Hooking-Reward03A-UA,https://www.youtube.com/watch?v=jA_HAiz95x4,"압도적 보상, 실패/분노 유도",경쾌함,TRUE,,없음,"WARNING Skip and you will lose your $100 rewards, Tap within 5 Seconds, SR, PLAY FOR FREE!, Claim your SR character and rewards worth $100!",보상,용병 모집,,마그 탐험대,Karbel,히어로 수집 육성,$100 가치 혜택 강조,수집 및 도감,"손가락 지시선, 텍스트 오버레이",심플/클린 UI,"만족과 성취감, 수집욕/소유욕","재화/보물상자, SD/치비 캐릭터","2D 일러스트, 2.5D 입체 그래픽",도발적 문구와 타이머로 이탈을 방지하고 FOMO 심리를 자극함. 보상형 인벤토리 활용을 통해 UA 매체에서 압도적 전환율 달성 기대.
260406_VID_A-Mob-Adventure01A-UA_L_1920x1080_EN;https://www.youtube.com/watch?v=hVmkPdIsz70,YouTube 동영상,HQ_HQ_PH_US-EN_GA_NU_AD_ACi_260430,M_1844_INTEREST_GENRE_ALL_NONE_260430,2026-05-02,1,KRW,676,58,1,0,VID,가로형,2026-04-06,A,Mob,Adventure01A,EN;https://www,260406_VID_A-Mob-Adventure01A-UA_L_1920x1080_EN,A-Mob-Adventure01A-UA,https://www.youtube.com/watch?v=hVmkPdIsz70,"비주얼 임팩트, 성장 비포애프터",긴박함,TRUE,,없음,"WARNING, GOBLINS INCOMING!, Goblins? Easy! Level UP! UP!, Power Boost! BOOM! BOOM!, Strategic deployment!, Get ready for BATTLE!","편의성, 전략성",AFK 기능,8인 실시간 전투,고블린,카르벨,렐릭 탐험 어드벤처,스마트폰 UI 팝업 연출,"시뮬레이션 및 관리, 장애물 및 도전","텍스트 오버레이, 클로즈업 및 줌",자연/야외 미학,"도전과 승부욕, 만족과 성취감","SD/치비 캐릭터, 성장 지표, 군단/대규모 유닛",2.5D 입체 그래픽,16:9 화면 대비로 대규모 전투와 모바일 최적화 강조. 방치형 육성 선호 유저 타겟으로 핵심 시스템 소구 및 브랜딩·퍼포먼스 효율 기대.
260406_VID_A-Mob-Adventure01A-UA_S_1080x1080_EN;https://www.youtube.com/watch?v=LMKl0g6yRJU,YouTube 동영상,HQ_HQ_PH_US-EN_GA_NU_AD_ACi_260430,M_1844_INTEREST_GENRE_ALL_NONE_260430,2026-05-02,2,KRW,5655,105,5,0,VID,정방형,2026-04-06,A,Mob,Adventure01A,EN;https://www,260406_VID_A-Mob-Adventure01A-UA_S_1080x1080_EN,A-Mob-Adventure01A-UA,https://www.youtube.com/watch?v=LMKl0g6yRJU,"비주얼 임팩트, 성장 비포애프터",긴박함,TRUE,,없음,"WARNING, GOBLINS INCOMING!, Goblins? Easy! Level UP! UP!, Power Boost! BOOM! BOOM!, Strategic deployment!, Get ready for BATTLE!","편의성, 전략성",AFK 기능,8인 실시간 전투,고블린,카르벨,렐릭 탐험 어드벤처,스마트폰 UI 팝업 연출,"시뮬레이션 및 관리, 장애물 및 도전","텍스트 오버레이, 클로즈업 및 줌",자연/야외 미학,"도전과 승부욕, 참여와 임장감","SD/치비 캐릭터, 성장 지표, 군단/대규모 유닛",2.5D 입체 그래픽,경고 연출로 몰입도를 높이고 쉬운 성장을 강조해 진입 장벽 완화. 대규모 레이드 소재 확장을 통한 중장기 성과 기대.
260406_VID_A-Mob-Adventure01A-UA_V_1080x1920_EN;https://www.youtube.com/watch?v=nIYkYZ-JFj0,YouTube 동영상,HQ_HQ_PH_US-EN_GA_NU_AD_ACi_260430,M_1844_INTEREST_GENRE_ALL_NONE_260430,2026-05-02,0,KRW,3253,121,7,0,VID,세로형,2026-04-06,A,Mob,Adventure01A,EN;https://www,260406_VID_A-Mob-Adventure01A-UA_V_1080x1920_EN,A-Mob-Adventure01A-UA,https://www.youtube.com/watch?v=nIYkYZ-JFj0,"비주얼 임팩트, 성장 비포애프터",긴박함,TRUE,,없음,"WARNING, GOBLINS INCOMING!, Goblins? Easy! Level UP! UP!, Power Boost! BOOM! BOOM!, Strategic deployment!, Get ready for BATTLE!","편의성, 전략성",AFK 기능,8인 실시간 전투,고블린,카르벨,렐릭 탐험 어드벤처,스마트폰 UI 팝업 연출,"시뮬레이션 및 관리, 장애물 및 도전","텍스트 오버레이, 클로즈업 및 줌",자연/야외 미학,"도전과 승부욕, 만족과 성취감","SD/치비 캐릭터, 성장 지표, 군단/대규모 유닛",2.5D 입체 그래픽,세로형 피드 최적화 UI와 마을 습격 반전 연출로 이탈 방지. 직관적 레벨업과 전략적 배치 중심의 성장 쾌감을 자극해 숏폼 환경 내 높은 시청 유지율 및 전환율 기대.
Cute but Powerful Squad,광고 제목,HQ_HQ_PH_US-EN_GA_NU_AD_ACi_260430,M_1844_INTEREST_GENRE_ALL_NONE_260430_2,2026-05-02,11,KRW,11534,846,19,0,TXT,,,,,,,,,,,,,,,,,,,,,,,,,,,,,
Let’s Hunt for Treasure!,광고 제목,HQ_HQ_PH_US-EN_GA_NU_AD_ACi_260430,M_1844_INTEREST_GENRE_ALL_NONE_260430_2,2026-05-02,4,KRW,4921,294,6,0,TXT,,,,,,,,,,,,,,,,,,,,,,,,,,,,,
Pepp Heroes,광고 제목,HQ_HQ_PH_US-EN_GA_NU_AD_ACi_260430,M_1844_INTEREST_GENRE_ALL_NONE_260430_2,2026-05-02,3,KRW,2541,249,4,0,TXT,,,,,,,,,,,,,,,,,,,,,,,,,,,,,
Play for Free,광고 제목,HQ_HQ_PH_US-EN_GA_NU_AD_ACi_260430,M_1844_INTEREST_GENRE_ALL_NONE_260430_2,2026-05-02,3,KRW,6065,545,9,0,TXT,,,,,,,,,,,,,,,,,,,,,,,,,,,,,
"Your RPG, In Your Hands",광고 제목,HQ_HQ_PH_US-EN_GA_NU_AD_ACi_260430,M_1844_INTEREST_GENRE_ALL_NONE_260430_2,2026-05-02,2,KRW,4100,260,7,0,TXT,,,,,,,,,,,,,,,,,,,,,,,,,,,,,
Adorable Yet Powerful! Collect Heroes With Diverse Charms,설명,HQ_HQ_PH_US-EN_GA_NU_AD_ACi_260430,M_1844_INTEREST_GENRE_ALL_NONE_260430_2,2026-05-02,9,KRW,10481,701,12,0,TXT,,,,,,,,,,,,,,,,,,,,,,,,,,,,,
Clock Out and Start Your Treasure Hunt!,설명,HQ_HQ_PH_US-EN_GA_NU_AD_ACi_260430,M_1844_INTEREST_GENRE_ALL_NONE_260430_2,2026-05-02,4,KRW,8495,681,8,0,TXT,,,,,,,,,,,,,,,,,,,,,,,,,,,,,
Get Rewards Worth $100! Play Now!,설명,HQ_HQ_PH_US-EN_GA_NU_AD_ACi_260430,M_1844_INTEREST_GENRE_ALL_NONE_260430_2,2026-05-02,10,KRW,14474,770,22,0,TXT,,,,,,,,,,,,,,,,,,,,,,,,,,,,,
Strategic Battles With Heroes Full of Personality! Win With Your Own Squad,설명,HQ_HQ_PH_US-EN_GA_NU_AD_ACi_260430,M_1844_INTEREST_GENRE_ALL_NONE_260430_2,2026-05-02,8,KRW,11699,719,14,0,TXT,,,,,,,,,,,,,,,,,,,,,,,,,,,,,
Unique Hero Skills and Synergies! The Collectible RPG of Endless Team Combinations,설명,HQ_HQ_PH_US-EN_GA_NU_AD_ACi_260430,M_1844_INTEREST_GENRE_ALL_NONE_260430_2,2026-05-02,7,KRW,8372,981,14,0,TXT,,,,,,,,,,,,,,,,,,,,,,,,,,,,,
260406_BNR_A-Character-100usd01A-DA_S_1200x1200_EN.jpg;https://tpc.googlesyndication.com/simgad/10042032527036690642,가로형 이미지,HQ_HQ_PH_US-EN_GA_NU_AD_ACi_260430,M_1844_INTEREST_GENRE_ALL_NONE_260430_2,2026-05-02,1,KRW,852,138,1,0,BNR,정방형,2026-04-06,A,Character,100usd01A,EN,260406_BNR_A-Character-100usd01A-DA_S_1200x1200_EN,A-Character-100usd01A-DA,https://tpc.googlesyndication.com/simgad/10042032527036690642,"압도적 보상, 캐릭터/유닛 외형",,,,,"Pre-registration Event, $100, Pre-register and Earn Rewards Worth $100!, Claim Rewards","보상, 릴리즈 예고",용병 모집(Gacha),사전예약 혜택,마그 탐험대,카르벨(Karbel),히어로 수집 육성,,수집 및 도감,"텍스트 오버레이, 클로즈업 및 줌",심플/클린 UI,"수집욕/소유욕, 만족과 성취감","인간형 영웅, 재화/보물상자","2D 일러스트, 2.5D 입체 그래픽",정방형 레이아웃과 $100 보상 텍스트로 시인성을 극대화했습니다. 혜택 중심 소구로 스낵 컬처 타겟의 전환을 유도하며 대비를 높인 A/B 테스트를 제안합니다.
260406_BNR_A-Character-100usd01A-DA_V_1200x1500_EN.jpg;https://tpc.googlesyndication.com/simgad/18256489507350070227,가로형 이미지,HQ_HQ_PH_US-EN_GA_NU_AD_ACi_260430,M_1844_INTEREST_GENRE_ALL_NONE_260430_2,2026-05-02,0,KRW,121,10,0,0,BNR,세로형,2026-04-06,A,Character,100usd01A,EN,260406_BNR_A-Character-100usd01A-DA_V_1200x1500_EN,A-Character-100usd01A-DA,https://tpc.googlesyndication.com/simgad/18256489507350070227,"압도적 보상, 캐릭터/유닛 외형",,,,,"Pre-registration Event, $100, Pre-register and Earn Rewards Worth $100!, Claim Rewards","보상, 릴리즈 예고",용병 모집(Gacha),사전예약 혜택,마그 탐험대,카르벨(Karbel),히어로 수집 육성,,수집 및 도감,"텍스트 오버레이, 클로즈업 및 줌",심플/클린 UI,"수집욕/소유욕, 만족과 성취감","인간형 영웅, 재화/보물상자","2D 일러스트, 2.5D 입체 그래픽",고퀄리티 2.5D 그래픽과 일러스트 밀도를 높여 수집 욕구 및 신뢰 형성. 아트 USP 기반의 캐릭터별 선호도 분석과 성과 확장 기대.
260406_BNR_A-Character-Adventure04A-DA_L_1200x628_EN.jpg;https://tpc.googlesyndication.com/simgad/11190732183298883065,가로형 이미지,HQ_HQ_PH_US-EN_GA_NU_AD_ACi_260430,M_1844_INTEREST_GENRE_ALL_NONE_260430_2,2026-05-02,11,KRW,12303,543,20,0,BNR,가로형,2026-04-06,A,Character,Adventure04A,EN,260406_BNR_A-Character-Adventure04A-DA_L_1200x628_EN,A-Character-Adventure04A-DA,https://tpc.googlesyndication.com/simgad/11190732183298883065,"비주얼 임팩트, 캐릭터/유닛 외형",,,,,PEPP HEROES,"아트 퀄리티, 수집형RPG, 릴리즈 예고","8인 실시간 전투, 수집형 RPG",8인 실시간 전투,"마그 탐험대, 고블린","카르벨(Karbel), 샤일린(Shylin)",히어로 수집 육성,,"전투 및 액션, 장애물 및 도전",텍스트 오버레이,자연/야외 미학,"도전과 승부욕, 참여와 임장감","인간형 영웅, 거대 보스, SD/치비 캐릭터","2.5D 입체 그래픽, 2D 일러스트",SD 영웅과 거대 보스의 대치로 모험심 자극. 정적 RPG 유저에게 액션 소구 및 보상 텍스트로 CTR·CVR 최적화.
260406_BNR_A-Character-Adventure04A-DA_S_1200x1200_EN.jpg;https://tpc.googlesyndication.com/simgad/4078122247307565443,가로형 이미지,HQ_HQ_PH_US-EN_GA_NU_AD_ACi_260430,M_1844_INTEREST_GENRE_ALL_NONE_260430_2,2026-05-02,0,KRW,2019,11,2,0,BNR,정방형,2026-04-06,A,Character,Adventure04A,EN,260406_BNR_A-Character-Adventure04A-DA_S_1200x1200_EN,A-Character-Adventure04A-DA,https://tpc.googlesyndication.com/simgad/4078122247307565443,"비주얼 임팩트, 캐릭터/유닛 외형",,,,,PEPP HEROES,"아트 퀄리티, 수집형RPG, 릴리즈 예고","8인 실시간 전투, 수집형 RPG",8인 실시간 전투,"마그 탐험대, 고블린","카르벨(Karbel), 샤일린(Shylin)",히어로 수집 육성,,"전투 및 액션, 장애물 및 도전",텍스트 오버레이,자연/야외 미학,"도전과 승부욕, 참여와 임장감","인간형 영웅, 거대 보스, SD/치비 캐릭터","2.5D 입체 그래픽, 2D 일러스트","정방형 규격의 캐릭터 밀집 배치를 통해 스쿼드 일체감을 강조하고, 직업 아이콘 오버레이로 팀 빌딩의 전략적 재미와 영웅의 매력을 소구함."
260406_BNR_A-Character-Adventure05A-DA_L_1200x628_EN.jpg;https://tpc.googlesyndication.com/simgad/14620542589526622535,가로형 이미지,HQ_HQ_PH_US-EN_GA_NU_AD_ACi_260430,M_1844_INTEREST_GENRE_ALL_NONE_260430_2,2026-05-02,0,KRW,218,41,1,0,BNR,가로형,2026-04-06,A,Character,Adventure05A,EN,260406_BNR_A-Character-Adventure05A-DA_L_1200x628_EN,A-Character-Adventure05A-DA,https://tpc.googlesyndication.com/simgad/14620542589526622535,"캐릭터/유닛 외형, 비주얼 임팩트",,,,,Every Hero Needs a Little Pepp,"아트 퀄리티, 수집형RPG, 캐릭터","8인 실시간 전투, 수집형 RPG",렐릭 퀘스트,"마그 탐험대, 고블린","샤일린(Shylin), 카르벨(Karbel)",렐릭 탐험 어드벤처,2.5D 독보적 그래픽 강조,"전투 및 액션, 수집 및 도감","텍스트 오버레이, 클로즈업 및 줌",던전/신전,"수집욕/소유욕, 참여와 임장감","인간형 영웅, SD/치비 캐릭터","2.5D 입체 그래픽, 2D 일러스트",독보적인 2.5D 비주얼과 대립 구도로 정체성 각인. 입체적 모험 선사 및 고퀄리티 아트로 글로벌 CTR 유도. SSR 스킬 컷신 활용해 CVR 극대화 기대.
260406_BNR_A-Character-Adventure05A-DA_S_1200x1200_EN.jpg;https://tpc.googlesyndication.com/simgad/13772335840655466460,가로형 이미지,HQ_HQ_PH_US-EN_GA_NU_AD_ACi_260430,M_1844_INTEREST_GENRE_ALL_NONE_260430_2,2026-05-02,1,KRW,1751,178,2,0,BNR,정방형,2026-04-06,A,Character,Adventure05A,EN,260406_BNR_A-Character-Adventure05A-DA_S_1200x1200_EN,A-Character-Adventure05A-DA,https://tpc.googlesyndication.com/simgad/13772335840655466460,"캐릭터/유닛 외형, 비주얼 임팩트",,,,,Every Hero Needs a Little Pepp,"아트 퀄리티, 수집형RPG, 캐릭터","8인 실시간 전투, 수집형 RPG",렐릭 퀘스트,"마그 탐험대, 고블린","샤일린(Shylin), 카르벨(Karbel)",렐릭 탐험 어드벤처,2.5D 독보적 그래픽 강조,"전투 및 액션, 수집 및 도감","텍스트 오버레이, 클로즈업 및 줌",던전/신전,"수집욕/소유욕, 참여와 임장감","인간형 영웅, SD/치비 캐릭터","2.5D 입체 그래픽, 2D 일러스트",정방형 규격의 캐릭터 밀집 노출로 수집 재미를 강조함. 영웅 반전 매력 소유욕을 자극하며 피드 최적화로 클릭률 극대화 유도. 보상 텍스트 오버레이로 전환율 보완 필요.
260406_BNR_A-Character-Comics01A-DA_L_1200x628_EN.jpg;https://tpc.googlesyndication.com/simgad/3049438568803176011,가로형 이미지,HQ_HQ_PH_US-EN_GA_NU_AD_ACi_260430,M_1844_INTEREST_GENRE_ALL_NONE_260430_2,2026-05-02,1,KRW,2481,48,4,0,BNR,가로형,2026-04-06,A,Character,Comics01A,EN,260406_BNR_A-Character-Comics01A-DA_L_1200x628_EN,A-Character-Comics01A-DA,https://tpc.googlesyndication.com/simgad/3049438568803176011,"비주얼 임팩트, 캐릭터/유닛 외형",,,,,"EVERY HERO NEEDS A LITTLE PEPP, PEPP HEROES","아트 퀄리티, 캐릭터, 수집형RPG","용병 모집(Gacha), 8인 실시간 전투",8인 실시간 전투,마그 탐험대,카르벨(Karbel),"히어로 수집 육성, 렐릭 탐험 어드벤처",코믹스 스타일 레이아웃,"수집 및 도감, 전투 및 액션","분할 화면, 텍스트 오버레이",자연/야외 미학,"수집욕/소유욕, 휴식과 힐링","SD/치비 캐릭터, 인간형 영웅",2.5D 입체 그래픽,코믹스 레이아웃과 친근한 아트 스타일로 진입 장벽을 낮추고 개성을 강조함. 가독성 높은 카피로 높은 CTR을 유도하며 SSR 캐릭터 중심의 수집 욕구 자극 전략을 제안함.
260406_BNR_A-Character-Comics01A-DA_S_1200x1200_EN.jpg;https://tpc.googlesyndication.com/simgad/4695384483296336434,가로형 이미지,HQ_HQ_PH_US-EN_GA_NU_AD_ACi_260430,M_1844_INTEREST_GENRE_ALL_NONE_260430_2,2026-05-02,0,KRW,0,3,0,0,BNR,정방형,2026-04-06,A,Character,Comics01A,EN,260406_BNR_A-Character-Comics01A-DA_S_1200x1200_EN,A-Character-Comics01A-DA,https://tpc.googlesyndication.com/simgad/4695384483296336434,"비주얼 임팩트, 캐릭터/유닛 외형",,,,,"EVERY HERO NEEDS A LITTLE PEPP, PEPP HEROES","아트 퀄리티, 캐릭터, 수집형RPG","용병 모집(Gacha), 8인 실시간 전투",8인 실시간 전투,마그 탐험대,카르벨(Karbel),"히어로 수집 육성, 렐릭 탐험 어드벤처",코믹스 스타일 레이아웃,"수집 및 도감, 전투 및 액션","분할 화면, 텍스트 오버레이",자연/야외 미학,"수집욕/소유욕, 휴식과 힐링","SD/치비 캐릭터, 인간형 영웅",2.5D 입체 그래픽,십자 분할 레이아웃으로 카피 집중도를 높이고 SD 캐릭터로 수집욕 자극. SNS 최적화 규격으로 유저 유입 유도 및 직업별 변주 제안.
260406_BNR_A-Character-Comics01A-DA_V_1200x1500_EN.jpg;https://tpc.googlesyndication.com/simgad/13581844973087919256,가로형 이미지,HQ_HQ_PH_US-EN_GA_NU_AD_ACi_260430,M_1844_INTEREST_GENRE_ALL_NONE_260430_2,2026-05-02,4,KRW,6907,137,6,0,BNR,세로형,2026-04-06,A,Character,Comics01A,EN,260406_BNR_A-Character-Comics01A-DA_V_1200x1500_EN,A-Character-Comics01A-DA,https://tpc.googlesyndication.com/simgad/13581844973087919256,"비주얼 임팩트, 캐릭터/유닛 외형",,,,,"EVERY HERO NEEDS A LITTLE PEPP, PEPP HEROES","아트 퀄리티, 캐릭터, 수집형RPG","용병 모집(Gacha), 8인 실시간 전투",8인 실시간 전투,마그 탐험대,카르벨(Karbel),"히어로 수집 육성, 렐릭 탐험 어드벤처",코믹스 스타일 레이아웃,"수집 및 도감, 전투 및 액션","분할 화면, 텍스트 오버레이",자연/야외 미학,"수집욕/소유욕, 휴식과 힐링","SD/치비 캐릭터, 인간형 영웅",2.5D 입체 그래픽,독보적 화풍의 2.5D 그래픽으로 차별화된 비주얼 소구. 세로 규격의 범용성을 활용하며 보스 레이드 테마를 병행해 유저 반응 테스트 및 세그먼트 공략 필요.
260406_BNR_A-Charater-Collection01A-DA_L_1200x628_EN.jpg;https://tpc.googlesyndication.com/simgad/9157278201026773067,가로형 이미지,HQ_HQ_PH_US-EN_GA_NU_AD_ACi_260430,M_1844_INTEREST_GENRE_ALL_NONE_260430_2,2026-05-02,0,KRW,1556,59,2,0,BNR,가로형,2026-04-06,A,Charater,Collection01A,EN,260406_BNR_A-Charater-Collection01A-DA_L_1200x628_EN,A-Charater-Collection01A-DA,https://tpc.googlesyndication.com/simgad/9157278201026773067,"캐릭터/유닛 외형, 비주얼 임팩트",,,,,"Get Pepp'd, com2us, PEPP HEROES","아트 퀄리티, 캐릭터, 수집형RPG",수집형 RPG,용병 모집(Gacha),마그 탐험대,다수의 SD 영웅,히어로 수집 육성,,수집 및 도감,텍스트 오버레이,심플/클린 UI,수집욕/소유욕,SD/치비 캐릭터,2.5D 입체 그래픽,"'Get Pepp'd' 슬로건과 촘촘한 캐릭터 배치로 방대한 수집성 강조. 2.5D 및 SD 캐릭터로 유저 소유욕 자극 및 높은 CTR 유도, 인기 캐릭터 중심 확장 용이."
260406_BNR_A-Charater-Collection01A-DA_S_1200x1200_EN.jpg;https://tpc.googlesyndication.com/simgad/2322926171558263908,가로형 이미지,HQ_HQ_PH_US-EN_GA_NU_AD_ACi_260430,M_1844_INTEREST_GENRE_ALL_NONE_260430_2,2026-05-02,0,KRW,6,97,0,0,BNR,정방형,2026-04-06,A,Charater,Collection01A,EN,260406_BNR_A-Charater-Collection01A-DA_S_1200x1200_EN,A-Charater-Collection01A-DA,https://tpc.googlesyndication.com/simgad/2322926171558263908,"캐릭터/유닛 외형, 비주얼 임팩트",,,,,"Get Pepp'd, com2us, PEPP HEROES","아트 퀄리티, 캐릭터, 수집형RPG",수집형 RPG,용병 모집(Gacha),마그 탐험대,다수의 SD 영웅,히어로 수집 육성,,수집 및 도감,텍스트 오버레이,심플/클린 UI,수집욕/소유욕,SD/치비 캐릭터,2.5D 입체 그래픽,정방형 구도로 캐릭터 밀도와 시각적 풍성함 극대화. SNS 주목도 확보 및 캐릭터 등급 변주를 통한 전환율 개선 기대.
260406_BNR_A-Charater-Collection01A-DA_V_1200x1500_EN.jpg;https://tpc.googlesyndication.com/simgad/5699446522298240409,가로형 이미지,HQ_HQ_PH_US-EN_GA_NU_AD_ACi_260430,M_1844_INTEREST_GENRE_ALL_NONE_260430_2,2026-05-02,0,KRW,2592,21,3,0,BNR,세로형,2026-04-06,A,Charater,Collection01A,EN,260406_BNR_A-Charater-Collection01A-DA_V_1200x1500_EN,A-Charater-Collection01A-DA,https://tpc.googlesyndication.com/simgad/5699446522298240409,"캐릭터/유닛 외형, 비주얼 임팩트",,,,,"Get Pepp'd, com2us, PEPP HEROES","아트 퀄리티, 캐릭터, 수집형RPG",수집형 RPG,용병 모집(Gacha),마그 탐험대,다수의 SD 영웅,히어로 수집 육성,,수집 및 도감,텍스트 오버레이,심플/클린 UI,수집욕/소유욕,SD/치비 캐릭터,2.5D 입체 그래픽,세로 뷰로 50종 영웅 노출을 극대화하여 전략적 흥미 유발. 무료 소환권 혜택 강조로 전환율 제고 및 안정적 성과 기대.
260406_BNR_A-Mob-Adventure02A-DA_L_1200x628_EN.jpg;https://tpc.googlesyndication.com/simgad/17125206759944352040,가로형 이미지,HQ_HQ_PH_US-EN_GA_NU_AD_ACi_260430,M_1844_INTEREST_GENRE_ALL_NONE_260430_2,2026-05-02,6,KRW,17762,788,41,0,BNR,가로형,2026-04-06,A,Mob,Adventure02A,EN,260406_BNR_A-Mob-Adventure02A-DA_L_1200x628_EN,A-Mob-Adventure02A-DA,https://tpc.googlesyndication.com/simgad/17125206759944352040,비주얼 임팩트,,,,,PEPP HEROES,"아트 퀄리티, 수집형RPG",5인 분대 전투,거대 보스 레이드,"마그 탐험대, 고블린",,렐릭 탐험 어드벤처,2.5D 입체 월드 강조,"장애물 및 도전, 전투 및 액션",텍스트 오버레이,자연/야외 미학,도전과 승부욕,"거대 보스, SD/치비 캐릭터",2.5D 입체 그래픽,5인 파티 레이드와 SD 캐릭터로 어드벤처 RPG 정체성 강조. 2.5D 그래픽으로 CTR을 높이고 사전예약 보상을 통해 CVR 극대화 유도.
260406_BNR_A-Mob-Adventure02A-DA_S_1200x1200_EN.jpg;https://tpc.googlesyndication.com/simgad/17573267286983610733,가로형 이미지,HQ_HQ_PH_US-EN_GA_NU_AD_ACi_260430,M_1844_INTEREST_GENRE_ALL_NONE_260430_2,2026-05-02,0,KRW,1271,3,2,0,BNR,정방형,2026-04-06,A,Mob,Adventure02A,EN,260406_BNR_A-Mob-Adventure02A-DA_S_1200x1200_EN,A-Mob-Adventure02A-DA,https://tpc.googlesyndication.com/simgad/17573267286983610733,비주얼 임팩트,,,,,PEPP HEROES,"아트 퀄리티, 수집형RPG",5인 분대 전투,거대 보스 레이드,"마그 탐험대, 고블린",,렐릭 탐험 어드벤처,2.5D 입체 월드 강조,"장애물 및 도전, 전투 및 액션",텍스트 오버레이,자연/야외 미학,도전과 승부욕,"거대 보스, SD/치비 캐릭터",2.5D 입체 그래픽,2.5D 비주얼과 거대 보스 대치 구도로 몰입감 강조. 직접 조작 및 전략 조합을 선호하는 수집형 RPG 유저를 공략해 높은 클릭률과 수집욕 자극 기대.
260406_BNR_A-Mob-Adventure02A-DA_V_1200x1500_EN.jpg;https://tpc.googlesyndication.com/simgad/12487452563763707002,가로형 이미지,HQ_HQ_PH_US-EN_GA_NU_AD_ACi_260430,M_1844_INTEREST_GENRE_ALL_NONE_260430_2,2026-05-02,1,KRW,5746,225,3,0,BNR,세로형,2026-04-06,A,Mob,Adventure02A,EN,260406_BNR_A-Mob-Adventure02A-DA_V_1200x1500_EN,A-Mob-Adventure02A-DA,https://tpc.googlesyndication.com/simgad/12487452563763707002,비주얼 임팩트,,,,,PEPP HEROES,"아트 퀄리티, 수집형RPG",5인 분대 전투,거대 보스 레이드,"마그 탐험대, 고블린",,렐릭 탐험 어드벤처,2.5D 입체 월드 강조,"장애물 및 도전, 전투 및 액션",텍스트 오버레이,자연/야외 미학,도전과 승부욕,"거대 보스, SD/치비 캐릭터",2.5D 입체 그래픽,초기 핵심 영웅 노출로 수집 재미 강조 및 따뜻한 아트 스타일로 힐링 소구. 방대한 콘텐츠 중심의 텍스트 보강으로 캐주얼 유저 유입 및 잔존율 제고.
260406_VID_A-Character-Collection01B-UA_S_1080x1080_EN;https://www.youtube.com/watch?v=cTfY4JpFc-s,YouTube 동영상,HQ_HQ_PH_US-EN_GA_NU_AD_ACi_260430,M_1844_INTEREST_GENRE_ALL_NONE_260430_2,2026-05-02,3,KRW,5704,130,11,0,VID,정방형,2026-04-06,A,Character,Collection01B,EN;https://www,260406_VID_A-Character-Collection01B-UA_S_1080x1080_EN,A-Character-Collection01B-UA,https://www.youtube.com/watch?v=cTfY4JpFc-s,"질문/선택형, 캐릭터/유닛 외형",경쾌함,TRUE,,없음,"CHOOSE YOUR HERO, HUGO, KARBEL, MONAD","캐릭터, 수집형RPG, 전략성",용병 모집(Gacha),DIY 픽업 시스템,마그 탐험대,"휴고, 카르벨, 모나드",히어로 수집 육성,남성 캐릭터 위주 배치,수집 및 도감,"텍스트 오버레이, 분할 화면",심플/클린 UI,수집욕/소유욕,"SD/치비 캐릭터, 인간형 영웅",2D 일러스트,캐릭터 구성 대조를 통한 타겟 취향별 효율 분석. 탱커 및 딜러 중심 덱 선호 심리 공략하며 캐릭터 조합 변주 소재로 리타겟팅 광고 활용 권장.
260406_VID_A-Character-Combat01A-UA_L_1920x1080_EN;https://www.youtube.com/watch?v=2W7-0AV2mfg,YouTube 동영상,HQ_HQ_PH_US-EN_GA_NU_AD_ACi_260430,M_1844_INTEREST_GENRE_ALL_NONE_260430_2,2026-05-02,3,KRW,1882,98,2,0,VID,가로형,2026-04-06,A,Character,Combat01A,EN;https://www,260406_VID_A-Character-Combat01A-UA_L_1920x1080_EN,A-Character-Combat01A-UA,https://www.youtube.com/watch?v=2W7-0AV2mfg,"비주얼 임팩트, 캐릭터/유닛 외형",긴박함,TRUE,,없음,"VINESSA, A DARK WIZARD WHO DOMINATES THE FIELD, SOPHIA, REMOVES ALL DEBUFFS! THE KEY TO SURVIVAL, BERNETA, A SYNERGY DEALER THAT PERFECTS YOUR TEAM, PLAY FOR FREE","아트 퀄리티, 캐릭터, 수집형RPG, 전략성",용병 모집,스킬 컷신 연출,마그 탐험대,"Vinessa, Sophia, Berneta",렐릭 탐험 어드벤처,캐릭터별 스킬 특징 강조,전투 및 액션,"텍스트 오버레이, 클로즈업 및 줌",자연/야외 미학,"도전과 승부욕, 수집욕/소유욕","인간형 영웅, SD/치비 캐릭터, 성장 지표","2.5D 입체 그래픽, 2D 일러스트",인게임 전투와 일러스트 교차 편집으로 몰입도 극대화. 캐릭터 스킬 및 시너지로 전략적 호기심 자극. 플레이 영상 기반 안정적 CVR 확보 및 캐릭터 속성 대비 변주 제안.
260406_VID_A-Character-Combat01A-UA_S_1080x1080_EN;https://www.youtube.com/watch?v=jnNAzjzUw8o,YouTube 동영상,HQ_HQ_PH_US-EN_GA_NU_AD_ACi_260430,M_1844_INTEREST_GENRE_ALL_NONE_260430_2,2026-05-02,1,KRW,4994,236,2,0,VID,정방형,2026-04-06,A,Character,Combat01A,EN;https://www,260406_VID_A-Character-Combat01A-UA_S_1080x1080_EN,A-Character-Combat01A-UA,https://www.youtube.com/watch?v=jnNAzjzUw8o,"비주얼 임팩트, 캐릭터/유닛 외형",긴박함,TRUE,,없음,"VINESSA, A DARK WIZARD WHO DOMINATES THE FIELD, SOPHIA, REMOVES ALL DEBUFFS! THE KEY TO SURVIVAL, BERNETA, A SYNERGY DEALER THAT PERFECTS YOUR TEAM, PLAY FOR FREE","아트 퀄리티, 캐릭터, 수집형RPG, 전략성",용병 모집,스킬 컷신 연출,마그 탐험대,"Vinessa, Sophia, Berneta",렐릭 탐험 어드벤처,캐릭터별 스킬 특징 강조,전투 및 액션,"텍스트 오버레이, 클로즈업 및 줌",자연/야외 미학,"도전과 승부욕, 수집욕/소유욕","인간형 영웅, SD/치비 캐릭터, 성장 지표","2.5D 입체 그래픽, 2D 일러스트",SSR 비네사 비주얼을 초반에 배치해 RPG 팬덤 시선 확보. 고퀄리티 애니메이션으로 캐릭터 소유욕을 자극하며 스킬 콤보 시리즈로 소재 확장 가능.
260406_VID_A-Character-Combat01A-UA_V_1080x1920_EN;https://www.youtube.com/watch?v=tHmXhOKu33A,YouTube 동영상,HQ_HQ_PH_US-EN_GA_NU_AD_ACi_260430,M_1844_INTEREST_GENRE_ALL_NONE_260430_2,2026-05-02,1,KRW,3503,82,2,0,VID,세로형,2026-04-06,A,Character,Combat01A,EN;https://www,260406_VID_A-Character-Combat01A-UA_V_1080x1920_EN,A-Character-Combat01A-UA,https://www.youtube.com/watch?v=tHmXhOKu33A,"비주얼 임팩트, 캐릭터/유닛 외형",긴박함,TRUE,,없음,"VINESSA, A DARK WIZARD WHO DOMINATES THE FIELD, SOPHIA, REMOVES ALL DEBUFFS! THE KEY TO SURVIVAL, BERNETA, A SYNERGY DEALER THAT PERFECTS YOUR TEAM, PLAY FOR FREE","아트 퀄리티, 캐릭터, 수집형RPG, 전략성",용병 모집,스킬 컷신 연출,마그 탐험대,"Vinessa, Sophia, Berneta",렐릭 탐험 어드벤처,캐릭터별 스킬 특징 강조,전투 및 액션,"텍스트 오버레이, 클로즈업 및 줌",자연/야외 미학,"도전과 승부욕, 수집욕/소유욕","인간형 영웅, SD/치비 캐릭터, 성장 지표","2.5D 입체 그래픽, 2D 일러스트",숏폼 최적화 세로 분할 화면으로 캐릭터와 전투 연출 강조. 한 손 플레이 선호 심리를 공략하여 틱톡 및 릴스 내 높은 조회수 확보 기대.
260406_VID_A-Character-Combat01B-UA_L_1920x1080_EN;https://www.youtube.com/watch?v=d4rVTfnnYhg,YouTube 동영상,HQ_HQ_PH_US-EN_GA_NU_AD_ACi_260430,M_1844_INTEREST_GENRE_ALL_NONE_260430_2,2026-05-02,5,KRW,12446,625,11,0,VID,가로형,2026-04-06,A,Character,Combat01B,EN;https://www,260406_VID_A-Character-Combat01B-UA_L_1920x1080_EN,A-Character-Combat01B-UA,https://www.youtube.com/watch?v=d4rVTfnnYhg,"비주얼 임팩트, 캐릭터/유닛 외형",긴박함,TRUE,,없음,"HUGO, An indomitable warrior..., MONAD, A sage who devastates..., KARBEL, A fiery dealer..., PLAY FOR FREE","전략성, 아트 퀄리티",용병 모집,8인 실시간 전투,마그 탐험대,"Hugo, Monad, Karbel",히어로 수집 육성,,전투 및 액션,"텍스트 오버레이, 클로즈업 및 줌",자연/야외 미학,"도전과 승부욕, 수집욕/소유욕","인간형 영웅, SD/치비 캐릭터, 성장 지표","2.5D 입체 그래픽, 2D 일러스트",16:9 뷰로 넓은 전장과 스킬 강조. 화려한 연출로 타격감 선호 유저 공략. 전투 선호층 대상 높은 전환율 기대.
260406_VID_A-Character-Combat01B-UA_S_1080x1080_EN;https://www.youtube.com/watch?v=tcTIYuJi7pM,YouTube 동영상,HQ_HQ_PH_US-EN_GA_NU_AD_ACi_260430,M_1844_INTEREST_GENRE_ALL_NONE_260430_2,2026-05-02,0,KRW,2352,109,1,0,VID,정방형,2026-04-06,A,Character,Combat01B,EN;https://www,260406_VID_A-Character-Combat01B-UA_S_1080x1080_EN,A-Character-Combat01B-UA,https://www.youtube.com/watch?v=tcTIYuJi7pM,"비주얼 임팩트, 캐릭터/유닛 외형",긴박함,TRUE,,없음,"HUGO, An indomitable warrior..., MONAD, A sage who devastates..., KARBEL, A fiery dealer..., PLAY FOR FREE","전략성, 아트 퀄리티",용병 모집,8인 실시간 전투,마그 탐험대,"Hugo, Monad, Karbel",히어로 수집 육성,,전투 및 액션,"텍스트 오버레이, 클로즈업 및 줌",자연/야외 미학,"도전과 승부욕, 수집욕/소유욕","인간형 영웅, SD/치비 캐릭터, 성장 지표","2.5D 입체 그래픽, 2D 일러스트",소피아의 생존 및 지원 능력과 팀 시너지를 강조해 전략적 유저 공략. 비네사 소재 A/B 테스트로 타겟별 선호 캐릭터 최적화 및 성과 확장 도모.
260406_VID_A-Character-Combat01B-UA_V_1080x1920_EN;https://www.youtube.com/watch?v=rrd-TGZqEqc,YouTube 동영상,HQ_HQ_PH_US-EN_GA_NU_AD_ACi_260430,M_1844_INTEREST_GENRE_ALL_NONE_260430_2,2026-05-02,3,KRW,11400,464,7,0,VID,세로형,2026-04-06,A,Character,Combat01B,EN;https://www,260406_VID_A-Character-Combat01B-UA_V_1080x1920_EN,A-Character-Combat01B-UA,https://www.youtube.com/watch?v=rrd-TGZqEqc,"비주얼 임팩트, 캐릭터/유닛 외형",긴박함,TRUE,,없음,"HUGO, An indomitable warrior..., MONAD, A sage who devastates..., KARBEL, A fiery dealer..., PLAY FOR FREE","전략성, 아트 퀄리티",용병 모집,8인 실시간 전투,마그 탐험대,"Hugo, Monad, Karbel",히어로 수집 육성,,전투 및 액션,"텍스트 오버레이, 클로즈업 및 줌",자연/야외 미학,"도전과 승부욕, 수집욕/소유욕","인간형 영웅, SD/치비 캐릭터, 성장 지표","2.5D 입체 그래픽, 2D 일러스트",직관적인 탱딜힐 구성으로 정통 RPG 유저의 파티 니즈 충족. 역할군 조합의 재미를 텍스트로 보강하여 효율 극대화 기대.
260406_VID_A-Charater-Collection01B-UA_L_1920x1080_EN;https://www.youtube.com/watch?v=rRGCh1x6a6M,YouTube 동영상,HQ_HQ_PH_US-EN_GA_NU_AD_ACi_260430,M_1844_INTEREST_GENRE_ALL_NONE_260430_2,2026-05-02,4,KRW,18769,368,31,0,VID,가로형,2026-04-06,A,Charater,Collection01B,EN;https://www,260406_VID_A-Charater-Collection01B-UA_L_1920x1080_EN,A-Charater-Collection01B-UA,https://www.youtube.com/watch?v=rRGCh1x6a6M,"질문/선택형, 캐릭터/유닛 외형",경쾌함,TRUE,,없음,"CHOOSE YOUR HERO, HUGO, PLAY FOR FREE","아트 퀄리티, 전략성",용병 모집,DIY 픽업 시스템,마그 탐험대,Hugo,히어로 수집 육성,,수집 및 도감,"텍스트 오버레이, 클로즈업 및 줌",심플/클린 UI,"수집욕/소유욕, 만족과 성취감","인간형 영웅, SD/치비 캐릭터","2.5D 입체 그래픽, 2D 일러스트","그리드 UI로 풍부한 캐릭터 풀을 어필해 수집 욕구를 자극하며, 캐릭터 강조 엔드카드를 통해 높은 잔존율을 확보합니다."
260406_VID_A-Charater-Collection01B-UA_V_1080x1920_EN;https://www.youtube.com/watch?v=u5diHTUsSOs,YouTube 동영상,HQ_HQ_PH_US-EN_GA_NU_AD_ACi_260430,M_1844_INTEREST_GENRE_ALL_NONE_260430_2,2026-05-02,0,KRW,3920,65,5,0,VID,세로형,2026-04-06,A,Charater,Collection01B,EN;https://www,260406_VID_A-Charater-Collection01B-UA_V_1080x1920_EN,A-Charater-Collection01B-UA,https://www.youtube.com/watch?v=u5diHTUsSOs,"질문/선택형, 캐릭터/유닛 외형",경쾌함,TRUE,,없음,"CHOOSE YOUR HERO, HUGO, PLAY FOR FREE","아트 퀄리티, 전략성",용병 모집,DIY 픽업 시스템,마그 탐험대,Hugo,히어로 수집 육성,캐릭터 픽(Pick) 연출,수집 및 도감,"텍스트 오버레이, 클로즈업 및 줌",심플/클린 UI,"수집욕/소유욕, 만족과 성취감","인간형 영웅, SD/치비 캐릭터","2.5D 입체 그래픽, 2D 일러스트",직접 영웅을 선택하는 인터랙티브 경험으로 기대감 부여. 다양한 영웅 노출을 통해 유저 취향을 공략하고 반복적인 참여 유도.
260406_VID_A-Hooking-Reward02A-FK_L_1920x1080_EN;https://www.youtube.com/watch?v=oRlzfGbT3xY,YouTube 동영상,HQ_HQ_PH_US-EN_GA_NU_AD_ACi_260430,M_1844_INTEREST_GENRE_ALL_NONE_260430_2,2026-05-02,5,KRW,16549,513,10,0,VID,가로형,2026-04-06,A,Hooking,Reward02A,EN;https://www,260406_VID_A-Hooking-Reward02A-FK_L_1920x1080_EN,A-Hooking-Reward02A-FK,https://www.youtube.com/watch?v=oRlzfGbT3xY,"실패/분노 유도, 압도적 보상",긴박함,TRUE,,없음,"Tap here to save him!, Help me!, HELP KARBEL CLEAR, Claim your SR character and rewards worth $100!, PLAY FOR FREE",보상,용병 모집,우호도 시스템,마그 탐험대,카르벨(Karbel),히어로 수집 육성,페이크 플레이(구출 미니게임) 형식 활용,퍼즐 및 논리,"손가락 지시선, 텍스트 오버레이",자연/야외 미학,"도전과 승부욕, 만족과 성취감","SD/치비 캐릭터, 재화/보물상자",2D 일러스트,구출 미니게임 방식을 활용해 시청자 이탈을 방지하고 즉각적인 행동을 유도합니다. 대량의 재화 보상으로 성취감을 자극하여 저단가 트래픽 확보 및 높은 클릭률을 공략합니다.
260406_VID_A-Hooking-Reward02A-FK_S_1080x1080_EN;https://www.youtube.com/watch?v=EgLwtP8WjE4,YouTube 동영상,HQ_HQ_PH_US-EN_GA_NU_AD_ACi_260430,M_1844_INTEREST_GENRE_ALL_NONE_260430_2,2026-05-02,0,KRW,1841,81,2,0,VID,정방형,2026-04-06,A,Hooking,Reward02A,EN;https://www,260406_VID_A-Hooking-Reward02A-FK_S_1080x1080_EN,A-Hooking-Reward02A-FK,https://www.youtube.com/watch?v=EgLwtP8WjE4,"실패/분노 유도, 압도적 보상",긴박함,TRUE,,없음,"Tap here to save him!, Help me!, HELP KARBEL CLEAR, Claim your SR character and rewards worth $100!, PLAY FOR FREE",보상,용병 모집,우호도 시스템,마그 탐험대,카르벨(Karbel),히어로 수집 육성,페이크 플레이(구출 미니게임) 형식 활용,퍼즐 및 논리,"손가락 지시선, 텍스트 오버레이",자연/야외 미학,"도전과 승부욕, 만족과 성취감","SD/치비 캐릭터, 재화/보물상자",2D 일러스트,위기 상황 미션과 100달러 보상으로 유저 참여 및 전환 유도. 쉬운 조작성 강조로 진입 장벽을 낮춰 대량 유입용 런칭 소재로 적합.
260406_VID_A-Hooking-Reward02A-FK_V_1080x1920_EN;https://www.youtube.com/watch?v=b7LsalWUDvQ,YouTube 동영상,HQ_HQ_PH_US-EN_GA_NU_AD_ACi_260430,M_1844_INTEREST_GENRE_ALL_NONE_260430_2,2026-05-02,0,KRW,569,18,0,0,VID,세로형,2026-04-06,A,Hooking,Reward02A,EN;https://www,260406_VID_A-Hooking-Reward02A-FK_V_1080x1920_EN,A-Hooking-Reward02A-FK,https://www.youtube.com/watch?v=b7LsalWUDvQ,"실패/분노 유도, 압도적 보상",긴박함,TRUE,,없음,"Tap here to save him!, Help me!, HELP KARBEL CLEAR, Claim your SR character and rewards worth $100!, PLAY FOR FREE",보상,용병 모집,우호도 시스템,마그 탐험대,카르벨(Karbel),히어로 수집 육성,페이크 플레이(구출 미니게임) 형식 활용,퍼즐 및 논리,"손가락 지시선, 텍스트 오버레이",자연/야외 미학,"도전과 승부욕, 만족과 성취감","SD/치비 캐릭터, 재화/보물상자",2D 일러스트,9:16 세로형 구조로 터치 인터랙션을 극대화하고 FOMO를 자극해 시청 완료율을 높입니다. 캐릭터 활용 및 실패 연출의 A/B 테스트 확장을 제안합니다.
260406_VID_A-Hooking-Reward03A-UA_L_1920x1080_EN;https://www.youtube.com/watch?v=XUrzh1Qrk5w,YouTube 동영상,HQ_HQ_PH_US-EN_GA_NU_AD_ACi_260430,M_1844_INTEREST_GENRE_ALL_NONE_260430_2,2026-05-02,2,KRW,4070,297,4,0,VID,가로형,2026-04-06,A,Hooking,Reward03A,EN;https://www,260406_VID_A-Hooking-Reward03A-UA_L_1920x1080_EN,A-Hooking-Reward03A-UA,https://www.youtube.com/watch?v=XUrzh1Qrk5w,"압도적 보상, 실패/분노 유도",경쾌함,TRUE,,없음,"WARNING Skip and you will lose your $100 rewards, Tap within 5 Seconds, SR, PLAY FOR FREE!, Claim your SR character and rewards worth $100!",보상,용병 모집,,마그 탐험대,Karbel,히어로 수집 육성,$100 가치 혜택 강조,수집 및 도감,"손가락 지시선, 텍스트 오버레이",심플/클린 UI,"만족과 성취감, 수집욕/소유욕","재화/보물상자, SD/치비 캐릭터","2D 일러스트, 2.5D 입체 그래픽","가로 화면을 활용한 화려한 연출로 시각적 몰입감을 높이고, 보상 상실에 대한 FOMO 심리를 자극하여 가로형 매체 타겟 광고 효율을 극대화함."
260406_VID_A-Hooking-Reward03A-UA_S_1080x1080_EN;https://www.youtube.com/watch?v=VGJB5tDWops,YouTube 동영상,HQ_HQ_PH_US-EN_GA_NU_AD_ACi_260430,M_1844_INTEREST_GENRE_ALL_NONE_260430_2,2026-05-02,7,KRW,14815,225,20,0,VID,정방형,2026-04-06,A,Hooking,Reward03A,EN;https://www,260406_VID_A-Hooking-Reward03A-UA_S_1080x1080_EN,A-Hooking-Reward03A-UA,https://www.youtube.com/watch?v=VGJB5tDWops,"압도적 보상, 실패/분노 유도",경쾌함,TRUE,,없음,"WARNING Skip and you will lose your $100 rewards, Tap within 5 Seconds, SR, PLAY FOR FREE!, Claim your SR character and rewards worth $100!",보상,용병 모집,,마그 탐험대,Karbel,히어로 수집 육성,$100 가치 혜택 강조,수집 및 도감,"손가락 지시선, 텍스트 오버레이",심플/클린 UI,"만족과 성취감, 수집욕/소유욕","재화/보물상자, SD/치비 캐릭터","2D 일러스트, 2.5D 입체 그래픽",부정적 후킹과 시간 제한으로 클릭 유도. $100 가치 및 SR 확정으로 수익 구체화. 높은 CVR 예상되며 보상 변주를 통한 라이브 옵스 제안.
260406_VID_A-Hooking-Reward03A-UA_V_1080x1920_EN;https://www.youtube.com/watch?v=jA_HAiz95x4,YouTube 동영상,HQ_HQ_PH_US-EN_GA_NU_AD_ACi_260430,M_1844_INTEREST_GENRE_ALL_NONE_260430_2,2026-05-02,4,KRW,16274,384,9,0,VID,세로형,2026-04-06,A,Hooking,Reward03A,EN;https://www,260406_VID_A-Hooking-Reward03A-UA_V_1080x1920_EN,A-Hooking-Reward03A-UA,https://www.youtube.com/watch?v=jA_HAiz95x4,"압도적 보상, 실패/분노 유도",경쾌함,TRUE,,없음,"WARNING Skip and you will lose your $100 rewards, Tap within 5 Seconds, SR, PLAY FOR FREE!, Claim your SR character and rewards worth $100!",보상,용병 모집,,마그 탐험대,Karbel,히어로 수집 육성,$100 가치 혜택 강조,수집 및 도감,"손가락 지시선, 텍스트 오버레이",심플/클린 UI,"만족과 성취감, 수집욕/소유욕","재화/보물상자, SD/치비 캐릭터","2D 일러스트, 2.5D 입체 그래픽",도발적 문구와 타이머로 이탈을 방지하고 FOMO 심리를 자극함. 보상형 인벤토리 활용을 통해 UA 매체에서 압도적 전환율 달성 기대.
260406_VID_A-Mob-Adventure01A-UA_L_1920x1080_EN;https://www.youtube.com/watch?v=hVmkPdIsz70,YouTube 동영상,HQ_HQ_PH_US-EN_GA_NU_AD_ACi_260430,M_1844_INTEREST_GENRE_ALL_NONE_260430_2,2026-05-02,1,KRW,2173,148,2,0,VID,가로형,2026-04-06,A,Mob,Adventure01A,EN;https://www,260406_VID_A-Mob-Adventure01A-UA_L_1920x1080_EN,A-Mob-Adventure01A-UA,https://www.youtube.com/watch?v=hVmkPdIsz70,"비주얼 임팩트, 성장 비포애프터",긴박함,TRUE,,없음,"WARNING, GOBLINS INCOMING!, Goblins? Easy! Level UP! UP!, Power Boost! BOOM! BOOM!, Strategic deployment!, Get ready for BATTLE!","편의성, 전략성",AFK 기능,8인 실시간 전투,고블린,카르벨,렐릭 탐험 어드벤처,스마트폰 UI 팝업 연출,"시뮬레이션 및 관리, 장애물 및 도전","텍스트 오버레이, 클로즈업 및 줌",자연/야외 미학,"도전과 승부욕, 만족과 성취감","SD/치비 캐릭터, 성장 지표, 군단/대규모 유닛",2.5D 입체 그래픽,16:9 화면 대비로 대규모 전투와 모바일 최적화 강조. 방치형 육성 선호 유저 타겟으로 핵심 시스템 소구 및 브랜딩·퍼포먼스 효율 기대.
260406_VID_A-Mob-Adventure01A-UA_S_1080x1080_EN;https://www.youtube.com/watch?v=LMKl0g6yRJU,YouTube 동영상,HQ_HQ_PH_US-EN_GA_NU_AD_ACi_260430,M_1844_INTEREST_GENRE_ALL_NONE_260430_2,2026-05-02,4,KRW,11958,164,13,0,VID,정방형,2026-04-06,A,Mob,Adventure01A,EN;https://www,260406_VID_A-Mob-Adventure01A-UA_S_1080x1080_EN,A-Mob-Adventure01A-UA,https://www.youtube.com/watch?v=LMKl0g6yRJU,"비주얼 임팩트, 성장 비포애프터",긴박함,TRUE,,없음,"WARNING, GOBLINS INCOMING!, Goblins? Easy! Level UP! UP!, Power Boost! BOOM! BOOM!, Strategic deployment!, Get ready for BATTLE!","편의성, 전략성",AFK 기능,8인 실시간 전투,고블린,카르벨,렐릭 탐험 어드벤처,스마트폰 UI 팝업 연출,"시뮬레이션 및 관리, 장애물 및 도전","텍스트 오버레이, 클로즈업 및 줌",자연/야외 미학,"도전과 승부욕, 참여와 임장감","SD/치비 캐릭터, 성장 지표, 군단/대규모 유닛",2.5D 입체 그래픽,경고 연출로 몰입도를 높이고 쉬운 성장을 강조해 진입 장벽 완화. 대규모 레이드 소재 확장을 통한 중장기 성과 기대.
260406_VID_A-Mob-Adventure01A-UA_V_1080x1920_EN;https://www.youtube.com/watch?v=nIYkYZ-JFj0,YouTube 동영상,HQ_HQ_PH_US-EN_GA_NU_AD_ACi_260430,M_1844_INTEREST_GENRE_ALL_NONE_260430_2,2026-05-02,0,KRW,3289,64,3,0,VID,세로형,2026-04-06,A,Mob,Adventure01A,EN;https://www,260406_VID_A-Mob-Adventure01A-UA_V_1080x1920_EN,A-Mob-Adventure01A-UA,https://www.youtube.com/watch?v=nIYkYZ-JFj0,"비주얼 임팩트, 성장 비포애프터",긴박함,TRUE,,없음,"WARNING, GOBLINS INCOMING!, Goblins? Easy! Level UP! UP!, Power Boost! BOOM! BOOM!, Strategic deployment!, Get ready for BATTLE!","편의성, 전략성",AFK 기능,8인 실시간 전투,고블린,카르벨,렐릭 탐험 어드벤처,스마트폰 UI 팝업 연출,"시뮬레이션 및 관리, 장애물 및 도전","텍스트 오버레이, 클로즈업 및 줌",자연/야외 미학,"도전과 승부욕, 만족과 성취감","SD/치비 캐릭터, 성장 지표, 군단/대규모 유닛",2.5D 입체 그래픽,세로형 피드 최적화 UI와 마을 습격 반전 연출로 이탈 방지. 직관적 레벨업과 전략적 배치 중심의 성장 쾌감을 자극해 숏폼 환경 내 높은 시청 유지율 및 전환율 기대.
Cute but Powerful Squad,광고 제목,HQ_HQ_PH_US-EN_GA_NU_AD_ACA-PU_260429,M_1844_INTEREST_GENRE_ALL_NONE_260429,2026-05-02,5,KRW,37026,114,15,0,TXT,,,,,,,,,,,,,,,,,,,,,,,,,,,,,
Let’s Hunt for Treasure!,광고 제목,HQ_HQ_PH_US-EN_GA_NU_AD_ACA-PU_260429,M_1844_INTEREST_GENRE_ALL_NONE_260429,2026-05-02,0,KRW,1412,68,1,0,TXT,,,,,,,,,,,,,,,,,,,,,,,,,,,,,
Pepp Heroes,광고 제목,HQ_HQ_PH_US-EN_GA_NU_AD_ACA-PU_260429,M_1844_INTEREST_GENRE_ALL_NONE_260429,2026-05-02,0,KRW,42394,93,5,0,TXT,,,,,,,,,,,,,,,,,,,,,,,,,,,,,
Play for Free,광고 제목,HQ_HQ_PH_US-EN_GA_NU_AD_ACA-PU_260429,M_1844_INTEREST_GENRE_ALL_NONE_260429,2026-05-02,0,KRW,7450,182,2,0,TXT,,,,,,,,,,,,,,,,,,,,,,,,,,,,,
"Your RPG, In Your Hands",광고 제목,HQ_HQ_PH_US-EN_GA_NU_AD_ACA-PU_260429,M_1844_INTEREST_GENRE_ALL_NONE_260429,2026-05-02,0,KRW,1572,75,2,0,TXT,,,,,,,,,,,,,,,,,,,,,,,,,,,,,
Adorable Yet Powerful! Collect Heroes With Diverse Charms,설명,HQ_HQ_PH_US-EN_GA_NU_AD_ACA-PU_260429,M_1844_INTEREST_GENRE_ALL_NONE_260429,2026-05-02,0,KRW,818,58,1,0,TXT,,,,,,,,,,,,,,,,,,,,,,,,,,,,,
Clock Out and Start Your Treasure Hunt!,설명,HQ_HQ_PH_US-EN_GA_NU_AD_ACA-PU_260429,M_1844_INTEREST_GENRE_ALL_NONE_260429,2026-05-02,5,KRW,11931,123,9,0,TXT,,,,,,,,,,,,,,,,,,,,,,,,,,,,,
Get Rewards Worth $100! Play Now!,설명,HQ_HQ_PH_US-EN_GA_NU_AD_ACA-PU_260429,M_1844_INTEREST_GENRE_ALL_NONE_260429,2026-05-02,0,KRW,1969,94,0,0,TXT,,,,,,,,,,,,,,,,,,,,,,,,,,,,,
Strategic Battles With Heroes Full of Personality! Win With Your Own Squad,설명,HQ_HQ_PH_US-EN_GA_NU_AD_ACA-PU_260429,M_1844_INTEREST_GENRE_ALL_NONE_260429,2026-05-02,0,KRW,3730,158,2,0,TXT,,,,,,,,,,,,,,,,,,,,,,,,,,,,,
Unique Hero Skills and Synergies! The Collectible RPG of Endless Team Combinations,설명,HQ_HQ_PH_US-EN_GA_NU_AD_ACA-PU_260429,M_1844_INTEREST_GENRE_ALL_NONE_260429,2026-05-02,0,KRW,5093,249,3,0,TXT,,,,,,,,,,,,,,,,,,,,,,,,,,,,,
251104_BNR_A-Character-Adventure01A-DA_L_1200x628_EN.jpg;https://tpc.googlesyndication.com/simgad/7852267225455295083,가로형 이미지,HQ_HQ_PH_US-EN_GA_NU_AD_ACA-PU_260429,M_1844_INTEREST_GENRE_ALL_NONE_260429,2026-05-02,28,KRW,95408,244,26,"193,448.72",BNR,가로형,2025-11-04,A,Character,Adventure01A,EN,251104_BNR_A-Character-Adventure01A-DA_L_1200x628_EN,A-Character-Adventure01A-DA,https://tpc.googlesyndication.com/simgad/7852267225455295083,"비주얼 임팩트, 캐릭터/유닛 외형",,,,,PEPP HEROES,"아트 퀄리티, 캐릭터, 수집형RPG","5인 분대 전투, 수집형 RPG",,"마그 탐험대, 고블린",카르벨(Karbel),렐릭 탐험 어드벤처,2.5D 입체 월드 강조,"전투 및 액션, 탐험 및 발견",텍스트 오버레이,자연/야외 미학,"도전과 승부욕, 수집욕/소유욕","인간형 영웅, SD/치비 캐릭터, 거대 보스","2.5D 입체 그래픽, 2D 일러스트",와이드 뷰로 보스 대립 및 레이드 강조. 소부대 전투의 스케일감으로 타겟 공략. SNS 최적화와 보상 정보 추가로 유입 및 전환 극대화.
251104_BNR_A-Character-Adventure01A-DA_S_1200x1200_EN.jpg;https://tpc.googlesyndication.com/simgad/13260462268912176542,가로형 이미지,HQ_HQ_PH_US-EN_GA_NU_AD_ACA-PU_260429,M_1844_INTEREST_GENRE_ALL_NONE_260429,2026-05-02,0,KRW,0,19,0,0,BNR,정방형,2025-11-04,A,Character,Adventure01A,EN,251104_BNR_A-Character-Adventure01A-DA_S_1200x1200_EN,A-Character-Adventure01A-DA,https://tpc.googlesyndication.com/simgad/13260462268912176542,"비주얼 임팩트, 캐릭터/유닛 외형",,,,,PEPP HEROES,"아트 퀄리티, 캐릭터, 수집형RPG","5인 분대 전투, 수집형 RPG",,"마그 탐험대, 고블린",카르벨(Karbel),렐릭 탐험 어드벤처,2.5D 입체 월드 강조,"전투 및 액션, 탐험 및 발견",텍스트 오버레이,자연/야외 미학,"참여와 임장감, 수집욕/소유욕","인간형 영웅, SD/치비 캐릭터, 거대 보스","2.5D 입체 그래픽, 2D 일러스트",독창적인 2.5D 비주얼과 코어한 전투 재미로 RPG 유저 공략. 북미·글로벌 시장의 높은 CTR을 기반으로 SSR 소환 연출을 활용해 CVR 최적화.
260406_BNR_A-Character-Adventure02A-DA_L_1200x628_EN.jpg;https://tpc.googlesyndication.com/simgad/7571534943945847205,가로형 이미지,HQ_HQ_PH_US-EN_GA_NU_AD_ACA-PU_260429,M_1844_INTEREST_GENRE_ALL_NONE_260429,2026-05-02,0,KRW,0,21,0,0,BNR,가로형,2026-04-06,A,Character,Adventure02A,EN,260406_BNR_A-Character-Adventure02A-DA_L_1200x628_EN,A-Character-Adventure02A-DA,https://tpc.googlesyndication.com/simgad/7571534943945847205,"캐릭터/유닛 외형, 비주얼 임팩트",,,,,"PEPP HEROES: RELIC QUEST, PRE-REGISTER NOW","아트 퀄리티, 릴리즈 예고, 캐릭터, 수집형RPG",용병 모집(Gacha),렐릭 퀘스트,마그 탐험대,샤일린(Shylin),렐릭 탐험 어드벤처,,수집 및 도감,텍스트 오버레이,자연/야외 미학,"수집욕/소유욕, 참여와 임장감",,"2.5D 입체 그래픽, 2D 일러스트",샤일린 비주얼을 활용해 2.5D 미학적 만족감을 강조하고 사전예약을 유도함. 고관여 유저 대상 높은 CTR이 기대되며 캐릭터 시너지 소재로 확장 계획임.
260406_BNR_A-Character-Adventure02A-DA_S_1200x1200_EN.jpg;https://tpc.googlesyndication.com/simgad/11186665980784424187,가로형 이미지,HQ_HQ_PH_US-EN_GA_NU_AD_ACA-PU_260429,M_1844_INTEREST_GENRE_ALL_NONE_260429,2026-05-02,0,KRW,0,12,0,0,BNR,정방형,2026-04-06,A,Character,Adventure02A,EN,260406_BNR_A-Character-Adventure02A-DA_S_1200x1200_EN,A-Character-Adventure02A-DA,https://tpc.googlesyndication.com/simgad/11186665980784424187,"캐릭터/유닛 외형, 비주얼 임팩트",,,,,"PEPP HEROES: RELIC QUEST, PRE-REGISTER NOW","아트 퀄리티, 릴리즈 예고, 캐릭터, 수집형RPG",용병 모집(Gacha),렐릭 퀘스트,마그 탐험대,샤일린(Shylin),렐릭 탐험 어드벤처,,수집 및 도감,텍스트 오버레이,자연/야외 미학,"수집욕/소유욕, 참여와 임장감",,"2.5D 입체 그래픽, 2D 일러스트",정사각형 포맷 내 캐릭터 밀집도를 높여 시선 집중 및 수집 욕구 자극. 인스타그램 등 매체 최적화 및 보상 정보 결합으로 고효율 기대.
260406_BNR_A-Character-Life01A-DA_L_1200x628_EN.jpg;https://tpc.googlesyndication.com/simgad/4842260928888903016,가로형 이미지,HQ_HQ_PH_US-EN_GA_NU_AD_ACA-PU_260429,M_1844_INTEREST_GENRE_ALL_NONE_260429,2026-05-02,0,KRW,0,18,0,0,BNR,가로형,2026-04-06,A,Character,Life01A,EN,260406_BNR_A-Character-Life01A-DA_L_1200x628_EN,A-Character-Life01A-DA,https://tpc.googlesyndication.com/simgad/4842260928888903016,"캐릭터/유닛 외형, 비주얼 임팩트",,,,,"PEPP HEROES, PLAY FOR FREE","아트 퀄리티, 전략성, 수집형RPG","8인 실시간 전투, 8종 직업 및 4종 클래스 체계","렐릭 퀘스트, 8인 실시간 전투",마그 탐험대,카르벨(Karbel),"렐릭 탐험 어드벤처, 히어로 수집 육성",,"수집 및 도감, 탐험 및 발견","텍스트 오버레이, 심플/클린 UI",자연/야외 미학,"휴식과 힐링, 수집욕/소유욕","SD/치비 캐릭터, 인간형 영웅","2.5D 입체 그래픽, 2D 일러스트",2.5D 월드의 공간감을 강조하여 어드벤처 유저를 타겟팅합니다. 리마케팅에 효과적이며 수집 문구 추가로 정보 전달력 보강을 추천합니다.
260406_BNR_A-Character-Life01A-DA_S_1200x1200_EN.jpg;https://tpc.googlesyndication.com/simgad/1365671312776743899,가로형 이미지,HQ_HQ_PH_US-EN_GA_NU_AD_ACA-PU_260429,M_1844_INTEREST_GENRE_ALL_NONE_260429,2026-05-02,0,KRW,0,18,0,0,BNR,정방형,2026-04-06,A,Character,Life01A,EN,260406_BNR_A-Character-Life01A-DA_S_1200x1200_EN,A-Character-Life01A-DA,https://tpc.googlesyndication.com/simgad/1365671312776743899,"캐릭터/유닛 외형, 비주얼 임팩트",,,,,"PEPP HEROES, PLAY FOR FREE","아트 퀄리티, 캐릭터, 수집형RPG","8인 실시간 전투, 8종 직업 및 4종 클래스 체계","렐릭 퀘스트, 8인 실시간 전투",마그 탐험대,카르벨(Karbel),"렐릭 탐험 어드벤처, 히어로 수집 육성",,"수집 및 도감, 탐험 및 발견","텍스트 오버레이, 심플/클린 UI",자연/야외 미학,"휴식과 힐링, 수집욕/소유욕","SD/치비 캐릭터, 인간형 영웅","2.5D 입체 그래픽, 2D 일러스트","고퀄리티 일러스트와 실제 화면을 합성해 신뢰감을 조성함. 캐주얼 유저의 힐링 욕구를 공략하여 높은 클릭률을 유도하고, 사전예약 보상 강조로 전환율 극대화가 필요함."
260406_BNR_A-Mob-Adventure01A-DA_L_1200x628_EN.jpg;https://tpc.googlesyndication.com/simgad/16600105301133976800,가로형 이미지,HQ_HQ_PH_US-EN_GA_NU_AD_ACA-PU_260429,M_1844_INTEREST_GENRE_ALL_NONE_260429,2026-05-02,0,KRW,0,5,0,0,BNR,가로형,2026-04-06,A,Mob,Adventure01A,EN,260406_BNR_A-Mob-Adventure01A-DA_L_1200x628_EN,A-Mob-Adventure01A-DA,https://tpc.googlesyndication.com/simgad/16600105301133976800,"캐릭터/유닛 외형, 비주얼 임팩트",,,,,"Peppy & Ready to Fight, PLAY FOR FREE","아트 퀄리티, 캐릭터, 수집형RPG",8인 실시간 전투,8종 직업 및 4종 클래스 체계,고블린,,렐릭 탐험 어드벤처,몬스터 군단 중심의 구도,"전투 및 액션, 탐험 및 발견",텍스트 오버레이,자연/야외 미학,"참여와 임장감, 수집욕/소유욕","SD/치비 캐릭터, 군단/대규모 유닛","2.5D 입체 그래픽, 2D 일러스트",몬스터 군단과 2.5D 아트 중심의 모험 소구. 독특한 크리처 디자인으로 고관여 유저의 CTR 유도 및 전략적 시너지 강조.
260406_BNR_A-Mob-Adventure01A-DA_S_1200x1200_EN.jpg;https://tpc.googlesyndication.com/simgad/9569657006008026943,가로형 이미지,HQ_HQ_PH_US-EN_GA_NU_AD_ACA-PU_260429,M_1844_INTEREST_GENRE_ALL_NONE_260429,2026-05-02,0,KRW,0,135,0,0,BNR,정방형,2026-04-06,A,Mob,Adventure01A,EN,260406_BNR_A-Mob-Adventure01A-DA_S_1200x1200_EN,A-Mob-Adventure01A-DA,https://tpc.googlesyndication.com/simgad/9569657006008026943,"캐릭터/유닛 외형, 비주얼 임팩트",,,,,"Peppy & Ready to Fight, PLAY FOR FREE","아트 퀄리티, 캐릭터, 수집형RPG",8인 실시간 전투,8종 직업 및 4종 클래스 체계,고블린,,렐릭 탐험 어드벤처,몬스터 군단 중심의 구도,"전투 및 액션, 탐험 및 발견",텍스트 오버레이,자연/야외 미학,"참여와 임장감, 수집욕/소유욕","SD/치비 캐릭터, 군단/대규모 유닛","2.5D 입체 그래픽, 2D 일러스트","1:1 비율로 SD 캐릭터의 디테일과 2.5D 비주얼을 강조함. 높은 아트 퀄리티로 유저 시선을 유도하며, 시간 및 날씨 변화를 활용한 소재 확장을 제안함."
260406_VID_A-Character-Collection01B-UA_S_1080x1080_EN;https://www.youtube.com/watch?v=cTfY4JpFc-s,YouTube 동영상,HQ_HQ_PH_US-EN_GA_NU_AD_ACA-PU_260429,M_1844_INTEREST_GENRE_ALL_NONE_260429,2026-05-02,0,KRW,735,20,0,0,VID,정방형,2026-04-06,A,Character,Collection01B,EN;https://www,260406_VID_A-Character-Collection01B-UA_S_1080x1080_EN,A-Character-Collection01B-UA,https://www.youtube.com/watch?v=cTfY4JpFc-s,"질문/선택형, 캐릭터/유닛 외형",경쾌함,TRUE,,없음,"CHOOSE YOUR HERO, HUGO, KARBEL, MONAD","캐릭터, 수집형RPG, 전략성",용병 모집(Gacha),DIY 픽업 시스템,마그 탐험대,"휴고, 카르벨, 모나드",히어로 수집 육성,남성 캐릭터 위주 배치,수집 및 도감,"텍스트 오버레이, 분할 화면",심플/클린 UI,수집욕/소유욕,"SD/치비 캐릭터, 인간형 영웅",2D 일러스트,캐릭터 구성 대조를 통한 타겟 취향별 효율 분석. 탱커 및 딜러 중심 덱 선호 심리 공략하며 캐릭터 조합 변주 소재로 리타겟팅 광고 활용 권장.
260406_VID_A-Character-Combat01A-UA_L_1920x1080_EN;https://www.youtube.com/watch?v=2W7-0AV2mfg,YouTube 동영상,HQ_HQ_PH_US-EN_GA_NU_AD_ACA-PU_260429,M_1844_INTEREST_GENRE_ALL_NONE_260429,2026-05-02,1,KRW,13168,63,0,0,VID,가로형,2026-04-06,A,Character,Combat01A,EN;https://www,260406_VID_A-Character-Combat01A-UA_L_1920x1080_EN,A-Character-Combat01A-UA,https://www.youtube.com/watch?v=2W7-0AV2mfg,"비주얼 임팩트, 캐릭터/유닛 외형",긴박함,TRUE,,없음,"VINESSA, A DARK WIZARD WHO DOMINATES THE FIELD, SOPHIA, REMOVES ALL DEBUFFS! THE KEY TO SURVIVAL, BERNETA, A SYNERGY DEALER THAT PERFECTS YOUR TEAM, PLAY FOR FREE","아트 퀄리티, 캐릭터, 수집형RPG, 전략성",용병 모집,스킬 컷신 연출,마그 탐험대,"Vinessa, Sophia, Berneta",렐릭 탐험 어드벤처,캐릭터별 스킬 특징 강조,전투 및 액션,"텍스트 오버레이, 클로즈업 및 줌",자연/야외 미학,"도전과 승부욕, 수집욕/소유욕","인간형 영웅, SD/치비 캐릭터, 성장 지표","2.5D 입체 그래픽, 2D 일러스트",인게임 전투와 일러스트 교차 편집으로 몰입도 극대화. 캐릭터 스킬 및 시너지로 전략적 호기심 자극. 플레이 영상 기반 안정적 CVR 확보 및 캐릭터 속성 대비 변주 제안.
260406_VID_A-Character-Combat01A-UA_S_1080x1080_EN;https://www.youtube.com/watch?v=jnNAzjzUw8o,YouTube 동영상,HQ_HQ_PH_US-EN_GA_NU_AD_ACA-PU_260429,M_1844_INTEREST_GENRE_ALL_NONE_260429,2026-05-02,0,KRW,1714,34,0,0,VID,정방형,2026-04-06,A,Character,Combat01A,EN;https://www,260406_VID_A-Character-Combat01A-UA_S_1080x1080_EN,A-Character-Combat01A-UA,https://www.youtube.com/watch?v=jnNAzjzUw8o,"비주얼 임팩트, 캐릭터/유닛 외형",긴박함,TRUE,,없음,"VINESSA, A DARK WIZARD WHO DOMINATES THE FIELD, SOPHIA, REMOVES ALL DEBUFFS! THE KEY TO SURVIVAL, BERNETA, A SYNERGY DEALER THAT PERFECTS YOUR TEAM, PLAY FOR FREE","아트 퀄리티, 캐릭터, 수집형RPG, 전략성",용병 모집,스킬 컷신 연출,마그 탐험대,"Vinessa, Sophia, Berneta",렐릭 탐험 어드벤처,캐릭터별 스킬 특징 강조,전투 및 액션,"텍스트 오버레이, 클로즈업 및 줌",자연/야외 미학,"도전과 승부욕, 수집욕/소유욕","인간형 영웅, SD/치비 캐릭터, 성장 지표","2.5D 입체 그래픽, 2D 일러스트",SSR 비네사 비주얼을 초반에 배치해 RPG 팬덤 시선 확보. 고퀄리티 애니메이션으로 캐릭터 소유욕을 자극하며 스킬 콤보 시리즈로 소재 확장 가능.
260406_VID_A-Character-Combat01A-UA_V_1080x1920_EN;https://www.youtube.com/watch?v=tHmXhOKu33A,YouTube 동영상,HQ_HQ_PH_US-EN_GA_NU_AD_ACA-PU_260429,M_1844_INTEREST_GENRE_ALL_NONE_260429,2026-05-02,0,KRW,1072,25,1,0,VID,세로형,2026-04-06,A,Character,Combat01A,EN;https://www,260406_VID_A-Character-Combat01A-UA_V_1080x1920_EN,A-Character-Combat01A-UA,https://www.youtube.com/watch?v=tHmXhOKu33A,"비주얼 임팩트, 캐릭터/유닛 외형",긴박함,TRUE,,없음,"VINESSA, A DARK WIZARD WHO DOMINATES THE FIELD, SOPHIA, REMOVES ALL DEBUFFS! THE KEY TO SURVIVAL, BERNETA, A SYNERGY DEALER THAT PERFECTS YOUR TEAM, PLAY FOR FREE","아트 퀄리티, 캐릭터, 수집형RPG, 전략성",용병 모집,스킬 컷신 연출,마그 탐험대,"Vinessa, Sophia, Berneta",렐릭 탐험 어드벤처,캐릭터별 스킬 특징 강조,전투 및 액션,"텍스트 오버레이, 클로즈업 및 줌",자연/야외 미학,"도전과 승부욕, 수집욕/소유욕","인간형 영웅, SD/치비 캐릭터, 성장 지표","2.5D 입체 그래픽, 2D 일러스트",숏폼 최적화 세로 분할 화면으로 캐릭터와 전투 연출 강조. 한 손 플레이 선호 심리를 공략하여 틱톡 및 릴스 내 높은 조회수 확보 기대.
260406_VID_A-Character-Combat01B-UA_L_1920x1080_EN;https://www.youtube.com/watch?v=d4rVTfnnYhg,YouTube 동영상,HQ_HQ_PH_US-EN_GA_NU_AD_ACA-PU_260429,M_1844_INTEREST_GENRE_ALL_NONE_260429,2026-05-02,0,KRW,15210,194,3,0,VID,가로형,2026-04-06,A,Character,Combat01B,EN;https://www,260406_VID_A-Character-Combat01B-UA_L_1920x1080_EN,A-Character-Combat01B-UA,https://www.youtube.com/watch?v=d4rVTfnnYhg,"비주얼 임팩트, 캐릭터/유닛 외형",긴박함,TRUE,,없음,"HUGO, An indomitable warrior..., MONAD, A sage who devastates..., KARBEL, A fiery dealer..., PLAY FOR FREE","전략성, 아트 퀄리티",용병 모집,8인 실시간 전투,마그 탐험대,"Hugo, Monad, Karbel",히어로 수집 육성,,전투 및 액션,"텍스트 오버레이, 클로즈업 및 줌",자연/야외 미학,"도전과 승부욕, 수집욕/소유욕","인간형 영웅, SD/치비 캐릭터, 성장 지표","2.5D 입체 그래픽, 2D 일러스트",16:9 뷰로 넓은 전장과 스킬 강조. 화려한 연출로 타격감 선호 유저 공략. 전투 선호층 대상 높은 전환율 기대.
260406_VID_A-Character-Combat01B-UA_S_1080x1080_EN;https://www.youtube.com/watch?v=tcTIYuJi7pM,YouTube 동영상,HQ_HQ_PH_US-EN_GA_NU_AD_ACA-PU_260429,M_1844_INTEREST_GENRE_ALL_NONE_260429,2026-05-02,0,KRW,261,5,0,0,VID,정방형,2026-04-06,A,Character,Combat01B,EN;https://www,260406_VID_A-Character-Combat01B-UA_S_1080x1080_EN,A-Character-Combat01B-UA,https://www.youtube.com/watch?v=tcTIYuJi7pM,"비주얼 임팩트, 캐릭터/유닛 외형",긴박함,TRUE,,없음,"HUGO, An indomitable warrior..., MONAD, A sage who devastates..., KARBEL, A fiery dealer..., PLAY FOR FREE","전략성, 아트 퀄리티",용병 모집,8인 실시간 전투,마그 탐험대,"Hugo, Monad, Karbel",히어로 수집 육성,,전투 및 액션,"텍스트 오버레이, 클로즈업 및 줌",자연/야외 미학,"도전과 승부욕, 수집욕/소유욕","인간형 영웅, SD/치비 캐릭터, 성장 지표","2.5D 입체 그래픽, 2D 일러스트",소피아의 생존 및 지원 능력과 팀 시너지를 강조해 전략적 유저 공략. 비네사 소재 A/B 테스트로 타겟별 선호 캐릭터 최적화 및 성과 확장 도모.
260406_VID_A-Character-Combat01B-UA_V_1080x1920_EN;https://www.youtube.com/watch?v=rrd-TGZqEqc,YouTube 동영상,HQ_HQ_PH_US-EN_GA_NU_AD_ACA-PU_260429,M_1844_INTEREST_GENRE_ALL_NONE_260429,2026-05-02,3,KRW,7570,207,4,0,VID,세로형,2026-04-06,A,Character,Combat01B,EN;https://www,260406_VID_A-Character-Combat01B-UA_V_1080x1920_EN,A-Character-Combat01B-UA,https://www.youtube.com/watch?v=rrd-TGZqEqc,"비주얼 임팩트, 캐릭터/유닛 외형",긴박함,TRUE,,없음,"HUGO, An indomitable warrior..., MONAD, A sage who devastates..., KARBEL, A fiery dealer..., PLAY FOR FREE","전략성, 아트 퀄리티",용병 모집,8인 실시간 전투,마그 탐험대,"Hugo, Monad, Karbel",히어로 수집 육성,,전투 및 액션,"텍스트 오버레이, 클로즈업 및 줌",자연/야외 미학,"도전과 승부욕, 수집욕/소유욕","인간형 영웅, SD/치비 캐릭터, 성장 지표","2.5D 입체 그래픽, 2D 일러스트",직관적인 탱딜힐 구성으로 정통 RPG 유저의 파티 니즈 충족. 역할군 조합의 재미를 텍스트로 보강하여 효율 극대화 기대.
260406_VID_A-Charater-Collection01B-UA_L_1920x1080_EN;https://www.youtube.com/watch?v=rRGCh1x6a6M,YouTube 동영상,HQ_HQ_PH_US-EN_GA_NU_AD_ACA-PU_260429,M_1844_INTEREST_GENRE_ALL_NONE_260429,2026-05-02,1,KRW,2410,47,0,0,VID,가로형,2026-04-06,A,Charater,Collection01B,EN;https://www,260406_VID_A-Charater-Collection01B-UA_L_1920x1080_EN,A-Charater-Collection01B-UA,https://www.youtube.com/watch?v=rRGCh1x6a6M,"질문/선택형, 캐릭터/유닛 외형",경쾌함,TRUE,,없음,"CHOOSE YOUR HERO, HUGO, PLAY FOR FREE","아트 퀄리티, 전략성",용병 모집,DIY 픽업 시스템,마그 탐험대,Hugo,히어로 수집 육성,,수집 및 도감,"텍스트 오버레이, 클로즈업 및 줌",심플/클린 UI,"수집욕/소유욕, 만족과 성취감","인간형 영웅, SD/치비 캐릭터","2.5D 입체 그래픽, 2D 일러스트","그리드 UI로 풍부한 캐릭터 풀을 어필해 수집 욕구를 자극하며, 캐릭터 강조 엔드카드를 통해 높은 잔존율을 확보합니다."
260406_VID_A-Charater-Collection01B-UA_V_1080x1920_EN;https://www.youtube.com/watch?v=u5diHTUsSOs,YouTube 동영상,HQ_HQ_PH_US-EN_GA_NU_AD_ACA-PU_260429,M_1844_INTEREST_GENRE_ALL_NONE_260429,2026-05-02,0,KRW,754,27,3,0,VID,세로형,2026-04-06,A,Charater,Collection01B,EN;https://www,260406_VID_A-Charater-Collection01B-UA_V_1080x1920_EN,A-Charater-Collection01B-UA,https://www.youtube.com/watch?v=u5diHTUsSOs,"질문/선택형, 캐릭터/유닛 외형",경쾌함,TRUE,,없음,"CHOOSE YOUR HERO, HUGO, PLAY FOR FREE","아트 퀄리티, 전략성",용병 모집,DIY 픽업 시스템,마그 탐험대,Hugo,히어로 수집 육성,캐릭터 픽(Pick) 연출,수집 및 도감,"텍스트 오버레이, 클로즈업 및 줌",심플/클린 UI,"수집욕/소유욕, 만족과 성취감","인간형 영웅, SD/치비 캐릭터","2.5D 입체 그래픽, 2D 일러스트",직접 영웅을 선택하는 인터랙티브 경험으로 기대감 부여. 다양한 영웅 노출을 통해 유저 취향을 공략하고 반복적인 참여 유도.
260406_VID_A-Hooking-Reward02A-FK_L_1920x1080_EN;https://www.youtube.com/watch?v=oRlzfGbT3xY,YouTube 동영상,HQ_HQ_PH_US-EN_GA_NU_AD_ACA-PU_260429,M_1844_INTEREST_GENRE_ALL_NONE_260429,2026-05-02,1,KRW,2609,94,0,0,VID,가로형,2026-04-06,A,Hooking,Reward02A,EN;https://www,260406_VID_A-Hooking-Reward02A-FK_L_1920x1080_EN,A-Hooking-Reward02A-FK,https://www.youtube.com/watch?v=oRlzfGbT3xY,"실패/분노 유도, 압도적 보상",긴박함,TRUE,,없음,"Tap here to save him!, Help me!, HELP KARBEL CLEAR, Claim your SR character and rewards worth $100!, PLAY FOR FREE",보상,용병 모집,우호도 시스템,마그 탐험대,카르벨(Karbel),히어로 수집 육성,페이크 플레이(구출 미니게임) 형식 활용,퍼즐 및 논리,"손가락 지시선, 텍스트 오버레이",자연/야외 미학,"도전과 승부욕, 만족과 성취감","SD/치비 캐릭터, 재화/보물상자",2D 일러스트,구출 미니게임 방식을 활용해 시청자 이탈을 방지하고 즉각적인 행동을 유도합니다. 대량의 재화 보상으로 성취감을 자극하여 저단가 트래픽 확보 및 높은 클릭률을 공략합니다.
260406_VID_A-Hooking-Reward02A-FK_S_1080x1080_EN;https://www.youtube.com/watch?v=EgLwtP8WjE4,YouTube 동영상,HQ_HQ_PH_US-EN_GA_NU_AD_ACA-PU_260429,M_1844_INTEREST_GENRE_ALL_NONE_260429,2026-05-02,0,KRW,41,3,0,0,VID,정방형,2026-04-06,A,Hooking,Reward02A,EN;https://www,260406_VID_A-Hooking-Reward02A-FK_S_1080x1080_EN,A-Hooking-Reward02A-FK,https://www.youtube.com/watch?v=EgLwtP8WjE4,"실패/분노 유도, 압도적 보상",긴박함,TRUE,,없음,"Tap here to save him!, Help me!, HELP KARBEL CLEAR, Claim your SR character and rewards worth $100!, PLAY FOR FREE",보상,용병 모집,우호도 시스템,마그 탐험대,카르벨(Karbel),히어로 수집 육성,페이크 플레이(구출 미니게임) 형식 활용,퍼즐 및 논리,"손가락 지시선, 텍스트 오버레이",자연/야외 미학,"도전과 승부욕, 만족과 성취감","SD/치비 캐릭터, 재화/보물상자",2D 일러스트,위기 상황 미션과 100달러 보상으로 유저 참여 및 전환 유도. 쉬운 조작성 강조로 진입 장벽을 낮춰 대량 유입용 런칭 소재로 적합.
260406_VID_A-Hooking-Reward02A-FK_V_1080x1920_EN;https://www.youtube.com/watch?v=b7LsalWUDvQ,YouTube 동영상,HQ_HQ_PH_US-EN_GA_NU_AD_ACA-PU_260429,M_1844_INTEREST_GENRE_ALL_NONE_260429,2026-05-02,0,KRW,481,18,0,0,VID,세로형,2026-04-06,A,Hooking,Reward02A,EN;https://www,260406_VID_A-Hooking-Reward02A-FK_V_1080x1920_EN,A-Hooking-Reward02A-FK,https://www.youtube.com/watch?v=b7LsalWUDvQ,"실패/분노 유도, 압도적 보상",긴박함,TRUE,,없음,"Tap here to save him!, Help me!, HELP KARBEL CLEAR, Claim your SR character and rewards worth $100!, PLAY FOR FREE",보상,용병 모집,우호도 시스템,마그 탐험대,카르벨(Karbel),히어로 수집 육성,페이크 플레이(구출 미니게임) 형식 활용,퍼즐 및 논리,"손가락 지시선, 텍스트 오버레이",자연/야외 미학,"도전과 승부욕, 만족과 성취감","SD/치비 캐릭터, 재화/보물상자",2D 일러스트,9:16 세로형 구조로 터치 인터랙션을 극대화하고 FOMO를 자극해 시청 완료율을 높입니다. 캐릭터 활용 및 실패 연출의 A/B 테스트 확장을 제안합니다.
260406_VID_A-Hooking-Reward03A-UA_L_1920x1080_EN;https://www.youtube.com/watch?v=XUrzh1Qrk5w,YouTube 동영상,HQ_HQ_PH_US-EN_GA_NU_AD_ACA-PU_260429,M_1844_INTEREST_GENRE_ALL_NONE_260429,2026-05-02,0,KRW,3230,71,1,0,VID,가로형,2026-04-06,A,Hooking,Reward03A,EN;https://www,260406_VID_A-Hooking-Reward03A-UA_L_1920x1080_EN,A-Hooking-Reward03A-UA,https://www.youtube.com/watch?v=XUrzh1Qrk5w,"압도적 보상, 실패/분노 유도",경쾌함,TRUE,,없음,"WARNING Skip and you will lose your $100 rewards, Tap within 5 Seconds, SR, PLAY FOR FREE!, Claim your SR character and rewards worth $100!",보상,용병 모집,,마그 탐험대,Karbel,히어로 수집 육성,$100 가치 혜택 강조,수집 및 도감,"손가락 지시선, 텍스트 오버레이",심플/클린 UI,"만족과 성취감, 수집욕/소유욕","재화/보물상자, SD/치비 캐릭터","2D 일러스트, 2.5D 입체 그래픽","가로 화면을 활용한 화려한 연출로 시각적 몰입감을 높이고, 보상 상실에 대한 FOMO 심리를 자극하여 가로형 매체 타겟 광고 효율을 극대화함."
260406_VID_A-Hooking-Reward03A-UA_S_1080x1080_EN;https://www.youtube.com/watch?v=VGJB5tDWops,YouTube 동영상,HQ_HQ_PH_US-EN_GA_NU_AD_ACA-PU_260429,M_1844_INTEREST_GENRE_ALL_NONE_260429,2026-05-02,0,KRW,13896,51,1,0,VID,정방형,2026-04-06,A,Hooking,Reward03A,EN;https://www,260406_VID_A-Hooking-Reward03A-UA_S_1080x1080_EN,A-Hooking-Reward03A-UA,https://www.youtube.com/watch?v=VGJB5tDWops,"압도적 보상, 실패/분노 유도",경쾌함,TRUE,,없음,"WARNING Skip and you will lose your $100 rewards, Tap within 5 Seconds, SR, PLAY FOR FREE!, Claim your SR character and rewards worth $100!",보상,용병 모집,,마그 탐험대,Karbel,히어로 수집 육성,$100 가치 혜택 강조,수집 및 도감,"손가락 지시선, 텍스트 오버레이",심플/클린 UI,"만족과 성취감, 수집욕/소유욕","재화/보물상자, SD/치비 캐릭터","2D 일러스트, 2.5D 입체 그래픽",부정적 후킹과 시간 제한으로 클릭 유도. $100 가치 및 SR 확정으로 수익 구체화. 높은 CVR 예상되며 보상 변주를 통한 라이브 옵스 제안.
260406_VID_A-Hooking-Reward03A-UA_V_1080x1920_EN;https://www.youtube.com/watch?v=jA_HAiz95x4,YouTube 동영상,HQ_HQ_PH_US-EN_GA_NU_AD_ACA-PU_260429,M_1844_INTEREST_GENRE_ALL_NONE_260429,2026-05-02,2,KRW,34310,154,3,0,VID,세로형,2026-04-06,A,Hooking,Reward03A,EN;https://www,260406_VID_A-Hooking-Reward03A-UA_V_1080x1920_EN,A-Hooking-Reward03A-UA,https://www.youtube.com/watch?v=jA_HAiz95x4,"압도적 보상, 실패/분노 유도",경쾌함,TRUE,,없음,"WARNING Skip and you will lose your $100 rewards, Tap within 5 Seconds, SR, PLAY FOR FREE!, Claim your SR character and rewards worth $100!",보상,용병 모집,,마그 탐험대,Karbel,히어로 수집 육성,$100 가치 혜택 강조,수집 및 도감,"손가락 지시선, 텍스트 오버레이",심플/클린 UI,"만족과 성취감, 수집욕/소유욕","재화/보물상자, SD/치비 캐릭터","2D 일러스트, 2.5D 입체 그래픽",도발적 문구와 타이머로 이탈을 방지하고 FOMO 심리를 자극함. 보상형 인벤토리 활용을 통해 UA 매체에서 압도적 전환율 달성 기대.
260406_VID_A-Mob-Adventure01A-UA_L_1920x1080_EN;https://www.youtube.com/watch?v=hVmkPdIsz70,YouTube 동영상,HQ_HQ_PH_US-EN_GA_NU_AD_ACA-PU_260429,M_1844_INTEREST_GENRE_ALL_NONE_260429,2026-05-02,0,KRW,854,13,0,0,VID,가로형,2026-04-06,A,Mob,Adventure01A,EN;https://www,260406_VID_A-Mob-Adventure01A-UA_L_1920x1080_EN,A-Mob-Adventure01A-UA,https://www.youtube.com/watch?v=hVmkPdIsz70,"비주얼 임팩트, 성장 비포애프터",긴박함,TRUE,,없음,"WARNING, GOBLINS INCOMING!, Goblins? Easy! Level UP! UP!, Power Boost! BOOM! BOOM!, Strategic deployment!, Get ready for BATTLE!","편의성, 전략성",AFK 기능,8인 실시간 전투,고블린,카르벨,렐릭 탐험 어드벤처,스마트폰 UI 팝업 연출,"시뮬레이션 및 관리, 장애물 및 도전","텍스트 오버레이, 클로즈업 및 줌",자연/야외 미학,"도전과 승부욕, 만족과 성취감","SD/치비 캐릭터, 성장 지표, 군단/대규모 유닛",2.5D 입체 그래픽,16:9 화면 대비로 대규모 전투와 모바일 최적화 강조. 방치형 육성 선호 유저 타겟으로 핵심 시스템 소구 및 브랜딩·퍼포먼스 효율 기대.
260406_VID_A-Mob-Adventure01A-UA_S_1080x1080_EN;https://www.youtube.com/watch?v=LMKl0g6yRJU,YouTube 동영상,HQ_HQ_PH_US-EN_GA_NU_AD_ACA-PU_260429,M_1844_INTEREST_GENRE_ALL_NONE_260429,2026-05-02,0,KRW,288,7,0,0,VID,정방형,2026-04-06,A,Mob,Adventure01A,EN;https://www,260406_VID_A-Mob-Adventure01A-UA_S_1080x1080_EN,A-Mob-Adventure01A-UA,https://www.youtube.com/watch?v=LMKl0g6yRJU,"비주얼 임팩트, 성장 비포애프터",긴박함,TRUE,,없음,"WARNING, GOBLINS INCOMING!, Goblins? Easy! Level UP! UP!, Power Boost! BOOM! BOOM!, Strategic deployment!, Get ready for BATTLE!","편의성, 전략성",AFK 기능,8인 실시간 전투,고블린,카르벨,렐릭 탐험 어드벤처,스마트폰 UI 팝업 연출,"시뮬레이션 및 관리, 장애물 및 도전","텍스트 오버레이, 클로즈업 및 줌",자연/야외 미학,"도전과 승부욕, 참여와 임장감","SD/치비 캐릭터, 성장 지표, 군단/대규모 유닛",2.5D 입체 그래픽,경고 연출로 몰입도를 높이고 쉬운 성장을 강조해 진입 장벽 완화. 대규모 레이드 소재 확장을 통한 중장기 성과 기대.
260406_VID_A-Mob-Adventure01A-UA_V_1080x1920_EN;https://www.youtube.com/watch?v=nIYkYZ-JFj0,YouTube 동영상,HQ_HQ_PH_US-EN_GA_NU_AD_ACA-PU_260429,M_1844_INTEREST_GENRE_ALL_NONE_260429,2026-05-02,0,KRW,127,19,0,0,VID,세로형,2026-04-06,A,Mob,Adventure01A,EN;https://www,260406_VID_A-Mob-Adventure01A-UA_V_1080x1920_EN,A-Mob-Adventure01A-UA,https://www.youtube.com/watch?v=nIYkYZ-JFj0,"비주얼 임팩트, 성장 비포애프터",긴박함,TRUE,,없음,"WARNING, GOBLINS INCOMING!, Goblins? Easy! Level UP! UP!, Power Boost! BOOM! BOOM!, Strategic deployment!, Get ready for BATTLE!","편의성, 전략성",AFK 기능,8인 실시간 전투,고블린,카르벨,렐릭 탐험 어드벤처,스마트폰 UI 팝업 연출,"시뮬레이션 및 관리, 장애물 및 도전","텍스트 오버레이, 클로즈업 및 줌",자연/야외 미학,"도전과 승부욕, 만족과 성취감","SD/치비 캐릭터, 성장 지표, 군단/대규모 유닛",2.5D 입체 그래픽,세로형 피드 최적화 UI와 마을 습격 반전 연출로 이탈 방지. 직관적 레벨업과 전략적 배치 중심의 성장 쾌감을 자극해 숏폼 환경 내 높은 시청 유지율 및 전환율 기대.
Cute but Powerful Squad,광고 제목,HQ_HQ_PH_US-EN_GA_NU_AD_ACA-PU_260429,M_1844_INTEREST_GENRE_ALL_NONE_260429_3,2026-05-02,1,KRW,22896,138,4,0,TXT,,,,,,,,,,,,,,,,,,,,,,,,,,,,,
Let’s Hunt for Treasure!,광고 제목,HQ_HQ_PH_US-EN_GA_NU_AD_ACA-PU_260429,M_1844_INTEREST_GENRE_ALL_NONE_260429_3,2026-05-02,0,KRW,2727,120,1,0,TXT,,,,,,,,,,,,,,,,,,,,,,,,,,,,,
Pepp Heroes,광고 제목,HQ_HQ_PH_US-EN_GA_NU_AD_ACA-PU_260429,M_1844_INTEREST_GENRE_ALL_NONE_260429_3,2026-05-02,1,KRW,3796,180,3,0,TXT,,,,,,,,,,,,,,,,,,,,,,,,,,,,,
Play for Free,광고 제목,HQ_HQ_PH_US-EN_GA_NU_AD_ACA-PU_260429,M_1844_INTEREST_GENRE_ALL_NONE_260429_3,2026-05-02,1,KRW,13865,487,5,0,TXT,,,,,,,,,,,,,,,,,,,,,,,,,,,,,
"Your RPG, In Your Hands",광고 제목,HQ_HQ_PH_US-EN_GA_NU_AD_ACA-PU_260429,M_1844_INTEREST_GENRE_ALL_NONE_260429_3,2026-05-02,0,KRW,5325,179,0,0,TXT,,,,,,,,,,,,,,,,,,,,,,,,,,,,,
Adorable Yet Powerful! Collect Heroes With Diverse Charms,설명,HQ_HQ_PH_US-EN_GA_NU_AD_ACA-PU_260429,M_1844_INTEREST_GENRE_ALL_NONE_260429_3,2026-05-02,1,KRW,5628,195,2,0,TXT,,,,,,,,,,,,,,,,,,,,,,,,,,,,,
Clock Out and Start Your Treasure Hunt!,설명,HQ_HQ_PH_US-EN_GA_NU_AD_ACA-PU_260429,M_1844_INTEREST_GENRE_ALL_NONE_260429_3,2026-05-02,1,KRW,6433,164,4,0,TXT,,,,,,,,,,,,,,,,,,,,,,,,,,,,,
Get Rewards Worth $100! Play Now!,설명,HQ_HQ_PH_US-EN_GA_NU_AD_ACA-PU_260429,M_1844_INTEREST_GENRE_ALL_NONE_260429_3,2026-05-02,1,KRW,7861,338,5,0,TXT,,,,,,,,,,,,,,,,,,,,,,,,,,,,,
Strategic Battles With Heroes Full of Personality! Win With Your Own Squad,설명,HQ_HQ_PH_US-EN_GA_NU_AD_ACA-PU_260429,M_1844_INTEREST_GENRE_ALL_NONE_260429_3,2026-05-02,0,KRW,3139,115,1,0,TXT,,,,,,,,,,,,,,,,,,,,,,,,,,,,,
Unique Hero Skills and Synergies! The Collectible RPG of Endless Team Combinations,설명,HQ_HQ_PH_US-EN_GA_NU_AD_ACA-PU_260429,M_1844_INTEREST_GENRE_ALL_NONE_260429_3,2026-05-02,0,KRW,6548,614,3,0,TXT,,,,,,,,,,,,,,,,,,,,,,,,,,,,,
260429_BNR_A-AI-Defeatmonster01A-DA_L_1200x628_EN.png;https://tpc.googlesyndication.com/simgad/5874425896871501801,가로형 이미지,HQ_HQ_PH_US-EN_GA_NU_AD_ACA-PU_260429,M_1844_INTEREST_GENRE_ALL_NONE_260429_3,2026-05-02,2,KRW,2173,50,4,0,BNR,가로형,2026-04-29,A,AI,Defeatmonster01A,EN,260429_BNR_A-AI-Defeatmonster01A-DA_L_1200x628_EN,A-AI-Defeatmonster01A-DA,https://tpc.googlesyndication.com/simgad/5874425896871501801,비주얼 임팩트,웅장함,,,,,아트 퀄리티,영지 빌딩,8인 실시간 전투,마그 탐험대,,어드벤처,,탐험 및 발견,클로즈업 및 줌,자연/야외 미학,만족과 성취감,인간형 영웅,2D 일러스트,성취감 테마를 통해 기존 RPG 유저의 도전 욕구를 충족시키며 클릭을 유도함.
260429_BNR_A-AI-Defeatmonster01A-DA_S_1200x1200_EN.png;https://tpc.googlesyndication.com/simgad/17279094099779978431,가로형 이미지,HQ_HQ_PH_US-EN_GA_NU_AD_ACA-PU_260429,M_1844_INTEREST_GENRE_ALL_NONE_260429_3,2026-05-02,0,KRW,0,62,0,0,BNR,정방형,2026-04-29,A,AI,Defeatmonster01A,EN,260429_BNR_A-AI-Defeatmonster01A-DA_S_1200x1200_EN,A-AI-Defeatmonster01A-DA,https://tpc.googlesyndication.com/simgad/17279094099779978431,비주얼 임팩트,웅장함,,,,,아트 퀄리티,영지 빌딩,8인 실시간 전투,마그 탐험대,,어드벤처,,탐험 및 발견,클로즈업 및 줌,자연/야외 미학,만족과 성취감,인간형 영웅,2D 일러스트,성취감 테마를 통해 기존 RPG 유저의 도전 욕구를 충족시키며 클릭을 유도함.
260429_BNR_A-AI-Favoritehero01A-DA_L_1200x628_EN.png;https://tpc.googlesyndication.com/simgad/1998466068806704912,가로형 이미지,HQ_HQ_PH_US-EN_GA_NU_AD_ACA-PU_260429,M_1844_INTEREST_GENRE_ALL_NONE_260429_3,2026-05-02,0,KRW,0,13,0,0,BNR,가로형,2026-04-29,A,AI,Favoritehero01A,EN,260429_BNR_A-AI-Favoritehero01A-DA_L_1200x628_EN,A-AI-Favoritehero01A-DA,https://tpc.googlesyndication.com/simgad/1998466068806704912,"질문/선택형, 캐릭터/유닛 외형",경쾌함,,,,"Who is your favorite hero?, VS, PLAY FOR FREE",아트 퀄리티,용병 모집,DIY 픽업 시스템,마그 탐험대,샤일린,히어로 수집 육성,,수집 및 도감,"분할 화면, 텍스트 오버레이",자연/야외 미학,수집욕/소유욕,"인간형 영웅, SD/치비 캐릭터",2D 일러스트,대조되는 속성의 캐릭터를 배치한 질문형 카피로 유저의 취향과 수집욕을 자극함.
260429_BNR_A-AI-Favoritehero01A-DA_S_1200x1200_EN.png;https://tpc.googlesyndication.com/simgad/5513864076699612430,가로형 이미지,HQ_HQ_PH_US-EN_GA_NU_AD_ACA-PU_260429,M_1844_INTEREST_GENRE_ALL_NONE_260429_3,2026-05-02,0,KRW,1140,143,1,0,BNR,정방형,2026-04-29,A,AI,Favoritehero01A,EN,260429_BNR_A-AI-Favoritehero01A-DA_S_1200x1200_EN,A-AI-Favoritehero01A-DA,https://tpc.googlesyndication.com/simgad/5513864076699612430,"질문/선택형, 캐릭터/유닛 외형",경쾌함,,,,"Who is your favorite hero?, VS, PLAY FOR FREE",아트 퀄리티,용병 모집,DIY 픽업 시스템,마그 탐험대,샤일린,히어로 수집 육성,,수집 및 도감,"분할 화면, 텍스트 오버레이",자연/야외 미학,수집욕/소유욕,"인간형 영웅, SD/치비 캐릭터",2D 일러스트,대조되는 속성의 캐릭터를 배치한 질문형 카피로 유저의 취향과 수집욕을 자극함.
260429_BNR_A-AI-Favoritehero01A-DA_V_1200x1500_EN.png;https://tpc.googlesyndication.com/simgad/14656330935303652945,가로형 이미지,HQ_HQ_PH_US-EN_GA_NU_AD_ACA-PU_260429,M_1844_INTEREST_GENRE_ALL_NONE_260429_3,2026-05-02,0,KRW,0,1,0,0,BNR,세로형,2026-04-29,A,AI,Favoritehero01A,EN,260429_BNR_A-AI-Favoritehero01A-DA_V_1200x1500_EN,A-AI-Favoritehero01A-DA,https://tpc.googlesyndication.com/simgad/14656330935303652945,"질문/선택형, 캐릭터/유닛 외형",경쾌함,,,,"Who is your favorite hero?, VS, PLAY FOR FREE",아트 퀄리티,용병 모집,DIY 픽업 시스템,마그 탐험대,샤일린,히어로 수집 육성,,수집 및 도감,"분할 화면, 텍스트 오버레이",자연/야외 미학,수집욕/소유욕,"인간형 영웅, SD/치비 캐릭터",2D 일러스트,대조되는 속성의 캐릭터를 배치한 질문형 카피로 유저의 취향과 수집욕을 자극함.
260429_BNR_A-AI-Favoritehero01B-DA_L_1200x628_EN.png;https://tpc.googlesyndication.com/simgad/13430850387343170645,가로형 이미지,HQ_HQ_PH_US-EN_GA_NU_AD_ACA-PU_260429,M_1844_INTEREST_GENRE_ALL_NONE_260429_3,2026-05-02,0,KRW,800,38,1,0,BNR,가로형,2026-04-29,A,AI,Favoritehero01B,EN,260429_BNR_A-AI-Favoritehero01B-DA_L_1200x628_EN,A-AI-Favoritehero01B-DA,https://tpc.googlesyndication.com/simgad/13430850387343170645,"질문/선택형, 캐릭터/유닛 외형",,,,,"Who is your favorite hero?, VS, PLAY FOR FREE",아트 퀄리티,용병 모집,DIY 픽업 시스템,마그 탐험대,카르벨,히어로 수집 육성,,수집 및 도감,"분할 화면, 텍스트 오버레이",던전/신전,수집욕/소유욕,인간형 영웅,2D 일러스트,대조되는 속성의 캐릭터를 배치한 질문형 카피로 유저의 취향과 수집욕을 자극함.
260429_BNR_A-AI-Favoritehero01B-DA_S_1200x1200_EN.png;https://tpc.googlesyndication.com/simgad/4869773213661551192,가로형 이미지,HQ_HQ_PH_US-EN_GA_NU_AD_ACA-PU_260429,M_1844_INTEREST_GENRE_ALL_NONE_260429_3,2026-05-02,0,KRW,0,176,0,0,BNR,정방형,2026-04-29,A,AI,Favoritehero01B,EN,260429_BNR_A-AI-Favoritehero01B-DA_S_1200x1200_EN,A-AI-Favoritehero01B-DA,https://tpc.googlesyndication.com/simgad/4869773213661551192,"질문/선택형, 캐릭터/유닛 외형",,,,,"Who is your favorite hero?, VS, PLAY FOR FREE",아트 퀄리티,용병 모집,DIY 픽업 시스템,마그 탐험대,카르벨,히어로 수집 육성,,수집 및 도감,"분할 화면, 텍스트 오버레이",던전/신전,수집욕/소유욕,인간형 영웅,2D 일러스트,대조되는 속성의 캐릭터를 배치한 질문형 카피로 유저의 취향과 수집욕을 자극함.
260429_BNR_A-AI-Victory01A-DA_L_1200x628_EN.png;https://tpc.googlesyndication.com/simgad/17680799217874309764,가로형 이미지,HQ_HQ_PH_US-EN_GA_NU_AD_ACA-PU_260429,M_1844_INTEREST_GENRE_ALL_NONE_260429_3,2026-05-02,0,KRW,7,12,0,0,BNR,가로형,2026-04-29,A,AI,Victory01A,EN,260429_BNR_A-AI-Victory01A-DA_L_1200x628_EN,A-AI-Victory01A-DA,https://tpc.googlesyndication.com/simgad/17680799217874309764,"비주얼 임팩트, 압도적 보상",,,,,"VICTORY!, Crush The Monsters With the Top Squad, PLAY FREE","보상, 전략성",스쿼드 전투,보스 레이드,마그 탐험대,카르벨,렐릭 탐험 어드벤처,,"전투 및 액션, 장애물 및 도전",텍스트 오버레이,던전/신전,만족과 성취감,"인간형 영웅, 거대 보스, 재화/보물상자",2D 일러스트,보스 토벌 후 쏟아지는 재화 연출로 성취감을 주고 파티 편성 로망을 자극함.
260429_BNR_A-AI-Victory01A-DA_S_1200x1200_EN.png;https://tpc.googlesyndication.com/simgad/8323476710876020002,가로형 이미지,HQ_HQ_PH_US-EN_GA_NU_AD_ACA-PU_260429,M_1844_INTEREST_GENRE_ALL_NONE_260429_3,2026-05-02,0,KRW,31,30,0,0,BNR,정방형,2026-04-29,A,AI,Victory01A,EN,260429_BNR_A-AI-Victory01A-DA_S_1200x1200_EN,A-AI-Victory01A-DA,https://tpc.googlesyndication.com/simgad/8323476710876020002,"비주얼 임팩트, 압도적 보상",,,,,"VICTORY!, Crush The Monsters With the Top Squad, PLAY FREE","보상, 전략성",스쿼드 전투,보스 레이드,마그 탐험대,카르벨,렐릭 탐험 어드벤처,,"전투 및 액션, 장애물 및 도전",텍스트 오버레이,던전/신전,만족과 성취감,"인간형 영웅, 거대 보스, 재화/보물상자",2D 일러스트,보스 토벌 후 쏟아지는 재화 연출로 성취감을 주고 파티 편성 로망을 자극함.
260406_VID_A-Character-Collection01B-UA_S_1080x1080_EN;https://www.youtube.com/watch?v=cTfY4JpFc-s,YouTube 동영상,HQ_HQ_PH_US-EN_GA_NU_AD_ACA-PU_260429,M_1844_INTEREST_GENRE_ALL_NONE_260429_3,2026-05-02,0,KRW,415,27,0,0,VID,정방형,2026-04-06,A,Character,Collection01B,EN;https://www,260406_VID_A-Character-Collection01B-UA_S_1080x1080_EN,A-Character-Collection01B-UA,https://www.youtube.com/watch?v=cTfY4JpFc-s,"질문/선택형, 캐릭터/유닛 외형",경쾌함,TRUE,,없음,"CHOOSE YOUR HERO, HUGO, KARBEL, MONAD","캐릭터, 수집형RPG, 전략성",용병 모집(Gacha),DIY 픽업 시스템,마그 탐험대,"휴고, 카르벨, 모나드",히어로 수집 육성,남성 캐릭터 위주 배치,수집 및 도감,"텍스트 오버레이, 분할 화면",심플/클린 UI,수집욕/소유욕,"SD/치비 캐릭터, 인간형 영웅",2D 일러스트,캐릭터 구성 대조를 통한 타겟 취향별 효율 분석. 탱커 및 딜러 중심 덱 선호 심리 공략하며 캐릭터 조합 변주 소재로 리타겟팅 광고 활용 권장.
260406_VID_A-Character-Combat01A-UA_L_1920x1080_EN;https://www.youtube.com/watch?v=2W7-0AV2mfg,YouTube 동영상,HQ_HQ_PH_US-EN_GA_NU_AD_ACA-PU_260429,M_1844_INTEREST_GENRE_ALL_NONE_260429_3,2026-05-02,0,KRW,4439,83,1,0,VID,가로형,2026-04-06,A,Character,Combat01A,EN;https://www,260406_VID_A-Character-Combat01A-UA_L_1920x1080_EN,A-Character-Combat01A-UA,https://www.youtube.com/watch?v=2W7-0AV2mfg,"비주얼 임팩트, 캐릭터/유닛 외형",긴박함,TRUE,,없음,"VINESSA, A DARK WIZARD WHO DOMINATES THE FIELD, SOPHIA, REMOVES ALL DEBUFFS! THE KEY TO SURVIVAL, BERNETA, A SYNERGY DEALER THAT PERFECTS YOUR TEAM, PLAY FOR FREE","아트 퀄리티, 캐릭터, 수집형RPG, 전략성",용병 모집,스킬 컷신 연출,마그 탐험대,"Vinessa, Sophia, Berneta",렐릭 탐험 어드벤처,캐릭터별 스킬 특징 강조,전투 및 액션,"텍스트 오버레이, 클로즈업 및 줌",자연/야외 미학,"도전과 승부욕, 수집욕/소유욕","인간형 영웅, SD/치비 캐릭터, 성장 지표","2.5D 입체 그래픽, 2D 일러스트",인게임 전투와 일러스트 교차 편집으로 몰입도 극대화. 캐릭터 스킬 및 시너지로 전략적 호기심 자극. 플레이 영상 기반 안정적 CVR 확보 및 캐릭터 속성 대비 변주 제안.
260406_VID_A-Character-Combat01A-UA_S_1080x1080_EN;https://www.youtube.com/watch?v=jnNAzjzUw8o,YouTube 동영상,HQ_HQ_PH_US-EN_GA_NU_AD_ACA-PU_260429,M_1844_INTEREST_GENRE_ALL_NONE_260429_3,2026-05-02,0,KRW,4281,79,1,0,VID,정방형,2026-04-06,A,Character,Combat01A,EN;https://www,260406_VID_A-Character-Combat01A-UA_S_1080x1080_EN,A-Character-Combat01A-UA,https://www.youtube.com/watch?v=jnNAzjzUw8o,"비주얼 임팩트, 캐릭터/유닛 외형",긴박함,TRUE,,없음,"VINESSA, A DARK WIZARD WHO DOMINATES THE FIELD, SOPHIA, REMOVES ALL DEBUFFS! THE KEY TO SURVIVAL, BERNETA, A SYNERGY DEALER THAT PERFECTS YOUR TEAM, PLAY FOR FREE","아트 퀄리티, 캐릭터, 수집형RPG, 전략성",용병 모집,스킬 컷신 연출,마그 탐험대,"Vinessa, Sophia, Berneta",렐릭 탐험 어드벤처,캐릭터별 스킬 특징 강조,전투 및 액션,"텍스트 오버레이, 클로즈업 및 줌",자연/야외 미학,"도전과 승부욕, 수집욕/소유욕","인간형 영웅, SD/치비 캐릭터, 성장 지표","2.5D 입체 그래픽, 2D 일러스트",SSR 비네사 비주얼을 초반에 배치해 RPG 팬덤 시선 확보. 고퀄리티 애니메이션으로 캐릭터 소유욕을 자극하며 스킬 콤보 시리즈로 소재 확장 가능.
260406_VID_A-Character-Combat01A-UA_V_1080x1920_EN;https://www.youtube.com/watch?v=tHmXhOKu33A,YouTube 동영상,HQ_HQ_PH_US-EN_GA_NU_AD_ACA-PU_260429,M_1844_INTEREST_GENRE_ALL_NONE_260429_3,2026-05-02,0,KRW,488,24,0,0,VID,세로형,2026-04-06,A,Character,Combat01A,EN;https://www,260406_VID_A-Character-Combat01A-UA_V_1080x1920_EN,A-Character-Combat01A-UA,https://www.youtube.com/watch?v=tHmXhOKu33A,"비주얼 임팩트, 캐릭터/유닛 외형",긴박함,TRUE,,없음,"VINESSA, A DARK WIZARD WHO DOMINATES THE FIELD, SOPHIA, REMOVES ALL DEBUFFS! THE KEY TO SURVIVAL, BERNETA, A SYNERGY DEALER THAT PERFECTS YOUR TEAM, PLAY FOR FREE","아트 퀄리티, 캐릭터, 수집형RPG, 전략성",용병 모집,스킬 컷신 연출,마그 탐험대,"Vinessa, Sophia, Berneta",렐릭 탐험 어드벤처,캐릭터별 스킬 특징 강조,전투 및 액션,"텍스트 오버레이, 클로즈업 및 줌",자연/야외 미학,"도전과 승부욕, 수집욕/소유욕","인간형 영웅, SD/치비 캐릭터, 성장 지표","2.5D 입체 그래픽, 2D 일러스트",숏폼 최적화 세로 분할 화면으로 캐릭터와 전투 연출 강조. 한 손 플레이 선호 심리를 공략하여 틱톡 및 릴스 내 높은 조회수 확보 기대.
260406_VID_A-Character-Combat01B-UA_L_1920x1080_EN;https://www.youtube.com/watch?v=d4rVTfnnYhg,YouTube 동영상,HQ_HQ_PH_US-EN_GA_NU_AD_ACA-PU_260429,M_1844_INTEREST_GENRE_ALL_NONE_260429_3,2026-05-02,1,KRW,27365,429,2,0,VID,가로형,2026-04-06,A,Character,Combat01B,EN;https://www,260406_VID_A-Character-Combat01B-UA_L_1920x1080_EN,A-Character-Combat01B-UA,https://www.youtube.com/watch?v=d4rVTfnnYhg,"비주얼 임팩트, 캐릭터/유닛 외형",긴박함,TRUE,,없음,"HUGO, An indomitable warrior..., MONAD, A sage who devastates..., KARBEL, A fiery dealer..., PLAY FOR FREE","전략성, 아트 퀄리티",용병 모집,8인 실시간 전투,마그 탐험대,"Hugo, Monad, Karbel",히어로 수집 육성,,전투 및 액션,"텍스트 오버레이, 클로즈업 및 줌",자연/야외 미학,"도전과 승부욕, 수집욕/소유욕","인간형 영웅, SD/치비 캐릭터, 성장 지표","2.5D 입체 그래픽, 2D 일러스트",16:9 뷰로 넓은 전장과 스킬 강조. 화려한 연출로 타격감 선호 유저 공략. 전투 선호층 대상 높은 전환율 기대.
260406_VID_A-Character-Combat01B-UA_S_1080x1080_EN;https://www.youtube.com/watch?v=tcTIYuJi7pM,YouTube 동영상,HQ_HQ_PH_US-EN_GA_NU_AD_ACA-PU_260429,M_1844_INTEREST_GENRE_ALL_NONE_260429_3,2026-05-02,0,KRW,150,6,0,0,VID,정방형,2026-04-06,A,Character,Combat01B,EN;https://www,260406_VID_A-Character-Combat01B-UA_S_1080x1080_EN,A-Character-Combat01B-UA,https://www.youtube.com/watch?v=tcTIYuJi7pM,"비주얼 임팩트, 캐릭터/유닛 외형",긴박함,TRUE,,없음,"HUGO, An indomitable warrior..., MONAD, A sage who devastates..., KARBEL, A fiery dealer..., PLAY FOR FREE","전략성, 아트 퀄리티",용병 모집,8인 실시간 전투,마그 탐험대,"Hugo, Monad, Karbel",히어로 수집 육성,,전투 및 액션,"텍스트 오버레이, 클로즈업 및 줌",자연/야외 미학,"도전과 승부욕, 수집욕/소유욕","인간형 영웅, SD/치비 캐릭터, 성장 지표","2.5D 입체 그래픽, 2D 일러스트",소피아의 생존 및 지원 능력과 팀 시너지를 강조해 전략적 유저 공략. 비네사 소재 A/B 테스트로 타겟별 선호 캐릭터 최적화 및 성과 확장 도모.
260406_VID_A-Character-Combat01B-UA_V_1080x1920_EN;https://www.youtube.com/watch?v=rrd-TGZqEqc,YouTube 동영상,HQ_HQ_PH_US-EN_GA_NU_AD_ACA-PU_260429,M_1844_INTEREST_GENRE_ALL_NONE_260429_3,2026-05-02,1,KRW,5851,232,1,0,VID,세로형,2026-04-06,A,Character,Combat01B,EN;https://www,260406_VID_A-Character-Combat01B-UA_V_1080x1920_EN,A-Character-Combat01B-UA,https://www.youtube.com/watch?v=rrd-TGZqEqc,"비주얼 임팩트, 캐릭터/유닛 외형",긴박함,TRUE,,없음,"HUGO, An indomitable warrior..., MONAD, A sage who devastates..., KARBEL, A fiery dealer..., PLAY FOR FREE","전략성, 아트 퀄리티",용병 모집,8인 실시간 전투,마그 탐험대,"Hugo, Monad, Karbel",히어로 수집 육성,,전투 및 액션,"텍스트 오버레이, 클로즈업 및 줌",자연/야외 미학,"도전과 승부욕, 수집욕/소유욕","인간형 영웅, SD/치비 캐릭터, 성장 지표","2.5D 입체 그래픽, 2D 일러스트",직관적인 탱딜힐 구성으로 정통 RPG 유저의 파티 니즈 충족. 역할군 조합의 재미를 텍스트로 보강하여 효율 극대화 기대.
260406_VID_A-Charater-Collection01B-UA_L_1920x1080_EN;https://www.youtube.com/watch?v=rRGCh1x6a6M,YouTube 동영상,HQ_HQ_PH_US-EN_GA_NU_AD_ACA-PU_260429,M_1844_INTEREST_GENRE_ALL_NONE_260429_3,2026-05-02,1,KRW,6632,207,3,0,VID,가로형,2026-04-06,A,Charater,Collection01B,EN;https://www,260406_VID_A-Charater-Collection01B-UA_L_1920x1080_EN,A-Charater-Collection01B-UA,https://www.youtube.com/watch?v=rRGCh1x6a6M,"질문/선택형, 캐릭터/유닛 외형",경쾌함,TRUE,,없음,"CHOOSE YOUR HERO, HUGO, PLAY FOR FREE","아트 퀄리티, 전략성",용병 모집,DIY 픽업 시스템,마그 탐험대,Hugo,히어로 수집 육성,,수집 및 도감,"텍스트 오버레이, 클로즈업 및 줌",심플/클린 UI,"수집욕/소유욕, 만족과 성취감","인간형 영웅, SD/치비 캐릭터","2.5D 입체 그래픽, 2D 일러스트","그리드 UI로 풍부한 캐릭터 풀을 어필해 수집 욕구를 자극하며, 캐릭터 강조 엔드카드를 통해 높은 잔존율을 확보합니다."
260406_VID_A-Charater-Collection01B-UA_V_1080x1920_EN;https://www.youtube.com/watch?v=u5diHTUsSOs,YouTube 동영상,HQ_HQ_PH_US-EN_GA_NU_AD_ACA-PU_260429,M_1844_INTEREST_GENRE_ALL_NONE_260429_3,2026-05-02,0,KRW,398,15,0,0,VID,세로형,2026-04-06,A,Charater,Collection01B,EN;https://www,260406_VID_A-Charater-Collection01B-UA_V_1080x1920_EN,A-Charater-Collection01B-UA,https://www.youtube.com/watch?v=u5diHTUsSOs,"질문/선택형, 캐릭터/유닛 외형",경쾌함,TRUE,,없음,"CHOOSE YOUR HERO, HUGO, PLAY FOR FREE","아트 퀄리티, 전략성",용병 모집,DIY 픽업 시스템,마그 탐험대,Hugo,히어로 수집 육성,캐릭터 픽(Pick) 연출,수집 및 도감,"텍스트 오버레이, 클로즈업 및 줌",심플/클린 UI,"수집욕/소유욕, 만족과 성취감","인간형 영웅, SD/치비 캐릭터","2.5D 입체 그래픽, 2D 일러스트",직접 영웅을 선택하는 인터랙티브 경험으로 기대감 부여. 다양한 영웅 노출을 통해 유저 취향을 공략하고 반복적인 참여 유도.
260406_VID_A-Hooking-Reward02A-FK_L_1920x1080_EN;https://www.youtube.com/watch?v=oRlzfGbT3xY,YouTube 동영상,HQ_HQ_PH_US-EN_GA_NU_AD_ACA-PU_260429,M_1844_INTEREST_GENRE_ALL_NONE_260429_3,2026-05-02,2,KRW,13761,327,1,"2,954.48",VID,가로형,2026-04-06,A,Hooking,Reward02A,EN;https://www,260406_VID_A-Hooking-Reward02A-FK_L_1920x1080_EN,A-Hooking-Reward02A-FK,https://www.youtube.com/watch?v=oRlzfGbT3xY,"실패/분노 유도, 압도적 보상",긴박함,TRUE,,없음,"Tap here to save him!, Help me!, HELP KARBEL CLEAR, Claim your SR character and rewards worth $100!, PLAY FOR FREE",보상,용병 모집,우호도 시스템,마그 탐험대,카르벨(Karbel),히어로 수집 육성,페이크 플레이(구출 미니게임) 형식 활용,퍼즐 및 논리,"손가락 지시선, 텍스트 오버레이",자연/야외 미학,"도전과 승부욕, 만족과 성취감","SD/치비 캐릭터, 재화/보물상자",2D 일러스트,구출 미니게임 방식을 활용해 시청자 이탈을 방지하고 즉각적인 행동을 유도합니다. 대량의 재화 보상으로 성취감을 자극하여 저단가 트래픽 확보 및 높은 클릭률을 공략합니다.
260406_VID_A-Hooking-Reward02A-FK_S_1080x1080_EN;https://www.youtube.com/watch?v=EgLwtP8WjE4,YouTube 동영상,HQ_HQ_PH_US-EN_GA_NU_AD_ACA-PU_260429,M_1844_INTEREST_GENRE_ALL_NONE_260429_3,2026-05-02,0,KRW,132,5,0,0,VID,정방형,2026-04-06,A,Hooking,Reward02A,EN;https://www,260406_VID_A-Hooking-Reward02A-FK_S_1080x1080_EN,A-Hooking-Reward02A-FK,https://www.youtube.com/watch?v=EgLwtP8WjE4,"실패/분노 유도, 압도적 보상",긴박함,TRUE,,없음,"Tap here to save him!, Help me!, HELP KARBEL CLEAR, Claim your SR character and rewards worth $100!, PLAY FOR FREE",보상,용병 모집,우호도 시스템,마그 탐험대,카르벨(Karbel),히어로 수집 육성,페이크 플레이(구출 미니게임) 형식 활용,퍼즐 및 논리,"손가락 지시선, 텍스트 오버레이",자연/야외 미학,"도전과 승부욕, 만족과 성취감","SD/치비 캐릭터, 재화/보물상자",2D 일러스트,위기 상황 미션과 100달러 보상으로 유저 참여 및 전환 유도. 쉬운 조작성 강조로 진입 장벽을 낮춰 대량 유입용 런칭 소재로 적합.
260406_VID_A-Hooking-Reward02A-FK_V_1080x1920_EN;https://www.youtube.com/watch?v=b7LsalWUDvQ,YouTube 동영상,HQ_HQ_PH_US-EN_GA_NU_AD_ACA-PU_260429,M_1844_INTEREST_GENRE_ALL_NONE_260429_3,2026-05-02,0,KRW,45,4,0,0,VID,세로형,2026-04-06,A,Hooking,Reward02A,EN;https://www,260406_VID_A-Hooking-Reward02A-FK_V_1080x1920_EN,A-Hooking-Reward02A-FK,https://www.youtube.com/watch?v=b7LsalWUDvQ,"실패/분노 유도, 압도적 보상",긴박함,TRUE,,없음,"Tap here to save him!, Help me!, HELP KARBEL CLEAR, Claim your SR character and rewards worth $100!, PLAY FOR FREE",보상,용병 모집,우호도 시스템,마그 탐험대,카르벨(Karbel),히어로 수집 육성,페이크 플레이(구출 미니게임) 형식 활용,퍼즐 및 논리,"손가락 지시선, 텍스트 오버레이",자연/야외 미학,"도전과 승부욕, 만족과 성취감","SD/치비 캐릭터, 재화/보물상자",2D 일러스트,9:16 세로형 구조로 터치 인터랙션을 극대화하고 FOMO를 자극해 시청 완료율을 높입니다. 캐릭터 활용 및 실패 연출의 A/B 테스트 확장을 제안합니다.
260406_VID_A-Hooking-Reward03A-UA_L_1920x1080_EN;https://www.youtube.com/watch?v=XUrzh1Qrk5w,YouTube 동영상,HQ_HQ_PH_US-EN_GA_NU_AD_ACA-PU_260429,M_1844_INTEREST_GENRE_ALL_NONE_260429_3,2026-05-02,0,KRW,6514,117,1,0,VID,가로형,2026-04-06,A,Hooking,Reward03A,EN;https://www,260406_VID_A-Hooking-Reward03A-UA_L_1920x1080_EN,A-Hooking-Reward03A-UA,https://www.youtube.com/watch?v=XUrzh1Qrk5w,"압도적 보상, 실패/분노 유도",경쾌함,TRUE,,없음,"WARNING Skip and you will lose your $100 rewards, Tap within 5 Seconds, SR, PLAY FOR FREE!, Claim your SR character and rewards worth $100!",보상,용병 모집,,마그 탐험대,Karbel,히어로 수집 육성,$100 가치 혜택 강조,수집 및 도감,"손가락 지시선, 텍스트 오버레이",심플/클린 UI,"만족과 성취감, 수집욕/소유욕","재화/보물상자, SD/치비 캐릭터","2D 일러스트, 2.5D 입체 그래픽","가로 화면을 활용한 화려한 연출로 시각적 몰입감을 높이고, 보상 상실에 대한 FOMO 심리를 자극하여 가로형 매체 타겟 광고 효율을 극대화함."
260406_VID_A-Hooking-Reward03A-UA_S_1080x1080_EN;https://www.youtube.com/watch?v=VGJB5tDWops,YouTube 동영상,HQ_HQ_PH_US-EN_GA_NU_AD_ACA-PU_260429,M_1844_INTEREST_GENRE_ALL_NONE_260429_3,2026-05-02,1,KRW,1283,19,0,0,VID,정방형,2026-04-06,A,Hooking,Reward03A,EN;https://www,260406_VID_A-Hooking-Reward03A-UA_S_1080x1080_EN,A-Hooking-Reward03A-UA,https://www.youtube.com/watch?v=VGJB5tDWops,"압도적 보상, 실패/분노 유도",경쾌함,TRUE,,없음,"WARNING Skip and you will lose your $100 rewards, Tap within 5 Seconds, SR, PLAY FOR FREE!, Claim your SR character and rewards worth $100!",보상,용병 모집,,마그 탐험대,Karbel,히어로 수집 육성,$100 가치 혜택 강조,수집 및 도감,"손가락 지시선, 텍스트 오버레이",심플/클린 UI,"만족과 성취감, 수집욕/소유욕","재화/보물상자, SD/치비 캐릭터","2D 일러스트, 2.5D 입체 그래픽",부정적 후킹과 시간 제한으로 클릭 유도. $100 가치 및 SR 확정으로 수익 구체화. 높은 CVR 예상되며 보상 변주를 통한 라이브 옵스 제안.
260406_VID_A-Hooking-Reward03A-UA_V_1080x1920_EN;https://www.youtube.com/watch?v=jA_HAiz95x4,YouTube 동영상,HQ_HQ_PH_US-EN_GA_NU_AD_ACA-PU_260429,M_1844_INTEREST_GENRE_ALL_NONE_260429_3,2026-05-02,1,KRW,4429,45,0,0,VID,세로형,2026-04-06,A,Hooking,Reward03A,EN;https://www,260406_VID_A-Hooking-Reward03A-UA_V_1080x1920_EN,A-Hooking-Reward03A-UA,https://www.youtube.com/watch?v=jA_HAiz95x4,"압도적 보상, 실패/분노 유도",경쾌함,TRUE,,없음,"WARNING Skip and you will lose your $100 rewards, Tap within 5 Seconds, SR, PLAY FOR FREE!, Claim your SR character and rewards worth $100!",보상,용병 모집,,마그 탐험대,Karbel,히어로 수집 육성,$100 가치 혜택 강조,수집 및 도감,"손가락 지시선, 텍스트 오버레이",심플/클린 UI,"만족과 성취감, 수집욕/소유욕","재화/보물상자, SD/치비 캐릭터","2D 일러스트, 2.5D 입체 그래픽",도발적 문구와 타이머로 이탈을 방지하고 FOMO 심리를 자극함. 보상형 인벤토리 활용을 통해 UA 매체에서 압도적 전환율 달성 기대.
260406_VID_A-Mob-Adventure01A-UA_L_1920x1080_EN;https://www.youtube.com/watch?v=hVmkPdIsz70,YouTube 동영상,HQ_HQ_PH_US-EN_GA_NU_AD_ACA-PU_260429,M_1844_INTEREST_GENRE_ALL_NONE_260429_3,2026-05-02,0,KRW,1927,82,1,0,VID,가로형,2026-04-06,A,Mob,Adventure01A,EN;https://www,260406_VID_A-Mob-Adventure01A-UA_L_1920x1080_EN,A-Mob-Adventure01A-UA,https://www.youtube.com/watch?v=hVmkPdIsz70,"비주얼 임팩트, 성장 비포애프터",긴박함,TRUE,,없음,"WARNING, GOBLINS INCOMING!, Goblins? Easy! Level UP! UP!, Power Boost! BOOM! BOOM!, Strategic deployment!, Get ready for BATTLE!","편의성, 전략성",AFK 기능,8인 실시간 전투,고블린,카르벨,렐릭 탐험 어드벤처,스마트폰 UI 팝업 연출,"시뮬레이션 및 관리, 장애물 및 도전","텍스트 오버레이, 클로즈업 및 줌",자연/야외 미학,"도전과 승부욕, 만족과 성취감","SD/치비 캐릭터, 성장 지표, 군단/대규모 유닛",2.5D 입체 그래픽,16:9 화면 대비로 대규모 전투와 모바일 최적화 강조. 방치형 육성 선호 유저 타겟으로 핵심 시스템 소구 및 브랜딩·퍼포먼스 효율 기대.
260406_VID_A-Mob-Adventure01A-UA_S_1080x1080_EN;https://www.youtube.com/watch?v=LMKl0g6yRJU,YouTube 동영상,HQ_HQ_PH_US-EN_GA_NU_AD_ACA-PU_260429,M_1844_INTEREST_GENRE_ALL_NONE_260429_3,2026-05-02,0,KRW,1403,59,2,0,VID,정방형,2026-04-06,A,Mob,Adventure01A,EN;https://www,260406_VID_A-Mob-Adventure01A-UA_S_1080x1080_EN,A-Mob-Adventure01A-UA,https://www.youtube.com/watch?v=LMKl0g6yRJU,"비주얼 임팩트, 성장 비포애프터",긴박함,TRUE,,없음,"WARNING, GOBLINS INCOMING!, Goblins? Easy! Level UP! UP!, Power Boost! BOOM! BOOM!, Strategic deployment!, Get ready for BATTLE!","편의성, 전략성",AFK 기능,8인 실시간 전투,고블린,카르벨,렐릭 탐험 어드벤처,스마트폰 UI 팝업 연출,"시뮬레이션 및 관리, 장애물 및 도전","텍스트 오버레이, 클로즈업 및 줌",자연/야외 미학,"도전과 승부욕, 참여와 임장감","SD/치비 캐릭터, 성장 지표, 군단/대규모 유닛",2.5D 입체 그래픽,경고 연출로 몰입도를 높이고 쉬운 성장을 강조해 진입 장벽 완화. 대규모 레이드 소재 확장을 통한 중장기 성과 기대.
260406_VID_A-Mob-Adventure01A-UA_V_1080x1920_EN;https://www.youtube.com/watch?v=nIYkYZ-JFj0,YouTube 동영상,HQ_HQ_PH_US-EN_GA_NU_AD_ACA-PU_260429,M_1844_INTEREST_GENRE_ALL_NONE_260429_3,2026-05-02,0,KRW,86,5,0,0,VID,세로형,2026-04-06,A,Mob,Adventure01A,EN;https://www,260406_VID_A-Mob-Adventure01A-UA_V_1080x1920_EN,A-Mob-Adventure01A-UA,https://www.youtube.com/watch?v=nIYkYZ-JFj0,"비주얼 임팩트, 성장 비포애프터",긴박함,TRUE,,없음,"WARNING, GOBLINS INCOMING!, Goblins? Easy! Level UP! UP!, Power Boost! BOOM! BOOM!, Strategic deployment!, Get ready for BATTLE!","편의성, 전략성",AFK 기능,8인 실시간 전투,고블린,카르벨,렐릭 탐험 어드벤처,스마트폰 UI 팝업 연출,"시뮬레이션 및 관리, 장애물 및 도전","텍스트 오버레이, 클로즈업 및 줌",자연/야외 미학,"도전과 승부욕, 만족과 성취감","SD/치비 캐릭터, 성장 지표, 군단/대규모 유닛",2.5D 입체 그래픽,세로형 피드 최적화 UI와 마을 습격 반전 연출로 이탈 방지. 직관적 레벨업과 전략적 배치 중심의 성장 쾌감을 자극해 숏폼 환경 내 높은 시청 유지율 및 전환율 기대.
Cute but Powerful Squad,광고 제목,HQ_HQ_PH_US-EN_GA_NU_AD_ACA-PU_260429,M_1844_INTEREST_GENRE_ALL_NONE_260429_2,2026-05-02,1,KRW,9792,157,2,0,TXT,,,,,,,,,,,,,,,,,,,,,,,,,,,,,
Let’s Hunt for Treasure!,광고 제목,HQ_HQ_PH_US-EN_GA_NU_AD_ACA-PU_260429,M_1844_INTEREST_GENRE_ALL_NONE_260429_2,2026-05-02,0,KRW,8000,256,3,0,TXT,,,,,,,,,,,,,,,,,,,,,,,,,,,,,
Pepp Heroes,광고 제목,HQ_HQ_PH_US-EN_GA_NU_AD_ACA-PU_260429,M_1844_INTEREST_GENRE_ALL_NONE_260429_2,2026-05-02,0,KRW,13931,199,5,0,TXT,,,,,,,,,,,,,,,,,,,,,,,,,,,,,
Play for Free,광고 제목,HQ_HQ_PH_US-EN_GA_NU_AD_ACA-PU_260429,M_1844_INTEREST_GENRE_ALL_NONE_260429_2,2026-05-02,0,KRW,21406,552,3,0,TXT,,,,,,,,,,,,,,,,,,,,,,,,,,,,,
"Your RPG, In Your Hands",광고 제목,HQ_HQ_PH_US-EN_GA_NU_AD_ACA-PU_260429,M_1844_INTEREST_GENRE_ALL_NONE_260429_2,2026-05-02,0,KRW,2667,112,1,0,TXT,,,,,,,,,,,,,,,,,,,,,,,,,,,,,
Adorable Yet Powerful! Collect Heroes With Diverse Charms,설명,HQ_HQ_PH_US-EN_GA_NU_AD_ACA-PU_260429,M_1844_INTEREST_GENRE_ALL_NONE_260429_2,2026-05-02,0,KRW,17001,229,2,0,TXT,,,,,,,,,,,,,,,,,,,,,,,,,,,,,
Clock Out and Start Your Treasure Hunt!,설명,HQ_HQ_PH_US-EN_GA_NU_AD_ACA-PU_260429,M_1844_INTEREST_GENRE_ALL_NONE_260429_2,2026-05-02,0,KRW,10245,128,5,0,TXT,,,,,,,,,,,,,,,,,,,,,,,,,,,,,
Get Rewards Worth $100! Play Now!,설명,HQ_HQ_PH_US-EN_GA_NU_AD_ACA-PU_260429,M_1844_INTEREST_GENRE_ALL_NONE_260429_2,2026-05-02,0,KRW,4169,177,0,0,TXT,,,,,,,,,,,,,,,,,,,,,,,,,,,,,
Strategic Battles With Heroes Full of Personality! Win With Your Own Squad,설명,HQ_HQ_PH_US-EN_GA_NU_AD_ACA-PU_260429,M_1844_INTEREST_GENRE_ALL_NONE_260429_2,2026-05-02,0,KRW,12037,459,2,0,TXT,,,,,,,,,,,,,,,,,,,,,,,,,,,,,
Unique Hero Skills and Synergies! The Collectible RPG of Endless Team Combinations,설명,HQ_HQ_PH_US-EN_GA_NU_AD_ACA-PU_260429,M_1844_INTEREST_GENRE_ALL_NONE_260429_2,2026-05-02,0,KRW,2783,98,1,0,TXT,,,,,,,,,,,,,,,,,,,,,,,,,,,,,
260406_BNR_A-Character-100usd01A-DA_S_1200x1200_EN.jpg;https://tpc.googlesyndication.com/simgad/10042032527036690642,가로형 이미지,HQ_HQ_PH_US-EN_GA_NU_AD_ACA-PU_260429,M_1844_INTEREST_GENRE_ALL_NONE_260429_2,2026-05-02,0,KRW,0,5,0,0,BNR,정방형,2026-04-06,A,Character,100usd01A,EN,260406_BNR_A-Character-100usd01A-DA_S_1200x1200_EN,A-Character-100usd01A-DA,https://tpc.googlesyndication.com/simgad/10042032527036690642,"압도적 보상, 캐릭터/유닛 외형",,,,,"Pre-registration Event, $100, Pre-register and Earn Rewards Worth $100!, Claim Rewards","보상, 릴리즈 예고",용병 모집(Gacha),사전예약 혜택,마그 탐험대,카르벨(Karbel),히어로 수집 육성,,수집 및 도감,"텍스트 오버레이, 클로즈업 및 줌",심플/클린 UI,"수집욕/소유욕, 만족과 성취감","인간형 영웅, 재화/보물상자","2D 일러스트, 2.5D 입체 그래픽",정방형 레이아웃과 $100 보상 텍스트로 시인성을 극대화했습니다. 혜택 중심 소구로 스낵 컬처 타겟의 전환을 유도하며 대비를 높인 A/B 테스트를 제안합니다.
260406_BNR_A-Character-Adventure04A-DA_L_1200x628_EN.jpg;https://tpc.googlesyndication.com/simgad/11190732183298883065,가로형 이미지,HQ_HQ_PH_US-EN_GA_NU_AD_ACA-PU_260429,M_1844_INTEREST_GENRE_ALL_NONE_260429_2,2026-05-02,0,KRW,0,6,0,0,BNR,가로형,2026-04-06,A,Character,Adventure04A,EN,260406_BNR_A-Character-Adventure04A-DA_L_1200x628_EN,A-Character-Adventure04A-DA,https://tpc.googlesyndication.com/simgad/11190732183298883065,"비주얼 임팩트, 캐릭터/유닛 외형",,,,,PEPP HEROES,"아트 퀄리티, 수집형RPG, 릴리즈 예고","8인 실시간 전투, 수집형 RPG",8인 실시간 전투,"마그 탐험대, 고블린","카르벨(Karbel), 샤일린(Shylin)",히어로 수집 육성,,"전투 및 액션, 장애물 및 도전",텍스트 오버레이,자연/야외 미학,"도전과 승부욕, 참여와 임장감","인간형 영웅, 거대 보스, SD/치비 캐릭터","2.5D 입체 그래픽, 2D 일러스트",SD 영웅과 거대 보스의 대치로 모험심 자극. 정적 RPG 유저에게 액션 소구 및 보상 텍스트로 CTR·CVR 최적화.
260406_BNR_A-Character-Adventure04A-DA_S_1200x1200_EN.jpg;https://tpc.googlesyndication.com/simgad/4078122247307565443,가로형 이미지,HQ_HQ_PH_US-EN_GA_NU_AD_ACA-PU_260429,M_1844_INTEREST_GENRE_ALL_NONE_260429_2,2026-05-02,0,KRW,940,15,1,0,BNR,정방형,2026-04-06,A,Character,Adventure04A,EN,260406_BNR_A-Character-Adventure04A-DA_S_1200x1200_EN,A-Character-Adventure04A-DA,https://tpc.googlesyndication.com/simgad/4078122247307565443,"비주얼 임팩트, 캐릭터/유닛 외형",,,,,PEPP HEROES,"아트 퀄리티, 수집형RPG, 릴리즈 예고","8인 실시간 전투, 수집형 RPG",8인 실시간 전투,"마그 탐험대, 고블린","카르벨(Karbel), 샤일린(Shylin)",히어로 수집 육성,,"전투 및 액션, 장애물 및 도전",텍스트 오버레이,자연/야외 미학,"도전과 승부욕, 참여와 임장감","인간형 영웅, 거대 보스, SD/치비 캐릭터","2.5D 입체 그래픽, 2D 일러스트","정방형 규격의 캐릭터 밀집 배치를 통해 스쿼드 일체감을 강조하고, 직업 아이콘 오버레이로 팀 빌딩의 전략적 재미와 영웅의 매력을 소구함."
260406_BNR_A-Character-Adventure05A-DA_L_1200x628_EN.jpg;https://tpc.googlesyndication.com/simgad/14620542589526622535,가로형 이미지,HQ_HQ_PH_US-EN_GA_NU_AD_ACA-PU_260429,M_1844_INTEREST_GENRE_ALL_NONE_260429_2,2026-05-02,0,KRW,1331,7,1,0,BNR,가로형,2026-04-06,A,Character,Adventure05A,EN,260406_BNR_A-Character-Adventure05A-DA_L_1200x628_EN,A-Character-Adventure05A-DA,https://tpc.googlesyndication.com/simgad/14620542589526622535,"캐릭터/유닛 외형, 비주얼 임팩트",,,,,Every Hero Needs a Little Pepp,"아트 퀄리티, 수집형RPG, 캐릭터","8인 실시간 전투, 수집형 RPG",렐릭 퀘스트,"마그 탐험대, 고블린","샤일린(Shylin), 카르벨(Karbel)",렐릭 탐험 어드벤처,2.5D 독보적 그래픽 강조,"전투 및 액션, 수집 및 도감","텍스트 오버레이, 클로즈업 및 줌",던전/신전,"수집욕/소유욕, 참여와 임장감","인간형 영웅, SD/치비 캐릭터","2.5D 입체 그래픽, 2D 일러스트",독보적인 2.5D 비주얼과 대립 구도로 정체성 각인. 입체적 모험 선사 및 고퀄리티 아트로 글로벌 CTR 유도. SSR 스킬 컷신 활용해 CVR 극대화 기대.
260406_BNR_A-Character-Adventure05A-DA_S_1200x1200_EN.jpg;https://tpc.googlesyndication.com/simgad/13772335840655466460,가로형 이미지,HQ_HQ_PH_US-EN_GA_NU_AD_ACA-PU_260429,M_1844_INTEREST_GENRE_ALL_NONE_260429_2,2026-05-02,0,KRW,0,5,0,0,BNR,정방형,2026-04-06,A,Character,Adventure05A,EN,260406_BNR_A-Character-Adventure05A-DA_S_1200x1200_EN,A-Character-Adventure05A-DA,https://tpc.googlesyndication.com/simgad/13772335840655466460,"캐릭터/유닛 외형, 비주얼 임팩트",,,,,Every Hero Needs a Little Pepp,"아트 퀄리티, 수집형RPG, 캐릭터","8인 실시간 전투, 수집형 RPG",렐릭 퀘스트,"마그 탐험대, 고블린","샤일린(Shylin), 카르벨(Karbel)",렐릭 탐험 어드벤처,2.5D 독보적 그래픽 강조,"전투 및 액션, 수집 및 도감","텍스트 오버레이, 클로즈업 및 줌",던전/신전,"수집욕/소유욕, 참여와 임장감","인간형 영웅, SD/치비 캐릭터","2.5D 입체 그래픽, 2D 일러스트",정방형 규격의 캐릭터 밀집 노출로 수집 재미를 강조함. 영웅 반전 매력 소유욕을 자극하며 피드 최적화로 클릭률 극대화 유도. 보상 텍스트 오버레이로 전환율 보완 필요.
260406_BNR_A-Character-Comics01A-DA_L_1200x628_EN.jpg;https://tpc.googlesyndication.com/simgad/3049438568803176011,가로형 이미지,HQ_HQ_PH_US-EN_GA_NU_AD_ACA-PU_260429,M_1844_INTEREST_GENRE_ALL_NONE_260429_2,2026-05-02,0,KRW,0,10,0,0,BNR,가로형,2026-04-06,A,Character,Comics01A,EN,260406_BNR_A-Character-Comics01A-DA_L_1200x628_EN,A-Character-Comics01A-DA,https://tpc.googlesyndication.com/simgad/3049438568803176011,"비주얼 임팩트, 캐릭터/유닛 외형",,,,,"EVERY HERO NEEDS A LITTLE PEPP, PEPP HEROES","아트 퀄리티, 캐릭터, 수집형RPG","용병 모집(Gacha), 8인 실시간 전투",8인 실시간 전투,마그 탐험대,카르벨(Karbel),"히어로 수집 육성, 렐릭 탐험 어드벤처",코믹스 스타일 레이아웃,"수집 및 도감, 전투 및 액션","분할 화면, 텍스트 오버레이",자연/야외 미학,"수집욕/소유욕, 휴식과 힐링","SD/치비 캐릭터, 인간형 영웅",2.5D 입체 그래픽,코믹스 레이아웃과 친근한 아트 스타일로 진입 장벽을 낮추고 개성을 강조함. 가독성 높은 카피로 높은 CTR을 유도하며 SSR 캐릭터 중심의 수집 욕구 자극 전략을 제안함.
260406_BNR_A-Charater-Collection01A-DA_L_1200x628_EN.jpg;https://tpc.googlesyndication.com/simgad/9157278201026773067,가로형 이미지,HQ_HQ_PH_US-EN_GA_NU_AD_ACA-PU_260429,M_1844_INTEREST_GENRE_ALL_NONE_260429_2,2026-05-02,0,KRW,0,7,0,0,BNR,가로형,2026-04-06,A,Charater,Collection01A,EN,260406_BNR_A-Charater-Collection01A-DA_L_1200x628_EN,A-Charater-Collection01A-DA,https://tpc.googlesyndication.com/simgad/9157278201026773067,"캐릭터/유닛 외형, 비주얼 임팩트",,,,,"Get Pepp'd, com2us, PEPP HEROES","아트 퀄리티, 캐릭터, 수집형RPG",수집형 RPG,용병 모집(Gacha),마그 탐험대,다수의 SD 영웅,히어로 수집 육성,,수집 및 도감,텍스트 오버레이,심플/클린 UI,수집욕/소유욕,SD/치비 캐릭터,2.5D 입체 그래픽,"'Get Pepp'd' 슬로건과 촘촘한 캐릭터 배치로 방대한 수집성 강조. 2.5D 및 SD 캐릭터로 유저 소유욕 자극 및 높은 CTR 유도, 인기 캐릭터 중심 확장 용이."
260406_BNR_A-Charater-Collection01A-DA_S_1200x1200_EN.jpg;https://tpc.googlesyndication.com/simgad/2322926171558263908,가로형 이미지,HQ_HQ_PH_US-EN_GA_NU_AD_ACA-PU_260429,M_1844_INTEREST_GENRE_ALL_NONE_260429_2,2026-05-02,0,KRW,0,5,0,0,BNR,정방형,2026-04-06,A,Charater,Collection01A,EN,260406_BNR_A-Charater-Collection01A-DA_S_1200x1200_EN,A-Charater-Collection01A-DA,https://tpc.googlesyndication.com/simgad/2322926171558263908,"캐릭터/유닛 외형, 비주얼 임팩트",,,,,"Get Pepp'd, com2us, PEPP HEROES","아트 퀄리티, 캐릭터, 수집형RPG",수집형 RPG,용병 모집(Gacha),마그 탐험대,다수의 SD 영웅,히어로 수집 육성,,수집 및 도감,텍스트 오버레이,심플/클린 UI,수집욕/소유욕,SD/치비 캐릭터,2.5D 입체 그래픽,정방형 구도로 캐릭터 밀도와 시각적 풍성함 극대화. SNS 주목도 확보 및 캐릭터 등급 변주를 통한 전환율 개선 기대.
260406_BNR_A-Mob-Adventure02A-DA_L_1200x628_EN.jpg;https://tpc.googlesyndication.com/simgad/17125206759944352040,가로형 이미지,HQ_HQ_PH_US-EN_GA_NU_AD_ACA-PU_260429,M_1844_INTEREST_GENRE_ALL_NONE_260429_2,2026-05-02,1,KRW,34626,206,15,0,BNR,가로형,2026-04-06,A,Mob,Adventure02A,EN,260406_BNR_A-Mob-Adventure02A-DA_L_1200x628_EN,A-Mob-Adventure02A-DA,https://tpc.googlesyndication.com/simgad/17125206759944352040,비주얼 임팩트,,,,,PEPP HEROES,"아트 퀄리티, 수집형RPG",5인 분대 전투,거대 보스 레이드,"마그 탐험대, 고블린",,렐릭 탐험 어드벤처,2.5D 입체 월드 강조,"장애물 및 도전, 전투 및 액션",텍스트 오버레이,자연/야외 미학,도전과 승부욕,"거대 보스, SD/치비 캐릭터",2.5D 입체 그래픽,5인 파티 레이드와 SD 캐릭터로 어드벤처 RPG 정체성 강조. 2.5D 그래픽으로 CTR을 높이고 사전예약 보상을 통해 CVR 극대화 유도.
260406_BNR_A-Mob-Adventure02A-DA_S_1200x1200_EN.jpg;https://tpc.googlesyndication.com/simgad/17573267286983610733,가로형 이미지,HQ_HQ_PH_US-EN_GA_NU_AD_ACA-PU_260429,M_1844_INTEREST_GENRE_ALL_NONE_260429_2,2026-05-02,0,KRW,0,1,0,0,BNR,정방형,2026-04-06,A,Mob,Adventure02A,EN,260406_BNR_A-Mob-Adventure02A-DA_S_1200x1200_EN,A-Mob-Adventure02A-DA,https://tpc.googlesyndication.com/simgad/17573267286983610733,비주얼 임팩트,,,,,PEPP HEROES,"아트 퀄리티, 수집형RPG",5인 분대 전투,거대 보스 레이드,"마그 탐험대, 고블린",,렐릭 탐험 어드벤처,2.5D 입체 월드 강조,"장애물 및 도전, 전투 및 액션",텍스트 오버레이,자연/야외 미학,도전과 승부욕,"거대 보스, SD/치비 캐릭터",2.5D 입체 그래픽,2.5D 비주얼과 거대 보스 대치 구도로 몰입감 강조. 직접 조작 및 전략 조합을 선호하는 수집형 RPG 유저를 공략해 높은 클릭률과 수집욕 자극 기대.
260406_VID_A-Character-Collection01B-UA_S_1080x1080_EN;https://www.youtube.com/watch?v=cTfY4JpFc-s,YouTube 동영상,HQ_HQ_PH_US-EN_GA_NU_AD_ACA-PU_260429,M_1844_INTEREST_GENRE_ALL_NONE_260429_2,2026-05-02,0,KRW,1266,21,0,0,VID,정방형,2026-04-06,A,Character,Collection01B,EN;https://www,260406_VID_A-Character-Collection01B-UA_S_1080x1080_EN,A-Character-Collection01B-UA,https://www.youtube.com/watch?v=cTfY4JpFc-s,"질문/선택형, 캐릭터/유닛 외형",경쾌함,TRUE,,없음,"CHOOSE YOUR HERO, HUGO, KARBEL, MONAD","캐릭터, 수집형RPG, 전략성",용병 모집(Gacha),DIY 픽업 시스템,마그 탐험대,"휴고, 카르벨, 모나드",히어로 수집 육성,남성 캐릭터 위주 배치,수집 및 도감,"텍스트 오버레이, 분할 화면",심플/클린 UI,수집욕/소유욕,"SD/치비 캐릭터, 인간형 영웅",2D 일러스트,캐릭터 구성 대조를 통한 타겟 취향별 효율 분석. 탱커 및 딜러 중심 덱 선호 심리 공략하며 캐릭터 조합 변주 소재로 리타겟팅 광고 활용 권장.
260406_VID_A-Character-Combat01A-UA_L_1920x1080_EN;https://www.youtube.com/watch?v=2W7-0AV2mfg,YouTube 동영상,HQ_HQ_PH_US-EN_GA_NU_AD_ACA-PU_260429,M_1844_INTEREST_GENRE_ALL_NONE_260429_2,2026-05-02,0,KRW,3109,102,1,0,VID,가로형,2026-04-06,A,Character,Combat01A,EN;https://www,260406_VID_A-Character-Combat01A-UA_L_1920x1080_EN,A-Character-Combat01A-UA,https://www.youtube.com/watch?v=2W7-0AV2mfg,"비주얼 임팩트, 캐릭터/유닛 외형",긴박함,TRUE,,없음,"VINESSA, A DARK WIZARD WHO DOMINATES THE FIELD, SOPHIA, REMOVES ALL DEBUFFS! THE KEY TO SURVIVAL, BERNETA, A SYNERGY DEALER THAT PERFECTS YOUR TEAM, PLAY FOR FREE","아트 퀄리티, 캐릭터, 수집형RPG, 전략성",용병 모집,스킬 컷신 연출,마그 탐험대,"Vinessa, Sophia, Berneta",렐릭 탐험 어드벤처,캐릭터별 스킬 특징 강조,전투 및 액션,"텍스트 오버레이, 클로즈업 및 줌",자연/야외 미학,"도전과 승부욕, 수집욕/소유욕","인간형 영웅, SD/치비 캐릭터, 성장 지표","2.5D 입체 그래픽, 2D 일러스트",인게임 전투와 일러스트 교차 편집으로 몰입도 극대화. 캐릭터 스킬 및 시너지로 전략적 호기심 자극. 플레이 영상 기반 안정적 CVR 확보 및 캐릭터 속성 대비 변주 제안.
260406_VID_A-Character-Combat01A-UA_S_1080x1080_EN;https://www.youtube.com/watch?v=jnNAzjzUw8o,YouTube 동영상,HQ_HQ_PH_US-EN_GA_NU_AD_ACA-PU_260429,M_1844_INTEREST_GENRE_ALL_NONE_260429_2,2026-05-02,0,KRW,4333,67,0,0,VID,정방형,2026-04-06,A,Character,Combat01A,EN;https://www,260406_VID_A-Character-Combat01A-UA_S_1080x1080_EN,A-Character-Combat01A-UA,https://www.youtube.com/watch?v=jnNAzjzUw8o,"비주얼 임팩트, 캐릭터/유닛 외형",긴박함,TRUE,,없음,"VINESSA, A DARK WIZARD WHO DOMINATES THE FIELD, SOPHIA, REMOVES ALL DEBUFFS! THE KEY TO SURVIVAL, BERNETA, A SYNERGY DEALER THAT PERFECTS YOUR TEAM, PLAY FOR FREE","아트 퀄리티, 캐릭터, 수집형RPG, 전략성",용병 모집,스킬 컷신 연출,마그 탐험대,"Vinessa, Sophia, Berneta",렐릭 탐험 어드벤처,캐릭터별 스킬 특징 강조,전투 및 액션,"텍스트 오버레이, 클로즈업 및 줌",자연/야외 미학,"도전과 승부욕, 수집욕/소유욕","인간형 영웅, SD/치비 캐릭터, 성장 지표","2.5D 입체 그래픽, 2D 일러스트",SSR 비네사 비주얼을 초반에 배치해 RPG 팬덤 시선 확보. 고퀄리티 애니메이션으로 캐릭터 소유욕을 자극하며 스킬 콤보 시리즈로 소재 확장 가능.
260406_VID_A-Character-Combat01A-UA_V_1080x1920_EN;https://www.youtube.com/watch?v=tHmXhOKu33A,YouTube 동영상,HQ_HQ_PH_US-EN_GA_NU_AD_ACA-PU_260429,M_1844_INTEREST_GENRE_ALL_NONE_260429_2,2026-05-02,0,KRW,1068,30,0,0,VID,세로형,2026-04-06,A,Character,Combat01A,EN;https://www,260406_VID_A-Character-Combat01A-UA_V_1080x1920_EN,A-Character-Combat01A-UA,https://www.youtube.com/watch?v=tHmXhOKu33A,"비주얼 임팩트, 캐릭터/유닛 외형",긴박함,TRUE,,없음,"VINESSA, A DARK WIZARD WHO DOMINATES THE FIELD, SOPHIA, REMOVES ALL DEBUFFS! THE KEY TO SURVIVAL, BERNETA, A SYNERGY DEALER THAT PERFECTS YOUR TEAM, PLAY FOR FREE","아트 퀄리티, 캐릭터, 수집형RPG, 전략성",용병 모집,스킬 컷신 연출,마그 탐험대,"Vinessa, Sophia, Berneta",렐릭 탐험 어드벤처,캐릭터별 스킬 특징 강조,전투 및 액션,"텍스트 오버레이, 클로즈업 및 줌",자연/야외 미학,"도전과 승부욕, 수집욕/소유욕","인간형 영웅, SD/치비 캐릭터, 성장 지표","2.5D 입체 그래픽, 2D 일러스트",숏폼 최적화 세로 분할 화면으로 캐릭터와 전투 연출 강조. 한 손 플레이 선호 심리를 공략하여 틱톡 및 릴스 내 높은 조회수 확보 기대.
260406_VID_A-Character-Combat01B-UA_L_1920x1080_EN;https://www.youtube.com/watch?v=d4rVTfnnYhg,YouTube 동영상,HQ_HQ_PH_US-EN_GA_NU_AD_ACA-PU_260429,M_1844_INTEREST_GENRE_ALL_NONE_260429_2,2026-05-02,0,KRW,21461,280,3,0,VID,가로형,2026-04-06,A,Character,Combat01B,EN;https://www,260406_VID_A-Character-Combat01B-UA_L_1920x1080_EN,A-Character-Combat01B-UA,https://www.youtube.com/watch?v=d4rVTfnnYhg,"비주얼 임팩트, 캐릭터/유닛 외형",긴박함,TRUE,,없음,"HUGO, An indomitable warrior..., MONAD, A sage who devastates..., KARBEL, A fiery dealer..., PLAY FOR FREE","전략성, 아트 퀄리티",용병 모집,8인 실시간 전투,마그 탐험대,"Hugo, Monad, Karbel",히어로 수집 육성,,전투 및 액션,"텍스트 오버레이, 클로즈업 및 줌",자연/야외 미학,"도전과 승부욕, 수집욕/소유욕","인간형 영웅, SD/치비 캐릭터, 성장 지표","2.5D 입체 그래픽, 2D 일러스트",16:9 뷰로 넓은 전장과 스킬 강조. 화려한 연출로 타격감 선호 유저 공략. 전투 선호층 대상 높은 전환율 기대.
260406_VID_A-Character-Combat01B-UA_S_1080x1080_EN;https://www.youtube.com/watch?v=tcTIYuJi7pM,YouTube 동영상,HQ_HQ_PH_US-EN_GA_NU_AD_ACA-PU_260429,M_1844_INTEREST_GENRE_ALL_NONE_260429_2,2026-05-02,0,KRW,964,33,0,0,VID,정방형,2026-04-06,A,Character,Combat01B,EN;https://www,260406_VID_A-Character-Combat01B-UA_S_1080x1080_EN,A-Character-Combat01B-UA,https://www.youtube.com/watch?v=tcTIYuJi7pM,"비주얼 임팩트, 캐릭터/유닛 외형",긴박함,TRUE,,없음,"HUGO, An indomitable warrior..., MONAD, A sage who devastates..., KARBEL, A fiery dealer..., PLAY FOR FREE","전략성, 아트 퀄리티",용병 모집,8인 실시간 전투,마그 탐험대,"Hugo, Monad, Karbel",히어로 수집 육성,,전투 및 액션,"텍스트 오버레이, 클로즈업 및 줌",자연/야외 미학,"도전과 승부욕, 수집욕/소유욕","인간형 영웅, SD/치비 캐릭터, 성장 지표","2.5D 입체 그래픽, 2D 일러스트",소피아의 생존 및 지원 능력과 팀 시너지를 강조해 전략적 유저 공략. 비네사 소재 A/B 테스트로 타겟별 선호 캐릭터 최적화 및 성과 확장 도모.
260406_VID_A-Character-Combat01B-UA_V_1080x1920_EN;https://www.youtube.com/watch?v=rrd-TGZqEqc,YouTube 동영상,HQ_HQ_PH_US-EN_GA_NU_AD_ACA-PU_260429,M_1844_INTEREST_GENRE_ALL_NONE_260429_2,2026-05-02,0,KRW,10150,314,2,0,VID,세로형,2026-04-06,A,Character,Combat01B,EN;https://www,260406_VID_A-Character-Combat01B-UA_V_1080x1920_EN,A-Character-Combat01B-UA,https://www.youtube.com/watch?v=rrd-TGZqEqc,"비주얼 임팩트, 캐릭터/유닛 외형",긴박함,TRUE,,없음,"HUGO, An indomitable warrior..., MONAD, A sage who devastates..., KARBEL, A fiery dealer..., PLAY FOR FREE","전략성, 아트 퀄리티",용병 모집,8인 실시간 전투,마그 탐험대,"Hugo, Monad, Karbel",히어로 수집 육성,,전투 및 액션,"텍스트 오버레이, 클로즈업 및 줌",자연/야외 미학,"도전과 승부욕, 수집욕/소유욕","인간형 영웅, SD/치비 캐릭터, 성장 지표","2.5D 입체 그래픽, 2D 일러스트",직관적인 탱딜힐 구성으로 정통 RPG 유저의 파티 니즈 충족. 역할군 조합의 재미를 텍스트로 보강하여 효율 극대화 기대.
260406_VID_A-Charater-Collection01B-UA_L_1920x1080_EN;https://www.youtube.com/watch?v=rRGCh1x6a6M,YouTube 동영상,HQ_HQ_PH_US-EN_GA_NU_AD_ACA-PU_260429,M_1844_INTEREST_GENRE_ALL_NONE_260429_2,2026-05-02,0,KRW,9027,215,1,0,VID,가로형,2026-04-06,A,Charater,Collection01B,EN;https://www,260406_VID_A-Charater-Collection01B-UA_L_1920x1080_EN,A-Charater-Collection01B-UA,https://www.youtube.com/watch?v=rRGCh1x6a6M,"질문/선택형, 캐릭터/유닛 외형",경쾌함,TRUE,,없음,"CHOOSE YOUR HERO, HUGO, PLAY FOR FREE","아트 퀄리티, 전략성",용병 모집,DIY 픽업 시스템,마그 탐험대,Hugo,히어로 수집 육성,,수집 및 도감,"텍스트 오버레이, 클로즈업 및 줌",심플/클린 UI,"수집욕/소유욕, 만족과 성취감","인간형 영웅, SD/치비 캐릭터","2.5D 입체 그래픽, 2D 일러스트","그리드 UI로 풍부한 캐릭터 풀을 어필해 수집 욕구를 자극하며, 캐릭터 강조 엔드카드를 통해 높은 잔존율을 확보합니다."
260406_VID_A-Charater-Collection01B-UA_V_1080x1920_EN;https://www.youtube.com/watch?v=u5diHTUsSOs,YouTube 동영상,HQ_HQ_PH_US-EN_GA_NU_AD_ACA-PU_260429,M_1844_INTEREST_GENRE_ALL_NONE_260429_2,2026-05-02,0,KRW,2740,62,0,0,VID,세로형,2026-04-06,A,Charater,Collection01B,EN;https://www,260406_VID_A-Charater-Collection01B-UA_V_1080x1920_EN,A-Charater-Collection01B-UA,https://www.youtube.com/watch?v=u5diHTUsSOs,"질문/선택형, 캐릭터/유닛 외형",경쾌함,TRUE,,없음,"CHOOSE YOUR HERO, HUGO, PLAY FOR FREE","아트 퀄리티, 전략성",용병 모집,DIY 픽업 시스템,마그 탐험대,Hugo,히어로 수집 육성,캐릭터 픽(Pick) 연출,수집 및 도감,"텍스트 오버레이, 클로즈업 및 줌",심플/클린 UI,"수집욕/소유욕, 만족과 성취감","인간형 영웅, SD/치비 캐릭터","2.5D 입체 그래픽, 2D 일러스트",직접 영웅을 선택하는 인터랙티브 경험으로 기대감 부여. 다양한 영웅 노출을 통해 유저 취향을 공략하고 반복적인 참여 유도.
260406_VID_A-Hooking-Reward02A-FK_L_1920x1080_EN;https://www.youtube.com/watch?v=oRlzfGbT3xY,YouTube 동영상,HQ_HQ_PH_US-EN_GA_NU_AD_ACA-PU_260429,M_1844_INTEREST_GENRE_ALL_NONE_260429_2,2026-05-02,0,KRW,6957,201,0,0,VID,가로형,2026-04-06,A,Hooking,Reward02A,EN;https://www,260406_VID_A-Hooking-Reward02A-FK_L_1920x1080_EN,A-Hooking-Reward02A-FK,https://www.youtube.com/watch?v=oRlzfGbT3xY,"실패/분노 유도, 압도적 보상",긴박함,TRUE,,없음,"Tap here to save him!, Help me!, HELP KARBEL CLEAR, Claim your SR character and rewards worth $100!, PLAY FOR FREE",보상,용병 모집,우호도 시스템,마그 탐험대,카르벨(Karbel),히어로 수집 육성,페이크 플레이(구출 미니게임) 형식 활용,퍼즐 및 논리,"손가락 지시선, 텍스트 오버레이",자연/야외 미학,"도전과 승부욕, 만족과 성취감","SD/치비 캐릭터, 재화/보물상자",2D 일러스트,구출 미니게임 방식을 활용해 시청자 이탈을 방지하고 즉각적인 행동을 유도합니다. 대량의 재화 보상으로 성취감을 자극하여 저단가 트래픽 확보 및 높은 클릭률을 공략합니다.
260406_VID_A-Hooking-Reward02A-FK_S_1080x1080_EN;https://www.youtube.com/watch?v=EgLwtP8WjE4,YouTube 동영상,HQ_HQ_PH_US-EN_GA_NU_AD_ACA-PU_260429,M_1844_INTEREST_GENRE_ALL_NONE_260429_2,2026-05-02,0,KRW,10,1,0,0,VID,정방형,2026-04-06,A,Hooking,Reward02A,EN;https://www,260406_VID_A-Hooking-Reward02A-FK_S_1080x1080_EN,A-Hooking-Reward02A-FK,https://www.youtube.com/watch?v=EgLwtP8WjE4,"실패/분노 유도, 압도적 보상",긴박함,TRUE,,없음,"Tap here to save him!, Help me!, HELP KARBEL CLEAR, Claim your SR character and rewards worth $100!, PLAY FOR FREE",보상,용병 모집,우호도 시스템,마그 탐험대,카르벨(Karbel),히어로 수집 육성,페이크 플레이(구출 미니게임) 형식 활용,퍼즐 및 논리,"손가락 지시선, 텍스트 오버레이",자연/야외 미학,"도전과 승부욕, 만족과 성취감","SD/치비 캐릭터, 재화/보물상자",2D 일러스트,위기 상황 미션과 100달러 보상으로 유저 참여 및 전환 유도. 쉬운 조작성 강조로 진입 장벽을 낮춰 대량 유입용 런칭 소재로 적합.
260406_VID_A-Hooking-Reward02A-FK_V_1080x1920_EN;https://www.youtube.com/watch?v=b7LsalWUDvQ,YouTube 동영상,HQ_HQ_PH_US-EN_GA_NU_AD_ACA-PU_260429,M_1844_INTEREST_GENRE_ALL_NONE_260429_2,2026-05-02,0,KRW,1030,15,0,0,VID,세로형,2026-04-06,A,Hooking,Reward02A,EN;https://www,260406_VID_A-Hooking-Reward02A-FK_V_1080x1920_EN,A-Hooking-Reward02A-FK,https://www.youtube.com/watch?v=b7LsalWUDvQ,"실패/분노 유도, 압도적 보상",긴박함,TRUE,,없음,"Tap here to save him!, Help me!, HELP KARBEL CLEAR, Claim your SR character and rewards worth $100!, PLAY FOR FREE",보상,용병 모집,우호도 시스템,마그 탐험대,카르벨(Karbel),히어로 수집 육성,페이크 플레이(구출 미니게임) 형식 활용,퍼즐 및 논리,"손가락 지시선, 텍스트 오버레이",자연/야외 미학,"도전과 승부욕, 만족과 성취감","SD/치비 캐릭터, 재화/보물상자",2D 일러스트,9:16 세로형 구조로 터치 인터랙션을 극대화하고 FOMO를 자극해 시청 완료율을 높입니다. 캐릭터 활용 및 실패 연출의 A/B 테스트 확장을 제안합니다.
260406_VID_A-Hooking-Reward03A-UA_L_1920x1080_EN;https://www.youtube.com/watch?v=XUrzh1Qrk5w,YouTube 동영상,HQ_HQ_PH_US-EN_GA_NU_AD_ACA-PU_260429,M_1844_INTEREST_GENRE_ALL_NONE_260429_2,2026-05-02,0,KRW,4947,86,0,0,VID,가로형,2026-04-06,A,Hooking,Reward03A,EN;https://www,260406_VID_A-Hooking-Reward03A-UA_L_1920x1080_EN,A-Hooking-Reward03A-UA,https://www.youtube.com/watch?v=XUrzh1Qrk5w,"압도적 보상, 실패/분노 유도",경쾌함,TRUE,,없음,"WARNING Skip and you will lose your $100 rewards, Tap within 5 Seconds, SR, PLAY FOR FREE!, Claim your SR character and rewards worth $100!",보상,용병 모집,,마그 탐험대,Karbel,히어로 수집 육성,$100 가치 혜택 강조,수집 및 도감,"손가락 지시선, 텍스트 오버레이",심플/클린 UI,"만족과 성취감, 수집욕/소유욕","재화/보물상자, SD/치비 캐릭터","2D 일러스트, 2.5D 입체 그래픽","가로 화면을 활용한 화려한 연출로 시각적 몰입감을 높이고, 보상 상실에 대한 FOMO 심리를 자극하여 가로형 매체 타겟 광고 효율을 극대화함."
260406_VID_A-Hooking-Reward03A-UA_S_1080x1080_EN;https://www.youtube.com/watch?v=VGJB5tDWops,YouTube 동영상,HQ_HQ_PH_US-EN_GA_NU_AD_ACA-PU_260429,M_1844_INTEREST_GENRE_ALL_NONE_260429_2,2026-05-02,1,KRW,5067,22,0,0,VID,정방형,2026-04-06,A,Hooking,Reward03A,EN;https://www,260406_VID_A-Hooking-Reward03A-UA_S_1080x1080_EN,A-Hooking-Reward03A-UA,https://www.youtube.com/watch?v=VGJB5tDWops,"압도적 보상, 실패/분노 유도",경쾌함,TRUE,,없음,"WARNING Skip and you will lose your $100 rewards, Tap within 5 Seconds, SR, PLAY FOR FREE!, Claim your SR character and rewards worth $100!",보상,용병 모집,,마그 탐험대,Karbel,히어로 수집 육성,$100 가치 혜택 강조,수집 및 도감,"손가락 지시선, 텍스트 오버레이",심플/클린 UI,"만족과 성취감, 수집욕/소유욕","재화/보물상자, SD/치비 캐릭터","2D 일러스트, 2.5D 입체 그래픽",부정적 후킹과 시간 제한으로 클릭 유도. $100 가치 및 SR 확정으로 수익 구체화. 높은 CVR 예상되며 보상 변주를 통한 라이브 옵스 제안.
260406_VID_A-Hooking-Reward03A-UA_V_1080x1920_EN;https://www.youtube.com/watch?v=jA_HAiz95x4,YouTube 동영상,HQ_HQ_PH_US-EN_GA_NU_AD_ACA-PU_260429,M_1844_INTEREST_GENRE_ALL_NONE_260429_2,2026-05-02,1,KRW,11495,76,4,0,VID,세로형,2026-04-06,A,Hooking,Reward03A,EN;https://www,260406_VID_A-Hooking-Reward03A-UA_V_1080x1920_EN,A-Hooking-Reward03A-UA,https://www.youtube.com/watch?v=jA_HAiz95x4,"압도적 보상, 실패/분노 유도",경쾌함,TRUE,,없음,"WARNING Skip and you will lose your $100 rewards, Tap within 5 Seconds, SR, PLAY FOR FREE!, Claim your SR character and rewards worth $100!",보상,용병 모집,,마그 탐험대,Karbel,히어로 수집 육성,$100 가치 혜택 강조,수집 및 도감,"손가락 지시선, 텍스트 오버레이",심플/클린 UI,"만족과 성취감, 수집욕/소유욕","재화/보물상자, SD/치비 캐릭터","2D 일러스트, 2.5D 입체 그래픽",도발적 문구와 타이머로 이탈을 방지하고 FOMO 심리를 자극함. 보상형 인벤토리 활용을 통해 UA 매체에서 압도적 전환율 달성 기대.
260406_VID_A-Mob-Adventure01A-UA_L_1920x1080_EN;https://www.youtube.com/watch?v=hVmkPdIsz70,YouTube 동영상,HQ_HQ_PH_US-EN_GA_NU_AD_ACA-PU_260429,M_1844_INTEREST_GENRE_ALL_NONE_260429_2,2026-05-02,0,KRW,1753,58,0,0,VID,가로형,2026-04-06,A,Mob,Adventure01A,EN;https://www,260406_VID_A-Mob-Adventure01A-UA_L_1920x1080_EN,A-Mob-Adventure01A-UA,https://www.youtube.com/watch?v=hVmkPdIsz70,"비주얼 임팩트, 성장 비포애프터",긴박함,TRUE,,없음,"WARNING, GOBLINS INCOMING!, Goblins? Easy! Level UP! UP!, Power Boost! BOOM! BOOM!, Strategic deployment!, Get ready for BATTLE!","편의성, 전략성",AFK 기능,8인 실시간 전투,고블린,카르벨,렐릭 탐험 어드벤처,스마트폰 UI 팝업 연출,"시뮬레이션 및 관리, 장애물 및 도전","텍스트 오버레이, 클로즈업 및 줌",자연/야외 미학,"도전과 승부욕, 만족과 성취감","SD/치비 캐릭터, 성장 지표, 군단/대규모 유닛",2.5D 입체 그래픽,16:9 화면 대비로 대규모 전투와 모바일 최적화 강조. 방치형 육성 선호 유저 타겟으로 핵심 시스템 소구 및 브랜딩·퍼포먼스 효율 기대.
260406_VID_A-Mob-Adventure01A-UA_S_1080x1080_EN;https://www.youtube.com/watch?v=LMKl0g6yRJU,YouTube 동영상,HQ_HQ_PH_US-EN_GA_NU_AD_ACA-PU_260429,M_1844_INTEREST_GENRE_ALL_NONE_260429_2,2026-05-02,0,KRW,834,36,1,0,VID,정방형,2026-04-06,A,Mob,Adventure01A,EN;https://www,260406_VID_A-Mob-Adventure01A-UA_S_1080x1080_EN,A-Mob-Adventure01A-UA,https://www.youtube.com/watch?v=LMKl0g6yRJU,"비주얼 임팩트, 성장 비포애프터",긴박함,TRUE,,없음,"WARNING, GOBLINS INCOMING!, Goblins? Easy! Level UP! UP!, Power Boost! BOOM! BOOM!, Strategic deployment!, Get ready for BATTLE!","편의성, 전략성",AFK 기능,8인 실시간 전투,고블린,카르벨,렐릭 탐험 어드벤처,스마트폰 UI 팝업 연출,"시뮬레이션 및 관리, 장애물 및 도전","텍스트 오버레이, 클로즈업 및 줌",자연/야외 미학,"도전과 승부욕, 참여와 임장감","SD/치비 캐릭터, 성장 지표, 군단/대규모 유닛",2.5D 입체 그래픽,경고 연출로 몰입도를 높이고 쉬운 성장을 강조해 진입 장벽 완화. 대규모 레이드 소재 확장을 통한 중장기 성과 기대.
260406_VID_A-Mob-Adventure01A-UA_V_1080x1920_EN;https://www.youtube.com/watch?v=nIYkYZ-JFj0,YouTube 동영상,HQ_HQ_PH_US-EN_GA_NU_AD_ACA-PU_260429,M_1844_INTEREST_GENRE_ALL_NONE_260429_2,2026-05-02,0,KRW,938,52,0,0,VID,세로형,2026-04-06,A,Mob,Adventure01A,EN;https://www,260406_VID_A-Mob-Adventure01A-UA_V_1080x1920_EN,A-Mob-Adventure01A-UA,https://www.youtube.com/watch?v=nIYkYZ-JFj0,"비주얼 임팩트, 성장 비포애프터",긴박함,TRUE,,없음,"WARNING, GOBLINS INCOMING!, Goblins? Easy! Level UP! UP!, Power Boost! BOOM! BOOM!, Strategic deployment!, Get ready for BATTLE!","편의성, 전략성",AFK 기능,8인 실시간 전투,고블린,카르벨,렐릭 탐험 어드벤처,스마트폰 UI 팝업 연출,"시뮬레이션 및 관리, 장애물 및 도전","텍스트 오버레이, 클로즈업 및 줌",자연/야외 미학,"도전과 승부욕, 만족과 성취감","SD/치비 캐릭터, 성장 지표, 군단/대규모 유닛",2.5D 입체 그래픽,세로형 피드 최적화 UI와 마을 습격 반전 연출로 이탈 방지. 직관적 레벨업과 전략적 배치 중심의 성장 쾌감을 자극해 숏폼 환경 내 높은 시청 유지율 및 전환율 기대.
Cute but Powerful Squad,광고 제목,HQ_HQ_PH_SEA-EN_GA_NU_AD_ACA-PU_260430,M_1844_INTEREST_GENRE_ALL_NONE_260430_3,2026-05-02,3,KRW,3791,"1,046",14,0,TXT,,,,,,,,,,,,,,,,,,,,,,,,,,,,,
Let’s Hunt for Treasure!,광고 제목,HQ_HQ_PH_SEA-EN_GA_NU_AD_ACA-PU_260430,M_1844_INTEREST_GENRE_ALL_NONE_260430_3,2026-05-02,1,KRW,2604,690,8,0,TXT,,,,,,,,,,,,,,,,,,,,,,,,,,,,,
Pepp Heroes,광고 제목,HQ_HQ_PH_SEA-EN_GA_NU_AD_ACA-PU_260430,M_1844_INTEREST_GENRE_ALL_NONE_260430_3,2026-05-02,1,KRW,3212,810,9,0,TXT,,,,,,,,,,,,,,,,,,,,,,,,,,,,,
Play for Free,광고 제목,HQ_HQ_PH_SEA-EN_GA_NU_AD_ACA-PU_260430,M_1844_INTEREST_GENRE_ALL_NONE_260430_3,2026-05-02,1,KRW,3048,999,5,0,TXT,,,,,,,,,,,,,,,,,,,,,,,,,,,,,
"Your RPG, In Your Hands",광고 제목,HQ_HQ_PH_SEA-EN_GA_NU_AD_ACA-PU_260430,M_1844_INTEREST_GENRE_ALL_NONE_260430_3,2026-05-02,0,KRW,2167,840,7,0,TXT,,,,,,,,,,,,,,,,,,,,,,,,,,,,,
Adorable Yet Powerful! Collect Heroes With Diverse Charms,설명,HQ_HQ_PH_SEA-EN_GA_NU_AD_ACA-PU_260430,M_1844_INTEREST_GENRE_ALL_NONE_260430_3,2026-05-02,1,KRW,1570,782,6,0,TXT,,,,,,,,,,,,,,,,,,,,,,,,,,,,,
Clock Out and Start Your Treasure Hunt!,설명,HQ_HQ_PH_SEA-EN_GA_NU_AD_ACA-PU_260430,M_1844_INTEREST_GENRE_ALL_NONE_260430_3,2026-05-02,4,KRW,6232,"2,775",49,0,TXT,,,,,,,,,,,,,,,,,,,,,,,,,,,,,
Get Rewards Worth $100! Play Now!,설명,HQ_HQ_PH_SEA-EN_GA_NU_AD_ACA-PU_260430,M_1844_INTEREST_GENRE_ALL_NONE_260430_3,2026-05-02,0,KRW,1831,816,6,0,TXT,,,,,,,,,,,,,,,,,,,,,,,,,,,,,
Strategic Battles With Heroes Full of Personality! Win With Your Own Squad,설명,HQ_HQ_PH_SEA-EN_GA_NU_AD_ACA-PU_260430,M_1844_INTEREST_GENRE_ALL_NONE_260430_3,2026-05-02,1,KRW,3219,691,3,0,TXT,,,,,,,,,,,,,,,,,,,,,,,,,,,,,
Unique Hero Skills and Synergies! The Collectible RPG of Endless Team Combinations,설명,HQ_HQ_PH_SEA-EN_GA_NU_AD_ACA-PU_260430,M_1844_INTEREST_GENRE_ALL_NONE_260430_3,2026-05-02,1,KRW,2136,"1,298",7,0,TXT,,,,,,,,,,,,,,,,,,,,,,,,,,,,,
260429_BNR_A-AI-Defeatmonster01A-DA_L_1200x628_EN.png;https://tpc.googlesyndication.com/simgad/5874425896871501801,가로형 이미지,HQ_HQ_PH_SEA-EN_GA_NU_AD_ACA-PU_260430,M_1844_INTEREST_GENRE_ALL_NONE_260430_3,2026-05-02,2,KRW,1764,156,12,0,BNR,가로형,2026-04-29,A,AI,Defeatmonster01A,EN,260429_BNR_A-AI-Defeatmonster01A-DA_L_1200x628_EN,A-AI-Defeatmonster01A-DA,https://tpc.googlesyndication.com/simgad/5874425896871501801,비주얼 임팩트,웅장함,,,,,아트 퀄리티,영지 빌딩,8인 실시간 전투,마그 탐험대,,어드벤처,,탐험 및 발견,클로즈업 및 줌,자연/야외 미학,만족과 성취감,인간형 영웅,2D 일러스트,성취감 테마를 통해 기존 RPG 유저의 도전 욕구를 충족시키며 클릭을 유도함.
260429_BNR_A-AI-Defeatmonster01A-DA_S_1200x1200_EN.png;https://tpc.googlesyndication.com/simgad/17279094099779978431,가로형 이미지,HQ_HQ_PH_SEA-EN_GA_NU_AD_ACA-PU_260430,M_1844_INTEREST_GENRE_ALL_NONE_260430_3,2026-05-02,0,KRW,372,513,4,0,BNR,정방형,2026-04-29,A,AI,Defeatmonster01A,EN,260429_BNR_A-AI-Defeatmonster01A-DA_S_1200x1200_EN,A-AI-Defeatmonster01A-DA,https://tpc.googlesyndication.com/simgad/17279094099779978431,비주얼 임팩트,웅장함,,,,,아트 퀄리티,영지 빌딩,8인 실시간 전투,마그 탐험대,,어드벤처,,탐험 및 발견,클로즈업 및 줌,자연/야외 미학,만족과 성취감,인간형 영웅,2D 일러스트,성취감 테마를 통해 기존 RPG 유저의 도전 욕구를 충족시키며 클릭을 유도함.
260429_BNR_A-AI-Favoritehero01A-DA_L_1200x628_EN.png;https://tpc.googlesyndication.com/simgad/1998466068806704912,가로형 이미지,HQ_HQ_PH_SEA-EN_GA_NU_AD_ACA-PU_260430,M_1844_INTEREST_GENRE_ALL_NONE_260430_3,2026-05-02,0,KRW,0,29,0,0,BNR,가로형,2026-04-29,A,AI,Favoritehero01A,EN,260429_BNR_A-AI-Favoritehero01A-DA_L_1200x628_EN,A-AI-Favoritehero01A-DA,https://tpc.googlesyndication.com/simgad/1998466068806704912,"질문/선택형, 캐릭터/유닛 외형",경쾌함,,,,"Who is your favorite hero?, VS, PLAY FOR FREE",아트 퀄리티,용병 모집,DIY 픽업 시스템,마그 탐험대,샤일린,히어로 수집 육성,,수집 및 도감,"분할 화면, 텍스트 오버레이",자연/야외 미학,수집욕/소유욕,"인간형 영웅, SD/치비 캐릭터",2D 일러스트,대조되는 속성의 캐릭터를 배치한 질문형 카피로 유저의 취향과 수집욕을 자극함.
260429_BNR_A-AI-Favoritehero01A-DA_S_1200x1200_EN.png;https://tpc.googlesyndication.com/simgad/5513864076699612430,가로형 이미지,HQ_HQ_PH_SEA-EN_GA_NU_AD_ACA-PU_260430,M_1844_INTEREST_GENRE_ALL_NONE_260430_3,2026-05-02,0,KRW,2013,"1,147",18,0,BNR,정방형,2026-04-29,A,AI,Favoritehero01A,EN,260429_BNR_A-AI-Favoritehero01A-DA_S_1200x1200_EN,A-AI-Favoritehero01A-DA,https://tpc.googlesyndication.com/simgad/5513864076699612430,"질문/선택형, 캐릭터/유닛 외형",경쾌함,,,,"Who is your favorite hero?, VS, PLAY FOR FREE",아트 퀄리티,용병 모집,DIY 픽업 시스템,마그 탐험대,샤일린,히어로 수집 육성,,수집 및 도감,"분할 화면, 텍스트 오버레이",자연/야외 미학,수집욕/소유욕,"인간형 영웅, SD/치비 캐릭터",2D 일러스트,대조되는 속성의 캐릭터를 배치한 질문형 카피로 유저의 취향과 수집욕을 자극함.
260429_BNR_A-AI-Favoritehero01A-DA_V_1200x1500_EN.png;https://tpc.googlesyndication.com/simgad/14656330935303652945,가로형 이미지,HQ_HQ_PH_SEA-EN_GA_NU_AD_ACA-PU_260430,M_1844_INTEREST_GENRE_ALL_NONE_260430_3,2026-05-02,0,KRW,18,49,1,0,BNR,세로형,2026-04-29,A,AI,Favoritehero01A,EN,260429_BNR_A-AI-Favoritehero01A-DA_V_1200x1500_EN,A-AI-Favoritehero01A-DA,https://tpc.googlesyndication.com/simgad/14656330935303652945,"질문/선택형, 캐릭터/유닛 외형",경쾌함,,,,"Who is your favorite hero?, VS, PLAY FOR FREE",아트 퀄리티,용병 모집,DIY 픽업 시스템,마그 탐험대,샤일린,히어로 수집 육성,,수집 및 도감,"분할 화면, 텍스트 오버레이",자연/야외 미학,수집욕/소유욕,"인간형 영웅, SD/치비 캐릭터",2D 일러스트,대조되는 속성의 캐릭터를 배치한 질문형 카피로 유저의 취향과 수집욕을 자극함.
260429_BNR_A-AI-Favoritehero01B-DA_L_1200x628_EN.png;https://tpc.googlesyndication.com/simgad/13430850387343170645,가로형 이미지,HQ_HQ_PH_SEA-EN_GA_NU_AD_ACA-PU_260430,M_1844_INTEREST_GENRE_ALL_NONE_260430_3,2026-05-02,0,KRW,3,96,0,0,BNR,가로형,2026-04-29,A,AI,Favoritehero01B,EN,260429_BNR_A-AI-Favoritehero01B-DA_L_1200x628_EN,A-AI-Favoritehero01B-DA,https://tpc.googlesyndication.com/simgad/13430850387343170645,"질문/선택형, 캐릭터/유닛 외형",,,,,"Who is your favorite hero?, VS, PLAY FOR FREE",아트 퀄리티,용병 모집,DIY 픽업 시스템,마그 탐험대,카르벨,히어로 수집 육성,,수집 및 도감,"분할 화면, 텍스트 오버레이",던전/신전,수집욕/소유욕,인간형 영웅,2D 일러스트,대조되는 속성의 캐릭터를 배치한 질문형 카피로 유저의 취향과 수집욕을 자극함.
260429_BNR_A-AI-Favoritehero01B-DA_S_1200x1200_EN.png;https://tpc.googlesyndication.com/simgad/4869773213661551192,가로형 이미지,HQ_HQ_PH_SEA-EN_GA_NU_AD_ACA-PU_260430,M_1844_INTEREST_GENRE_ALL_NONE_260430_3,2026-05-02,2,KRW,329,417,10,0,BNR,정방형,2026-04-29,A,AI,Favoritehero01B,EN,260429_BNR_A-AI-Favoritehero01B-DA_S_1200x1200_EN,A-AI-Favoritehero01B-DA,https://tpc.googlesyndication.com/simgad/4869773213661551192,"질문/선택형, 캐릭터/유닛 외형",,,,,"Who is your favorite hero?, VS, PLAY FOR FREE",아트 퀄리티,용병 모집,DIY 픽업 시스템,마그 탐험대,카르벨,히어로 수집 육성,,수집 및 도감,"분할 화면, 텍스트 오버레이",던전/신전,수집욕/소유욕,인간형 영웅,2D 일러스트,대조되는 속성의 캐릭터를 배치한 질문형 카피로 유저의 취향과 수집욕을 자극함.
260429_BNR_A-AI-Victory01A-DA_L_1200x628_EN.png;https://tpc.googlesyndication.com/simgad/17680799217874309764,가로형 이미지,HQ_HQ_PH_SEA-EN_GA_NU_AD_ACA-PU_260430,M_1844_INTEREST_GENRE_ALL_NONE_260430_3,2026-05-02,2,KRW,278,282,7,0,BNR,가로형,2026-04-29,A,AI,Victory01A,EN,260429_BNR_A-AI-Victory01A-DA_L_1200x628_EN,A-AI-Victory01A-DA,https://tpc.googlesyndication.com/simgad/17680799217874309764,"비주얼 임팩트, 압도적 보상",,,,,"VICTORY!, Crush The Monsters With the Top Squad, PLAY FREE","보상, 전략성",스쿼드 전투,보스 레이드,마그 탐험대,카르벨,렐릭 탐험 어드벤처,,"전투 및 액션, 장애물 및 도전",텍스트 오버레이,던전/신전,만족과 성취감,"인간형 영웅, 거대 보스, 재화/보물상자",2D 일러스트,보스 토벌 후 쏟아지는 재화 연출로 성취감을 주고 파티 편성 로망을 자극함.
260429_BNR_A-AI-Victory01A-DA_S_1200x1200_EN.png;https://tpc.googlesyndication.com/simgad/8323476710876020002,가로형 이미지,HQ_HQ_PH_SEA-EN_GA_NU_AD_ACA-PU_260430,M_1844_INTEREST_GENRE_ALL_NONE_260430_3,2026-05-02,0,KRW,471,519,11,0,BNR,정방형,2026-04-29,A,AI,Victory01A,EN,260429_BNR_A-AI-Victory01A-DA_S_1200x1200_EN,A-AI-Victory01A-DA,https://tpc.googlesyndication.com/simgad/8323476710876020002,"비주얼 임팩트, 압도적 보상",,,,,"VICTORY!, Crush The Monsters With the Top Squad, PLAY FREE","보상, 전략성",스쿼드 전투,보스 레이드,마그 탐험대,카르벨,렐릭 탐험 어드벤처,,"전투 및 액션, 장애물 및 도전",텍스트 오버레이,던전/신전,만족과 성취감,"인간형 영웅, 거대 보스, 재화/보물상자",2D 일러스트,보스 토벌 후 쏟아지는 재화 연출로 성취감을 주고 파티 편성 로망을 자극함.
260429_BNR_A-AI-Victory01A-DA_V_1200x1500_EN.png;https://tpc.googlesyndication.com/simgad/4104206601493878101,가로형 이미지,HQ_HQ_PH_SEA-EN_GA_NU_AD_ACA-PU_260430,M_1844_INTEREST_GENRE_ALL_NONE_260430_3,2026-05-02,0,KRW,0,1,0,0,BNR,세로형,2026-04-29,A,AI,Victory01A,EN,260429_BNR_A-AI-Victory01A-DA_V_1200x1500_EN,A-AI-Victory01A-DA,https://tpc.googlesyndication.com/simgad/4104206601493878101,"비주얼 임팩트, 압도적 보상",,,,,"VICTORY!, Crush The Monsters With the Top Squad, PLAY FREE","보상, 전략성",스쿼드 전투,보스 레이드,마그 탐험대,카르벨,렐릭 탐험 어드벤처,,"전투 및 액션, 장애물 및 도전",텍스트 오버레이,던전/신전,만족과 성취감,"인간형 영웅, 거대 보스, 재화/보물상자",2D 일러스트,보스 토벌 후 쏟아지는 재화 연출로 성취감을 주고 파티 편성 로망을 자극함.
260406_VID_A-Character-Collection01B-UA_S_1080x1080_EN;https://www.youtube.com/watch?v=cTfY4JpFc-s,YouTube 동영상,HQ_HQ_PH_SEA-EN_GA_NU_AD_ACA-PU_260430,M_1844_INTEREST_GENRE_ALL_NONE_260430_3,2026-05-02,0,KRW,3498,535,3,0,VID,정방형,2026-04-06,A,Character,Collection01B,EN;https://www,260406_VID_A-Character-Collection01B-UA_S_1080x1080_EN,A-Character-Collection01B-UA,https://www.youtube.com/watch?v=cTfY4JpFc-s,"질문/선택형, 캐릭터/유닛 외형",경쾌함,TRUE,,없음,"CHOOSE YOUR HERO, HUGO, KARBEL, MONAD","캐릭터, 수집형RPG, 전략성",용병 모집(Gacha),DIY 픽업 시스템,마그 탐험대,"휴고, 카르벨, 모나드",히어로 수집 육성,남성 캐릭터 위주 배치,수집 및 도감,"텍스트 오버레이, 분할 화면",심플/클린 UI,수집욕/소유욕,"SD/치비 캐릭터, 인간형 영웅",2D 일러스트,캐릭터 구성 대조를 통한 타겟 취향별 효율 분석. 탱커 및 딜러 중심 덱 선호 심리 공략하며 캐릭터 조합 변주 소재로 리타겟팅 광고 활용 권장.
260406_VID_A-Character-Combat01A-UA_L_1920x1080_EN;https://www.youtube.com/watch?v=2W7-0AV2mfg,YouTube 동영상,HQ_HQ_PH_SEA-EN_GA_NU_AD_ACA-PU_260430,M_1844_INTEREST_GENRE_ALL_NONE_260430_3,2026-05-02,0,KRW,4525,386,2,0,VID,가로형,2026-04-06,A,Character,Combat01A,EN;https://www,260406_VID_A-Character-Combat01A-UA_L_1920x1080_EN,A-Character-Combat01A-UA,https://www.youtube.com/watch?v=2W7-0AV2mfg,"비주얼 임팩트, 캐릭터/유닛 외형",긴박함,TRUE,,없음,"VINESSA, A DARK WIZARD WHO DOMINATES THE FIELD, SOPHIA, REMOVES ALL DEBUFFS! THE KEY TO SURVIVAL, BERNETA, A SYNERGY DEALER THAT PERFECTS YOUR TEAM, PLAY FOR FREE","아트 퀄리티, 캐릭터, 수집형RPG, 전략성",용병 모집,스킬 컷신 연출,마그 탐험대,"Vinessa, Sophia, Berneta",렐릭 탐험 어드벤처,캐릭터별 스킬 특징 강조,전투 및 액션,"텍스트 오버레이, 클로즈업 및 줌",자연/야외 미학,"도전과 승부욕, 수집욕/소유욕","인간형 영웅, SD/치비 캐릭터, 성장 지표","2.5D 입체 그래픽, 2D 일러스트",인게임 전투와 일러스트 교차 편집으로 몰입도 극대화. 캐릭터 스킬 및 시너지로 전략적 호기심 자극. 플레이 영상 기반 안정적 CVR 확보 및 캐릭터 속성 대비 변주 제안.
260406_VID_A-Character-Combat01A-UA_S_1080x1080_EN;https://www.youtube.com/watch?v=jnNAzjzUw8o,YouTube 동영상,HQ_HQ_PH_SEA-EN_GA_NU_AD_ACA-PU_260430,M_1844_INTEREST_GENRE_ALL_NONE_260430_3,2026-05-02,18,KRW,26561,"2,154",33,"44,425.49",VID,정방형,2026-04-06,A,Character,Combat01A,EN;https://www,260406_VID_A-Character-Combat01A-UA_S_1080x1080_EN,A-Character-Combat01A-UA,https://www.youtube.com/watch?v=jnNAzjzUw8o,"비주얼 임팩트, 캐릭터/유닛 외형",긴박함,TRUE,,없음,"VINESSA, A DARK WIZARD WHO DOMINATES THE FIELD, SOPHIA, REMOVES ALL DEBUFFS! THE KEY TO SURVIVAL, BERNETA, A SYNERGY DEALER THAT PERFECTS YOUR TEAM, PLAY FOR FREE","아트 퀄리티, 캐릭터, 수집형RPG, 전략성",용병 모집,스킬 컷신 연출,마그 탐험대,"Vinessa, Sophia, Berneta",렐릭 탐험 어드벤처,캐릭터별 스킬 특징 강조,전투 및 액션,"텍스트 오버레이, 클로즈업 및 줌",자연/야외 미학,"도전과 승부욕, 수집욕/소유욕","인간형 영웅, SD/치비 캐릭터, 성장 지표","2.5D 입체 그래픽, 2D 일러스트",SSR 비네사 비주얼을 초반에 배치해 RPG 팬덤 시선 확보. 고퀄리티 애니메이션으로 캐릭터 소유욕을 자극하며 스킬 콤보 시리즈로 소재 확장 가능.
260406_VID_A-Character-Combat01A-UA_V_1080x1920_EN;https://www.youtube.com/watch?v=tHmXhOKu33A,YouTube 동영상,HQ_HQ_PH_SEA-EN_GA_NU_AD_ACA-PU_260430,M_1844_INTEREST_GENRE_ALL_NONE_260430_3,2026-05-02,0,KRW,2422,433,1,0,VID,세로형,2026-04-06,A,Character,Combat01A,EN;https://www,260406_VID_A-Character-Combat01A-UA_V_1080x1920_EN,A-Character-Combat01A-UA,https://www.youtube.com/watch?v=tHmXhOKu33A,"비주얼 임팩트, 캐릭터/유닛 외형",긴박함,TRUE,,없음,"VINESSA, A DARK WIZARD WHO DOMINATES THE FIELD, SOPHIA, REMOVES ALL DEBUFFS! THE KEY TO SURVIVAL, BERNETA, A SYNERGY DEALER THAT PERFECTS YOUR TEAM, PLAY FOR FREE","아트 퀄리티, 캐릭터, 수집형RPG, 전략성",용병 모집,스킬 컷신 연출,마그 탐험대,"Vinessa, Sophia, Berneta",렐릭 탐험 어드벤처,캐릭터별 스킬 특징 강조,전투 및 액션,"텍스트 오버레이, 클로즈업 및 줌",자연/야외 미학,"도전과 승부욕, 수집욕/소유욕","인간형 영웅, SD/치비 캐릭터, 성장 지표","2.5D 입체 그래픽, 2D 일러스트",숏폼 최적화 세로 분할 화면으로 캐릭터와 전투 연출 강조. 한 손 플레이 선호 심리를 공략하여 틱톡 및 릴스 내 높은 조회수 확보 기대.
260406_VID_A-Character-Combat01B-UA_L_1920x1080_EN;https://www.youtube.com/watch?v=d4rVTfnnYhg,YouTube 동영상,HQ_HQ_PH_SEA-EN_GA_NU_AD_ACA-PU_260430,M_1844_INTEREST_GENRE_ALL_NONE_260430_3,2026-05-02,4,KRW,11467,"2,826",52,0,VID,가로형,2026-04-06,A,Character,Combat01B,EN;https://www,260406_VID_A-Character-Combat01B-UA_L_1920x1080_EN,A-Character-Combat01B-UA,https://www.youtube.com/watch?v=d4rVTfnnYhg,"비주얼 임팩트, 캐릭터/유닛 외형",긴박함,TRUE,,없음,"HUGO, An indomitable warrior..., MONAD, A sage who devastates..., KARBEL, A fiery dealer..., PLAY FOR FREE","전략성, 아트 퀄리티",용병 모집,8인 실시간 전투,마그 탐험대,"Hugo, Monad, Karbel",히어로 수집 육성,,전투 및 액션,"텍스트 오버레이, 클로즈업 및 줌",자연/야외 미학,"도전과 승부욕, 수집욕/소유욕","인간형 영웅, SD/치비 캐릭터, 성장 지표","2.5D 입체 그래픽, 2D 일러스트",16:9 뷰로 넓은 전장과 스킬 강조. 화려한 연출로 타격감 선호 유저 공략. 전투 선호층 대상 높은 전환율 기대.
260406_VID_A-Character-Combat01B-UA_S_1080x1080_EN;https://www.youtube.com/watch?v=tcTIYuJi7pM,YouTube 동영상,HQ_HQ_PH_SEA-EN_GA_NU_AD_ACA-PU_260430,M_1844_INTEREST_GENRE_ALL_NONE_260430_3,2026-05-02,0,KRW,649,87,1,0,VID,정방형,2026-04-06,A,Character,Combat01B,EN;https://www,260406_VID_A-Character-Combat01B-UA_S_1080x1080_EN,A-Character-Combat01B-UA,https://www.youtube.com/watch?v=tcTIYuJi7pM,"비주얼 임팩트, 캐릭터/유닛 외형",긴박함,TRUE,,없음,"HUGO, An indomitable warrior..., MONAD, A sage who devastates..., KARBEL, A fiery dealer..., PLAY FOR FREE","전략성, 아트 퀄리티",용병 모집,8인 실시간 전투,마그 탐험대,"Hugo, Monad, Karbel",히어로 수집 육성,,전투 및 액션,"텍스트 오버레이, 클로즈업 및 줌",자연/야외 미학,"도전과 승부욕, 수집욕/소유욕","인간형 영웅, SD/치비 캐릭터, 성장 지표","2.5D 입체 그래픽, 2D 일러스트",소피아의 생존 및 지원 능력과 팀 시너지를 강조해 전략적 유저 공략. 비네사 소재 A/B 테스트로 타겟별 선호 캐릭터 최적화 및 성과 확장 도모.
260406_VID_A-Character-Combat01B-UA_V_1080x1920_EN;https://www.youtube.com/watch?v=rrd-TGZqEqc,YouTube 동영상,HQ_HQ_PH_SEA-EN_GA_NU_AD_ACA-PU_260430,M_1844_INTEREST_GENRE_ALL_NONE_260430_3,2026-05-02,21,KRW,51009,"6,277",50,0,VID,세로형,2026-04-06,A,Character,Combat01B,EN;https://www,260406_VID_A-Character-Combat01B-UA_V_1080x1920_EN,A-Character-Combat01B-UA,https://www.youtube.com/watch?v=rrd-TGZqEqc,"비주얼 임팩트, 캐릭터/유닛 외형",긴박함,TRUE,,없음,"HUGO, An indomitable warrior..., MONAD, A sage who devastates..., KARBEL, A fiery dealer..., PLAY FOR FREE","전략성, 아트 퀄리티",용병 모집,8인 실시간 전투,마그 탐험대,"Hugo, Monad, Karbel",히어로 수집 육성,,전투 및 액션,"텍스트 오버레이, 클로즈업 및 줌",자연/야외 미학,"도전과 승부욕, 수집욕/소유욕","인간형 영웅, SD/치비 캐릭터, 성장 지표","2.5D 입체 그래픽, 2D 일러스트",직관적인 탱딜힐 구성으로 정통 RPG 유저의 파티 니즈 충족. 역할군 조합의 재미를 텍스트로 보강하여 효율 극대화 기대.
260406_VID_A-Charater-Collection01B-UA_L_1920x1080_EN;https://www.youtube.com/watch?v=rRGCh1x6a6M,YouTube 동영상,HQ_HQ_PH_SEA-EN_GA_NU_AD_ACA-PU_260430,M_1844_INTEREST_GENRE_ALL_NONE_260430_3,2026-05-02,7,KRW,8714,"2,382",12,0,VID,가로형,2026-04-06,A,Charater,Collection01B,EN;https://www,260406_VID_A-Charater-Collection01B-UA_L_1920x1080_EN,A-Charater-Collection01B-UA,https://www.youtube.com/watch?v=rRGCh1x6a6M,"질문/선택형, 캐릭터/유닛 외형",경쾌함,TRUE,,없음,"CHOOSE YOUR HERO, HUGO, PLAY FOR FREE","아트 퀄리티, 전략성",용병 모집,DIY 픽업 시스템,마그 탐험대,Hugo,히어로 수집 육성,,수집 및 도감,"텍스트 오버레이, 클로즈업 및 줌",심플/클린 UI,"수집욕/소유욕, 만족과 성취감","인간형 영웅, SD/치비 캐릭터","2.5D 입체 그래픽, 2D 일러스트","그리드 UI로 풍부한 캐릭터 풀을 어필해 수집 욕구를 자극하며, 캐릭터 강조 엔드카드를 통해 높은 잔존율을 확보합니다."
260406_VID_A-Charater-Collection01B-UA_V_1080x1920_EN;https://www.youtube.com/watch?v=u5diHTUsSOs,YouTube 동영상,HQ_HQ_PH_SEA-EN_GA_NU_AD_ACA-PU_260430,M_1844_INTEREST_GENRE_ALL_NONE_260430_3,2026-05-02,0,KRW,400,172,0,0,VID,세로형,2026-04-06,A,Charater,Collection01B,EN;https://www,260406_VID_A-Charater-Collection01B-UA_V_1080x1920_EN,A-Charater-Collection01B-UA,https://www.youtube.com/watch?v=u5diHTUsSOs,"질문/선택형, 캐릭터/유닛 외형",경쾌함,TRUE,,없음,"CHOOSE YOUR HERO, HUGO, PLAY FOR FREE","아트 퀄리티, 전략성",용병 모집,DIY 픽업 시스템,마그 탐험대,Hugo,히어로 수집 육성,캐릭터 픽(Pick) 연출,수집 및 도감,"텍스트 오버레이, 클로즈업 및 줌",심플/클린 UI,"수집욕/소유욕, 만족과 성취감","인간형 영웅, SD/치비 캐릭터","2.5D 입체 그래픽, 2D 일러스트",직접 영웅을 선택하는 인터랙티브 경험으로 기대감 부여. 다양한 영웅 노출을 통해 유저 취향을 공략하고 반복적인 참여 유도.
260406_VID_A-Hooking-Reward02A-FK_L_1920x1080_EN;https://www.youtube.com/watch?v=oRlzfGbT3xY,YouTube 동영상,HQ_HQ_PH_SEA-EN_GA_NU_AD_ACA-PU_260430,M_1844_INTEREST_GENRE_ALL_NONE_260430_3,2026-05-02,6,KRW,38725,"4,849",65,0,VID,가로형,2026-04-06,A,Hooking,Reward02A,EN;https://www,260406_VID_A-Hooking-Reward02A-FK_L_1920x1080_EN,A-Hooking-Reward02A-FK,https://www.youtube.com/watch?v=oRlzfGbT3xY,"실패/분노 유도, 압도적 보상",긴박함,TRUE,,없음,"Tap here to save him!, Help me!, HELP KARBEL CLEAR, Claim your SR character and rewards worth $100!, PLAY FOR FREE",보상,용병 모집,우호도 시스템,마그 탐험대,카르벨(Karbel),히어로 수집 육성,페이크 플레이(구출 미니게임) 형식 활용,퍼즐 및 논리,"손가락 지시선, 텍스트 오버레이",자연/야외 미학,"도전과 승부욕, 만족과 성취감","SD/치비 캐릭터, 재화/보물상자",2D 일러스트,구출 미니게임 방식을 활용해 시청자 이탈을 방지하고 즉각적인 행동을 유도합니다. 대량의 재화 보상으로 성취감을 자극하여 저단가 트래픽 확보 및 높은 클릭률을 공략합니다.
260406_VID_A-Hooking-Reward02A-FK_S_1080x1080_EN;https://www.youtube.com/watch?v=EgLwtP8WjE4,YouTube 동영상,HQ_HQ_PH_SEA-EN_GA_NU_AD_ACA-PU_260430,M_1844_INTEREST_GENRE_ALL_NONE_260430_3,2026-05-02,0,KRW,643,135,0,0,VID,정방형,2026-04-06,A,Hooking,Reward02A,EN;https://www,260406_VID_A-Hooking-Reward02A-FK_S_1080x1080_EN,A-Hooking-Reward02A-FK,https://www.youtube.com/watch?v=EgLwtP8WjE4,"실패/분노 유도, 압도적 보상",긴박함,TRUE,,없음,"Tap here to save him!, Help me!, HELP KARBEL CLEAR, Claim your SR character and rewards worth $100!, PLAY FOR FREE",보상,용병 모집,우호도 시스템,마그 탐험대,카르벨(Karbel),히어로 수집 육성,페이크 플레이(구출 미니게임) 형식 활용,퍼즐 및 논리,"손가락 지시선, 텍스트 오버레이",자연/야외 미학,"도전과 승부욕, 만족과 성취감","SD/치비 캐릭터, 재화/보물상자",2D 일러스트,위기 상황 미션과 100달러 보상으로 유저 참여 및 전환 유도. 쉬운 조작성 강조로 진입 장벽을 낮춰 대량 유입용 런칭 소재로 적합.
260406_VID_A-Hooking-Reward02A-FK_V_1080x1920_EN;https://www.youtube.com/watch?v=b7LsalWUDvQ,YouTube 동영상,HQ_HQ_PH_SEA-EN_GA_NU_AD_ACA-PU_260430,M_1844_INTEREST_GENRE_ALL_NONE_260430_3,2026-05-02,0,KRW,410,76,0,0,VID,세로형,2026-04-06,A,Hooking,Reward02A,EN;https://www,260406_VID_A-Hooking-Reward02A-FK_V_1080x1920_EN,A-Hooking-Reward02A-FK,https://www.youtube.com/watch?v=b7LsalWUDvQ,"실패/분노 유도, 압도적 보상",긴박함,TRUE,,없음,"Tap here to save him!, Help me!, HELP KARBEL CLEAR, Claim your SR character and rewards worth $100!, PLAY FOR FREE",보상,용병 모집,우호도 시스템,마그 탐험대,카르벨(Karbel),히어로 수집 육성,페이크 플레이(구출 미니게임) 형식 활용,퍼즐 및 논리,"손가락 지시선, 텍스트 오버레이",자연/야외 미학,"도전과 승부욕, 만족과 성취감","SD/치비 캐릭터, 재화/보물상자",2D 일러스트,9:16 세로형 구조로 터치 인터랙션을 극대화하고 FOMO를 자극해 시청 완료율을 높입니다. 캐릭터 활용 및 실패 연출의 A/B 테스트 확장을 제안합니다.
260406_VID_A-Hooking-Reward03A-UA_L_1920x1080_EN;https://www.youtube.com/watch?v=XUrzh1Qrk5w,YouTube 동영상,HQ_HQ_PH_SEA-EN_GA_NU_AD_ACA-PU_260430,M_1844_INTEREST_GENRE_ALL_NONE_260430_3,2026-05-02,3,KRW,15651,"3,140",54,0,VID,가로형,2026-04-06,A,Hooking,Reward03A,EN;https://www,260406_VID_A-Hooking-Reward03A-UA_L_1920x1080_EN,A-Hooking-Reward03A-UA,https://www.youtube.com/watch?v=XUrzh1Qrk5w,"압도적 보상, 실패/분노 유도",경쾌함,TRUE,,없음,"WARNING Skip and you will lose your $100 rewards, Tap within 5 Seconds, SR, PLAY FOR FREE!, Claim your SR character and rewards worth $100!",보상,용병 모집,,마그 탐험대,Karbel,히어로 수집 육성,$100 가치 혜택 강조,수집 및 도감,"손가락 지시선, 텍스트 오버레이",심플/클린 UI,"만족과 성취감, 수집욕/소유욕","재화/보물상자, SD/치비 캐릭터","2D 일러스트, 2.5D 입체 그래픽","가로 화면을 활용한 화려한 연출로 시각적 몰입감을 높이고, 보상 상실에 대한 FOMO 심리를 자극하여 가로형 매체 타겟 광고 효율을 극대화함."
260406_VID_A-Hooking-Reward03A-UA_S_1080x1080_EN;https://www.youtube.com/watch?v=VGJB5tDWops,YouTube 동영상,HQ_HQ_PH_SEA-EN_GA_NU_AD_ACA-PU_260430,M_1844_INTEREST_GENRE_ALL_NONE_260430_3,2026-05-02,1,KRW,1351,235,46,0,VID,정방형,2026-04-06,A,Hooking,Reward03A,EN;https://www,260406_VID_A-Hooking-Reward03A-UA_S_1080x1080_EN,A-Hooking-Reward03A-UA,https://www.youtube.com/watch?v=VGJB5tDWops,"압도적 보상, 실패/분노 유도",경쾌함,TRUE,,없음,"WARNING Skip and you will lose your $100 rewards, Tap within 5 Seconds, SR, PLAY FOR FREE!, Claim your SR character and rewards worth $100!",보상,용병 모집,,마그 탐험대,Karbel,히어로 수집 육성,$100 가치 혜택 강조,수집 및 도감,"손가락 지시선, 텍스트 오버레이",심플/클린 UI,"만족과 성취감, 수집욕/소유욕","재화/보물상자, SD/치비 캐릭터","2D 일러스트, 2.5D 입체 그래픽",부정적 후킹과 시간 제한으로 클릭 유도. $100 가치 및 SR 확정으로 수익 구체화. 높은 CVR 예상되며 보상 변주를 통한 라이브 옵스 제안.
260406_VID_A-Hooking-Reward03A-UA_V_1080x1920_EN;https://www.youtube.com/watch?v=jA_HAiz95x4,YouTube 동영상,HQ_HQ_PH_SEA-EN_GA_NU_AD_ACA-PU_260430,M_1844_INTEREST_GENRE_ALL_NONE_260430_3,2026-05-02,8,KRW,11901,518,15,0,VID,세로형,2026-04-06,A,Hooking,Reward03A,EN;https://www,260406_VID_A-Hooking-Reward03A-UA_V_1080x1920_EN,A-Hooking-Reward03A-UA,https://www.youtube.com/watch?v=jA_HAiz95x4,"압도적 보상, 실패/분노 유도",경쾌함,TRUE,,없음,"WARNING Skip and you will lose your $100 rewards, Tap within 5 Seconds, SR, PLAY FOR FREE!, Claim your SR character and rewards worth $100!",보상,용병 모집,,마그 탐험대,Karbel,히어로 수집 육성,$100 가치 혜택 강조,수집 및 도감,"손가락 지시선, 텍스트 오버레이",심플/클린 UI,"만족과 성취감, 수집욕/소유욕","재화/보물상자, SD/치비 캐릭터","2D 일러스트, 2.5D 입체 그래픽",도발적 문구와 타이머로 이탈을 방지하고 FOMO 심리를 자극함. 보상형 인벤토리 활용을 통해 UA 매체에서 압도적 전환율 달성 기대.
260406_VID_A-Mob-Adventure01A-UA_L_1920x1080_EN;https://www.youtube.com/watch?v=hVmkPdIsz70,YouTube 동영상,HQ_HQ_PH_SEA-EN_GA_NU_AD_ACA-PU_260430,M_1844_INTEREST_GENRE_ALL_NONE_260430_3,2026-05-02,1,KRW,1751,569,4,0,VID,가로형,2026-04-06,A,Mob,Adventure01A,EN;https://www,260406_VID_A-Mob-Adventure01A-UA_L_1920x1080_EN,A-Mob-Adventure01A-UA,https://www.youtube.com/watch?v=hVmkPdIsz70,"비주얼 임팩트, 성장 비포애프터",긴박함,TRUE,,없음,"WARNING, GOBLINS INCOMING!, Goblins? Easy! Level UP! UP!, Power Boost! BOOM! BOOM!, Strategic deployment!, Get ready for BATTLE!","편의성, 전략성",AFK 기능,8인 실시간 전투,고블린,카르벨,렐릭 탐험 어드벤처,스마트폰 UI 팝업 연출,"시뮬레이션 및 관리, 장애물 및 도전","텍스트 오버레이, 클로즈업 및 줌",자연/야외 미학,"도전과 승부욕, 만족과 성취감","SD/치비 캐릭터, 성장 지표, 군단/대규모 유닛",2.5D 입체 그래픽,16:9 화면 대비로 대규모 전투와 모바일 최적화 강조. 방치형 육성 선호 유저 타겟으로 핵심 시스템 소구 및 브랜딩·퍼포먼스 효율 기대.
260406_VID_A-Mob-Adventure01A-UA_S_1080x1080_EN;https://www.youtube.com/watch?v=LMKl0g6yRJU,YouTube 동영상,HQ_HQ_PH_SEA-EN_GA_NU_AD_ACA-PU_260430,M_1844_INTEREST_GENRE_ALL_NONE_260430_3,2026-05-02,0,KRW,728,160,3,0,VID,정방형,2026-04-06,A,Mob,Adventure01A,EN;https://www,260406_VID_A-Mob-Adventure01A-UA_S_1080x1080_EN,A-Mob-Adventure01A-UA,https://www.youtube.com/watch?v=LMKl0g6yRJU,"비주얼 임팩트, 성장 비포애프터",긴박함,TRUE,,없음,"WARNING, GOBLINS INCOMING!, Goblins? Easy! Level UP! UP!, Power Boost! BOOM! BOOM!, Strategic deployment!, Get ready for BATTLE!","편의성, 전략성",AFK 기능,8인 실시간 전투,고블린,카르벨,렐릭 탐험 어드벤처,스마트폰 UI 팝업 연출,"시뮬레이션 및 관리, 장애물 및 도전","텍스트 오버레이, 클로즈업 및 줌",자연/야외 미학,"도전과 승부욕, 참여와 임장감","SD/치비 캐릭터, 성장 지표, 군단/대규모 유닛",2.5D 입체 그래픽,경고 연출로 몰입도를 높이고 쉬운 성장을 강조해 진입 장벽 완화. 대규모 레이드 소재 확장을 통한 중장기 성과 기대.
260406_VID_A-Mob-Adventure01A-UA_V_1080x1920_EN;https://www.youtube.com/watch?v=nIYkYZ-JFj0,YouTube 동영상,HQ_HQ_PH_SEA-EN_GA_NU_AD_ACA-PU_260430,M_1844_INTEREST_GENRE_ALL_NONE_260430_3,2026-05-02,3,KRW,953,282,5,0,VID,세로형,2026-04-06,A,Mob,Adventure01A,EN;https://www,260406_VID_A-Mob-Adventure01A-UA_V_1080x1920_EN,A-Mob-Adventure01A-UA,https://www.youtube.com/watch?v=nIYkYZ-JFj0,"비주얼 임팩트, 성장 비포애프터",긴박함,TRUE,,없음,"WARNING, GOBLINS INCOMING!, Goblins? Easy! Level UP! UP!, Power Boost! BOOM! BOOM!, Strategic deployment!, Get ready for BATTLE!","편의성, 전략성",AFK 기능,8인 실시간 전투,고블린,카르벨,렐릭 탐험 어드벤처,스마트폰 UI 팝업 연출,"시뮬레이션 및 관리, 장애물 및 도전","텍스트 오버레이, 클로즈업 및 줌",자연/야외 미학,"도전과 승부욕, 만족과 성취감","SD/치비 캐릭터, 성장 지표, 군단/대규모 유닛",2.5D 입체 그래픽,세로형 피드 최적화 UI와 마을 습격 반전 연출로 이탈 방지. 직관적 레벨업과 전략적 배치 중심의 성장 쾌감을 자극해 숏폼 환경 내 높은 시청 유지율 및 전환율 기대.
Cute but Powerful Squad,광고 제목,HQ_HQ_PH_SEA-EN_GA_NU_AD_ACA-PU_260430,M_1844_INTEREST_GENRE_ALL_NONE_260430,2026-05-02,7,KRW,12080,"1,544",26,0,TXT,,,,,,,,,,,,,,,,,,,,,,,,,,,,,
Let’s Hunt for Treasure!,광고 제목,HQ_HQ_PH_SEA-EN_GA_NU_AD_ACA-PU_260430,M_1844_INTEREST_GENRE_ALL_NONE_260430,2026-05-02,2,KRW,6078,"1,422",37,0,TXT,,,,,,,,,,,,,,,,,,,,,,,,,,,,,
Pepp Heroes,광고 제목,HQ_HQ_PH_SEA-EN_GA_NU_AD_ACA-PU_260430,M_1844_INTEREST_GENRE_ALL_NONE_260430,2026-05-02,7,KRW,26815,"2,247",89,0,TXT,,,,,,,,,,,,,,,,,,,,,,,,,,,,,
Play for Free,광고 제목,HQ_HQ_PH_SEA-EN_GA_NU_AD_ACA-PU_260430,M_1844_INTEREST_GENRE_ALL_NONE_260430,2026-05-02,3,KRW,18192,"2,246",29,0,TXT,,,,,,,,,,,,,,,,,,,,,,,,,,,,,
"Your RPG, In Your Hands",광고 제목,HQ_HQ_PH_SEA-EN_GA_NU_AD_ACA-PU_260430,M_1844_INTEREST_GENRE_ALL_NONE_260430,2026-05-02,2,KRW,5129,"1,875",12,0,TXT,,,,,,,,,,,,,,,,,,,,,,,,,,,,,
Adorable Yet Powerful! Collect Heroes With Diverse Charms,설명,HQ_HQ_PH_SEA-EN_GA_NU_AD_ACA-PU_260430,M_1844_INTEREST_GENRE_ALL_NONE_260430,2026-05-02,1,KRW,3751,"1,399",9,0,TXT,,,,,,,,,,,,,,,,,,,,,,,,,,,,,
Clock Out and Start Your Treasure Hunt!,설명,HQ_HQ_PH_SEA-EN_GA_NU_AD_ACA-PU_260430,M_1844_INTEREST_GENRE_ALL_NONE_260430,2026-05-02,12,KRW,15548,"1,745",57,0,TXT,,,,,,,,,,,,,,,,,,,,,,,,,,,,,
Get Rewards Worth $100! Play Now!,설명,HQ_HQ_PH_SEA-EN_GA_NU_AD_ACA-PU_260430,M_1844_INTEREST_GENRE_ALL_NONE_260430,2026-05-02,1,KRW,3777,"1,796",13,0,TXT,,,,,,,,,,,,,,,,,,,,,,,,,,,,,
Strategic Battles With Heroes Full of Personality! Win With Your Own Squad,설명,HQ_HQ_PH_SEA-EN_GA_NU_AD_ACA-PU_260430,M_1844_INTEREST_GENRE_ALL_NONE_260430,2026-05-02,3,KRW,4972,"1,386",17,0,TXT,,,,,,,,,,,,,,,,,,,,,,,,,,,,,
Unique Hero Skills and Synergies! The Collectible RPG of Endless Team Combinations,설명,HQ_HQ_PH_SEA-EN_GA_NU_AD_ACA-PU_260430,M_1844_INTEREST_GENRE_ALL_NONE_260430,2026-05-02,4,KRW,6827,"1,444",17,0,TXT,,,,,,,,,,,,,,,,,,,,,,,,,,,,,
251104_BNR_A-Character-Adventure01A-DA_L_1200x628_EN.jpg;https://tpc.googlesyndication.com/simgad/7852267225455295083,가로형 이미지,HQ_HQ_PH_SEA-EN_GA_NU_AD_ACA-PU_260430,M_1844_INTEREST_GENRE_ALL_NONE_260430,2026-05-02,13,KRW,48379,"2,255",109,0,BNR,가로형,2025-11-04,A,Character,Adventure01A,EN,251104_BNR_A-Character-Adventure01A-DA_L_1200x628_EN,A-Character-Adventure01A-DA,https://tpc.googlesyndication.com/simgad/7852267225455295083,"비주얼 임팩트, 캐릭터/유닛 외형",,,,,PEPP HEROES,"아트 퀄리티, 캐릭터, 수집형RPG","5인 분대 전투, 수집형 RPG",,"마그 탐험대, 고블린",카르벨(Karbel),렐릭 탐험 어드벤처,2.5D 입체 월드 강조,"전투 및 액션, 탐험 및 발견",텍스트 오버레이,자연/야외 미학,"도전과 승부욕, 수집욕/소유욕","인간형 영웅, SD/치비 캐릭터, 거대 보스","2.5D 입체 그래픽, 2D 일러스트",와이드 뷰로 보스 대립 및 레이드 강조. 소부대 전투의 스케일감으로 타겟 공략. SNS 최적화와 보상 정보 추가로 유입 및 전환 극대화.
251104_BNR_A-Character-Adventure01A-DA_S_1200x1200_EN.jpg;https://tpc.googlesyndication.com/simgad/13260462268912176542,가로형 이미지,HQ_HQ_PH_SEA-EN_GA_NU_AD_ACA-PU_260430,M_1844_INTEREST_GENRE_ALL_NONE_260430,2026-05-02,0,KRW,412,144,2,0,BNR,정방형,2025-11-04,A,Character,Adventure01A,EN,251104_BNR_A-Character-Adventure01A-DA_S_1200x1200_EN,A-Character-Adventure01A-DA,https://tpc.googlesyndication.com/simgad/13260462268912176542,"비주얼 임팩트, 캐릭터/유닛 외형",,,,,PEPP HEROES,"아트 퀄리티, 캐릭터, 수집형RPG","5인 분대 전투, 수집형 RPG",,"마그 탐험대, 고블린",카르벨(Karbel),렐릭 탐험 어드벤처,2.5D 입체 월드 강조,"전투 및 액션, 탐험 및 발견",텍스트 오버레이,자연/야외 미학,"참여와 임장감, 수집욕/소유욕","인간형 영웅, SD/치비 캐릭터, 거대 보스","2.5D 입체 그래픽, 2D 일러스트",독창적인 2.5D 비주얼과 코어한 전투 재미로 RPG 유저 공략. 북미·글로벌 시장의 높은 CTR을 기반으로 SSR 소환 연출을 활용해 CVR 최적화.
251104_BNR_A-Character-Adventure01A-DA_V_1200x1500_EN.jpg;https://tpc.googlesyndication.com/simgad/11060997048456614631,가로형 이미지,HQ_HQ_PH_SEA-EN_GA_NU_AD_ACA-PU_260430,M_1844_INTEREST_GENRE_ALL_NONE_260430,2026-05-02,0,KRW,0,6,0,0,BNR,세로형,2025-11-04,A,Character,Adventure01A,EN,251104_BNR_A-Character-Adventure01A-DA_V_1200x1500_EN,A-Character-Adventure01A-DA,https://tpc.googlesyndication.com/simgad/11060997048456614631,"비주얼 임팩트, 캐릭터/유닛 외형",,,,,PEPP HEROES,"아트 퀄리티, 캐릭터, 수집형RPG","5인 분대 전투, 수집형 RPG",,"마그 탐험대, 고블린",카르벨(Karbel),렐릭 탐험 어드벤처,2.5D 입체 월드 강조,"전투 및 액션, 탐험 및 발견",텍스트 오버레이,자연/야외 미학,"수집욕/소유욕, 만족과 성취감","인간형 영웅, SD/치비 캐릭터, 거대 보스","2.5D 입체 그래픽, 2D 일러스트",캐릭터 케미와 조합 시각화로 SSR 수집 재미 자극. 속성 상성 강조 소재로 고관여 유저 공략 및 확장.
260406_BNR_A-Character-Adventure02A-DA_L_1200x628_EN.jpg;https://tpc.googlesyndication.com/simgad/7571534943945847205,가로형 이미지,HQ_HQ_PH_SEA-EN_GA_NU_AD_ACA-PU_260430,M_1844_INTEREST_GENRE_ALL_NONE_260430,2026-05-02,0,KRW,0,70,0,0,BNR,가로형,2026-04-06,A,Character,Adventure02A,EN,260406_BNR_A-Character-Adventure02A-DA_L_1200x628_EN,A-Character-Adventure02A-DA,https://tpc.googlesyndication.com/simgad/7571534943945847205,"캐릭터/유닛 외형, 비주얼 임팩트",,,,,"PEPP HEROES: RELIC QUEST, PRE-REGISTER NOW","아트 퀄리티, 릴리즈 예고, 캐릭터, 수집형RPG",용병 모집(Gacha),렐릭 퀘스트,마그 탐험대,샤일린(Shylin),렐릭 탐험 어드벤처,,수집 및 도감,텍스트 오버레이,자연/야외 미학,"수집욕/소유욕, 참여와 임장감",,"2.5D 입체 그래픽, 2D 일러스트",샤일린 비주얼을 활용해 2.5D 미학적 만족감을 강조하고 사전예약을 유도함. 고관여 유저 대상 높은 CTR이 기대되며 캐릭터 시너지 소재로 확장 계획임.
260406_BNR_A-Character-Adventure02A-DA_S_1200x1200_EN.jpg;https://tpc.googlesyndication.com/simgad/11186665980784424187,가로형 이미지,HQ_HQ_PH_SEA-EN_GA_NU_AD_ACA-PU_260430,M_1844_INTEREST_GENRE_ALL_NONE_260430,2026-05-02,0,KRW,309,93,1,0,BNR,정방형,2026-04-06,A,Character,Adventure02A,EN,260406_BNR_A-Character-Adventure02A-DA_S_1200x1200_EN,A-Character-Adventure02A-DA,https://tpc.googlesyndication.com/simgad/11186665980784424187,"캐릭터/유닛 외형, 비주얼 임팩트",,,,,"PEPP HEROES: RELIC QUEST, PRE-REGISTER NOW","아트 퀄리티, 릴리즈 예고, 캐릭터, 수집형RPG",용병 모집(Gacha),렐릭 퀘스트,마그 탐험대,샤일린(Shylin),렐릭 탐험 어드벤처,,수집 및 도감,텍스트 오버레이,자연/야외 미학,"수집욕/소유욕, 참여와 임장감",,"2.5D 입체 그래픽, 2D 일러스트",정사각형 포맷 내 캐릭터 밀집도를 높여 시선 집중 및 수집 욕구 자극. 인스타그램 등 매체 최적화 및 보상 정보 결합으로 고효율 기대.
260406_BNR_A-Character-Adventure02A-DA_V_1200x1500_EN.jpg;https://tpc.googlesyndication.com/simgad/6053276405209869053,가로형 이미지,HQ_HQ_PH_SEA-EN_GA_NU_AD_ACA-PU_260430,M_1844_INTEREST_GENRE_ALL_NONE_260430,2026-05-02,0,KRW,2,9,0,0,BNR,세로형,2026-04-06,A,Character,Adventure02A,EN,260406_BNR_A-Character-Adventure02A-DA_V_1200x1500_EN,A-Character-Adventure02A-DA,https://tpc.googlesyndication.com/simgad/6053276405209869053,"캐릭터/유닛 외형, 비주얼 임팩트",,,,,"PEPP HEROES: RELIC QUEST, PRE-REGISTER NOW","아트 퀄리티, 릴리즈 예고, 캐릭터, 수집형RPG",용병 모집(Gacha),렐릭 퀘스트,마그 탐험대,샤일린(Shylin),렐릭 탐험 어드벤처,,수집 및 도감,텍스트 오버레이,자연/야외 미학,"수집욕/소유욕, 참여와 임장감",,"2.5D 입체 그래픽, 2D 일러스트",세로형 피드 최적화와 2.5D 배경으로 어드벤처 컨셉 전달. 영웅 캐릭터를 강조해 탐험 욕구를 자극하며 SNS 뉴스피드 내 높은 CTR 성과 기대함.
260406_BNR_A-Character-Life01A-DA_L_1200x628_EN.jpg;https://tpc.googlesyndication.com/simgad/4842260928888903016,가로형 이미지,HQ_HQ_PH_SEA-EN_GA_NU_AD_ACA-PU_260430,M_1844_INTEREST_GENRE_ALL_NONE_260430,2026-05-02,0,KRW,0,91,0,0,BNR,가로형,2026-04-06,A,Character,Life01A,EN,260406_BNR_A-Character-Life01A-DA_L_1200x628_EN,A-Character-Life01A-DA,https://tpc.googlesyndication.com/simgad/4842260928888903016,"캐릭터/유닛 외형, 비주얼 임팩트",,,,,"PEPP HEROES, PLAY FOR FREE","아트 퀄리티, 전략성, 수집형RPG","8인 실시간 전투, 8종 직업 및 4종 클래스 체계","렐릭 퀘스트, 8인 실시간 전투",마그 탐험대,카르벨(Karbel),"렐릭 탐험 어드벤처, 히어로 수집 육성",,"수집 및 도감, 탐험 및 발견","텍스트 오버레이, 심플/클린 UI",자연/야외 미학,"휴식과 힐링, 수집욕/소유욕","SD/치비 캐릭터, 인간형 영웅","2.5D 입체 그래픽, 2D 일러스트",2.5D 월드의 공간감을 강조하여 어드벤처 유저를 타겟팅합니다. 리마케팅에 효과적이며 수집 문구 추가로 정보 전달력 보강을 추천합니다.
260406_BNR_A-Character-Life01A-DA_S_1200x1200_EN.jpg;https://tpc.googlesyndication.com/simgad/1365671312776743899,가로형 이미지,HQ_HQ_PH_SEA-EN_GA_NU_AD_ACA-PU_260430,M_1844_INTEREST_GENRE_ALL_NONE_260430,2026-05-02,0,KRW,88,128,1,0,BNR,정방형,2026-04-06,A,Character,Life01A,EN,260406_BNR_A-Character-Life01A-DA_S_1200x1200_EN,A-Character-Life01A-DA,https://tpc.googlesyndication.com/simgad/1365671312776743899,"캐릭터/유닛 외형, 비주얼 임팩트",,,,,"PEPP HEROES, PLAY FOR FREE","아트 퀄리티, 캐릭터, 수집형RPG","8인 실시간 전투, 8종 직업 및 4종 클래스 체계","렐릭 퀘스트, 8인 실시간 전투",마그 탐험대,카르벨(Karbel),"렐릭 탐험 어드벤처, 히어로 수집 육성",,"수집 및 도감, 탐험 및 발견","텍스트 오버레이, 심플/클린 UI",자연/야외 미학,"휴식과 힐링, 수집욕/소유욕","SD/치비 캐릭터, 인간형 영웅","2.5D 입체 그래픽, 2D 일러스트","고퀄리티 일러스트와 실제 화면을 합성해 신뢰감을 조성함. 캐주얼 유저의 힐링 욕구를 공략하여 높은 클릭률을 유도하고, 사전예약 보상 강조로 전환율 극대화가 필요함."
260406_BNR_A-Character-Life01A-DA_V_1200x1500_EN.jpg;https://tpc.googlesyndication.com/simgad/4106688461642527637,가로형 이미지,HQ_HQ_PH_SEA-EN_GA_NU_AD_ACA-PU_260430,M_1844_INTEREST_GENRE_ALL_NONE_260430,2026-05-02,0,KRW,6,2,1,0,BNR,세로형,2026-04-06,A,Character,Life01A,EN,260406_BNR_A-Character-Life01A-DA_V_1200x1500_EN,A-Character-Life01A-DA,https://tpc.googlesyndication.com/simgad/4106688461642527637,"캐릭터/유닛 외형, 비주얼 임팩트",,,,,"PEPP HEROES, PLAY FOR FREE","아트 퀄리티, 캐릭터, 수집형RPG","8인 실시간 전투, 8종 직업 및 4종 클래스 체계","렐릭 퀘스트, 8인 실시간 전투",마그 탐험대,카르벨(Karbel),"렐릭 탐험 어드벤처, 히어로 수집 육성",,"수집 및 도감, 탐험 및 발견","텍스트 오버레이, 심플/클린 UI",자연/야외 미학,"휴식과 힐링, 수집욕/소유욕","SD/치비 캐릭터, 인간형 영웅","2.5D 입체 그래픽, 2D 일러스트",중간 비율로 캐릭터 디테일을 강조하여 수집 욕구를 자극합니다. 보스 대치 장면을 대조 삽입하여 도전 욕구를 자극하고 효율을 개선합니다.
260406_BNR_A-Mob-Adventure01A-DA_L_1200x628_EN.jpg;https://tpc.googlesyndication.com/simgad/16600105301133976800,가로형 이미지,HQ_HQ_PH_SEA-EN_GA_NU_AD_ACA-PU_260430,M_1844_INTEREST_GENRE_ALL_NONE_260430,2026-05-02,0,KRW,40,77,1,0,BNR,가로형,2026-04-06,A,Mob,Adventure01A,EN,260406_BNR_A-Mob-Adventure01A-DA_L_1200x628_EN,A-Mob-Adventure01A-DA,https://tpc.googlesyndication.com/simgad/16600105301133976800,"캐릭터/유닛 외형, 비주얼 임팩트",,,,,"Peppy & Ready to Fight, PLAY FOR FREE","아트 퀄리티, 캐릭터, 수집형RPG",8인 실시간 전투,8종 직업 및 4종 클래스 체계,고블린,,렐릭 탐험 어드벤처,몬스터 군단 중심의 구도,"전투 및 액션, 탐험 및 발견",텍스트 오버레이,자연/야외 미학,"참여와 임장감, 수집욕/소유욕","SD/치비 캐릭터, 군단/대규모 유닛","2.5D 입체 그래픽, 2D 일러스트",몬스터 군단과 2.5D 아트 중심의 모험 소구. 독특한 크리처 디자인으로 고관여 유저의 CTR 유도 및 전략적 시너지 강조.
260406_BNR_A-Mob-Adventure01A-DA_S_1200x1200_EN.jpg;https://tpc.googlesyndication.com/simgad/9569657006008026943,가로형 이미지,HQ_HQ_PH_SEA-EN_GA_NU_AD_ACA-PU_260430,M_1844_INTEREST_GENRE_ALL_NONE_260430,2026-05-02,0,KRW,102,261,1,0,BNR,정방형,2026-04-06,A,Mob,Adventure01A,EN,260406_BNR_A-Mob-Adventure01A-DA_S_1200x1200_EN,A-Mob-Adventure01A-DA,https://tpc.googlesyndication.com/simgad/9569657006008026943,"캐릭터/유닛 외형, 비주얼 임팩트",,,,,"Peppy & Ready to Fight, PLAY FOR FREE","아트 퀄리티, 캐릭터, 수집형RPG",8인 실시간 전투,8종 직업 및 4종 클래스 체계,고블린,,렐릭 탐험 어드벤처,몬스터 군단 중심의 구도,"전투 및 액션, 탐험 및 발견",텍스트 오버레이,자연/야외 미학,"참여와 임장감, 수집욕/소유욕","SD/치비 캐릭터, 군단/대규모 유닛","2.5D 입체 그래픽, 2D 일러스트","1:1 비율로 SD 캐릭터의 디테일과 2.5D 비주얼을 강조함. 높은 아트 퀄리티로 유저 시선을 유도하며, 시간 및 날씨 변화를 활용한 소재 확장을 제안함."
260406_BNR_A-Mob-Adventure01A-DA_V_1200x1500_EN.jpg;https://tpc.googlesyndication.com/simgad/16351660437053448831,가로형 이미지,HQ_HQ_PH_SEA-EN_GA_NU_AD_ACA-PU_260430,M_1844_INTEREST_GENRE_ALL_NONE_260430,2026-05-02,0,KRW,0,3,0,0,BNR,세로형,2026-04-06,A,Mob,Adventure01A,EN,260406_BNR_A-Mob-Adventure01A-DA_V_1200x1500_EN,A-Mob-Adventure01A-DA,https://tpc.googlesyndication.com/simgad/16351660437053448831,"캐릭터/유닛 외형, 비주얼 임팩트",,,,,"Peppy & Ready to Fight, PLAY FOR FREE","아트 퀄리티, 캐릭터, 수집형RPG",8인 실시간 전투,8종 직업 및 4종 클래스 체계,고블린,,렐릭 탐험 어드벤처,몬스터 군단 중심의 구도,"전투 및 액션, 탐험 및 발견",텍스트 오버레이,자연/야외 미학,"참여와 임장감, 수집욕/소유욕","SD/치비 캐릭터, 군단/대규모 유닛","2.5D 입체 그래픽, 2D 일러스트",플랫폼별 규격 대응 및 캐릭터 위계 유지로 브랜드 각인. 모험의 설렘을 유발하는 구도로 범용적 성과 기대. 사전예약 보상 아이콘 오버레이로 보상 심리 자극 및 효율 극대화.
260406_VID_A-Character-Collection01B-UA_S_1080x1080_EN;https://www.youtube.com/watch?v=cTfY4JpFc-s,YouTube 동영상,HQ_HQ_PH_SEA-EN_GA_NU_AD_ACA-PU_260430,M_1844_INTEREST_GENRE_ALL_NONE_260430,2026-05-02,3,KRW,7293,950,6,0,VID,정방형,2026-04-06,A,Character,Collection01B,EN;https://www,260406_VID_A-Character-Collection01B-UA_S_1080x1080_EN,A-Character-Collection01B-UA,https://www.youtube.com/watch?v=cTfY4JpFc-s,"질문/선택형, 캐릭터/유닛 외형",경쾌함,TRUE,,없음,"CHOOSE YOUR HERO, HUGO, KARBEL, MONAD","캐릭터, 수집형RPG, 전략성",용병 모집(Gacha),DIY 픽업 시스템,마그 탐험대,"휴고, 카르벨, 모나드",히어로 수집 육성,남성 캐릭터 위주 배치,수집 및 도감,"텍스트 오버레이, 분할 화면",심플/클린 UI,수집욕/소유욕,"SD/치비 캐릭터, 인간형 영웅",2D 일러스트,캐릭터 구성 대조를 통한 타겟 취향별 효율 분석. 탱커 및 딜러 중심 덱 선호 심리 공략하며 캐릭터 조합 변주 소재로 리타겟팅 광고 활용 권장.
260406_VID_A-Character-Combat01A-UA_L_1920x1080_EN;https://www.youtube.com/watch?v=2W7-0AV2mfg,YouTube 동영상,HQ_HQ_PH_SEA-EN_GA_NU_AD_ACA-PU_260430,M_1844_INTEREST_GENRE_ALL_NONE_260430,2026-05-02,3,KRW,7545,"1,307",22,0,VID,가로형,2026-04-06,A,Character,Combat01A,EN;https://www,260406_VID_A-Character-Combat01A-UA_L_1920x1080_EN,A-Character-Combat01A-UA,https://www.youtube.com/watch?v=2W7-0AV2mfg,"비주얼 임팩트, 캐릭터/유닛 외형",긴박함,TRUE,,없음,"VINESSA, A DARK WIZARD WHO DOMINATES THE FIELD, SOPHIA, REMOVES ALL DEBUFFS! THE KEY TO SURVIVAL, BERNETA, A SYNERGY DEALER THAT PERFECTS YOUR TEAM, PLAY FOR FREE","아트 퀄리티, 캐릭터, 수집형RPG, 전략성",용병 모집,스킬 컷신 연출,마그 탐험대,"Vinessa, Sophia, Berneta",렐릭 탐험 어드벤처,캐릭터별 스킬 특징 강조,전투 및 액션,"텍스트 오버레이, 클로즈업 및 줌",자연/야외 미학,"도전과 승부욕, 수집욕/소유욕","인간형 영웅, SD/치비 캐릭터, 성장 지표","2.5D 입체 그래픽, 2D 일러스트",인게임 전투와 일러스트 교차 편집으로 몰입도 극대화. 캐릭터 스킬 및 시너지로 전략적 호기심 자극. 플레이 영상 기반 안정적 CVR 확보 및 캐릭터 속성 대비 변주 제안.
260406_VID_A-Character-Combat01A-UA_S_1080x1080_EN;https://www.youtube.com/watch?v=jnNAzjzUw8o,YouTube 동영상,HQ_HQ_PH_SEA-EN_GA_NU_AD_ACA-PU_260430,M_1844_INTEREST_GENRE_ALL_NONE_260430,2026-05-02,23,KRW,27702,"2,599",43,0,VID,정방형,2026-04-06,A,Character,Combat01A,EN;https://www,260406_VID_A-Character-Combat01A-UA_S_1080x1080_EN,A-Character-Combat01A-UA,https://www.youtube.com/watch?v=jnNAzjzUw8o,"비주얼 임팩트, 캐릭터/유닛 외형",긴박함,TRUE,,없음,"VINESSA, A DARK WIZARD WHO DOMINATES THE FIELD, SOPHIA, REMOVES ALL DEBUFFS! THE KEY TO SURVIVAL, BERNETA, A SYNERGY DEALER THAT PERFECTS YOUR TEAM, PLAY FOR FREE","아트 퀄리티, 캐릭터, 수집형RPG, 전략성",용병 모집,스킬 컷신 연출,마그 탐험대,"Vinessa, Sophia, Berneta",렐릭 탐험 어드벤처,캐릭터별 스킬 특징 강조,전투 및 액션,"텍스트 오버레이, 클로즈업 및 줌",자연/야외 미학,"도전과 승부욕, 수집욕/소유욕","인간형 영웅, SD/치비 캐릭터, 성장 지표","2.5D 입체 그래픽, 2D 일러스트",SSR 비네사 비주얼을 초반에 배치해 RPG 팬덤 시선 확보. 고퀄리티 애니메이션으로 캐릭터 소유욕을 자극하며 스킬 콤보 시리즈로 소재 확장 가능.
260406_VID_A-Character-Combat01A-UA_V_1080x1920_EN;https://www.youtube.com/watch?v=tHmXhOKu33A,YouTube 동영상,HQ_HQ_PH_SEA-EN_GA_NU_AD_ACA-PU_260430,M_1844_INTEREST_GENRE_ALL_NONE_260430,2026-05-02,6,KRW,5416,"1,304",18,0,VID,세로형,2026-04-06,A,Character,Combat01A,EN;https://www,260406_VID_A-Character-Combat01A-UA_V_1080x1920_EN,A-Character-Combat01A-UA,https://www.youtube.com/watch?v=tHmXhOKu33A,"비주얼 임팩트, 캐릭터/유닛 외형",긴박함,TRUE,,없음,"VINESSA, A DARK WIZARD WHO DOMINATES THE FIELD, SOPHIA, REMOVES ALL DEBUFFS! THE KEY TO SURVIVAL, BERNETA, A SYNERGY DEALER THAT PERFECTS YOUR TEAM, PLAY FOR FREE","아트 퀄리티, 캐릭터, 수집형RPG, 전략성",용병 모집,스킬 컷신 연출,마그 탐험대,"Vinessa, Sophia, Berneta",렐릭 탐험 어드벤처,캐릭터별 스킬 특징 강조,전투 및 액션,"텍스트 오버레이, 클로즈업 및 줌",자연/야외 미학,"도전과 승부욕, 수집욕/소유욕","인간형 영웅, SD/치비 캐릭터, 성장 지표","2.5D 입체 그래픽, 2D 일러스트",숏폼 최적화 세로 분할 화면으로 캐릭터와 전투 연출 강조. 한 손 플레이 선호 심리를 공략하여 틱톡 및 릴스 내 높은 조회수 확보 기대.
260406_VID_A-Character-Combat01B-UA_L_1920x1080_EN;https://www.youtube.com/watch?v=d4rVTfnnYhg,YouTube 동영상,HQ_HQ_PH_SEA-EN_GA_NU_AD_ACA-PU_260430,M_1844_INTEREST_GENRE_ALL_NONE_260430,2026-05-02,5,KRW,5285,"1,694",18,"17,161.99",VID,가로형,2026-04-06,A,Character,Combat01B,EN;https://www,260406_VID_A-Character-Combat01B-UA_L_1920x1080_EN,A-Character-Combat01B-UA,https://www.youtube.com/watch?v=d4rVTfnnYhg,"비주얼 임팩트, 캐릭터/유닛 외형",긴박함,TRUE,,없음,"HUGO, An indomitable warrior..., MONAD, A sage who devastates..., KARBEL, A fiery dealer..., PLAY FOR FREE","전략성, 아트 퀄리티",용병 모집,8인 실시간 전투,마그 탐험대,"Hugo, Monad, Karbel",히어로 수집 육성,,전투 및 액션,"텍스트 오버레이, 클로즈업 및 줌",자연/야외 미학,"도전과 승부욕, 수집욕/소유욕","인간형 영웅, SD/치비 캐릭터, 성장 지표","2.5D 입체 그래픽, 2D 일러스트",16:9 뷰로 넓은 전장과 스킬 강조. 화려한 연출로 타격감 선호 유저 공략. 전투 선호층 대상 높은 전환율 기대.
260406_VID_A-Character-Combat01B-UA_S_1080x1080_EN;https://www.youtube.com/watch?v=tcTIYuJi7pM,YouTube 동영상,HQ_HQ_PH_SEA-EN_GA_NU_AD_ACA-PU_260430,M_1844_INTEREST_GENRE_ALL_NONE_260430,2026-05-02,0,KRW,980,117,1,0,VID,정방형,2026-04-06,A,Character,Combat01B,EN;https://www,260406_VID_A-Character-Combat01B-UA_S_1080x1080_EN,A-Character-Combat01B-UA,https://www.youtube.com/watch?v=tcTIYuJi7pM,"비주얼 임팩트, 캐릭터/유닛 외형",긴박함,TRUE,,없음,"HUGO, An indomitable warrior..., MONAD, A sage who devastates..., KARBEL, A fiery dealer..., PLAY FOR FREE","전략성, 아트 퀄리티",용병 모집,8인 실시간 전투,마그 탐험대,"Hugo, Monad, Karbel",히어로 수집 육성,,전투 및 액션,"텍스트 오버레이, 클로즈업 및 줌",자연/야외 미학,"도전과 승부욕, 수집욕/소유욕","인간형 영웅, SD/치비 캐릭터, 성장 지표","2.5D 입체 그래픽, 2D 일러스트",소피아의 생존 및 지원 능력과 팀 시너지를 강조해 전략적 유저 공략. 비네사 소재 A/B 테스트로 타겟별 선호 캐릭터 최적화 및 성과 확장 도모.
260406_VID_A-Character-Combat01B-UA_V_1080x1920_EN;https://www.youtube.com/watch?v=rrd-TGZqEqc,YouTube 동영상,HQ_HQ_PH_SEA-EN_GA_NU_AD_ACA-PU_260430,M_1844_INTEREST_GENRE_ALL_NONE_260430,2026-05-02,12,KRW,28871,"3,479",23,0,VID,세로형,2026-04-06,A,Character,Combat01B,EN;https://www,260406_VID_A-Character-Combat01B-UA_V_1080x1920_EN,A-Character-Combat01B-UA,https://www.youtube.com/watch?v=rrd-TGZqEqc,"비주얼 임팩트, 캐릭터/유닛 외형",긴박함,TRUE,,없음,"HUGO, An indomitable warrior..., MONAD, A sage who devastates..., KARBEL, A fiery dealer..., PLAY FOR FREE","전략성, 아트 퀄리티",용병 모집,8인 실시간 전투,마그 탐험대,"Hugo, Monad, Karbel",히어로 수집 육성,,전투 및 액션,"텍스트 오버레이, 클로즈업 및 줌",자연/야외 미학,"도전과 승부욕, 수집욕/소유욕","인간형 영웅, SD/치비 캐릭터, 성장 지표","2.5D 입체 그래픽, 2D 일러스트",직관적인 탱딜힐 구성으로 정통 RPG 유저의 파티 니즈 충족. 역할군 조합의 재미를 텍스트로 보강하여 효율 극대화 기대.
260406_VID_A-Charater-Collection01B-UA_L_1920x1080_EN;https://www.youtube.com/watch?v=rRGCh1x6a6M,YouTube 동영상,HQ_HQ_PH_SEA-EN_GA_NU_AD_ACA-PU_260430,M_1844_INTEREST_GENRE_ALL_NONE_260430,2026-05-02,3,KRW,6830,"1,615",7,0,VID,가로형,2026-04-06,A,Charater,Collection01B,EN;https://www,260406_VID_A-Charater-Collection01B-UA_L_1920x1080_EN,A-Charater-Collection01B-UA,https://www.youtube.com/watch?v=rRGCh1x6a6M,"질문/선택형, 캐릭터/유닛 외형",경쾌함,TRUE,,없음,"CHOOSE YOUR HERO, HUGO, PLAY FOR FREE","아트 퀄리티, 전략성",용병 모집,DIY 픽업 시스템,마그 탐험대,Hugo,히어로 수집 육성,,수집 및 도감,"텍스트 오버레이, 클로즈업 및 줌",심플/클린 UI,"수집욕/소유욕, 만족과 성취감","인간형 영웅, SD/치비 캐릭터","2.5D 입체 그래픽, 2D 일러스트","그리드 UI로 풍부한 캐릭터 풀을 어필해 수집 욕구를 자극하며, 캐릭터 강조 엔드카드를 통해 높은 잔존율을 확보합니다."
260406_VID_A-Charater-Collection01B-UA_V_1080x1920_EN;https://www.youtube.com/watch?v=u5diHTUsSOs,YouTube 동영상,HQ_HQ_PH_SEA-EN_GA_NU_AD_ACA-PU_260430,M_1844_INTEREST_GENRE_ALL_NONE_260430,2026-05-02,1,KRW,2616,689,3,0,VID,세로형,2026-04-06,A,Charater,Collection01B,EN;https://www,260406_VID_A-Charater-Collection01B-UA_V_1080x1920_EN,A-Charater-Collection01B-UA,https://www.youtube.com/watch?v=u5diHTUsSOs,"질문/선택형, 캐릭터/유닛 외형",경쾌함,TRUE,,없음,"CHOOSE YOUR HERO, HUGO, PLAY FOR FREE","아트 퀄리티, 전략성",용병 모집,DIY 픽업 시스템,마그 탐험대,Hugo,히어로 수집 육성,캐릭터 픽(Pick) 연출,수집 및 도감,"텍스트 오버레이, 클로즈업 및 줌",심플/클린 UI,"수집욕/소유욕, 만족과 성취감","인간형 영웅, SD/치비 캐릭터","2.5D 입체 그래픽, 2D 일러스트",직접 영웅을 선택하는 인터랙티브 경험으로 기대감 부여. 다양한 영웅 노출을 통해 유저 취향을 공략하고 반복적인 참여 유도.
260406_VID_A-Hooking-Reward02A-FK_L_1920x1080_EN;https://www.youtube.com/watch?v=oRlzfGbT3xY,YouTube 동영상,HQ_HQ_PH_SEA-EN_GA_NU_AD_ACA-PU_260430,M_1844_INTEREST_GENRE_ALL_NONE_260430,2026-05-02,7,KRW,24846,"2,967",25,0,VID,가로형,2026-04-06,A,Hooking,Reward02A,EN;https://www,260406_VID_A-Hooking-Reward02A-FK_L_1920x1080_EN,A-Hooking-Reward02A-FK,https://www.youtube.com/watch?v=oRlzfGbT3xY,"실패/분노 유도, 압도적 보상",긴박함,TRUE,,없음,"Tap here to save him!, Help me!, HELP KARBEL CLEAR, Claim your SR character and rewards worth $100!, PLAY FOR FREE",보상,용병 모집,우호도 시스템,마그 탐험대,카르벨(Karbel),히어로 수집 육성,페이크 플레이(구출 미니게임) 형식 활용,퍼즐 및 논리,"손가락 지시선, 텍스트 오버레이",자연/야외 미학,"도전과 승부욕, 만족과 성취감","SD/치비 캐릭터, 재화/보물상자",2D 일러스트,구출 미니게임 방식을 활용해 시청자 이탈을 방지하고 즉각적인 행동을 유도합니다. 대량의 재화 보상으로 성취감을 자극하여 저단가 트래픽 확보 및 높은 클릭률을 공략합니다.
260406_VID_A-Hooking-Reward02A-FK_S_1080x1080_EN;https://www.youtube.com/watch?v=EgLwtP8WjE4,YouTube 동영상,HQ_HQ_PH_SEA-EN_GA_NU_AD_ACA-PU_260430,M_1844_INTEREST_GENRE_ALL_NONE_260430,2026-05-02,0,KRW,401,70,0,0,VID,정방형,2026-04-06,A,Hooking,Reward02A,EN;https://www,260406_VID_A-Hooking-Reward02A-FK_S_1080x1080_EN,A-Hooking-Reward02A-FK,https://www.youtube.com/watch?v=EgLwtP8WjE4,"실패/분노 유도, 압도적 보상",긴박함,TRUE,,없음,"Tap here to save him!, Help me!, HELP KARBEL CLEAR, Claim your SR character and rewards worth $100!, PLAY FOR FREE",보상,용병 모집,우호도 시스템,마그 탐험대,카르벨(Karbel),히어로 수집 육성,페이크 플레이(구출 미니게임) 형식 활용,퍼즐 및 논리,"손가락 지시선, 텍스트 오버레이",자연/야외 미학,"도전과 승부욕, 만족과 성취감","SD/치비 캐릭터, 재화/보물상자",2D 일러스트,위기 상황 미션과 100달러 보상으로 유저 참여 및 전환 유도. 쉬운 조작성 강조로 진입 장벽을 낮춰 대량 유입용 런칭 소재로 적합.
260406_VID_A-Hooking-Reward02A-FK_V_1080x1920_EN;https://www.youtube.com/watch?v=b7LsalWUDvQ,YouTube 동영상,HQ_HQ_PH_SEA-EN_GA_NU_AD_ACA-PU_260430,M_1844_INTEREST_GENRE_ALL_NONE_260430,2026-05-02,2,KRW,2105,677,2,0,VID,세로형,2026-04-06,A,Hooking,Reward02A,EN;https://www,260406_VID_A-Hooking-Reward02A-FK_V_1080x1920_EN,A-Hooking-Reward02A-FK,https://www.youtube.com/watch?v=b7LsalWUDvQ,"실패/분노 유도, 압도적 보상",긴박함,TRUE,,없음,"Tap here to save him!, Help me!, HELP KARBEL CLEAR, Claim your SR character and rewards worth $100!, PLAY FOR FREE",보상,용병 모집,우호도 시스템,마그 탐험대,카르벨(Karbel),히어로 수집 육성,페이크 플레이(구출 미니게임) 형식 활용,퍼즐 및 논리,"손가락 지시선, 텍스트 오버레이",자연/야외 미학,"도전과 승부욕, 만족과 성취감","SD/치비 캐릭터, 재화/보물상자",2D 일러스트,9:16 세로형 구조로 터치 인터랙션을 극대화하고 FOMO를 자극해 시청 완료율을 높입니다. 캐릭터 활용 및 실패 연출의 A/B 테스트 확장을 제안합니다.
260406_VID_A-Hooking-Reward03A-UA_L_1920x1080_EN;https://www.youtube.com/watch?v=XUrzh1Qrk5w,YouTube 동영상,HQ_HQ_PH_SEA-EN_GA_NU_AD_ACA-PU_260430,M_1844_INTEREST_GENRE_ALL_NONE_260430,2026-05-02,0,KRW,5119,"1,209",9,0,VID,가로형,2026-04-06,A,Hooking,Reward03A,EN;https://www,260406_VID_A-Hooking-Reward03A-UA_L_1920x1080_EN,A-Hooking-Reward03A-UA,https://www.youtube.com/watch?v=XUrzh1Qrk5w,"압도적 보상, 실패/분노 유도",경쾌함,TRUE,,없음,"WARNING Skip and you will lose your $100 rewards, Tap within 5 Seconds, SR, PLAY FOR FREE!, Claim your SR character and rewards worth $100!",보상,용병 모집,,마그 탐험대,Karbel,히어로 수집 육성,$100 가치 혜택 강조,수집 및 도감,"손가락 지시선, 텍스트 오버레이",심플/클린 UI,"만족과 성취감, 수집욕/소유욕","재화/보물상자, SD/치비 캐릭터","2D 일러스트, 2.5D 입체 그래픽","가로 화면을 활용한 화려한 연출로 시각적 몰입감을 높이고, 보상 상실에 대한 FOMO 심리를 자극하여 가로형 매체 타겟 광고 효율을 극대화함."
260406_VID_A-Hooking-Reward03A-UA_S_1080x1080_EN;https://www.youtube.com/watch?v=VGJB5tDWops,YouTube 동영상,HQ_HQ_PH_SEA-EN_GA_NU_AD_ACA-PU_260430,M_1844_INTEREST_GENRE_ALL_NONE_260430,2026-05-02,1,KRW,3176,406,7,0,VID,정방형,2026-04-06,A,Hooking,Reward03A,EN;https://www,260406_VID_A-Hooking-Reward03A-UA_S_1080x1080_EN,A-Hooking-Reward03A-UA,https://www.youtube.com/watch?v=VGJB5tDWops,"압도적 보상, 실패/분노 유도",경쾌함,TRUE,,없음,"WARNING Skip and you will lose your $100 rewards, Tap within 5 Seconds, SR, PLAY FOR FREE!, Claim your SR character and rewards worth $100!",보상,용병 모집,,마그 탐험대,Karbel,히어로 수집 육성,$100 가치 혜택 강조,수집 및 도감,"손가락 지시선, 텍스트 오버레이",심플/클린 UI,"만족과 성취감, 수집욕/소유욕","재화/보물상자, SD/치비 캐릭터","2D 일러스트, 2.5D 입체 그래픽",부정적 후킹과 시간 제한으로 클릭 유도. $100 가치 및 SR 확정으로 수익 구체화. 높은 CVR 예상되며 보상 변주를 통한 라이브 옵스 제안.
260406_VID_A-Hooking-Reward03A-UA_V_1080x1920_EN;https://www.youtube.com/watch?v=jA_HAiz95x4,YouTube 동영상,HQ_HQ_PH_SEA-EN_GA_NU_AD_ACA-PU_260430,M_1844_INTEREST_GENRE_ALL_NONE_260430,2026-05-02,5,KRW,6505,345,9,0,VID,세로형,2026-04-06,A,Hooking,Reward03A,EN;https://www,260406_VID_A-Hooking-Reward03A-UA_V_1080x1920_EN,A-Hooking-Reward03A-UA,https://www.youtube.com/watch?v=jA_HAiz95x4,"압도적 보상, 실패/분노 유도",경쾌함,TRUE,,없음,"WARNING Skip and you will lose your $100 rewards, Tap within 5 Seconds, SR, PLAY FOR FREE!, Claim your SR character and rewards worth $100!",보상,용병 모집,,마그 탐험대,Karbel,히어로 수집 육성,$100 가치 혜택 강조,수집 및 도감,"손가락 지시선, 텍스트 오버레이",심플/클린 UI,"만족과 성취감, 수집욕/소유욕","재화/보물상자, SD/치비 캐릭터","2D 일러스트, 2.5D 입체 그래픽",도발적 문구와 타이머로 이탈을 방지하고 FOMO 심리를 자극함. 보상형 인벤토리 활용을 통해 UA 매체에서 압도적 전환율 달성 기대.
260406_VID_A-Mob-Adventure01A-UA_L_1920x1080_EN;https://www.youtube.com/watch?v=hVmkPdIsz70,YouTube 동영상,HQ_HQ_PH_SEA-EN_GA_NU_AD_ACA-PU_260430,M_1844_INTEREST_GENRE_ALL_NONE_260430,2026-05-02,0,KRW,544,136,1,0,VID,가로형,2026-04-06,A,Mob,Adventure01A,EN;https://www,260406_VID_A-Mob-Adventure01A-UA_L_1920x1080_EN,A-Mob-Adventure01A-UA,https://www.youtube.com/watch?v=hVmkPdIsz70,"비주얼 임팩트, 성장 비포애프터",긴박함,TRUE,,없음,"WARNING, GOBLINS INCOMING!, Goblins? Easy! Level UP! UP!, Power Boost! BOOM! BOOM!, Strategic deployment!, Get ready for BATTLE!","편의성, 전략성",AFK 기능,8인 실시간 전투,고블린,카르벨,렐릭 탐험 어드벤처,스마트폰 UI 팝업 연출,"시뮬레이션 및 관리, 장애물 및 도전","텍스트 오버레이, 클로즈업 및 줌",자연/야외 미학,"도전과 승부욕, 만족과 성취감","SD/치비 캐릭터, 성장 지표, 군단/대규모 유닛",2.5D 입체 그래픽,16:9 화면 대비로 대규모 전투와 모바일 최적화 강조. 방치형 육성 선호 유저 타겟으로 핵심 시스템 소구 및 브랜딩·퍼포먼스 효율 기대.
260406_VID_A-Mob-Adventure01A-UA_S_1080x1080_EN;https://www.youtube.com/watch?v=LMKl0g6yRJU,YouTube 동영상,HQ_HQ_PH_SEA-EN_GA_NU_AD_ACA-PU_260430,M_1844_INTEREST_GENRE_ALL_NONE_260430,2026-05-02,0,KRW,617,199,3,0,VID,정방형,2026-04-06,A,Mob,Adventure01A,EN;https://www,260406_VID_A-Mob-Adventure01A-UA_S_1080x1080_EN,A-Mob-Adventure01A-UA,https://www.youtube.com/watch?v=LMKl0g6yRJU,"비주얼 임팩트, 성장 비포애프터",긴박함,TRUE,,없음,"WARNING, GOBLINS INCOMING!, Goblins? Easy! Level UP! UP!, Power Boost! BOOM! BOOM!, Strategic deployment!, Get ready for BATTLE!","편의성, 전략성",AFK 기능,8인 실시간 전투,고블린,카르벨,렐릭 탐험 어드벤처,스마트폰 UI 팝업 연출,"시뮬레이션 및 관리, 장애물 및 도전","텍스트 오버레이, 클로즈업 및 줌",자연/야외 미학,"도전과 승부욕, 참여와 임장감","SD/치비 캐릭터, 성장 지표, 군단/대규모 유닛",2.5D 입체 그래픽,경고 연출로 몰입도를 높이고 쉬운 성장을 강조해 진입 장벽 완화. 대규모 레이드 소재 확장을 통한 중장기 성과 기대.
260406_VID_A-Mob-Adventure01A-UA_V_1080x1920_EN;https://www.youtube.com/watch?v=nIYkYZ-JFj0,YouTube 동영상,HQ_HQ_PH_SEA-EN_GA_NU_AD_ACA-PU_260430,M_1844_INTEREST_GENRE_ALL_NONE_260430,2026-05-02,1,KRW,614,198,2,0,VID,세로형,2026-04-06,A,Mob,Adventure01A,EN;https://www,260406_VID_A-Mob-Adventure01A-UA_V_1080x1920_EN,A-Mob-Adventure01A-UA,https://www.youtube.com/watch?v=nIYkYZ-JFj0,"비주얼 임팩트, 성장 비포애프터",긴박함,TRUE,,없음,"WARNING, GOBLINS INCOMING!, Goblins? Easy! Level UP! UP!, Power Boost! BOOM! BOOM!, Strategic deployment!, Get ready for BATTLE!","편의성, 전략성",AFK 기능,8인 실시간 전투,고블린,카르벨,렐릭 탐험 어드벤처,스마트폰 UI 팝업 연출,"시뮬레이션 및 관리, 장애물 및 도전","텍스트 오버레이, 클로즈업 및 줌",자연/야외 미학,"도전과 승부욕, 만족과 성취감","SD/치비 캐릭터, 성장 지표, 군단/대규모 유닛",2.5D 입체 그래픽,세로형 피드 최적화 UI와 마을 습격 반전 연출로 이탈 방지. 직관적 레벨업과 전략적 배치 중심의 성장 쾌감을 자극해 숏폼 환경 내 높은 시청 유지율 및 전환율 기대.
Cute but Powerful Squad,광고 제목,HQ_HQ_PH_SEA-EN_GA_NU_AD_ACA-PU_260430,M_1844_INTEREST_GENRE_ALL_NONE_260430_2,2026-05-02,7,KRW,3025,"2,473",19,0,TXT,,,,,,,,,,,,,,,,,,,,,,,,,,,,,
Let’s Hunt for Treasure!,광고 제목,HQ_HQ_PH_SEA-EN_GA_NU_AD_ACA-PU_260430,M_1844_INTEREST_GENRE_ALL_NONE_260430_2,2026-05-02,2,KRW,3775,"2,296",26,0,TXT,,,,,,,,,,,,,,,,,,,,,,,,,,,,,
Pepp Heroes,광고 제목,HQ_HQ_PH_SEA-EN_GA_NU_AD_ACA-PU_260430,M_1844_INTEREST_GENRE_ALL_NONE_260430_2,2026-05-02,5,KRW,15148,"2,832",65,0,TXT,,,,,,,,,,,,,,,,,,,,,,,,,,,,,
Play for Free,광고 제목,HQ_HQ_PH_SEA-EN_GA_NU_AD_ACA-PU_260430,M_1844_INTEREST_GENRE_ALL_NONE_260430_2,2026-05-02,3,KRW,3887,"2,550",21,0,TXT,,,,,,,,,,,,,,,,,,,,,,,,,,,,,
"Your RPG, In Your Hands",광고 제목,HQ_HQ_PH_SEA-EN_GA_NU_AD_ACA-PU_260430,M_1844_INTEREST_GENRE_ALL_NONE_260430_2,2026-05-02,2,KRW,3226,"2,249",6,0,TXT,,,,,,,,,,,,,,,,,,,,,,,,,,,,,
Adorable Yet Powerful! Collect Heroes With Diverse Charms,설명,HQ_HQ_PH_SEA-EN_GA_NU_AD_ACA-PU_260430,M_1844_INTEREST_GENRE_ALL_NONE_260430_2,2026-05-02,2,KRW,3034,"1,936",10,0,TXT,,,,,,,,,,,,,,,,,,,,,,,,,,,,,
Clock Out and Start Your Treasure Hunt!,설명,HQ_HQ_PH_SEA-EN_GA_NU_AD_ACA-PU_260430,M_1844_INTEREST_GENRE_ALL_NONE_260430_2,2026-05-02,8,KRW,16956,"4,690",90,0,TXT,,,,,,,,,,,,,,,,,,,,,,,,,,,,,
Get Rewards Worth $100! Play Now!,설명,HQ_HQ_PH_SEA-EN_GA_NU_AD_ACA-PU_260430,M_1844_INTEREST_GENRE_ALL_NONE_260430_2,2026-05-02,3,KRW,2001,"1,988",10,0,TXT,,,,,,,,,,,,,,,,,,,,,,,,,,,,,
Strategic Battles With Heroes Full of Personality! Win With Your Own Squad,설명,HQ_HQ_PH_SEA-EN_GA_NU_AD_ACA-PU_260430,M_1844_INTEREST_GENRE_ALL_NONE_260430_2,2026-05-02,1,KRW,2044,"1,678",11,0,TXT,,,,,,,,,,,,,,,,,,,,,,,,,,,,,
Unique Hero Skills and Synergies! The Collectible RPG of Endless Team Combinations,설명,HQ_HQ_PH_SEA-EN_GA_NU_AD_ACA-PU_260430,M_1844_INTEREST_GENRE_ALL_NONE_260430_2,2026-05-02,4,KRW,3710,"2,156",14,0,TXT,,,,,,,,,,,,,,,,,,,,,,,,,,,,,
260406_BNR_A-Character-100usd01A-DA_L_1200x628_EN.jpg;https://tpc.googlesyndication.com/simgad/128038747177600361,가로형 이미지,HQ_HQ_PH_SEA-EN_GA_NU_AD_ACA-PU_260430,M_1844_INTEREST_GENRE_ALL_NONE_260430_2,2026-05-02,0,KRW,10,20,0,0,BNR,가로형,2026-04-06,A,Character,100usd01A,EN,260406_BNR_A-Character-100usd01A-DA_L_1200x628_EN,A-Character-100usd01A-DA,https://tpc.googlesyndication.com/simgad/128038747177600361,"압도적 보상, 캐릭터/유닛 외형",,,,,"Pre-registration Event, $100, Pre-register and Earn Rewards Worth $100!, Claim Rewards","보상, 릴리즈 예고",용병 모집(Gacha),사전예약 혜택,마그 탐험대,카르벨(Karbel),히어로 수집 육성,,수집 및 도감,"텍스트 오버레이, 클로즈업 및 줌",심플/클린 UI,"수집욕/소유욕, 만족과 성취감","인간형 영웅, 재화/보물상자","2D 일러스트, 2.5D 입체 그래픽","100달러 가치 강조로 사전예약 전환율을 극대화합니다. 보상 강조를 통해 초반 성장 불안을 해소하며, 향후 보상 아이템 노출을 통해 높은 클릭률을 유도합니다."
260406_BNR_A-Character-100usd01A-DA_S_1200x1200_EN.jpg;https://tpc.googlesyndication.com/simgad/10042032527036690642,가로형 이미지,HQ_HQ_PH_SEA-EN_GA_NU_AD_ACA-PU_260430,M_1844_INTEREST_GENRE_ALL_NONE_260430_2,2026-05-02,2,KRW,1283,540,13,0,BNR,정방형,2026-04-06,A,Character,100usd01A,EN,260406_BNR_A-Character-100usd01A-DA_S_1200x1200_EN,A-Character-100usd01A-DA,https://tpc.googlesyndication.com/simgad/10042032527036690642,"압도적 보상, 캐릭터/유닛 외형",,,,,"Pre-registration Event, $100, Pre-register and Earn Rewards Worth $100!, Claim Rewards","보상, 릴리즈 예고",용병 모집(Gacha),사전예약 혜택,마그 탐험대,카르벨(Karbel),히어로 수집 육성,,수집 및 도감,"텍스트 오버레이, 클로즈업 및 줌",심플/클린 UI,"수집욕/소유욕, 만족과 성취감","인간형 영웅, 재화/보물상자","2D 일러스트, 2.5D 입체 그래픽",정방형 레이아웃과 $100 보상 텍스트로 시인성을 극대화했습니다. 혜택 중심 소구로 스낵 컬처 타겟의 전환을 유도하며 대비를 높인 A/B 테스트를 제안합니다.
260406_BNR_A-Character-100usd01A-DA_V_1200x1500_EN.jpg;https://tpc.googlesyndication.com/simgad/18256489507350070227,가로형 이미지,HQ_HQ_PH_SEA-EN_GA_NU_AD_ACA-PU_260430,M_1844_INTEREST_GENRE_ALL_NONE_260430_2,2026-05-02,0,KRW,0,1,0,0,BNR,세로형,2026-04-06,A,Character,100usd01A,EN,260406_BNR_A-Character-100usd01A-DA_V_1200x1500_EN,A-Character-100usd01A-DA,https://tpc.googlesyndication.com/simgad/18256489507350070227,"압도적 보상, 캐릭터/유닛 외형",,,,,"Pre-registration Event, $100, Pre-register and Earn Rewards Worth $100!, Claim Rewards","보상, 릴리즈 예고",용병 모집(Gacha),사전예약 혜택,마그 탐험대,카르벨(Karbel),히어로 수집 육성,,수집 및 도감,"텍스트 오버레이, 클로즈업 및 줌",심플/클린 UI,"수집욕/소유욕, 만족과 성취감","인간형 영웅, 재화/보물상자","2D 일러스트, 2.5D 입체 그래픽",고퀄리티 2.5D 그래픽과 일러스트 밀도를 높여 수집 욕구 및 신뢰 형성. 아트 USP 기반의 캐릭터별 선호도 분석과 성과 확장 기대.
260406_BNR_A-Character-Adventure04A-DA_L_1200x628_EN.jpg;https://tpc.googlesyndication.com/simgad/11190732183298883065,가로형 이미지,HQ_HQ_PH_SEA-EN_GA_NU_AD_ACA-PU_260430,M_1844_INTEREST_GENRE_ALL_NONE_260430_2,2026-05-02,1,KRW,257,128,3,0,BNR,가로형,2026-04-06,A,Character,Adventure04A,EN,260406_BNR_A-Character-Adventure04A-DA_L_1200x628_EN,A-Character-Adventure04A-DA,https://tpc.googlesyndication.com/simgad/11190732183298883065,"비주얼 임팩트, 캐릭터/유닛 외형",,,,,PEPP HEROES,"아트 퀄리티, 수집형RPG, 릴리즈 예고","8인 실시간 전투, 수집형 RPG",8인 실시간 전투,"마그 탐험대, 고블린","카르벨(Karbel), 샤일린(Shylin)",히어로 수집 육성,,"전투 및 액션, 장애물 및 도전",텍스트 오버레이,자연/야외 미학,"도전과 승부욕, 참여와 임장감","인간형 영웅, 거대 보스, SD/치비 캐릭터","2.5D 입체 그래픽, 2D 일러스트",SD 영웅과 거대 보스의 대치로 모험심 자극. 정적 RPG 유저에게 액션 소구 및 보상 텍스트로 CTR·CVR 최적화.
260406_BNR_A-Character-Adventure04A-DA_S_1200x1200_EN.jpg;https://tpc.googlesyndication.com/simgad/4078122247307565443,가로형 이미지,HQ_HQ_PH_SEA-EN_GA_NU_AD_ACA-PU_260430,M_1844_INTEREST_GENRE_ALL_NONE_260430_2,2026-05-02,0,KRW,532,492,7,0,BNR,정방형,2026-04-06,A,Character,Adventure04A,EN,260406_BNR_A-Character-Adventure04A-DA_S_1200x1200_EN,A-Character-Adventure04A-DA,https://tpc.googlesyndication.com/simgad/4078122247307565443,"비주얼 임팩트, 캐릭터/유닛 외형",,,,,PEPP HEROES,"아트 퀄리티, 수집형RPG, 릴리즈 예고","8인 실시간 전투, 수집형 RPG",8인 실시간 전투,"마그 탐험대, 고블린","카르벨(Karbel), 샤일린(Shylin)",히어로 수집 육성,,"전투 및 액션, 장애물 및 도전",텍스트 오버레이,자연/야외 미학,"도전과 승부욕, 참여와 임장감","인간형 영웅, 거대 보스, SD/치비 캐릭터","2.5D 입체 그래픽, 2D 일러스트","정방형 규격의 캐릭터 밀집 배치를 통해 스쿼드 일체감을 강조하고, 직업 아이콘 오버레이로 팀 빌딩의 전략적 재미와 영웅의 매력을 소구함."
260406_BNR_A-Character-Adventure04A-DA_V_1200x1500_EN.jpg;https://tpc.googlesyndication.com/simgad/11937984762376226606,가로형 이미지,HQ_HQ_PH_SEA-EN_GA_NU_AD_ACA-PU_260430,M_1844_INTEREST_GENRE_ALL_NONE_260430_2,2026-05-02,0,KRW,0,1,0,0,BNR,세로형,2026-04-06,A,Character,Adventure04A,EN,260406_BNR_A-Character-Adventure04A-DA_V_1200x1500_EN,A-Character-Adventure04A-DA,https://tpc.googlesyndication.com/simgad/11937984762376226606,"비주얼 임팩트, 캐릭터/유닛 외형",,,,,PEPP HEROES,"아트 퀄리티, 수집형RPG, 릴리즈 예고","8인 실시간 전투, 수집형 RPG",8인 실시간 전투,"마그 탐험대, 고블린","카르벨(Karbel), 샤일린(Shylin)",히어로 수집 육성,,"전투 및 액션, 장애물 및 도전",텍스트 오버레이,자연/야외 미학,"도전과 승부욕, 참여와 임장감","인간형 영웅, 거대 보스, SD/치비 캐릭터","2.5D 입체 그래픽, 2D 일러스트",4:5 고정 배너로 가독성 및 브랜드 인지도 제고. 세련된 2D 일러스트로 기술력 신뢰 부여 및 네트워크 광고 효율 극대화. 배경 안개 효과로 후킹력 강화.
260406_BNR_A-Character-Adventure05A-DA_L_1200x628_EN.jpg;https://tpc.googlesyndication.com/simgad/14620542589526622535,가로형 이미지,HQ_HQ_PH_SEA-EN_GA_NU_AD_ACA-PU_260430,M_1844_INTEREST_GENRE_ALL_NONE_260430_2,2026-05-02,1,KRW,1338,205,12,0,BNR,가로형,2026-04-06,A,Character,Adventure05A,EN,260406_BNR_A-Character-Adventure05A-DA_L_1200x628_EN,A-Character-Adventure05A-DA,https://tpc.googlesyndication.com/simgad/14620542589526622535,"캐릭터/유닛 외형, 비주얼 임팩트",,,,,Every Hero Needs a Little Pepp,"아트 퀄리티, 수집형RPG, 캐릭터","8인 실시간 전투, 수집형 RPG",렐릭 퀘스트,"마그 탐험대, 고블린","샤일린(Shylin), 카르벨(Karbel)",렐릭 탐험 어드벤처,2.5D 독보적 그래픽 강조,"전투 및 액션, 수집 및 도감","텍스트 오버레이, 클로즈업 및 줌",던전/신전,"수집욕/소유욕, 참여와 임장감","인간형 영웅, SD/치비 캐릭터","2.5D 입체 그래픽, 2D 일러스트",독보적인 2.5D 비주얼과 대립 구도로 정체성 각인. 입체적 모험 선사 및 고퀄리티 아트로 글로벌 CTR 유도. SSR 스킬 컷신 활용해 CVR 극대화 기대.
260406_BNR_A-Character-Adventure05A-DA_S_1200x1200_EN.jpg;https://tpc.googlesyndication.com/simgad/13772335840655466460,가로형 이미지,HQ_HQ_PH_SEA-EN_GA_NU_AD_ACA-PU_260430,M_1844_INTEREST_GENRE_ALL_NONE_260430_2,2026-05-02,0,KRW,353,231,5,0,BNR,정방형,2026-04-06,A,Character,Adventure05A,EN,260406_BNR_A-Character-Adventure05A-DA_S_1200x1200_EN,A-Character-Adventure05A-DA,https://tpc.googlesyndication.com/simgad/13772335840655466460,"캐릭터/유닛 외형, 비주얼 임팩트",,,,,Every Hero Needs a Little Pepp,"아트 퀄리티, 수집형RPG, 캐릭터","8인 실시간 전투, 수집형 RPG",렐릭 퀘스트,"마그 탐험대, 고블린","샤일린(Shylin), 카르벨(Karbel)",렐릭 탐험 어드벤처,2.5D 독보적 그래픽 강조,"전투 및 액션, 수집 및 도감","텍스트 오버레이, 클로즈업 및 줌",던전/신전,"수집욕/소유욕, 참여와 임장감","인간형 영웅, SD/치비 캐릭터","2.5D 입체 그래픽, 2D 일러스트",정방형 규격의 캐릭터 밀집 노출로 수집 재미를 강조함. 영웅 반전 매력 소유욕을 자극하며 피드 최적화로 클릭률 극대화 유도. 보상 텍스트 오버레이로 전환율 보완 필요.
260406_BNR_A-Character-Adventure05A-DA_V_1200x1500_EN.jpg;https://tpc.googlesyndication.com/simgad/2210060756227995798,가로형 이미지,HQ_HQ_PH_SEA-EN_GA_NU_AD_ACA-PU_260430,M_1844_INTEREST_GENRE_ALL_NONE_260430_2,2026-05-02,0,KRW,0,1,0,0,BNR,세로형,2026-04-06,A,Character,Adventure05A,EN,260406_BNR_A-Character-Adventure05A-DA_V_1200x1500_EN,A-Character-Adventure05A-DA,https://tpc.googlesyndication.com/simgad/2210060756227995798,"캐릭터/유닛 외형, 비주얼 임팩트",,,,,Every Hero Needs a Little Pepp,"아트 퀄리티, 수집형RPG, 캐릭터","8인 실시간 전투, 수집형 RPG",렐릭 퀘스트,"마그 탐험대, 고블린","샤일린(Shylin), 카르벨(Karbel)",렐릭 탐험 어드벤처,2.5D 독보적 그래픽 강조,"전투 및 액션, 수집 및 도감","텍스트 오버레이, 클로즈업 및 줌",던전/신전,"수집욕/소유욕, 참여와 임장감","인간형 영웅, SD/치비 캐릭터","2.5D 입체 그래픽, 2D 일러스트",버티컬 배너로 영웅 및 장비 디테일을 강조해 시각적 만족도 극대화. 코어 유저의 미적 기준을 충족하며 SSR 영웅 서사 중심의 시리즈 소재 확장을 통해 리텐션 및 브랜드 인지도 제고.
260406_BNR_A-Character-Comics01A-DA_L_1200x628_EN.jpg;https://tpc.googlesyndication.com/simgad/3049438568803176011,가로형 이미지,HQ_HQ_PH_SEA-EN_GA_NU_AD_ACA-PU_260430,M_1844_INTEREST_GENRE_ALL_NONE_260430_2,2026-05-02,8,KRW,3075,421,33,0,BNR,가로형,2026-04-06,A,Character,Comics01A,EN,260406_BNR_A-Character-Comics01A-DA_L_1200x628_EN,A-Character-Comics01A-DA,https://tpc.googlesyndication.com/simgad/3049438568803176011,"비주얼 임팩트, 캐릭터/유닛 외형",,,,,"EVERY HERO NEEDS A LITTLE PEPP, PEPP HEROES","아트 퀄리티, 캐릭터, 수집형RPG","용병 모집(Gacha), 8인 실시간 전투",8인 실시간 전투,마그 탐험대,카르벨(Karbel),"히어로 수집 육성, 렐릭 탐험 어드벤처",코믹스 스타일 레이아웃,"수집 및 도감, 전투 및 액션","분할 화면, 텍스트 오버레이",자연/야외 미학,"수집욕/소유욕, 휴식과 힐링","SD/치비 캐릭터, 인간형 영웅",2.5D 입체 그래픽,코믹스 레이아웃과 친근한 아트 스타일로 진입 장벽을 낮추고 개성을 강조함. 가독성 높은 카피로 높은 CTR을 유도하며 SSR 캐릭터 중심의 수집 욕구 자극 전략을 제안함.
260406_BNR_A-Character-Comics01A-DA_S_1200x1200_EN.jpg;https://tpc.googlesyndication.com/simgad/4695384483296336434,가로형 이미지,HQ_HQ_PH_SEA-EN_GA_NU_AD_ACA-PU_260430,M_1844_INTEREST_GENRE_ALL_NONE_260430_2,2026-05-02,1,KRW,185,39,2,0,BNR,정방형,2026-04-06,A,Character,Comics01A,EN,260406_BNR_A-Character-Comics01A-DA_S_1200x1200_EN,A-Character-Comics01A-DA,https://tpc.googlesyndication.com/simgad/4695384483296336434,"비주얼 임팩트, 캐릭터/유닛 외형",,,,,"EVERY HERO NEEDS A LITTLE PEPP, PEPP HEROES","아트 퀄리티, 캐릭터, 수집형RPG","용병 모집(Gacha), 8인 실시간 전투",8인 실시간 전투,마그 탐험대,카르벨(Karbel),"히어로 수집 육성, 렐릭 탐험 어드벤처",코믹스 스타일 레이아웃,"수집 및 도감, 전투 및 액션","분할 화면, 텍스트 오버레이",자연/야외 미학,"수집욕/소유욕, 휴식과 힐링","SD/치비 캐릭터, 인간형 영웅",2.5D 입체 그래픽,십자 분할 레이아웃으로 카피 집중도를 높이고 SD 캐릭터로 수집욕 자극. SNS 최적화 규격으로 유저 유입 유도 및 직업별 변주 제안.
260406_BNR_A-Character-Comics01A-DA_V_1200x1500_EN.jpg;https://tpc.googlesyndication.com/simgad/13581844973087919256,가로형 이미지,HQ_HQ_PH_SEA-EN_GA_NU_AD_ACA-PU_260430,M_1844_INTEREST_GENRE_ALL_NONE_260430_2,2026-05-02,0,KRW,22,19,2,0,BNR,세로형,2026-04-06,A,Character,Comics01A,EN,260406_BNR_A-Character-Comics01A-DA_V_1200x1500_EN,A-Character-Comics01A-DA,https://tpc.googlesyndication.com/simgad/13581844973087919256,"비주얼 임팩트, 캐릭터/유닛 외형",,,,,"EVERY HERO NEEDS A LITTLE PEPP, PEPP HEROES","아트 퀄리티, 캐릭터, 수집형RPG","용병 모집(Gacha), 8인 실시간 전투",8인 실시간 전투,마그 탐험대,카르벨(Karbel),"히어로 수집 육성, 렐릭 탐험 어드벤처",코믹스 스타일 레이아웃,"수집 및 도감, 전투 및 액션","분할 화면, 텍스트 오버레이",자연/야외 미학,"수집욕/소유욕, 휴식과 힐링","SD/치비 캐릭터, 인간형 영웅",2.5D 입체 그래픽,독보적 화풍의 2.5D 그래픽으로 차별화된 비주얼 소구. 세로 규격의 범용성을 활용하며 보스 레이드 테마를 병행해 유저 반응 테스트 및 세그먼트 공략 필요.
260406_BNR_A-Charater-Collection01A-DA_L_1200x628_EN.jpg;https://tpc.googlesyndication.com/simgad/9157278201026773067,가로형 이미지,HQ_HQ_PH_SEA-EN_GA_NU_AD_ACA-PU_260430,M_1844_INTEREST_GENRE_ALL_NONE_260430_2,2026-05-02,0,KRW,1951,712,10,0,BNR,가로형,2026-04-06,A,Charater,Collection01A,EN,260406_BNR_A-Charater-Collection01A-DA_L_1200x628_EN,A-Charater-Collection01A-DA,https://tpc.googlesyndication.com/simgad/9157278201026773067,"캐릭터/유닛 외형, 비주얼 임팩트",,,,,"Get Pepp'd, com2us, PEPP HEROES","아트 퀄리티, 캐릭터, 수집형RPG",수집형 RPG,용병 모집(Gacha),마그 탐험대,다수의 SD 영웅,히어로 수집 육성,,수집 및 도감,텍스트 오버레이,심플/클린 UI,수집욕/소유욕,SD/치비 캐릭터,2.5D 입체 그래픽,"'Get Pepp'd' 슬로건과 촘촘한 캐릭터 배치로 방대한 수집성 강조. 2.5D 및 SD 캐릭터로 유저 소유욕 자극 및 높은 CTR 유도, 인기 캐릭터 중심 확장 용이."
260406_BNR_A-Charater-Collection01A-DA_S_1200x1200_EN.jpg;https://tpc.googlesyndication.com/simgad/2322926171558263908,가로형 이미지,HQ_HQ_PH_SEA-EN_GA_NU_AD_ACA-PU_260430,M_1844_INTEREST_GENRE_ALL_NONE_260430_2,2026-05-02,0,KRW,181,478,7,0,BNR,정방형,2026-04-06,A,Charater,Collection01A,EN,260406_BNR_A-Charater-Collection01A-DA_S_1200x1200_EN,A-Charater-Collection01A-DA,https://tpc.googlesyndication.com/simgad/2322926171558263908,"캐릭터/유닛 외형, 비주얼 임팩트",,,,,"Get Pepp'd, com2us, PEPP HEROES","아트 퀄리티, 캐릭터, 수집형RPG",수집형 RPG,용병 모집(Gacha),마그 탐험대,다수의 SD 영웅,히어로 수집 육성,,수집 및 도감,텍스트 오버레이,심플/클린 UI,수집욕/소유욕,SD/치비 캐릭터,2.5D 입체 그래픽,정방형 구도로 캐릭터 밀도와 시각적 풍성함 극대화. SNS 주목도 확보 및 캐릭터 등급 변주를 통한 전환율 개선 기대.
260406_BNR_A-Charater-Collection01A-DA_V_1200x1500_EN.jpg;https://tpc.googlesyndication.com/simgad/5699446522298240409,가로형 이미지,HQ_HQ_PH_SEA-EN_GA_NU_AD_ACA-PU_260430,M_1844_INTEREST_GENRE_ALL_NONE_260430_2,2026-05-02,0,KRW,0,2,0,0,BNR,세로형,2026-04-06,A,Charater,Collection01A,EN,260406_BNR_A-Charater-Collection01A-DA_V_1200x1500_EN,A-Charater-Collection01A-DA,https://tpc.googlesyndication.com/simgad/5699446522298240409,"캐릭터/유닛 외형, 비주얼 임팩트",,,,,"Get Pepp'd, com2us, PEPP HEROES","아트 퀄리티, 캐릭터, 수집형RPG",수집형 RPG,용병 모집(Gacha),마그 탐험대,다수의 SD 영웅,히어로 수집 육성,,수집 및 도감,텍스트 오버레이,심플/클린 UI,수집욕/소유욕,SD/치비 캐릭터,2.5D 입체 그래픽,세로 뷰로 50종 영웅 노출을 극대화하여 전략적 흥미 유발. 무료 소환권 혜택 강조로 전환율 제고 및 안정적 성과 기대.
260406_BNR_A-Mob-Adventure02A-DA_L_1200x628_EN.jpg;https://tpc.googlesyndication.com/simgad/17125206759944352040,가로형 이미지,HQ_HQ_PH_SEA-EN_GA_NU_AD_ACA-PU_260430,M_1844_INTEREST_GENRE_ALL_NONE_260430_2,2026-05-02,14,KRW,38099,"4,152",165,0,BNR,가로형,2026-04-06,A,Mob,Adventure02A,EN,260406_BNR_A-Mob-Adventure02A-DA_L_1200x628_EN,A-Mob-Adventure02A-DA,https://tpc.googlesyndication.com/simgad/17125206759944352040,비주얼 임팩트,,,,,PEPP HEROES,"아트 퀄리티, 수집형RPG",5인 분대 전투,거대 보스 레이드,"마그 탐험대, 고블린",,렐릭 탐험 어드벤처,2.5D 입체 월드 강조,"장애물 및 도전, 전투 및 액션",텍스트 오버레이,자연/야외 미학,도전과 승부욕,"거대 보스, SD/치비 캐릭터",2.5D 입체 그래픽,5인 파티 레이드와 SD 캐릭터로 어드벤처 RPG 정체성 강조. 2.5D 그래픽으로 CTR을 높이고 사전예약 보상을 통해 CVR 극대화 유도.
260406_BNR_A-Mob-Adventure02A-DA_S_1200x1200_EN.jpg;https://tpc.googlesyndication.com/simgad/17573267286983610733,가로형 이미지,HQ_HQ_PH_SEA-EN_GA_NU_AD_ACA-PU_260430,M_1844_INTEREST_GENRE_ALL_NONE_260430_2,2026-05-02,0,KRW,880,413,15,0,BNR,정방형,2026-04-06,A,Mob,Adventure02A,EN,260406_BNR_A-Mob-Adventure02A-DA_S_1200x1200_EN,A-Mob-Adventure02A-DA,https://tpc.googlesyndication.com/simgad/17573267286983610733,비주얼 임팩트,,,,,PEPP HEROES,"아트 퀄리티, 수집형RPG",5인 분대 전투,거대 보스 레이드,"마그 탐험대, 고블린",,렐릭 탐험 어드벤처,2.5D 입체 월드 강조,"장애물 및 도전, 전투 및 액션",텍스트 오버레이,자연/야외 미학,도전과 승부욕,"거대 보스, SD/치비 캐릭터",2.5D 입체 그래픽,2.5D 비주얼과 거대 보스 대치 구도로 몰입감 강조. 직접 조작 및 전략 조합을 선호하는 수집형 RPG 유저를 공략해 높은 클릭률과 수집욕 자극 기대.
260406_BNR_A-Mob-Adventure02A-DA_V_1200x1500_EN.jpg;https://tpc.googlesyndication.com/simgad/12487452563763707002,가로형 이미지,HQ_HQ_PH_SEA-EN_GA_NU_AD_ACA-PU_260430,M_1844_INTEREST_GENRE_ALL_NONE_260430_2,2026-05-02,0,KRW,115,82,1,0,BNR,세로형,2026-04-06,A,Mob,Adventure02A,EN,260406_BNR_A-Mob-Adventure02A-DA_V_1200x1500_EN,A-Mob-Adventure02A-DA,https://tpc.googlesyndication.com/simgad/12487452563763707002,비주얼 임팩트,,,,,PEPP HEROES,"아트 퀄리티, 수집형RPG",5인 분대 전투,거대 보스 레이드,"마그 탐험대, 고블린",,렐릭 탐험 어드벤처,2.5D 입체 월드 강조,"장애물 및 도전, 전투 및 액션",텍스트 오버레이,자연/야외 미학,도전과 승부욕,"거대 보스, SD/치비 캐릭터",2.5D 입체 그래픽,초기 핵심 영웅 노출로 수집 재미 강조 및 따뜻한 아트 스타일로 힐링 소구. 방대한 콘텐츠 중심의 텍스트 보강으로 캐주얼 유저 유입 및 잔존율 제고.
260406_VID_A-Character-Collection01B-UA_S_1080x1080_EN;https://www.youtube.com/watch?v=cTfY4JpFc-s,YouTube 동영상,HQ_HQ_PH_SEA-EN_GA_NU_AD_ACA-PU_260430,M_1844_INTEREST_GENRE_ALL_NONE_260430_2,2026-05-02,3,KRW,1312,543,4,0,VID,정방형,2026-04-06,A,Character,Collection01B,EN;https://www,260406_VID_A-Character-Collection01B-UA_S_1080x1080_EN,A-Character-Collection01B-UA,https://www.youtube.com/watch?v=cTfY4JpFc-s,"질문/선택형, 캐릭터/유닛 외형",경쾌함,TRUE,,없음,"CHOOSE YOUR HERO, HUGO, KARBEL, MONAD","캐릭터, 수집형RPG, 전략성",용병 모집(Gacha),DIY 픽업 시스템,마그 탐험대,"휴고, 카르벨, 모나드",히어로 수집 육성,남성 캐릭터 위주 배치,수집 및 도감,"텍스트 오버레이, 분할 화면",심플/클린 UI,수집욕/소유욕,"SD/치비 캐릭터, 인간형 영웅",2D 일러스트,캐릭터 구성 대조를 통한 타겟 취향별 효율 분석. 탱커 및 딜러 중심 덱 선호 심리 공략하며 캐릭터 조합 변주 소재로 리타겟팅 광고 활용 권장.
260406_VID_A-Character-Combat01A-UA_L_1920x1080_EN;https://www.youtube.com/watch?v=2W7-0AV2mfg,YouTube 동영상,HQ_HQ_PH_SEA-EN_GA_NU_AD_ACA-PU_260430,M_1844_INTEREST_GENRE_ALL_NONE_260430_2,2026-05-02,7,KRW,9332,"1,892",44,0,VID,가로형,2026-04-06,A,Character,Combat01A,EN;https://www,260406_VID_A-Character-Combat01A-UA_L_1920x1080_EN,A-Character-Combat01A-UA,https://www.youtube.com/watch?v=2W7-0AV2mfg,"비주얼 임팩트, 캐릭터/유닛 외형",긴박함,TRUE,,없음,"VINESSA, A DARK WIZARD WHO DOMINATES THE FIELD, SOPHIA, REMOVES ALL DEBUFFS! THE KEY TO SURVIVAL, BERNETA, A SYNERGY DEALER THAT PERFECTS YOUR TEAM, PLAY FOR FREE","아트 퀄리티, 캐릭터, 수집형RPG, 전략성",용병 모집,스킬 컷신 연출,마그 탐험대,"Vinessa, Sophia, Berneta",렐릭 탐험 어드벤처,캐릭터별 스킬 특징 강조,전투 및 액션,"텍스트 오버레이, 클로즈업 및 줌",자연/야외 미학,"도전과 승부욕, 수집욕/소유욕","인간형 영웅, SD/치비 캐릭터, 성장 지표","2.5D 입체 그래픽, 2D 일러스트",인게임 전투와 일러스트 교차 편집으로 몰입도 극대화. 캐릭터 스킬 및 시너지로 전략적 호기심 자극. 플레이 영상 기반 안정적 CVR 확보 및 캐릭터 속성 대비 변주 제안.
260406_VID_A-Character-Combat01A-UA_S_1080x1080_EN;https://www.youtube.com/watch?v=jnNAzjzUw8o,YouTube 동영상,HQ_HQ_PH_SEA-EN_GA_NU_AD_ACA-PU_260430,M_1844_INTEREST_GENRE_ALL_NONE_260430_2,2026-05-02,6,KRW,16111,"2,793",21,0,VID,정방형,2026-04-06,A,Character,Combat01A,EN;https://www,260406_VID_A-Character-Combat01A-UA_S_1080x1080_EN,A-Character-Combat01A-UA,https://www.youtube.com/watch?v=jnNAzjzUw8o,"비주얼 임팩트, 캐릭터/유닛 외형",긴박함,TRUE,,없음,"VINESSA, A DARK WIZARD WHO DOMINATES THE FIELD, SOPHIA, REMOVES ALL DEBUFFS! THE KEY TO SURVIVAL, BERNETA, A SYNERGY DEALER THAT PERFECTS YOUR TEAM, PLAY FOR FREE","아트 퀄리티, 캐릭터, 수집형RPG, 전략성",용병 모집,스킬 컷신 연출,마그 탐험대,"Vinessa, Sophia, Berneta",렐릭 탐험 어드벤처,캐릭터별 스킬 특징 강조,전투 및 액션,"텍스트 오버레이, 클로즈업 및 줌",자연/야외 미학,"도전과 승부욕, 수집욕/소유욕","인간형 영웅, SD/치비 캐릭터, 성장 지표","2.5D 입체 그래픽, 2D 일러스트",SSR 비네사 비주얼을 초반에 배치해 RPG 팬덤 시선 확보. 고퀄리티 애니메이션으로 캐릭터 소유욕을 자극하며 스킬 콤보 시리즈로 소재 확장 가능.
260406_VID_A-Character-Combat01A-UA_V_1080x1920_EN;https://www.youtube.com/watch?v=tHmXhOKu33A,YouTube 동영상,HQ_HQ_PH_SEA-EN_GA_NU_AD_ACA-PU_260430,M_1844_INTEREST_GENRE_ALL_NONE_260430_2,2026-05-02,1,KRW,1287,229,5,0,VID,세로형,2026-04-06,A,Character,Combat01A,EN;https://www,260406_VID_A-Character-Combat01A-UA_V_1080x1920_EN,A-Character-Combat01A-UA,https://www.youtube.com/watch?v=tHmXhOKu33A,"비주얼 임팩트, 캐릭터/유닛 외형",긴박함,TRUE,,없음,"VINESSA, A DARK WIZARD WHO DOMINATES THE FIELD, SOPHIA, REMOVES ALL DEBUFFS! THE KEY TO SURVIVAL, BERNETA, A SYNERGY DEALER THAT PERFECTS YOUR TEAM, PLAY FOR FREE","아트 퀄리티, 캐릭터, 수집형RPG, 전략성",용병 모집,스킬 컷신 연출,마그 탐험대,"Vinessa, Sophia, Berneta",렐릭 탐험 어드벤처,캐릭터별 스킬 특징 강조,전투 및 액션,"텍스트 오버레이, 클로즈업 및 줌",자연/야외 미학,"도전과 승부욕, 수집욕/소유욕","인간형 영웅, SD/치비 캐릭터, 성장 지표","2.5D 입체 그래픽, 2D 일러스트",숏폼 최적화 세로 분할 화면으로 캐릭터와 전투 연출 강조. 한 손 플레이 선호 심리를 공략하여 틱톡 및 릴스 내 높은 조회수 확보 기대.
260406_VID_A-Character-Combat01B-UA_L_1920x1080_EN;https://www.youtube.com/watch?v=d4rVTfnnYhg,YouTube 동영상,HQ_HQ_PH_SEA-EN_GA_NU_AD_ACA-PU_260430,M_1844_INTEREST_GENRE_ALL_NONE_260430_2,2026-05-02,15,KRW,32504,"6,632",161,0,VID,가로형,2026-04-06,A,Character,Combat01B,EN;https://www,260406_VID_A-Character-Combat01B-UA_L_1920x1080_EN,A-Character-Combat01B-UA,https://www.youtube.com/watch?v=d4rVTfnnYhg,"비주얼 임팩트, 캐릭터/유닛 외형",긴박함,TRUE,,없음,"HUGO, An indomitable warrior..., MONAD, A sage who devastates..., KARBEL, A fiery dealer..., PLAY FOR FREE","전략성, 아트 퀄리티",용병 모집,8인 실시간 전투,마그 탐험대,"Hugo, Monad, Karbel",히어로 수집 육성,,전투 및 액션,"텍스트 오버레이, 클로즈업 및 줌",자연/야외 미학,"도전과 승부욕, 수집욕/소유욕","인간형 영웅, SD/치비 캐릭터, 성장 지표","2.5D 입체 그래픽, 2D 일러스트",16:9 뷰로 넓은 전장과 스킬 강조. 화려한 연출로 타격감 선호 유저 공략. 전투 선호층 대상 높은 전환율 기대.
260406_VID_A-Character-Combat01B-UA_S_1080x1080_EN;https://www.youtube.com/watch?v=tcTIYuJi7pM,YouTube 동영상,HQ_HQ_PH_SEA-EN_GA_NU_AD_ACA-PU_260430,M_1844_INTEREST_GENRE_ALL_NONE_260430_2,2026-05-02,1,KRW,604,99,1,0,VID,정방형,2026-04-06,A,Character,Combat01B,EN;https://www,260406_VID_A-Character-Combat01B-UA_S_1080x1080_EN,A-Character-Combat01B-UA,https://www.youtube.com/watch?v=tcTIYuJi7pM,"비주얼 임팩트, 캐릭터/유닛 외형",긴박함,TRUE,,없음,"HUGO, An indomitable warrior..., MONAD, A sage who devastates..., KARBEL, A fiery dealer..., PLAY FOR FREE","전략성, 아트 퀄리티",용병 모집,8인 실시간 전투,마그 탐험대,"Hugo, Monad, Karbel",히어로 수집 육성,,전투 및 액션,"텍스트 오버레이, 클로즈업 및 줌",자연/야외 미학,"도전과 승부욕, 수집욕/소유욕","인간형 영웅, SD/치비 캐릭터, 성장 지표","2.5D 입체 그래픽, 2D 일러스트",소피아의 생존 및 지원 능력과 팀 시너지를 강조해 전략적 유저 공략. 비네사 소재 A/B 테스트로 타겟별 선호 캐릭터 최적화 및 성과 확장 도모.
260406_VID_A-Character-Combat01B-UA_V_1080x1920_EN;https://www.youtube.com/watch?v=rrd-TGZqEqc,YouTube 동영상,HQ_HQ_PH_SEA-EN_GA_NU_AD_ACA-PU_260430,M_1844_INTEREST_GENRE_ALL_NONE_260430_2,2026-05-02,7,KRW,20195,"5,406",48,0,VID,세로형,2026-04-06,A,Character,Combat01B,EN;https://www,260406_VID_A-Character-Combat01B-UA_V_1080x1920_EN,A-Character-Combat01B-UA,https://www.youtube.com/watch?v=rrd-TGZqEqc,"비주얼 임팩트, 캐릭터/유닛 외형",긴박함,TRUE,,없음,"HUGO, An indomitable warrior..., MONAD, A sage who devastates..., KARBEL, A fiery dealer..., PLAY FOR FREE","전략성, 아트 퀄리티",용병 모집,8인 실시간 전투,마그 탐험대,"Hugo, Monad, Karbel",히어로 수집 육성,,전투 및 액션,"텍스트 오버레이, 클로즈업 및 줌",자연/야외 미학,"도전과 승부욕, 수집욕/소유욕","인간형 영웅, SD/치비 캐릭터, 성장 지표","2.5D 입체 그래픽, 2D 일러스트",직관적인 탱딜힐 구성으로 정통 RPG 유저의 파티 니즈 충족. 역할군 조합의 재미를 텍스트로 보강하여 효율 극대화 기대.
260406_VID_A-Charater-Collection01B-UA_L_1920x1080_EN;https://www.youtube.com/watch?v=rRGCh1x6a6M,YouTube 동영상,HQ_HQ_PH_SEA-EN_GA_NU_AD_ACA-PU_260430,M_1844_INTEREST_GENRE_ALL_NONE_260430_2,2026-05-02,7,KRW,4633,"1,385",16,0,VID,가로형,2026-04-06,A,Charater,Collection01B,EN;https://www,260406_VID_A-Charater-Collection01B-UA_L_1920x1080_EN,A-Charater-Collection01B-UA,https://www.youtube.com/watch?v=rRGCh1x6a6M,"질문/선택형, 캐릭터/유닛 외형",경쾌함,TRUE,,없음,"CHOOSE YOUR HERO, HUGO, PLAY FOR FREE","아트 퀄리티, 전략성",용병 모집,DIY 픽업 시스템,마그 탐험대,Hugo,히어로 수집 육성,,수집 및 도감,"텍스트 오버레이, 클로즈업 및 줌",심플/클린 UI,"수집욕/소유욕, 만족과 성취감","인간형 영웅, SD/치비 캐릭터","2.5D 입체 그래픽, 2D 일러스트","그리드 UI로 풍부한 캐릭터 풀을 어필해 수집 욕구를 자극하며, 캐릭터 강조 엔드카드를 통해 높은 잔존율을 확보합니다."
260406_VID_A-Charater-Collection01B-UA_V_1080x1920_EN;https://www.youtube.com/watch?v=u5diHTUsSOs,YouTube 동영상,HQ_HQ_PH_SEA-EN_GA_NU_AD_ACA-PU_260430,M_1844_INTEREST_GENRE_ALL_NONE_260430_2,2026-05-02,0,KRW,282,136,0,0,VID,세로형,2026-04-06,A,Charater,Collection01B,EN;https://www,260406_VID_A-Charater-Collection01B-UA_V_1080x1920_EN,A-Charater-Collection01B-UA,https://www.youtube.com/watch?v=u5diHTUsSOs,"질문/선택형, 캐릭터/유닛 외형",경쾌함,TRUE,,없음,"CHOOSE YOUR HERO, HUGO, PLAY FOR FREE","아트 퀄리티, 전략성",용병 모집,DIY 픽업 시스템,마그 탐험대,Hugo,히어로 수집 육성,캐릭터 픽(Pick) 연출,수집 및 도감,"텍스트 오버레이, 클로즈업 및 줌",심플/클린 UI,"수집욕/소유욕, 만족과 성취감","인간형 영웅, SD/치비 캐릭터","2.5D 입체 그래픽, 2D 일러스트",직접 영웅을 선택하는 인터랙티브 경험으로 기대감 부여. 다양한 영웅 노출을 통해 유저 취향을 공략하고 반복적인 참여 유도.
260406_VID_A-Hooking-Reward02A-FK_L_1920x1080_EN;https://www.youtube.com/watch?v=oRlzfGbT3xY,YouTube 동영상,HQ_HQ_PH_SEA-EN_GA_NU_AD_ACA-PU_260430,M_1844_INTEREST_GENRE_ALL_NONE_260430_2,2026-05-02,8,KRW,33101,"3,639",47,0,VID,가로형,2026-04-06,A,Hooking,Reward02A,EN;https://www,260406_VID_A-Hooking-Reward02A-FK_L_1920x1080_EN,A-Hooking-Reward02A-FK,https://www.youtube.com/watch?v=oRlzfGbT3xY,"실패/분노 유도, 압도적 보상",긴박함,TRUE,,없음,"Tap here to save him!, Help me!, HELP KARBEL CLEAR, Claim your SR character and rewards worth $100!, PLAY FOR FREE",보상,용병 모집,우호도 시스템,마그 탐험대,카르벨(Karbel),히어로 수집 육성,페이크 플레이(구출 미니게임) 형식 활용,퍼즐 및 논리,"손가락 지시선, 텍스트 오버레이",자연/야외 미학,"도전과 승부욕, 만족과 성취감","SD/치비 캐릭터, 재화/보물상자",2D 일러스트,구출 미니게임 방식을 활용해 시청자 이탈을 방지하고 즉각적인 행동을 유도합니다. 대량의 재화 보상으로 성취감을 자극하여 저단가 트래픽 확보 및 높은 클릭률을 공략합니다.
260406_VID_A-Hooking-Reward02A-FK_S_1080x1080_EN;https://www.youtube.com/watch?v=EgLwtP8WjE4,YouTube 동영상,HQ_HQ_PH_SEA-EN_GA_NU_AD_ACA-PU_260430,M_1844_INTEREST_GENRE_ALL_NONE_260430_2,2026-05-02,0,KRW,1194,125,1,0,VID,정방형,2026-04-06,A,Hooking,Reward02A,EN;https://www,260406_VID_A-Hooking-Reward02A-FK_S_1080x1080_EN,A-Hooking-Reward02A-FK,https://www.youtube.com/watch?v=EgLwtP8WjE4,"실패/분노 유도, 압도적 보상",긴박함,TRUE,,없음,"Tap here to save him!, Help me!, HELP KARBEL CLEAR, Claim your SR character and rewards worth $100!, PLAY FOR FREE",보상,용병 모집,우호도 시스템,마그 탐험대,카르벨(Karbel),히어로 수집 육성,페이크 플레이(구출 미니게임) 형식 활용,퍼즐 및 논리,"손가락 지시선, 텍스트 오버레이",자연/야외 미학,"도전과 승부욕, 만족과 성취감","SD/치비 캐릭터, 재화/보물상자",2D 일러스트,위기 상황 미션과 100달러 보상으로 유저 참여 및 전환 유도. 쉬운 조작성 강조로 진입 장벽을 낮춰 대량 유입용 런칭 소재로 적합.
260406_VID_A-Hooking-Reward02A-FK_V_1080x1920_EN;https://www.youtube.com/watch?v=b7LsalWUDvQ,YouTube 동영상,HQ_HQ_PH_SEA-EN_GA_NU_AD_ACA-PU_260430,M_1844_INTEREST_GENRE_ALL_NONE_260430_2,2026-05-02,0,KRW,157,92,1,0,VID,세로형,2026-04-06,A,Hooking,Reward02A,EN;https://www,260406_VID_A-Hooking-Reward02A-FK_V_1080x1920_EN,A-Hooking-Reward02A-FK,https://www.youtube.com/watch?v=b7LsalWUDvQ,"실패/분노 유도, 압도적 보상",긴박함,TRUE,,없음,"Tap here to save him!, Help me!, HELP KARBEL CLEAR, Claim your SR character and rewards worth $100!, PLAY FOR FREE",보상,용병 모집,우호도 시스템,마그 탐험대,카르벨(Karbel),히어로 수집 육성,페이크 플레이(구출 미니게임) 형식 활용,퍼즐 및 논리,"손가락 지시선, 텍스트 오버레이",자연/야외 미학,"도전과 승부욕, 만족과 성취감","SD/치비 캐릭터, 재화/보물상자",2D 일러스트,9:16 세로형 구조로 터치 인터랙션을 극대화하고 FOMO를 자극해 시청 완료율을 높입니다. 캐릭터 활용 및 실패 연출의 A/B 테스트 확장을 제안합니다.
260406_VID_A-Hooking-Reward03A-UA_L_1920x1080_EN;https://www.youtube.com/watch?v=XUrzh1Qrk5w,YouTube 동영상,HQ_HQ_PH_SEA-EN_GA_NU_AD_ACA-PU_260430,M_1844_INTEREST_GENRE_ALL_NONE_260430_2,2026-05-02,3,KRW,18136,"3,618",51,0,VID,가로형,2026-04-06,A,Hooking,Reward03A,EN;https://www,260406_VID_A-Hooking-Reward03A-UA_L_1920x1080_EN,A-Hooking-Reward03A-UA,https://www.youtube.com/watch?v=XUrzh1Qrk5w,"압도적 보상, 실패/분노 유도",경쾌함,TRUE,,없음,"WARNING Skip and you will lose your $100 rewards, Tap within 5 Seconds, SR, PLAY FOR FREE!, Claim your SR character and rewards worth $100!",보상,용병 모집,,마그 탐험대,Karbel,히어로 수집 육성,$100 가치 혜택 강조,수집 및 도감,"손가락 지시선, 텍스트 오버레이",심플/클린 UI,"만족과 성취감, 수집욕/소유욕","재화/보물상자, SD/치비 캐릭터","2D 일러스트, 2.5D 입체 그래픽","가로 화면을 활용한 화려한 연출로 시각적 몰입감을 높이고, 보상 상실에 대한 FOMO 심리를 자극하여 가로형 매체 타겟 광고 효율을 극대화함."
260406_VID_A-Hooking-Reward03A-UA_S_1080x1080_EN;https://www.youtube.com/watch?v=VGJB5tDWops,YouTube 동영상,HQ_HQ_PH_SEA-EN_GA_NU_AD_ACA-PU_260430,M_1844_INTEREST_GENRE_ALL_NONE_260430_2,2026-05-02,1,KRW,2459,"1,055",6,0,VID,정방형,2026-04-06,A,Hooking,Reward03A,EN;https://www,260406_VID_A-Hooking-Reward03A-UA_S_1080x1080_EN,A-Hooking-Reward03A-UA,https://www.youtube.com/watch?v=VGJB5tDWops,"압도적 보상, 실패/분노 유도",경쾌함,TRUE,,없음,"WARNING Skip and you will lose your $100 rewards, Tap within 5 Seconds, SR, PLAY FOR FREE!, Claim your SR character and rewards worth $100!",보상,용병 모집,,마그 탐험대,Karbel,히어로 수집 육성,$100 가치 혜택 강조,수집 및 도감,"손가락 지시선, 텍스트 오버레이",심플/클린 UI,"만족과 성취감, 수집욕/소유욕","재화/보물상자, SD/치비 캐릭터","2D 일러스트, 2.5D 입체 그래픽",부정적 후킹과 시간 제한으로 클릭 유도. $100 가치 및 SR 확정으로 수익 구체화. 높은 CVR 예상되며 보상 변주를 통한 라이브 옵스 제안.
260406_VID_A-Hooking-Reward03A-UA_V_1080x1920_EN;https://www.youtube.com/watch?v=jA_HAiz95x4,YouTube 동영상,HQ_HQ_PH_SEA-EN_GA_NU_AD_ACA-PU_260430,M_1844_INTEREST_GENRE_ALL_NONE_260430_2,2026-05-02,3,KRW,3497,260,2,0,VID,세로형,2026-04-06,A,Hooking,Reward03A,EN;https://www,260406_VID_A-Hooking-Reward03A-UA_V_1080x1920_EN,A-Hooking-Reward03A-UA,https://www.youtube.com/watch?v=jA_HAiz95x4,"압도적 보상, 실패/분노 유도",경쾌함,TRUE,,없음,"WARNING Skip and you will lose your $100 rewards, Tap within 5 Seconds, SR, PLAY FOR FREE!, Claim your SR character and rewards worth $100!",보상,용병 모집,,마그 탐험대,Karbel,히어로 수집 육성,$100 가치 혜택 강조,수집 및 도감,"손가락 지시선, 텍스트 오버레이",심플/클린 UI,"만족과 성취감, 수집욕/소유욕","재화/보물상자, SD/치비 캐릭터","2D 일러스트, 2.5D 입체 그래픽",도발적 문구와 타이머로 이탈을 방지하고 FOMO 심리를 자극함. 보상형 인벤토리 활용을 통해 UA 매체에서 압도적 전환율 달성 기대.
260406_VID_A-Mob-Adventure01A-UA_L_1920x1080_EN;https://www.youtube.com/watch?v=hVmkPdIsz70,YouTube 동영상,HQ_HQ_PH_SEA-EN_GA_NU_AD_ACA-PU_260430,M_1844_INTEREST_GENRE_ALL_NONE_260430_2,2026-05-02,0,KRW,469,167,2,0,VID,가로형,2026-04-06,A,Mob,Adventure01A,EN;https://www,260406_VID_A-Mob-Adventure01A-UA_L_1920x1080_EN,A-Mob-Adventure01A-UA,https://www.youtube.com/watch?v=hVmkPdIsz70,"비주얼 임팩트, 성장 비포애프터",긴박함,TRUE,,없음,"WARNING, GOBLINS INCOMING!, Goblins? Easy! Level UP! UP!, Power Boost! BOOM! BOOM!, Strategic deployment!, Get ready for BATTLE!","편의성, 전략성",AFK 기능,8인 실시간 전투,고블린,카르벨,렐릭 탐험 어드벤처,스마트폰 UI 팝업 연출,"시뮬레이션 및 관리, 장애물 및 도전","텍스트 오버레이, 클로즈업 및 줌",자연/야외 미학,"도전과 승부욕, 만족과 성취감","SD/치비 캐릭터, 성장 지표, 군단/대규모 유닛",2.5D 입체 그래픽,16:9 화면 대비로 대규모 전투와 모바일 최적화 강조. 방치형 육성 선호 유저 타겟으로 핵심 시스템 소구 및 브랜딩·퍼포먼스 효율 기대.
260406_VID_A-Mob-Adventure01A-UA_S_1080x1080_EN;https://www.youtube.com/watch?v=LMKl0g6yRJU,YouTube 동영상,HQ_HQ_PH_SEA-EN_GA_NU_AD_ACA-PU_260430,M_1844_INTEREST_GENRE_ALL_NONE_260430_2,2026-05-02,1,KRW,604,82,1,0,VID,정방형,2026-04-06,A,Mob,Adventure01A,EN;https://www,260406_VID_A-Mob-Adventure01A-UA_S_1080x1080_EN,A-Mob-Adventure01A-UA,https://www.youtube.com/watch?v=LMKl0g6yRJU,"비주얼 임팩트, 성장 비포애프터",긴박함,TRUE,,없음,"WARNING, GOBLINS INCOMING!, Goblins? Easy! Level UP! UP!, Power Boost! BOOM! BOOM!, Strategic deployment!, Get ready for BATTLE!","편의성, 전략성",AFK 기능,8인 실시간 전투,고블린,카르벨,렐릭 탐험 어드벤처,스마트폰 UI 팝업 연출,"시뮬레이션 및 관리, 장애물 및 도전","텍스트 오버레이, 클로즈업 및 줌",자연/야외 미학,"도전과 승부욕, 참여와 임장감","SD/치비 캐릭터, 성장 지표, 군단/대규모 유닛",2.5D 입체 그래픽,경고 연출로 몰입도를 높이고 쉬운 성장을 강조해 진입 장벽 완화. 대규모 레이드 소재 확장을 통한 중장기 성과 기대.
260406_VID_A-Mob-Adventure01A-UA_V_1080x1920_EN;https://www.youtube.com/watch?v=nIYkYZ-JFj0,YouTube 동영상,HQ_HQ_PH_SEA-EN_GA_NU_AD_ACA-PU_260430,M_1844_INTEREST_GENRE_ALL_NONE_260430_2,2026-05-02,1,KRW,1028,718,4,0,VID,세로형,2026-04-06,A,Mob,Adventure01A,EN;https://www,260406_VID_A-Mob-Adventure01A-UA_V_1080x1920_EN,A-Mob-Adventure01A-UA,https://www.youtube.com/watch?v=nIYkYZ-JFj0,"비주얼 임팩트, 성장 비포애프터",긴박함,TRUE,,없음,"WARNING, GOBLINS INCOMING!, Goblins? Easy! Level UP! UP!, Power Boost! BOOM! BOOM!, Strategic deployment!, Get ready for BATTLE!","편의성, 전략성",AFK 기능,8인 실시간 전투,고블린,카르벨,렐릭 탐험 어드벤처,스마트폰 UI 팝업 연출,"시뮬레이션 및 관리, 장애물 및 도전","텍스트 오버레이, 클로즈업 및 줌",자연/야외 미학,"도전과 승부욕, 만족과 성취감","SD/치비 캐릭터, 성장 지표, 군단/대규모 유닛",2.5D 입체 그래픽,세로형 피드 최적화 UI와 마을 습격 반전 연출로 이탈 방지. 직관적 레벨업과 전략적 배치 중심의 성장 쾌감을 자극해 숏폼 환경 내 높은 시청 유지율 및 전환율 기대.
Cute but Powerful Squad,광고 제목,HQ_HQ_PH_US-EN_GA_NU_AD_ACi_260430,M_1844_INTEREST_GENRE_ALL_NONE_260430_3,2026-05-03,3,KRW,6550,596,10,0,TXT,,,,,,,,,,,,,,,,,,,,,,,,,,,,,
Let’s Hunt for Treasure!,광고 제목,HQ_HQ_PH_US-EN_GA_NU_AD_ACi_260430,M_1844_INTEREST_GENRE_ALL_NONE_260430_3,2026-05-03,3,KRW,10224,239,8,0,TXT,,,,,,,,,,,,,,,,,,,,,,,,,,,,,
Pepp Heroes,광고 제목,HQ_HQ_PH_US-EN_GA_NU_AD_ACi_260430,M_1844_INTEREST_GENRE_ALL_NONE_260430_3,2026-05-03,1,KRW,2542,213,7,0,TXT,,,,,,,,,,,,,,,,,,,,,,,,,,,,,
Play for Free,광고 제목,HQ_HQ_PH_US-EN_GA_NU_AD_ACi_260430,M_1844_INTEREST_GENRE_ALL_NONE_260430_3,2026-05-03,5,KRW,10940,582,14,0,TXT,,,,,,,,,,,,,,,,,,,,,,,,,,,,,
"Your RPG, In Your Hands",광고 제목,HQ_HQ_PH_US-EN_GA_NU_AD_ACi_260430,M_1844_INTEREST_GENRE_ALL_NONE_260430_3,2026-05-03,2,KRW,2080,237,3,0,TXT,,,,,,,,,,,,,,,,,,,,,,,,,,,,,
Adorable Yet Powerful! Collect Heroes With Diverse Charms,설명,HQ_HQ_PH_US-EN_GA_NU_AD_ACi_260430,M_1844_INTEREST_GENRE_ALL_NONE_260430_3,2026-05-03,6,KRW,14420,504,16,0,TXT,,,,,,,,,,,,,,,,,,,,,,,,,,,,,
Clock Out and Start Your Treasure Hunt!,설명,HQ_HQ_PH_US-EN_GA_NU_AD_ACi_260430,M_1844_INTEREST_GENRE_ALL_NONE_260430_3,2026-05-03,9,KRW,12419,559,20,0,TXT,,,,,,,,,,,,,,,,,,,,,,,,,,,,,
Get Rewards Worth $100! Play Now!,설명,HQ_HQ_PH_US-EN_GA_NU_AD_ACi_260430,M_1844_INTEREST_GENRE_ALL_NONE_260430_3,2026-05-03,4,KRW,9451,713,11,0,TXT,,,,,,,,,,,,,,,,,,,,,,,,,,,,,
Strategic Battles With Heroes Full of Personality! Win With Your Own Squad,설명,HQ_HQ_PH_US-EN_GA_NU_AD_ACi_260430,M_1844_INTEREST_GENRE_ALL_NONE_260430_3,2026-05-03,3,KRW,7211,570,10,0,TXT,,,,,,,,,,,,,,,,,,,,,,,,,,,,,
Unique Hero Skills and Synergies! The Collectible RPG of Endless Team Combinations,설명,HQ_HQ_PH_US-EN_GA_NU_AD_ACi_260430,M_1844_INTEREST_GENRE_ALL_NONE_260430_3,2026-05-03,4,KRW,7678,682,14,0,TXT,,,,,,,,,,,,,,,,,,,,,,,,,,,,,
260429_BNR_A-AI-Defeatmonster01A-DA_L_1200x628_EN.png;https://tpc.googlesyndication.com/simgad/5874425896871501801,가로형 이미지,HQ_HQ_PH_US-EN_GA_NU_AD_ACi_260430,M_1844_INTEREST_GENRE_ALL_NONE_260430_3,2026-05-03,3,KRW,12675,703,32,0,BNR,가로형,2026-04-29,A,AI,Defeatmonster01A,EN,260429_BNR_A-AI-Defeatmonster01A-DA_L_1200x628_EN,A-AI-Defeatmonster01A-DA,https://tpc.googlesyndication.com/simgad/5874425896871501801,비주얼 임팩트,웅장함,,,,,아트 퀄리티,영지 빌딩,8인 실시간 전투,마그 탐험대,,어드벤처,,탐험 및 발견,클로즈업 및 줌,자연/야외 미학,만족과 성취감,인간형 영웅,2D 일러스트,성취감 테마를 통해 기존 RPG 유저의 도전 욕구를 충족시키며 클릭을 유도함.
260429_BNR_A-AI-Defeatmonster01A-DA_S_1200x1200_EN.png;https://tpc.googlesyndication.com/simgad/17279094099779978431,가로형 이미지,HQ_HQ_PH_US-EN_GA_NU_AD_ACi_260430,M_1844_INTEREST_GENRE_ALL_NONE_260430_3,2026-05-03,1,KRW,1024,69,1,0,BNR,정방형,2026-04-29,A,AI,Defeatmonster01A,EN,260429_BNR_A-AI-Defeatmonster01A-DA_S_1200x1200_EN,A-AI-Defeatmonster01A-DA,https://tpc.googlesyndication.com/simgad/17279094099779978431,비주얼 임팩트,웅장함,,,,,아트 퀄리티,영지 빌딩,8인 실시간 전투,마그 탐험대,,어드벤처,,탐험 및 발견,클로즈업 및 줌,자연/야외 미학,만족과 성취감,인간형 영웅,2D 일러스트,성취감 테마를 통해 기존 RPG 유저의 도전 욕구를 충족시키며 클릭을 유도함.
260429_BNR_A-AI-Defeatmonster01A-DA_V_1200x1500_EN.png;https://tpc.googlesyndication.com/simgad/15179255730540632041,가로형 이미지,HQ_HQ_PH_US-EN_GA_NU_AD_ACi_260430,M_1844_INTEREST_GENRE_ALL_NONE_260430_3,2026-05-03,0,KRW,439,9,1,0,BNR,세로형,2026-04-29,A,AI,Defeatmonster01A,EN,260429_BNR_A-AI-Defeatmonster01A-DA_V_1200x1500_EN,A-AI-Defeatmonster01A-DA,https://tpc.googlesyndication.com/simgad/15179255730540632041,비주얼 임팩트,웅장함,,,,,아트 퀄리티,영지 빌딩,8인 실시간 전투,마그 탐험대,,어드벤처,,탐험 및 발견,클로즈업 및 줌,자연/야외 미학,만족과 성취감,인간형 영웅,2D 일러스트,성취감 테마를 통해 기존 RPG 유저의 도전 욕구를 충족시키며 클릭을 유도함.
260429_BNR_A-AI-Favoritehero01A-DA_L_1200x628_EN.png;https://tpc.googlesyndication.com/simgad/1998466068806704912,가로형 이미지,HQ_HQ_PH_US-EN_GA_NU_AD_ACi_260430,M_1844_INTEREST_GENRE_ALL_NONE_260430_3,2026-05-03,0,KRW,3,7,0,0,BNR,가로형,2026-04-29,A,AI,Favoritehero01A,EN,260429_BNR_A-AI-Favoritehero01A-DA_L_1200x628_EN,A-AI-Favoritehero01A-DA,https://tpc.googlesyndication.com/simgad/1998466068806704912,"질문/선택형, 캐릭터/유닛 외형",경쾌함,,,,"Who is your favorite hero?, VS, PLAY FOR FREE",아트 퀄리티,용병 모집,DIY 픽업 시스템,마그 탐험대,샤일린,히어로 수집 육성,,수집 및 도감,"분할 화면, 텍스트 오버레이",자연/야외 미학,수집욕/소유욕,"인간형 영웅, SD/치비 캐릭터",2D 일러스트,대조되는 속성의 캐릭터를 배치한 질문형 카피로 유저의 취향과 수집욕을 자극함.
260429_BNR_A-AI-Favoritehero01A-DA_S_1200x1200_EN.png;https://tpc.googlesyndication.com/simgad/5513864076699612430,가로형 이미지,HQ_HQ_PH_US-EN_GA_NU_AD_ACi_260430,M_1844_INTEREST_GENRE_ALL_NONE_260430_3,2026-05-03,0,KRW,519,78,1,0,BNR,정방형,2026-04-29,A,AI,Favoritehero01A,EN,260429_BNR_A-AI-Favoritehero01A-DA_S_1200x1200_EN,A-AI-Favoritehero01A-DA,https://tpc.googlesyndication.com/simgad/5513864076699612430,"질문/선택형, 캐릭터/유닛 외형",경쾌함,,,,"Who is your favorite hero?, VS, PLAY FOR FREE",아트 퀄리티,용병 모집,DIY 픽업 시스템,마그 탐험대,샤일린,히어로 수집 육성,,수집 및 도감,"분할 화면, 텍스트 오버레이",자연/야외 미학,수집욕/소유욕,"인간형 영웅, SD/치비 캐릭터",2D 일러스트,대조되는 속성의 캐릭터를 배치한 질문형 카피로 유저의 취향과 수집욕을 자극함.
260429_BNR_A-AI-Favoritehero01A-DA_V_1200x1500_EN.png;https://tpc.googlesyndication.com/simgad/14656330935303652945,가로형 이미지,HQ_HQ_PH_US-EN_GA_NU_AD_ACi_260430,M_1844_INTEREST_GENRE_ALL_NONE_260430_3,2026-05-03,0,KRW,539,9,1,0,BNR,세로형,2026-04-29,A,AI,Favoritehero01A,EN,260429_BNR_A-AI-Favoritehero01A-DA_V_1200x1500_EN,A-AI-Favoritehero01A-DA,https://tpc.googlesyndication.com/simgad/14656330935303652945,"질문/선택형, 캐릭터/유닛 외형",경쾌함,,,,"Who is your favorite hero?, VS, PLAY FOR FREE",아트 퀄리티,용병 모집,DIY 픽업 시스템,마그 탐험대,샤일린,히어로 수집 육성,,수집 및 도감,"분할 화면, 텍스트 오버레이",자연/야외 미학,수집욕/소유욕,"인간형 영웅, SD/치비 캐릭터",2D 일러스트,대조되는 속성의 캐릭터를 배치한 질문형 카피로 유저의 취향과 수집욕을 자극함.
260429_BNR_A-AI-Favoritehero01B-DA_L_1200x628_EN.png;https://tpc.googlesyndication.com/simgad/13430850387343170645,가로형 이미지,HQ_HQ_PH_US-EN_GA_NU_AD_ACi_260430,M_1844_INTEREST_GENRE_ALL_NONE_260430_3,2026-05-03,0,KRW,9,65,0,0,BNR,가로형,2026-04-29,A,AI,Favoritehero01B,EN,260429_BNR_A-AI-Favoritehero01B-DA_L_1200x628_EN,A-AI-Favoritehero01B-DA,https://tpc.googlesyndication.com/simgad/13430850387343170645,"질문/선택형, 캐릭터/유닛 외형",,,,,"Who is your favorite hero?, VS, PLAY FOR FREE",아트 퀄리티,용병 모집,DIY 픽업 시스템,마그 탐험대,카르벨,히어로 수집 육성,,수집 및 도감,"분할 화면, 텍스트 오버레이",던전/신전,수집욕/소유욕,인간형 영웅,2D 일러스트,대조되는 속성의 캐릭터를 배치한 질문형 카피로 유저의 취향과 수집욕을 자극함.
260429_BNR_A-AI-Favoritehero01B-DA_S_1200x1200_EN.png;https://tpc.googlesyndication.com/simgad/4869773213661551192,가로형 이미지,HQ_HQ_PH_US-EN_GA_NU_AD_ACi_260430,M_1844_INTEREST_GENRE_ALL_NONE_260430_3,2026-05-03,0,KRW,0,43,0,0,BNR,정방형,2026-04-29,A,AI,Favoritehero01B,EN,260429_BNR_A-AI-Favoritehero01B-DA_S_1200x1200_EN,A-AI-Favoritehero01B-DA,https://tpc.googlesyndication.com/simgad/4869773213661551192,"질문/선택형, 캐릭터/유닛 외형",,,,,"Who is your favorite hero?, VS, PLAY FOR FREE",아트 퀄리티,용병 모집,DIY 픽업 시스템,마그 탐험대,카르벨,히어로 수집 육성,,수집 및 도감,"분할 화면, 텍스트 오버레이",던전/신전,수집욕/소유욕,인간형 영웅,2D 일러스트,대조되는 속성의 캐릭터를 배치한 질문형 카피로 유저의 취향과 수집욕을 자극함.
260429_BNR_A-AI-Favoritehero01B-DA_V_1200x1500_EN.png;https://tpc.googlesyndication.com/simgad/3790660926335306230,가로형 이미지,HQ_HQ_PH_US-EN_GA_NU_AD_ACi_260430,M_1844_INTEREST_GENRE_ALL_NONE_260430_3,2026-05-03,0,KRW,1485,50,4,0,BNR,세로형,2026-04-29,A,AI,Favoritehero01B,EN,260429_BNR_A-AI-Favoritehero01B-DA_V_1200x1500_EN,A-AI-Favoritehero01B-DA,https://tpc.googlesyndication.com/simgad/3790660926335306230,"질문/선택형, 캐릭터/유닛 외형",,,,,"Who is your favorite hero?, VS, PLAY FOR FREE",아트 퀄리티,용병 모집,DIY 픽업 시스템,마그 탐험대,카르벨,히어로 수집 육성,,수집 및 도감,"분할 화면, 텍스트 오버레이",던전/신전,수집욕/소유욕,인간형 영웅,2D 일러스트,대조되는 속성의 캐릭터를 배치한 질문형 카피로 유저의 취향과 수집욕을 자극함.
260429_BNR_A-AI-Victory01A-DA_L_1200x628_EN.png;https://tpc.googlesyndication.com/simgad/17680799217874309764,가로형 이미지,HQ_HQ_PH_US-EN_GA_NU_AD_ACi_260430,M_1844_INTEREST_GENRE_ALL_NONE_260430_3,2026-05-03,5,KRW,11014,280,17,0,BNR,가로형,2026-04-29,A,AI,Victory01A,EN,260429_BNR_A-AI-Victory01A-DA_L_1200x628_EN,A-AI-Victory01A-DA,https://tpc.googlesyndication.com/simgad/17680799217874309764,"비주얼 임팩트, 압도적 보상",,,,,"VICTORY!, Crush The Monsters With the Top Squad, PLAY FREE","보상, 전략성",스쿼드 전투,보스 레이드,마그 탐험대,카르벨,렐릭 탐험 어드벤처,,"전투 및 액션, 장애물 및 도전",텍스트 오버레이,던전/신전,만족과 성취감,"인간형 영웅, 거대 보스, 재화/보물상자",2D 일러스트,보스 토벌 후 쏟아지는 재화 연출로 성취감을 주고 파티 편성 로망을 자극함.
260429_BNR_A-AI-Victory01A-DA_S_1200x1200_EN.png;https://tpc.googlesyndication.com/simgad/8323476710876020002,가로형 이미지,HQ_HQ_PH_US-EN_GA_NU_AD_ACi_260430,M_1844_INTEREST_GENRE_ALL_NONE_260430_3,2026-05-03,0,KRW,1261,74,4,0,BNR,정방형,2026-04-29,A,AI,Victory01A,EN,260429_BNR_A-AI-Victory01A-DA_S_1200x1200_EN,A-AI-Victory01A-DA,https://tpc.googlesyndication.com/simgad/8323476710876020002,"비주얼 임팩트, 압도적 보상",,,,,"VICTORY!, Crush The Monsters With the Top Squad, PLAY FREE","보상, 전략성",스쿼드 전투,보스 레이드,마그 탐험대,카르벨,렐릭 탐험 어드벤처,,"전투 및 액션, 장애물 및 도전",텍스트 오버레이,던전/신전,만족과 성취감,"인간형 영웅, 거대 보스, 재화/보물상자",2D 일러스트,보스 토벌 후 쏟아지는 재화 연출로 성취감을 주고 파티 편성 로망을 자극함.
260429_BNR_A-AI-Victory01A-DA_V_1200x1500_EN.png;https://tpc.googlesyndication.com/simgad/4104206601493878101,가로형 이미지,HQ_HQ_PH_US-EN_GA_NU_AD_ACi_260430,M_1844_INTEREST_GENRE_ALL_NONE_260430_3,2026-05-03,0,KRW,0,1,0,0,BNR,세로형,2026-04-29,A,AI,Victory01A,EN,260429_BNR_A-AI-Victory01A-DA_V_1200x1500_EN,A-AI-Victory01A-DA,https://tpc.googlesyndication.com/simgad/4104206601493878101,"비주얼 임팩트, 압도적 보상",,,,,"VICTORY!, Crush The Monsters With the Top Squad, PLAY FREE","보상, 전략성",스쿼드 전투,보스 레이드,마그 탐험대,카르벨,렐릭 탐험 어드벤처,,"전투 및 액션, 장애물 및 도전",텍스트 오버레이,던전/신전,만족과 성취감,"인간형 영웅, 거대 보스, 재화/보물상자",2D 일러스트,보스 토벌 후 쏟아지는 재화 연출로 성취감을 주고 파티 편성 로망을 자극함.
260406_VID_A-Character-Collection01B-UA_S_1080x1080_EN;https://www.youtube.com/watch?v=cTfY4JpFc-s,YouTube 동영상,HQ_HQ_PH_US-EN_GA_NU_AD_ACi_260430,M_1844_INTEREST_GENRE_ALL_NONE_260430_3,2026-05-03,3,KRW,5627,154,4,0,VID,정방형,2026-04-06,A,Character,Collection01B,EN;https://www,260406_VID_A-Character-Collection01B-UA_S_1080x1080_EN,A-Character-Collection01B-UA,https://www.youtube.com/watch?v=cTfY4JpFc-s,"질문/선택형, 캐릭터/유닛 외형",경쾌함,TRUE,,없음,"CHOOSE YOUR HERO, HUGO, KARBEL, MONAD","캐릭터, 수집형RPG, 전략성",용병 모집(Gacha),DIY 픽업 시스템,마그 탐험대,"휴고, 카르벨, 모나드",히어로 수집 육성,남성 캐릭터 위주 배치,수집 및 도감,"텍스트 오버레이, 분할 화면",심플/클린 UI,수집욕/소유욕,"SD/치비 캐릭터, 인간형 영웅",2D 일러스트,캐릭터 구성 대조를 통한 타겟 취향별 효율 분석. 탱커 및 딜러 중심 덱 선호 심리 공략하며 캐릭터 조합 변주 소재로 리타겟팅 광고 활용 권장.
260406_VID_A-Character-Combat01A-UA_L_1920x1080_EN;https://www.youtube.com/watch?v=2W7-0AV2mfg,YouTube 동영상,HQ_HQ_PH_US-EN_GA_NU_AD_ACi_260430,M_1844_INTEREST_GENRE_ALL_NONE_260430_3,2026-05-03,2,KRW,3145,133,6,0,VID,가로형,2026-04-06,A,Character,Combat01A,EN;https://www,260406_VID_A-Character-Combat01A-UA_L_1920x1080_EN,A-Character-Combat01A-UA,https://www.youtube.com/watch?v=2W7-0AV2mfg,"비주얼 임팩트, 캐릭터/유닛 외형",긴박함,TRUE,,없음,"VINESSA, A DARK WIZARD WHO DOMINATES THE FIELD, SOPHIA, REMOVES ALL DEBUFFS! THE KEY TO SURVIVAL, BERNETA, A SYNERGY DEALER THAT PERFECTS YOUR TEAM, PLAY FOR FREE","아트 퀄리티, 캐릭터, 수집형RPG, 전략성",용병 모집,스킬 컷신 연출,마그 탐험대,"Vinessa, Sophia, Berneta",렐릭 탐험 어드벤처,캐릭터별 스킬 특징 강조,전투 및 액션,"텍스트 오버레이, 클로즈업 및 줌",자연/야외 미학,"도전과 승부욕, 수집욕/소유욕","인간형 영웅, SD/치비 캐릭터, 성장 지표","2.5D 입체 그래픽, 2D 일러스트",인게임 전투와 일러스트 교차 편집으로 몰입도 극대화. 캐릭터 스킬 및 시너지로 전략적 호기심 자극. 플레이 영상 기반 안정적 CVR 확보 및 캐릭터 속성 대비 변주 제안.
260406_VID_A-Character-Combat01A-UA_S_1080x1080_EN;https://www.youtube.com/watch?v=jnNAzjzUw8o,YouTube 동영상,HQ_HQ_PH_US-EN_GA_NU_AD_ACi_260430,M_1844_INTEREST_GENRE_ALL_NONE_260430_3,2026-05-03,3,KRW,3478,181,10,0,VID,정방형,2026-04-06,A,Character,Combat01A,EN;https://www,260406_VID_A-Character-Combat01A-UA_S_1080x1080_EN,A-Character-Combat01A-UA,https://www.youtube.com/watch?v=jnNAzjzUw8o,"비주얼 임팩트, 캐릭터/유닛 외형",긴박함,TRUE,,없음,"VINESSA, A DARK WIZARD WHO DOMINATES THE FIELD, SOPHIA, REMOVES ALL DEBUFFS! THE KEY TO SURVIVAL, BERNETA, A SYNERGY DEALER THAT PERFECTS YOUR TEAM, PLAY FOR FREE","아트 퀄리티, 캐릭터, 수집형RPG, 전략성",용병 모집,스킬 컷신 연출,마그 탐험대,"Vinessa, Sophia, Berneta",렐릭 탐험 어드벤처,캐릭터별 스킬 특징 강조,전투 및 액션,"텍스트 오버레이, 클로즈업 및 줌",자연/야외 미학,"도전과 승부욕, 수집욕/소유욕","인간형 영웅, SD/치비 캐릭터, 성장 지표","2.5D 입체 그래픽, 2D 일러스트",SSR 비네사 비주얼을 초반에 배치해 RPG 팬덤 시선 확보. 고퀄리티 애니메이션으로 캐릭터 소유욕을 자극하며 스킬 콤보 시리즈로 소재 확장 가능.
260406_VID_A-Character-Combat01A-UA_V_1080x1920_EN;https://www.youtube.com/watch?v=tHmXhOKu33A,YouTube 동영상,HQ_HQ_PH_US-EN_GA_NU_AD_ACi_260430,M_1844_INTEREST_GENRE_ALL_NONE_260430_3,2026-05-03,1,KRW,9580,188,2,0,VID,세로형,2026-04-06,A,Character,Combat01A,EN;https://www,260406_VID_A-Character-Combat01A-UA_V_1080x1920_EN,A-Character-Combat01A-UA,https://www.youtube.com/watch?v=tHmXhOKu33A,"비주얼 임팩트, 캐릭터/유닛 외형",긴박함,TRUE,,없음,"VINESSA, A DARK WIZARD WHO DOMINATES THE FIELD, SOPHIA, REMOVES ALL DEBUFFS! THE KEY TO SURVIVAL, BERNETA, A SYNERGY DEALER THAT PERFECTS YOUR TEAM, PLAY FOR FREE","아트 퀄리티, 캐릭터, 수집형RPG, 전략성",용병 모집,스킬 컷신 연출,마그 탐험대,"Vinessa, Sophia, Berneta",렐릭 탐험 어드벤처,캐릭터별 스킬 특징 강조,전투 및 액션,"텍스트 오버레이, 클로즈업 및 줌",자연/야외 미학,"도전과 승부욕, 수집욕/소유욕","인간형 영웅, SD/치비 캐릭터, 성장 지표","2.5D 입체 그래픽, 2D 일러스트",숏폼 최적화 세로 분할 화면으로 캐릭터와 전투 연출 강조. 한 손 플레이 선호 심리를 공략하여 틱톡 및 릴스 내 높은 조회수 확보 기대.
260406_VID_A-Character-Combat01B-UA_L_1920x1080_EN;https://www.youtube.com/watch?v=d4rVTfnnYhg,YouTube 동영상,HQ_HQ_PH_US-EN_GA_NU_AD_ACi_260430,M_1844_INTEREST_GENRE_ALL_NONE_260430_3,2026-05-03,1,KRW,11121,328,9,0,VID,가로형,2026-04-06,A,Character,Combat01B,EN;https://www,260406_VID_A-Character-Combat01B-UA_L_1920x1080_EN,A-Character-Combat01B-UA,https://www.youtube.com/watch?v=d4rVTfnnYhg,"비주얼 임팩트, 캐릭터/유닛 외형",긴박함,TRUE,,없음,"HUGO, An indomitable warrior..., MONAD, A sage who devastates..., KARBEL, A fiery dealer..., PLAY FOR FREE","전략성, 아트 퀄리티",용병 모집,8인 실시간 전투,마그 탐험대,"Hugo, Monad, Karbel",히어로 수집 육성,,전투 및 액션,"텍스트 오버레이, 클로즈업 및 줌",자연/야외 미학,"도전과 승부욕, 수집욕/소유욕","인간형 영웅, SD/치비 캐릭터, 성장 지표","2.5D 입체 그래픽, 2D 일러스트",16:9 뷰로 넓은 전장과 스킬 강조. 화려한 연출로 타격감 선호 유저 공략. 전투 선호층 대상 높은 전환율 기대.
260406_VID_A-Character-Combat01B-UA_S_1080x1080_EN;https://www.youtube.com/watch?v=tcTIYuJi7pM,YouTube 동영상,HQ_HQ_PH_US-EN_GA_NU_AD_ACi_260430,M_1844_INTEREST_GENRE_ALL_NONE_260430_3,2026-05-03,0,KRW,4091,101,5,0,VID,정방형,2026-04-06,A,Character,Combat01B,EN;https://www,260406_VID_A-Character-Combat01B-UA_S_1080x1080_EN,A-Character-Combat01B-UA,https://www.youtube.com/watch?v=tcTIYuJi7pM,"비주얼 임팩트, 캐릭터/유닛 외형",긴박함,TRUE,,없음,"HUGO, An indomitable warrior..., MONAD, A sage who devastates..., KARBEL, A fiery dealer..., PLAY FOR FREE","전략성, 아트 퀄리티",용병 모집,8인 실시간 전투,마그 탐험대,"Hugo, Monad, Karbel",히어로 수집 육성,,전투 및 액션,"텍스트 오버레이, 클로즈업 및 줌",자연/야외 미학,"도전과 승부욕, 수집욕/소유욕","인간형 영웅, SD/치비 캐릭터, 성장 지표","2.5D 입체 그래픽, 2D 일러스트",소피아의 생존 및 지원 능력과 팀 시너지를 강조해 전략적 유저 공략. 비네사 소재 A/B 테스트로 타겟별 선호 캐릭터 최적화 및 성과 확장 도모.
260406_VID_A-Character-Combat01B-UA_V_1080x1920_EN;https://www.youtube.com/watch?v=rrd-TGZqEqc,YouTube 동영상,HQ_HQ_PH_US-EN_GA_NU_AD_ACi_260430,M_1844_INTEREST_GENRE_ALL_NONE_260430_3,2026-05-03,2,KRW,5265,231,11,0,VID,세로형,2026-04-06,A,Character,Combat01B,EN;https://www,260406_VID_A-Character-Combat01B-UA_V_1080x1920_EN,A-Character-Combat01B-UA,https://www.youtube.com/watch?v=rrd-TGZqEqc,"비주얼 임팩트, 캐릭터/유닛 외형",긴박함,TRUE,,없음,"HUGO, An indomitable warrior..., MONAD, A sage who devastates..., KARBEL, A fiery dealer..., PLAY FOR FREE","전략성, 아트 퀄리티",용병 모집,8인 실시간 전투,마그 탐험대,"Hugo, Monad, Karbel",히어로 수집 육성,,전투 및 액션,"텍스트 오버레이, 클로즈업 및 줌",자연/야외 미학,"도전과 승부욕, 수집욕/소유욕","인간형 영웅, SD/치비 캐릭터, 성장 지표","2.5D 입체 그래픽, 2D 일러스트",직관적인 탱딜힐 구성으로 정통 RPG 유저의 파티 니즈 충족. 역할군 조합의 재미를 텍스트로 보강하여 효율 극대화 기대.
260406_VID_A-Charater-Collection01B-UA_L_1920x1080_EN;https://www.youtube.com/watch?v=rRGCh1x6a6M,YouTube 동영상,HQ_HQ_PH_US-EN_GA_NU_AD_ACi_260430,M_1844_INTEREST_GENRE_ALL_NONE_260430_3,2026-05-03,1,KRW,6104,185,5,0,VID,가로형,2026-04-06,A,Charater,Collection01B,EN;https://www,260406_VID_A-Charater-Collection01B-UA_L_1920x1080_EN,A-Charater-Collection01B-UA,https://www.youtube.com/watch?v=rRGCh1x6a6M,"질문/선택형, 캐릭터/유닛 외형",경쾌함,TRUE,,없음,"CHOOSE YOUR HERO, HUGO, PLAY FOR FREE","아트 퀄리티, 전략성",용병 모집,DIY 픽업 시스템,마그 탐험대,Hugo,히어로 수집 육성,,수집 및 도감,"텍스트 오버레이, 클로즈업 및 줌",심플/클린 UI,"수집욕/소유욕, 만족과 성취감","인간형 영웅, SD/치비 캐릭터","2.5D 입체 그래픽, 2D 일러스트","그리드 UI로 풍부한 캐릭터 풀을 어필해 수집 욕구를 자극하며, 캐릭터 강조 엔드카드를 통해 높은 잔존율을 확보합니다."
260406_VID_A-Charater-Collection01B-UA_V_1080x1920_EN;https://www.youtube.com/watch?v=u5diHTUsSOs,YouTube 동영상,HQ_HQ_PH_US-EN_GA_NU_AD_ACi_260430,M_1844_INTEREST_GENRE_ALL_NONE_260430_3,2026-05-03,1,KRW,13164,200,6,0,VID,세로형,2026-04-06,A,Charater,Collection01B,EN;https://www,260406_VID_A-Charater-Collection01B-UA_V_1080x1920_EN,A-Charater-Collection01B-UA,https://www.youtube.com/watch?v=u5diHTUsSOs,"질문/선택형, 캐릭터/유닛 외형",경쾌함,TRUE,,없음,"CHOOSE YOUR HERO, HUGO, PLAY FOR FREE","아트 퀄리티, 전략성",용병 모집,DIY 픽업 시스템,마그 탐험대,Hugo,히어로 수집 육성,캐릭터 픽(Pick) 연출,수집 및 도감,"텍스트 오버레이, 클로즈업 및 줌",심플/클린 UI,"수집욕/소유욕, 만족과 성취감","인간형 영웅, SD/치비 캐릭터","2.5D 입체 그래픽, 2D 일러스트",직접 영웅을 선택하는 인터랙티브 경험으로 기대감 부여. 다양한 영웅 노출을 통해 유저 취향을 공략하고 반복적인 참여 유도.
260406_VID_A-Hooking-Reward02A-FK_L_1920x1080_EN;https://www.youtube.com/watch?v=oRlzfGbT3xY,YouTube 동영상,HQ_HQ_PH_US-EN_GA_NU_AD_ACi_260430,M_1844_INTEREST_GENRE_ALL_NONE_260430_3,2026-05-03,0,KRW,3654,256,2,0,VID,가로형,2026-04-06,A,Hooking,Reward02A,EN;https://www,260406_VID_A-Hooking-Reward02A-FK_L_1920x1080_EN,A-Hooking-Reward02A-FK,https://www.youtube.com/watch?v=oRlzfGbT3xY,"실패/분노 유도, 압도적 보상",긴박함,TRUE,,없음,"Tap here to save him!, Help me!, HELP KARBEL CLEAR, Claim your SR character and rewards worth $100!, PLAY FOR FREE",보상,용병 모집,우호도 시스템,마그 탐험대,카르벨(Karbel),히어로 수집 육성,페이크 플레이(구출 미니게임) 형식 활용,퍼즐 및 논리,"손가락 지시선, 텍스트 오버레이",자연/야외 미학,"도전과 승부욕, 만족과 성취감","SD/치비 캐릭터, 재화/보물상자",2D 일러스트,구출 미니게임 방식을 활용해 시청자 이탈을 방지하고 즉각적인 행동을 유도합니다. 대량의 재화 보상으로 성취감을 자극하여 저단가 트래픽 확보 및 높은 클릭률을 공략합니다.
260406_VID_A-Hooking-Reward02A-FK_S_1080x1080_EN;https://www.youtube.com/watch?v=EgLwtP8WjE4,YouTube 동영상,HQ_HQ_PH_US-EN_GA_NU_AD_ACi_260430,M_1844_INTEREST_GENRE_ALL_NONE_260430_3,2026-05-03,1,KRW,1087,64,1,0,VID,정방형,2026-04-06,A,Hooking,Reward02A,EN;https://www,260406_VID_A-Hooking-Reward02A-FK_S_1080x1080_EN,A-Hooking-Reward02A-FK,https://www.youtube.com/watch?v=EgLwtP8WjE4,"실패/분노 유도, 압도적 보상",긴박함,TRUE,,없음,"Tap here to save him!, Help me!, HELP KARBEL CLEAR, Claim your SR character and rewards worth $100!, PLAY FOR FREE",보상,용병 모집,우호도 시스템,마그 탐험대,카르벨(Karbel),히어로 수집 육성,페이크 플레이(구출 미니게임) 형식 활용,퍼즐 및 논리,"손가락 지시선, 텍스트 오버레이",자연/야외 미학,"도전과 승부욕, 만족과 성취감","SD/치비 캐릭터, 재화/보물상자",2D 일러스트,위기 상황 미션과 100달러 보상으로 유저 참여 및 전환 유도. 쉬운 조작성 강조로 진입 장벽을 낮춰 대량 유입용 런칭 소재로 적합.
260406_VID_A-Hooking-Reward02A-FK_V_1080x1920_EN;https://www.youtube.com/watch?v=b7LsalWUDvQ,YouTube 동영상,HQ_HQ_PH_US-EN_GA_NU_AD_ACi_260430,M_1844_INTEREST_GENRE_ALL_NONE_260430_3,2026-05-03,1,KRW,961,10,0,0,VID,세로형,2026-04-06,A,Hooking,Reward02A,EN;https://www,260406_VID_A-Hooking-Reward02A-FK_V_1080x1920_EN,A-Hooking-Reward02A-FK,https://www.youtube.com/watch?v=b7LsalWUDvQ,"실패/분노 유도, 압도적 보상",긴박함,TRUE,,없음,"Tap here to save him!, Help me!, HELP KARBEL CLEAR, Claim your SR character and rewards worth $100!, PLAY FOR FREE",보상,용병 모집,우호도 시스템,마그 탐험대,카르벨(Karbel),히어로 수집 육성,페이크 플레이(구출 미니게임) 형식 활용,퍼즐 및 논리,"손가락 지시선, 텍스트 오버레이",자연/야외 미학,"도전과 승부욕, 만족과 성취감","SD/치비 캐릭터, 재화/보물상자",2D 일러스트,9:16 세로형 구조로 터치 인터랙션을 극대화하고 FOMO를 자극해 시청 완료율을 높입니다. 캐릭터 활용 및 실패 연출의 A/B 테스트 확장을 제안합니다.
260406_VID_A-Hooking-Reward03A-UA_L_1920x1080_EN;https://www.youtube.com/watch?v=XUrzh1Qrk5w,YouTube 동영상,HQ_HQ_PH_US-EN_GA_NU_AD_ACi_260430,M_1844_INTEREST_GENRE_ALL_NONE_260430_3,2026-05-03,1,KRW,4830,278,5,0,VID,가로형,2026-04-06,A,Hooking,Reward03A,EN;https://www,260406_VID_A-Hooking-Reward03A-UA_L_1920x1080_EN,A-Hooking-Reward03A-UA,https://www.youtube.com/watch?v=XUrzh1Qrk5w,"압도적 보상, 실패/분노 유도",경쾌함,TRUE,,없음,"WARNING Skip and you will lose your $100 rewards, Tap within 5 Seconds, SR, PLAY FOR FREE!, Claim your SR character and rewards worth $100!",보상,용병 모집,,마그 탐험대,Karbel,히어로 수집 육성,$100 가치 혜택 강조,수집 및 도감,"손가락 지시선, 텍스트 오버레이",심플/클린 UI,"만족과 성취감, 수집욕/소유욕","재화/보물상자, SD/치비 캐릭터","2D 일러스트, 2.5D 입체 그래픽","가로 화면을 활용한 화려한 연출로 시각적 몰입감을 높이고, 보상 상실에 대한 FOMO 심리를 자극하여 가로형 매체 타겟 광고 효율을 극대화함."
260406_VID_A-Hooking-Reward03A-UA_S_1080x1080_EN;https://www.youtube.com/watch?v=VGJB5tDWops,YouTube 동영상,HQ_HQ_PH_US-EN_GA_NU_AD_ACi_260430,M_1844_INTEREST_GENRE_ALL_NONE_260430_3,2026-05-03,2,KRW,11700,255,10,0,VID,정방형,2026-04-06,A,Hooking,Reward03A,EN;https://www,260406_VID_A-Hooking-Reward03A-UA_S_1080x1080_EN,A-Hooking-Reward03A-UA,https://www.youtube.com/watch?v=VGJB5tDWops,"압도적 보상, 실패/분노 유도",경쾌함,TRUE,,없음,"WARNING Skip and you will lose your $100 rewards, Tap within 5 Seconds, SR, PLAY FOR FREE!, Claim your SR character and rewards worth $100!",보상,용병 모집,,마그 탐험대,Karbel,히어로 수집 육성,$100 가치 혜택 강조,수집 및 도감,"손가락 지시선, 텍스트 오버레이",심플/클린 UI,"만족과 성취감, 수집욕/소유욕","재화/보물상자, SD/치비 캐릭터","2D 일러스트, 2.5D 입체 그래픽",부정적 후킹과 시간 제한으로 클릭 유도. $100 가치 및 SR 확정으로 수익 구체화. 높은 CVR 예상되며 보상 변주를 통한 라이브 옵스 제안.
260406_VID_A-Hooking-Reward03A-UA_V_1080x1920_EN;https://www.youtube.com/watch?v=jA_HAiz95x4,YouTube 동영상,HQ_HQ_PH_US-EN_GA_NU_AD_ACi_260430,M_1844_INTEREST_GENRE_ALL_NONE_260430_3,2026-05-03,6,KRW,32115,591,13,0,VID,세로형,2026-04-06,A,Hooking,Reward03A,EN;https://www,260406_VID_A-Hooking-Reward03A-UA_V_1080x1920_EN,A-Hooking-Reward03A-UA,https://www.youtube.com/watch?v=jA_HAiz95x4,"압도적 보상, 실패/분노 유도",경쾌함,TRUE,,없음,"WARNING Skip and you will lose your $100 rewards, Tap within 5 Seconds, SR, PLAY FOR FREE!, Claim your SR character and rewards worth $100!",보상,용병 모집,,마그 탐험대,Karbel,히어로 수집 육성,$100 가치 혜택 강조,수집 및 도감,"손가락 지시선, 텍스트 오버레이",심플/클린 UI,"만족과 성취감, 수집욕/소유욕","재화/보물상자, SD/치비 캐릭터","2D 일러스트, 2.5D 입체 그래픽",도발적 문구와 타이머로 이탈을 방지하고 FOMO 심리를 자극함. 보상형 인벤토리 활용을 통해 UA 매체에서 압도적 전환율 달성 기대.
260406_VID_A-Mob-Adventure01A-UA_L_1920x1080_EN;https://www.youtube.com/watch?v=hVmkPdIsz70,YouTube 동영상,HQ_HQ_PH_US-EN_GA_NU_AD_ACi_260430,M_1844_INTEREST_GENRE_ALL_NONE_260430_3,2026-05-03,0,KRW,719,67,2,0,VID,가로형,2026-04-06,A,Mob,Adventure01A,EN;https://www,260406_VID_A-Mob-Adventure01A-UA_L_1920x1080_EN,A-Mob-Adventure01A-UA,https://www.youtube.com/watch?v=hVmkPdIsz70,"비주얼 임팩트, 성장 비포애프터",긴박함,TRUE,,없음,"WARNING, GOBLINS INCOMING!, Goblins? Easy! Level UP! UP!, Power Boost! BOOM! BOOM!, Strategic deployment!, Get ready for BATTLE!","편의성, 전략성",AFK 기능,8인 실시간 전투,고블린,카르벨,렐릭 탐험 어드벤처,스마트폰 UI 팝업 연출,"시뮬레이션 및 관리, 장애물 및 도전","텍스트 오버레이, 클로즈업 및 줌",자연/야외 미학,"도전과 승부욕, 만족과 성취감","SD/치비 캐릭터, 성장 지표, 군단/대규모 유닛",2.5D 입체 그래픽,16:9 화면 대비로 대규모 전투와 모바일 최적화 강조. 방치형 육성 선호 유저 타겟으로 핵심 시스템 소구 및 브랜딩·퍼포먼스 효율 기대.
260406_VID_A-Mob-Adventure01A-UA_S_1080x1080_EN;https://www.youtube.com/watch?v=LMKl0g6yRJU,YouTube 동영상,HQ_HQ_PH_US-EN_GA_NU_AD_ACi_260430,M_1844_INTEREST_GENRE_ALL_NONE_260430_3,2026-05-03,3,KRW,11381,195,11,0,VID,정방형,2026-04-06,A,Mob,Adventure01A,EN;https://www,260406_VID_A-Mob-Adventure01A-UA_S_1080x1080_EN,A-Mob-Adventure01A-UA,https://www.youtube.com/watch?v=LMKl0g6yRJU,"비주얼 임팩트, 성장 비포애프터",긴박함,TRUE,,없음,"WARNING, GOBLINS INCOMING!, Goblins? Easy! Level UP! UP!, Power Boost! BOOM! BOOM!, Strategic deployment!, Get ready for BATTLE!","편의성, 전략성",AFK 기능,8인 실시간 전투,고블린,카르벨,렐릭 탐험 어드벤처,스마트폰 UI 팝업 연출,"시뮬레이션 및 관리, 장애물 및 도전","텍스트 오버레이, 클로즈업 및 줌",자연/야외 미학,"도전과 승부욕, 참여와 임장감","SD/치비 캐릭터, 성장 지표, 군단/대규모 유닛",2.5D 입체 그래픽,경고 연출로 몰입도를 높이고 쉬운 성장을 강조해 진입 장벽 완화. 대규모 레이드 소재 확장을 통한 중장기 성과 기대.
260406_VID_A-Mob-Adventure01A-UA_V_1080x1920_EN;https://www.youtube.com/watch?v=nIYkYZ-JFj0,YouTube 동영상,HQ_HQ_PH_US-EN_GA_NU_AD_ACi_260430,M_1844_INTEREST_GENRE_ALL_NONE_260430_3,2026-05-03,2,KRW,3611,89,3,0,VID,세로형,2026-04-06,A,Mob,Adventure01A,EN;https://www,260406_VID_A-Mob-Adventure01A-UA_V_1080x1920_EN,A-Mob-Adventure01A-UA,https://www.youtube.com/watch?v=nIYkYZ-JFj0,"비주얼 임팩트, 성장 비포애프터",긴박함,TRUE,,없음,"WARNING, GOBLINS INCOMING!, Goblins? Easy! Level UP! UP!, Power Boost! BOOM! BOOM!, Strategic deployment!, Get ready for BATTLE!","편의성, 전략성",AFK 기능,8인 실시간 전투,고블린,카르벨,렐릭 탐험 어드벤처,스마트폰 UI 팝업 연출,"시뮬레이션 및 관리, 장애물 및 도전","텍스트 오버레이, 클로즈업 및 줌",자연/야외 미학,"도전과 승부욕, 만족과 성취감","SD/치비 캐릭터, 성장 지표, 군단/대규모 유닛",2.5D 입체 그래픽,세로형 피드 최적화 UI와 마을 습격 반전 연출로 이탈 방지. 직관적 레벨업과 전략적 배치 중심의 성장 쾌감을 자극해 숏폼 환경 내 높은 시청 유지율 및 전환율 기대.
Cute but Powerful Squad,광고 제목,HQ_HQ_PH_US-EN_GA_NU_AD_ACi_260430,M_1844_INTEREST_GENRE_ALL_NONE_260430,2026-05-03,2,KRW,10831,"1,146",11,0,TXT,,,,,,,,,,,,,,,,,,,,,,,,,,,,,
Let’s Hunt for Treasure!,광고 제목,HQ_HQ_PH_US-EN_GA_NU_AD_ACi_260430,M_1844_INTEREST_GENRE_ALL_NONE_260430,2026-05-03,2,KRW,11979,909,8,0,TXT,,,,,,,,,,,,,,,,,,,,,,,,,,,,,
Pepp Heroes,광고 제목,HQ_HQ_PH_US-EN_GA_NU_AD_ACi_260430,M_1844_INTEREST_GENRE_ALL_NONE_260430,2026-05-03,5,KRW,9001,"1,032",17,0,TXT,,,,,,,,,,,,,,,,,,,,,,,,,,,,,
Play for Free,광고 제목,HQ_HQ_PH_US-EN_GA_NU_AD_ACi_260430,M_1844_INTEREST_GENRE_ALL_NONE_260430,2026-05-03,3,KRW,14716,"1,710",19,0,TXT,,,,,,,,,,,,,,,,,,,,,,,,,,,,,
"Your RPG, In Your Hands",광고 제목,HQ_HQ_PH_US-EN_GA_NU_AD_ACi_260430,M_1844_INTEREST_GENRE_ALL_NONE_260430,2026-05-03,6,KRW,10901,"1,042",11,0,TXT,,,,,,,,,,,,,,,,,,,,,,,,,,,,,
Adorable Yet Powerful! Collect Heroes With Diverse Charms,설명,HQ_HQ_PH_US-EN_GA_NU_AD_ACi_260430,M_1844_INTEREST_GENRE_ALL_NONE_260430,2026-05-03,5,KRW,12578,"1,352",14,0,TXT,,,,,,,,,,,,,,,,,,,,,,,,,,,,,
Clock Out and Start Your Treasure Hunt!,설명,HQ_HQ_PH_US-EN_GA_NU_AD_ACi_260430,M_1844_INTEREST_GENRE_ALL_NONE_260430,2026-05-03,10,KRW,15330,"1,414",22,0,TXT,,,,,,,,,,,,,,,,,,,,,,,,,,,,,
Get Rewards Worth $100! Play Now!,설명,HQ_HQ_PH_US-EN_GA_NU_AD_ACi_260430,M_1844_INTEREST_GENRE_ALL_NONE_260430,2026-05-03,5,KRW,10364,"1,371",12,0,TXT,,,,,,,,,,,,,,,,,,,,,,,,,,,,,
Strategic Battles With Heroes Full of Personality! Win With Your Own Squad,설명,HQ_HQ_PH_US-EN_GA_NU_AD_ACi_260430,M_1844_INTEREST_GENRE_ALL_NONE_260430,2026-05-03,7,KRW,11864,"1,336",15,0,TXT,,,,,,,,,,,,,,,,,,,,,,,,,,,,,
Unique Hero Skills and Synergies! The Collectible RPG of Endless Team Combinations,설명,HQ_HQ_PH_US-EN_GA_NU_AD_ACi_260430,M_1844_INTEREST_GENRE_ALL_NONE_260430,2026-05-03,1,KRW,9758,"1,410",10,0,TXT,,,,,,,,,,,,,,,,,,,,,,,,,,,,,
251104_BNR_A-Character-Adventure01A-DA_L_1200x628_EN.jpg;https://tpc.googlesyndication.com/simgad/7852267225455295083,가로형 이미지,HQ_HQ_PH_US-EN_GA_NU_AD_ACi_260430,M_1844_INTEREST_GENRE_ALL_NONE_260430,2026-05-03,4,KRW,4465,574,11,0,BNR,가로형,2025-11-04,A,Character,Adventure01A,EN,251104_BNR_A-Character-Adventure01A-DA_L_1200x628_EN,A-Character-Adventure01A-DA,https://tpc.googlesyndication.com/simgad/7852267225455295083,"비주얼 임팩트, 캐릭터/유닛 외형",,,,,PEPP HEROES,"아트 퀄리티, 캐릭터, 수집형RPG","5인 분대 전투, 수집형 RPG",,"마그 탐험대, 고블린",카르벨(Karbel),렐릭 탐험 어드벤처,2.5D 입체 월드 강조,"전투 및 액션, 탐험 및 발견",텍스트 오버레이,자연/야외 미학,"도전과 승부욕, 수집욕/소유욕","인간형 영웅, SD/치비 캐릭터, 거대 보스","2.5D 입체 그래픽, 2D 일러스트",와이드 뷰로 보스 대립 및 레이드 강조. 소부대 전투의 스케일감으로 타겟 공략. SNS 최적화와 보상 정보 추가로 유입 및 전환 극대화.
251104_BNR_A-Character-Adventure01A-DA_S_1200x1200_EN.jpg;https://tpc.googlesyndication.com/simgad/13260462268912176542,가로형 이미지,HQ_HQ_PH_US-EN_GA_NU_AD_ACi_260430,M_1844_INTEREST_GENRE_ALL_NONE_260430,2026-05-03,0,KRW,629,29,1,0,BNR,정방형,2025-11-04,A,Character,Adventure01A,EN,251104_BNR_A-Character-Adventure01A-DA_S_1200x1200_EN,A-Character-Adventure01A-DA,https://tpc.googlesyndication.com/simgad/13260462268912176542,"비주얼 임팩트, 캐릭터/유닛 외형",,,,,PEPP HEROES,"아트 퀄리티, 캐릭터, 수집형RPG","5인 분대 전투, 수집형 RPG",,"마그 탐험대, 고블린",카르벨(Karbel),렐릭 탐험 어드벤처,2.5D 입체 월드 강조,"전투 및 액션, 탐험 및 발견",텍스트 오버레이,자연/야외 미학,"참여와 임장감, 수집욕/소유욕","인간형 영웅, SD/치비 캐릭터, 거대 보스","2.5D 입체 그래픽, 2D 일러스트",독창적인 2.5D 비주얼과 코어한 전투 재미로 RPG 유저 공략. 북미·글로벌 시장의 높은 CTR을 기반으로 SSR 소환 연출을 활용해 CVR 최적화.
251104_BNR_A-Character-Adventure01A-DA_V_1200x1500_EN.jpg;https://tpc.googlesyndication.com/simgad/11060997048456614631,가로형 이미지,HQ_HQ_PH_US-EN_GA_NU_AD_ACi_260430,M_1844_INTEREST_GENRE_ALL_NONE_260430,2026-05-03,0,KRW,0,1,0,0,BNR,세로형,2025-11-04,A,Character,Adventure01A,EN,251104_BNR_A-Character-Adventure01A-DA_V_1200x1500_EN,A-Character-Adventure01A-DA,https://tpc.googlesyndication.com/simgad/11060997048456614631,"비주얼 임팩트, 캐릭터/유닛 외형",,,,,PEPP HEROES,"아트 퀄리티, 캐릭터, 수집형RPG","5인 분대 전투, 수집형 RPG",,"마그 탐험대, 고블린",카르벨(Karbel),렐릭 탐험 어드벤처,2.5D 입체 월드 강조,"전투 및 액션, 탐험 및 발견",텍스트 오버레이,자연/야외 미학,"수집욕/소유욕, 만족과 성취감","인간형 영웅, SD/치비 캐릭터, 거대 보스","2.5D 입체 그래픽, 2D 일러스트",캐릭터 케미와 조합 시각화로 SSR 수집 재미 자극. 속성 상성 강조 소재로 고관여 유저 공략 및 확장.
260406_BNR_A-Character-Adventure02A-DA_L_1200x628_EN.jpg;https://tpc.googlesyndication.com/simgad/7571534943945847205,가로형 이미지,HQ_HQ_PH_US-EN_GA_NU_AD_ACi_260430,M_1844_INTEREST_GENRE_ALL_NONE_260430,2026-05-03,2,KRW,6800,151,14,0,BNR,가로형,2026-04-06,A,Character,Adventure02A,EN,260406_BNR_A-Character-Adventure02A-DA_L_1200x628_EN,A-Character-Adventure02A-DA,https://tpc.googlesyndication.com/simgad/7571534943945847205,"캐릭터/유닛 외형, 비주얼 임팩트",,,,,"PEPP HEROES: RELIC QUEST, PRE-REGISTER NOW","아트 퀄리티, 릴리즈 예고, 캐릭터, 수집형RPG",용병 모집(Gacha),렐릭 퀘스트,마그 탐험대,샤일린(Shylin),렐릭 탐험 어드벤처,,수집 및 도감,텍스트 오버레이,자연/야외 미학,"수집욕/소유욕, 참여와 임장감",,"2.5D 입체 그래픽, 2D 일러스트",샤일린 비주얼을 활용해 2.5D 미학적 만족감을 강조하고 사전예약을 유도함. 고관여 유저 대상 높은 CTR이 기대되며 캐릭터 시너지 소재로 확장 계획임.
260406_BNR_A-Character-Adventure02A-DA_S_1200x1200_EN.jpg;https://tpc.googlesyndication.com/simgad/11186665980784424187,가로형 이미지,HQ_HQ_PH_US-EN_GA_NU_AD_ACi_260430,M_1844_INTEREST_GENRE_ALL_NONE_260430,2026-05-03,0,KRW,0,8,0,0,BNR,정방형,2026-04-06,A,Character,Adventure02A,EN,260406_BNR_A-Character-Adventure02A-DA_S_1200x1200_EN,A-Character-Adventure02A-DA,https://tpc.googlesyndication.com/simgad/11186665980784424187,"캐릭터/유닛 외형, 비주얼 임팩트",,,,,"PEPP HEROES: RELIC QUEST, PRE-REGISTER NOW","아트 퀄리티, 릴리즈 예고, 캐릭터, 수집형RPG",용병 모집(Gacha),렐릭 퀘스트,마그 탐험대,샤일린(Shylin),렐릭 탐험 어드벤처,,수집 및 도감,텍스트 오버레이,자연/야외 미학,"수집욕/소유욕, 참여와 임장감",,"2.5D 입체 그래픽, 2D 일러스트",정사각형 포맷 내 캐릭터 밀집도를 높여 시선 집중 및 수집 욕구 자극. 인스타그램 등 매체 최적화 및 보상 정보 결합으로 고효율 기대.
260406_BNR_A-Character-Adventure02A-DA_V_1200x1500_EN.jpg;https://tpc.googlesyndication.com/simgad/6053276405209869053,가로형 이미지,HQ_HQ_PH_US-EN_GA_NU_AD_ACi_260430,M_1844_INTEREST_GENRE_ALL_NONE_260430,2026-05-03,7,KRW,12466,191,10,0,BNR,세로형,2026-04-06,A,Character,Adventure02A,EN,260406_BNR_A-Character-Adventure02A-DA_V_1200x1500_EN,A-Character-Adventure02A-DA,https://tpc.googlesyndication.com/simgad/6053276405209869053,"캐릭터/유닛 외형, 비주얼 임팩트",,,,,"PEPP HEROES: RELIC QUEST, PRE-REGISTER NOW","아트 퀄리티, 릴리즈 예고, 캐릭터, 수집형RPG",용병 모집(Gacha),렐릭 퀘스트,마그 탐험대,샤일린(Shylin),렐릭 탐험 어드벤처,,수집 및 도감,텍스트 오버레이,자연/야외 미학,"수집욕/소유욕, 참여와 임장감",,"2.5D 입체 그래픽, 2D 일러스트",세로형 피드 최적화와 2.5D 배경으로 어드벤처 컨셉 전달. 영웅 캐릭터를 강조해 탐험 욕구를 자극하며 SNS 뉴스피드 내 높은 CTR 성과 기대함.
260406_BNR_A-Character-Life01A-DA_L_1200x628_EN.jpg;https://tpc.googlesyndication.com/simgad/4842260928888903016,가로형 이미지,HQ_HQ_PH_US-EN_GA_NU_AD_ACi_260430,M_1844_INTEREST_GENRE_ALL_NONE_260430,2026-05-03,0,KRW,690,168,1,0,BNR,가로형,2026-04-06,A,Character,Life01A,EN,260406_BNR_A-Character-Life01A-DA_L_1200x628_EN,A-Character-Life01A-DA,https://tpc.googlesyndication.com/simgad/4842260928888903016,"캐릭터/유닛 외형, 비주얼 임팩트",,,,,"PEPP HEROES, PLAY FOR FREE","아트 퀄리티, 전략성, 수집형RPG","8인 실시간 전투, 8종 직업 및 4종 클래스 체계","렐릭 퀘스트, 8인 실시간 전투",마그 탐험대,카르벨(Karbel),"렐릭 탐험 어드벤처, 히어로 수집 육성",,"수집 및 도감, 탐험 및 발견","텍스트 오버레이, 심플/클린 UI",자연/야외 미학,"휴식과 힐링, 수집욕/소유욕","SD/치비 캐릭터, 인간형 영웅","2.5D 입체 그래픽, 2D 일러스트",2.5D 월드의 공간감을 강조하여 어드벤처 유저를 타겟팅합니다. 리마케팅에 효과적이며 수집 문구 추가로 정보 전달력 보강을 추천합니다.
260406_BNR_A-Character-Life01A-DA_S_1200x1200_EN.jpg;https://tpc.googlesyndication.com/simgad/1365671312776743899,가로형 이미지,HQ_HQ_PH_US-EN_GA_NU_AD_ACi_260430,M_1844_INTEREST_GENRE_ALL_NONE_260430,2026-05-03,0,KRW,0,28,0,0,BNR,정방형,2026-04-06,A,Character,Life01A,EN,260406_BNR_A-Character-Life01A-DA_S_1200x1200_EN,A-Character-Life01A-DA,https://tpc.googlesyndication.com/simgad/1365671312776743899,"캐릭터/유닛 외형, 비주얼 임팩트",,,,,"PEPP HEROES, PLAY FOR FREE","아트 퀄리티, 캐릭터, 수집형RPG","8인 실시간 전투, 8종 직업 및 4종 클래스 체계","렐릭 퀘스트, 8인 실시간 전투",마그 탐험대,카르벨(Karbel),"렐릭 탐험 어드벤처, 히어로 수집 육성",,"수집 및 도감, 탐험 및 발견","텍스트 오버레이, 심플/클린 UI",자연/야외 미학,"휴식과 힐링, 수집욕/소유욕","SD/치비 캐릭터, 인간형 영웅","2.5D 입체 그래픽, 2D 일러스트","고퀄리티 일러스트와 실제 화면을 합성해 신뢰감을 조성함. 캐주얼 유저의 힐링 욕구를 공략하여 높은 클릭률을 유도하고, 사전예약 보상 강조로 전환율 극대화가 필요함."
260406_BNR_A-Character-Life01A-DA_V_1200x1500_EN.jpg;https://tpc.googlesyndication.com/simgad/4106688461642527637,가로형 이미지,HQ_HQ_PH_US-EN_GA_NU_AD_ACi_260430,M_1844_INTEREST_GENRE_ALL_NONE_260430,2026-05-03,0,KRW,3274,12,2,0,BNR,세로형,2026-04-06,A,Character,Life01A,EN,260406_BNR_A-Character-Life01A-DA_V_1200x1500_EN,A-Character-Life01A-DA,https://tpc.googlesyndication.com/simgad/4106688461642527637,"캐릭터/유닛 외형, 비주얼 임팩트",,,,,"PEPP HEROES, PLAY FOR FREE","아트 퀄리티, 캐릭터, 수집형RPG","8인 실시간 전투, 8종 직업 및 4종 클래스 체계","렐릭 퀘스트, 8인 실시간 전투",마그 탐험대,카르벨(Karbel),"렐릭 탐험 어드벤처, 히어로 수집 육성",,"수집 및 도감, 탐험 및 발견","텍스트 오버레이, 심플/클린 UI",자연/야외 미학,"휴식과 힐링, 수집욕/소유욕","SD/치비 캐릭터, 인간형 영웅","2.5D 입체 그래픽, 2D 일러스트",중간 비율로 캐릭터 디테일을 강조하여 수집 욕구를 자극합니다. 보스 대치 장면을 대조 삽입하여 도전 욕구를 자극하고 효율을 개선합니다.
260406_BNR_A-Mob-Adventure01A-DA_L_1200x628_EN.jpg;https://tpc.googlesyndication.com/simgad/16600105301133976800,가로형 이미지,HQ_HQ_PH_US-EN_GA_NU_AD_ACi_260430,M_1844_INTEREST_GENRE_ALL_NONE_260430,2026-05-03,0,KRW,92,101,0,0,BNR,가로형,2026-04-06,A,Mob,Adventure01A,EN,260406_BNR_A-Mob-Adventure01A-DA_L_1200x628_EN,A-Mob-Adventure01A-DA,https://tpc.googlesyndication.com/simgad/16600105301133976800,"캐릭터/유닛 외형, 비주얼 임팩트",,,,,"Peppy & Ready to Fight, PLAY FOR FREE","아트 퀄리티, 캐릭터, 수집형RPG",8인 실시간 전투,8종 직업 및 4종 클래스 체계,고블린,,렐릭 탐험 어드벤처,몬스터 군단 중심의 구도,"전투 및 액션, 탐험 및 발견",텍스트 오버레이,자연/야외 미학,"참여와 임장감, 수집욕/소유욕","SD/치비 캐릭터, 군단/대규모 유닛","2.5D 입체 그래픽, 2D 일러스트",몬스터 군단과 2.5D 아트 중심의 모험 소구. 독특한 크리처 디자인으로 고관여 유저의 CTR 유도 및 전략적 시너지 강조.
260406_BNR_A-Mob-Adventure01A-DA_S_1200x1200_EN.jpg;https://tpc.googlesyndication.com/simgad/9569657006008026943,가로형 이미지,HQ_HQ_PH_US-EN_GA_NU_AD_ACi_260430,M_1844_INTEREST_GENRE_ALL_NONE_260430,2026-05-03,1,KRW,1516,117,3,0,BNR,정방형,2026-04-06,A,Mob,Adventure01A,EN,260406_BNR_A-Mob-Adventure01A-DA_S_1200x1200_EN,A-Mob-Adventure01A-DA,https://tpc.googlesyndication.com/simgad/9569657006008026943,"캐릭터/유닛 외형, 비주얼 임팩트",,,,,"Peppy & Ready to Fight, PLAY FOR FREE","아트 퀄리티, 캐릭터, 수집형RPG",8인 실시간 전투,8종 직업 및 4종 클래스 체계,고블린,,렐릭 탐험 어드벤처,몬스터 군단 중심의 구도,"전투 및 액션, 탐험 및 발견",텍스트 오버레이,자연/야외 미학,"참여와 임장감, 수집욕/소유욕","SD/치비 캐릭터, 군단/대규모 유닛","2.5D 입체 그래픽, 2D 일러스트","1:1 비율로 SD 캐릭터의 디테일과 2.5D 비주얼을 강조함. 높은 아트 퀄리티로 유저 시선을 유도하며, 시간 및 날씨 변화를 활용한 소재 확장을 제안함."
260406_BNR_A-Mob-Adventure01A-DA_V_1200x1500_EN.jpg;https://tpc.googlesyndication.com/simgad/16351660437053448831,가로형 이미지,HQ_HQ_PH_US-EN_GA_NU_AD_ACi_260430,M_1844_INTEREST_GENRE_ALL_NONE_260430,2026-05-03,0,KRW,145,6,1,0,BNR,세로형,2026-04-06,A,Mob,Adventure01A,EN,260406_BNR_A-Mob-Adventure01A-DA_V_1200x1500_EN,A-Mob-Adventure01A-DA,https://tpc.googlesyndication.com/simgad/16351660437053448831,"캐릭터/유닛 외형, 비주얼 임팩트",,,,,"Peppy & Ready to Fight, PLAY FOR FREE","아트 퀄리티, 캐릭터, 수집형RPG",8인 실시간 전투,8종 직업 및 4종 클래스 체계,고블린,,렐릭 탐험 어드벤처,몬스터 군단 중심의 구도,"전투 및 액션, 탐험 및 발견",텍스트 오버레이,자연/야외 미학,"참여와 임장감, 수집욕/소유욕","SD/치비 캐릭터, 군단/대규모 유닛","2.5D 입체 그래픽, 2D 일러스트",플랫폼별 규격 대응 및 캐릭터 위계 유지로 브랜드 각인. 모험의 설렘을 유발하는 구도로 범용적 성과 기대. 사전예약 보상 아이콘 오버레이로 보상 심리 자극 및 효율 극대화.
260406_VID_A-Character-Collection01B-UA_S_1080x1080_EN;https://www.youtube.com/watch?v=cTfY4JpFc-s,YouTube 동영상,HQ_HQ_PH_US-EN_GA_NU_AD_ACi_260430,M_1844_INTEREST_GENRE_ALL_NONE_260430,2026-05-03,1,KRW,5268,255,3,0,VID,정방형,2026-04-06,A,Character,Collection01B,EN;https://www,260406_VID_A-Character-Collection01B-UA_S_1080x1080_EN,A-Character-Collection01B-UA,https://www.youtube.com/watch?v=cTfY4JpFc-s,"질문/선택형, 캐릭터/유닛 외형",경쾌함,TRUE,,없음,"CHOOSE YOUR HERO, HUGO, KARBEL, MONAD","캐릭터, 수집형RPG, 전략성",용병 모집(Gacha),DIY 픽업 시스템,마그 탐험대,"휴고, 카르벨, 모나드",히어로 수집 육성,남성 캐릭터 위주 배치,수집 및 도감,"텍스트 오버레이, 분할 화면",심플/클린 UI,수집욕/소유욕,"SD/치비 캐릭터, 인간형 영웅",2D 일러스트,캐릭터 구성 대조를 통한 타겟 취향별 효율 분석. 탱커 및 딜러 중심 덱 선호 심리 공략하며 캐릭터 조합 변주 소재로 리타겟팅 광고 활용 권장.
260406_VID_A-Character-Combat01A-UA_L_1920x1080_EN;https://www.youtube.com/watch?v=2W7-0AV2mfg,YouTube 동영상,HQ_HQ_PH_US-EN_GA_NU_AD_ACi_260430,M_1844_INTEREST_GENRE_ALL_NONE_260430,2026-05-03,0,KRW,4894,259,3,0,VID,가로형,2026-04-06,A,Character,Combat01A,EN;https://www,260406_VID_A-Character-Combat01A-UA_L_1920x1080_EN,A-Character-Combat01A-UA,https://www.youtube.com/watch?v=2W7-0AV2mfg,"비주얼 임팩트, 캐릭터/유닛 외형",긴박함,TRUE,,없음,"VINESSA, A DARK WIZARD WHO DOMINATES THE FIELD, SOPHIA, REMOVES ALL DEBUFFS! THE KEY TO SURVIVAL, BERNETA, A SYNERGY DEALER THAT PERFECTS YOUR TEAM, PLAY FOR FREE","아트 퀄리티, 캐릭터, 수집형RPG, 전략성",용병 모집,스킬 컷신 연출,마그 탐험대,"Vinessa, Sophia, Berneta",렐릭 탐험 어드벤처,캐릭터별 스킬 특징 강조,전투 및 액션,"텍스트 오버레이, 클로즈업 및 줌",자연/야외 미학,"도전과 승부욕, 수집욕/소유욕","인간형 영웅, SD/치비 캐릭터, 성장 지표","2.5D 입체 그래픽, 2D 일러스트",인게임 전투와 일러스트 교차 편집으로 몰입도 극대화. 캐릭터 스킬 및 시너지로 전략적 호기심 자극. 플레이 영상 기반 안정적 CVR 확보 및 캐릭터 속성 대비 변주 제안.
260406_VID_A-Character-Combat01A-UA_S_1080x1080_EN;https://www.youtube.com/watch?v=jnNAzjzUw8o,YouTube 동영상,HQ_HQ_PH_US-EN_GA_NU_AD_ACi_260430,M_1844_INTEREST_GENRE_ALL_NONE_260430,2026-05-03,4,KRW,4298,376,9,0,VID,정방형,2026-04-06,A,Character,Combat01A,EN;https://www,260406_VID_A-Character-Combat01A-UA_S_1080x1080_EN,A-Character-Combat01A-UA,https://www.youtube.com/watch?v=jnNAzjzUw8o,"비주얼 임팩트, 캐릭터/유닛 외형",긴박함,TRUE,,없음,"VINESSA, A DARK WIZARD WHO DOMINATES THE FIELD, SOPHIA, REMOVES ALL DEBUFFS! THE KEY TO SURVIVAL, BERNETA, A SYNERGY DEALER THAT PERFECTS YOUR TEAM, PLAY FOR FREE","아트 퀄리티, 캐릭터, 수집형RPG, 전략성",용병 모집,스킬 컷신 연출,마그 탐험대,"Vinessa, Sophia, Berneta",렐릭 탐험 어드벤처,캐릭터별 스킬 특징 강조,전투 및 액션,"텍스트 오버레이, 클로즈업 및 줌",자연/야외 미학,"도전과 승부욕, 수집욕/소유욕","인간형 영웅, SD/치비 캐릭터, 성장 지표","2.5D 입체 그래픽, 2D 일러스트",SSR 비네사 비주얼을 초반에 배치해 RPG 팬덤 시선 확보. 고퀄리티 애니메이션으로 캐릭터 소유욕을 자극하며 스킬 콤보 시리즈로 소재 확장 가능.
260406_VID_A-Character-Combat01A-UA_V_1080x1920_EN;https://www.youtube.com/watch?v=tHmXhOKu33A,YouTube 동영상,HQ_HQ_PH_US-EN_GA_NU_AD_ACi_260430,M_1844_INTEREST_GENRE_ALL_NONE_260430,2026-05-03,0,KRW,3953,151,1,0,VID,세로형,2026-04-06,A,Character,Combat01A,EN;https://www,260406_VID_A-Character-Combat01A-UA_V_1080x1920_EN,A-Character-Combat01A-UA,https://www.youtube.com/watch?v=tHmXhOKu33A,"비주얼 임팩트, 캐릭터/유닛 외형",긴박함,TRUE,,없음,"VINESSA, A DARK WIZARD WHO DOMINATES THE FIELD, SOPHIA, REMOVES ALL DEBUFFS! THE KEY TO SURVIVAL, BERNETA, A SYNERGY DEALER THAT PERFECTS YOUR TEAM, PLAY FOR FREE","아트 퀄리티, 캐릭터, 수집형RPG, 전략성",용병 모집,스킬 컷신 연출,마그 탐험대,"Vinessa, Sophia, Berneta",렐릭 탐험 어드벤처,캐릭터별 스킬 특징 강조,전투 및 액션,"텍스트 오버레이, 클로즈업 및 줌",자연/야외 미학,"도전과 승부욕, 수집욕/소유욕","인간형 영웅, SD/치비 캐릭터, 성장 지표","2.5D 입체 그래픽, 2D 일러스트",숏폼 최적화 세로 분할 화면으로 캐릭터와 전투 연출 강조. 한 손 플레이 선호 심리를 공략하여 틱톡 및 릴스 내 높은 조회수 확보 기대.
260406_VID_A-Character-Combat01B-UA_L_1920x1080_EN;https://www.youtube.com/watch?v=d4rVTfnnYhg,YouTube 동영상,HQ_HQ_PH_US-EN_GA_NU_AD_ACi_260430,M_1844_INTEREST_GENRE_ALL_NONE_260430,2026-05-03,3,KRW,5361,343,7,0,VID,가로형,2026-04-06,A,Character,Combat01B,EN;https://www,260406_VID_A-Character-Combat01B-UA_L_1920x1080_EN,A-Character-Combat01B-UA,https://www.youtube.com/watch?v=d4rVTfnnYhg,"비주얼 임팩트, 캐릭터/유닛 외형",긴박함,TRUE,,없음,"HUGO, An indomitable warrior..., MONAD, A sage who devastates..., KARBEL, A fiery dealer..., PLAY FOR FREE","전략성, 아트 퀄리티",용병 모집,8인 실시간 전투,마그 탐험대,"Hugo, Monad, Karbel",히어로 수집 육성,,전투 및 액션,"텍스트 오버레이, 클로즈업 및 줌",자연/야외 미학,"도전과 승부욕, 수집욕/소유욕","인간형 영웅, SD/치비 캐릭터, 성장 지표","2.5D 입체 그래픽, 2D 일러스트",16:9 뷰로 넓은 전장과 스킬 강조. 화려한 연출로 타격감 선호 유저 공략. 전투 선호층 대상 높은 전환율 기대.
260406_VID_A-Character-Combat01B-UA_S_1080x1080_EN;https://www.youtube.com/watch?v=tcTIYuJi7pM,YouTube 동영상,HQ_HQ_PH_US-EN_GA_NU_AD_ACi_260430,M_1844_INTEREST_GENRE_ALL_NONE_260430,2026-05-03,2,KRW,1382,76,2,0,VID,정방형,2026-04-06,A,Character,Combat01B,EN;https://www,260406_VID_A-Character-Combat01B-UA_S_1080x1080_EN,A-Character-Combat01B-UA,https://www.youtube.com/watch?v=tcTIYuJi7pM,"비주얼 임팩트, 캐릭터/유닛 외형",긴박함,TRUE,,없음,"HUGO, An indomitable warrior..., MONAD, A sage who devastates..., KARBEL, A fiery dealer..., PLAY FOR FREE","전략성, 아트 퀄리티",용병 모집,8인 실시간 전투,마그 탐험대,"Hugo, Monad, Karbel",히어로 수집 육성,,전투 및 액션,"텍스트 오버레이, 클로즈업 및 줌",자연/야외 미학,"도전과 승부욕, 수집욕/소유욕","인간형 영웅, SD/치비 캐릭터, 성장 지표","2.5D 입체 그래픽, 2D 일러스트",소피아의 생존 및 지원 능력과 팀 시너지를 강조해 전략적 유저 공략. 비네사 소재 A/B 테스트로 타겟별 선호 캐릭터 최적화 및 성과 확장 도모.
260406_VID_A-Character-Combat01B-UA_V_1080x1920_EN;https://www.youtube.com/watch?v=rrd-TGZqEqc,YouTube 동영상,HQ_HQ_PH_US-EN_GA_NU_AD_ACi_260430,M_1844_INTEREST_GENRE_ALL_NONE_260430,2026-05-03,5,KRW,19667,"2,128",14,0,VID,세로형,2026-04-06,A,Character,Combat01B,EN;https://www,260406_VID_A-Character-Combat01B-UA_V_1080x1920_EN,A-Character-Combat01B-UA,https://www.youtube.com/watch?v=rrd-TGZqEqc,"비주얼 임팩트, 캐릭터/유닛 외형",긴박함,TRUE,,없음,"HUGO, An indomitable warrior..., MONAD, A sage who devastates..., KARBEL, A fiery dealer..., PLAY FOR FREE","전략성, 아트 퀄리티",용병 모집,8인 실시간 전투,마그 탐험대,"Hugo, Monad, Karbel",히어로 수집 육성,,전투 및 액션,"텍스트 오버레이, 클로즈업 및 줌",자연/야외 미학,"도전과 승부욕, 수집욕/소유욕","인간형 영웅, SD/치비 캐릭터, 성장 지표","2.5D 입체 그래픽, 2D 일러스트",직관적인 탱딜힐 구성으로 정통 RPG 유저의 파티 니즈 충족. 역할군 조합의 재미를 텍스트로 보강하여 효율 극대화 기대.
260406_VID_A-Charater-Collection01B-UA_L_1920x1080_EN;https://www.youtube.com/watch?v=rRGCh1x6a6M,YouTube 동영상,HQ_HQ_PH_US-EN_GA_NU_AD_ACi_260430,M_1844_INTEREST_GENRE_ALL_NONE_260430,2026-05-03,1,KRW,2472,114,0,0,VID,가로형,2026-04-06,A,Charater,Collection01B,EN;https://www,260406_VID_A-Charater-Collection01B-UA_L_1920x1080_EN,A-Charater-Collection01B-UA,https://www.youtube.com/watch?v=rRGCh1x6a6M,"질문/선택형, 캐릭터/유닛 외형",경쾌함,TRUE,,없음,"CHOOSE YOUR HERO, HUGO, PLAY FOR FREE","아트 퀄리티, 전략성",용병 모집,DIY 픽업 시스템,마그 탐험대,Hugo,히어로 수집 육성,,수집 및 도감,"텍스트 오버레이, 클로즈업 및 줌",심플/클린 UI,"수집욕/소유욕, 만족과 성취감","인간형 영웅, SD/치비 캐릭터","2.5D 입체 그래픽, 2D 일러스트","그리드 UI로 풍부한 캐릭터 풀을 어필해 수집 욕구를 자극하며, 캐릭터 강조 엔드카드를 통해 높은 잔존율을 확보합니다."
260406_VID_A-Charater-Collection01B-UA_V_1080x1920_EN;https://www.youtube.com/watch?v=u5diHTUsSOs,YouTube 동영상,HQ_HQ_PH_US-EN_GA_NU_AD_ACi_260430,M_1844_INTEREST_GENRE_ALL_NONE_260430,2026-05-03,1,KRW,6693,370,10,0,VID,세로형,2026-04-06,A,Charater,Collection01B,EN;https://www,260406_VID_A-Charater-Collection01B-UA_V_1080x1920_EN,A-Charater-Collection01B-UA,https://www.youtube.com/watch?v=u5diHTUsSOs,"질문/선택형, 캐릭터/유닛 외형",경쾌함,TRUE,,없음,"CHOOSE YOUR HERO, HUGO, PLAY FOR FREE","아트 퀄리티, 전략성",용병 모집,DIY 픽업 시스템,마그 탐험대,Hugo,히어로 수집 육성,캐릭터 픽(Pick) 연출,수집 및 도감,"텍스트 오버레이, 클로즈업 및 줌",심플/클린 UI,"수집욕/소유욕, 만족과 성취감","인간형 영웅, SD/치비 캐릭터","2.5D 입체 그래픽, 2D 일러스트",직접 영웅을 선택하는 인터랙티브 경험으로 기대감 부여. 다양한 영웅 노출을 통해 유저 취향을 공략하고 반복적인 참여 유도.
260406_VID_A-Hooking-Reward02A-FK_L_1920x1080_EN;https://www.youtube.com/watch?v=oRlzfGbT3xY,YouTube 동영상,HQ_HQ_PH_US-EN_GA_NU_AD_ACi_260430,M_1844_INTEREST_GENRE_ALL_NONE_260430,2026-05-03,3,KRW,6739,531,8,0,VID,가로형,2026-04-06,A,Hooking,Reward02A,EN;https://www,260406_VID_A-Hooking-Reward02A-FK_L_1920x1080_EN,A-Hooking-Reward02A-FK,https://www.youtube.com/watch?v=oRlzfGbT3xY,"실패/분노 유도, 압도적 보상",긴박함,TRUE,,없음,"Tap here to save him!, Help me!, HELP KARBEL CLEAR, Claim your SR character and rewards worth $100!, PLAY FOR FREE",보상,용병 모집,우호도 시스템,마그 탐험대,카르벨(Karbel),히어로 수집 육성,페이크 플레이(구출 미니게임) 형식 활용,퍼즐 및 논리,"손가락 지시선, 텍스트 오버레이",자연/야외 미학,"도전과 승부욕, 만족과 성취감","SD/치비 캐릭터, 재화/보물상자",2D 일러스트,구출 미니게임 방식을 활용해 시청자 이탈을 방지하고 즉각적인 행동을 유도합니다. 대량의 재화 보상으로 성취감을 자극하여 저단가 트래픽 확보 및 높은 클릭률을 공략합니다.
260406_VID_A-Hooking-Reward02A-FK_S_1080x1080_EN;https://www.youtube.com/watch?v=EgLwtP8WjE4,YouTube 동영상,HQ_HQ_PH_US-EN_GA_NU_AD_ACi_260430,M_1844_INTEREST_GENRE_ALL_NONE_260430,2026-05-03,0,KRW,2575,90,2,0,VID,정방형,2026-04-06,A,Hooking,Reward02A,EN;https://www,260406_VID_A-Hooking-Reward02A-FK_S_1080x1080_EN,A-Hooking-Reward02A-FK,https://www.youtube.com/watch?v=EgLwtP8WjE4,"실패/분노 유도, 압도적 보상",긴박함,TRUE,,없음,"Tap here to save him!, Help me!, HELP KARBEL CLEAR, Claim your SR character and rewards worth $100!, PLAY FOR FREE",보상,용병 모집,우호도 시스템,마그 탐험대,카르벨(Karbel),히어로 수집 육성,페이크 플레이(구출 미니게임) 형식 활용,퍼즐 및 논리,"손가락 지시선, 텍스트 오버레이",자연/야외 미학,"도전과 승부욕, 만족과 성취감","SD/치비 캐릭터, 재화/보물상자",2D 일러스트,위기 상황 미션과 100달러 보상으로 유저 참여 및 전환 유도. 쉬운 조작성 강조로 진입 장벽을 낮춰 대량 유입용 런칭 소재로 적합.
260406_VID_A-Hooking-Reward02A-FK_V_1080x1920_EN;https://www.youtube.com/watch?v=b7LsalWUDvQ,YouTube 동영상,HQ_HQ_PH_US-EN_GA_NU_AD_ACi_260430,M_1844_INTEREST_GENRE_ALL_NONE_260430,2026-05-03,0,KRW,2953,167,2,0,VID,세로형,2026-04-06,A,Hooking,Reward02A,EN;https://www,260406_VID_A-Hooking-Reward02A-FK_V_1080x1920_EN,A-Hooking-Reward02A-FK,https://www.youtube.com/watch?v=b7LsalWUDvQ,"실패/분노 유도, 압도적 보상",긴박함,TRUE,,없음,"Tap here to save him!, Help me!, HELP KARBEL CLEAR, Claim your SR character and rewards worth $100!, PLAY FOR FREE",보상,용병 모집,우호도 시스템,마그 탐험대,카르벨(Karbel),히어로 수집 육성,페이크 플레이(구출 미니게임) 형식 활용,퍼즐 및 논리,"손가락 지시선, 텍스트 오버레이",자연/야외 미학,"도전과 승부욕, 만족과 성취감","SD/치비 캐릭터, 재화/보물상자",2D 일러스트,9:16 세로형 구조로 터치 인터랙션을 극대화하고 FOMO를 자극해 시청 완료율을 높입니다. 캐릭터 활용 및 실패 연출의 A/B 테스트 확장을 제안합니다.
260406_VID_A-Hooking-Reward03A-UA_L_1920x1080_EN;https://www.youtube.com/watch?v=XUrzh1Qrk5w,YouTube 동영상,HQ_HQ_PH_US-EN_GA_NU_AD_ACi_260430,M_1844_INTEREST_GENRE_ALL_NONE_260430,2026-05-03,2,KRW,4319,264,4,0,VID,가로형,2026-04-06,A,Hooking,Reward03A,EN;https://www,260406_VID_A-Hooking-Reward03A-UA_L_1920x1080_EN,A-Hooking-Reward03A-UA,https://www.youtube.com/watch?v=XUrzh1Qrk5w,"압도적 보상, 실패/분노 유도",경쾌함,TRUE,,없음,"WARNING Skip and you will lose your $100 rewards, Tap within 5 Seconds, SR, PLAY FOR FREE!, Claim your SR character and rewards worth $100!",보상,용병 모집,,마그 탐험대,Karbel,히어로 수집 육성,$100 가치 혜택 강조,수집 및 도감,"손가락 지시선, 텍스트 오버레이",심플/클린 UI,"만족과 성취감, 수집욕/소유욕","재화/보물상자, SD/치비 캐릭터","2D 일러스트, 2.5D 입체 그래픽","가로 화면을 활용한 화려한 연출로 시각적 몰입감을 높이고, 보상 상실에 대한 FOMO 심리를 자극하여 가로형 매체 타겟 광고 효율을 극대화함."
260406_VID_A-Hooking-Reward03A-UA_S_1080x1080_EN;https://www.youtube.com/watch?v=VGJB5tDWops,YouTube 동영상,HQ_HQ_PH_US-EN_GA_NU_AD_ACi_260430,M_1844_INTEREST_GENRE_ALL_NONE_260430,2026-05-03,2,KRW,4827,140,10,0,VID,정방형,2026-04-06,A,Hooking,Reward03A,EN;https://www,260406_VID_A-Hooking-Reward03A-UA_S_1080x1080_EN,A-Hooking-Reward03A-UA,https://www.youtube.com/watch?v=VGJB5tDWops,"압도적 보상, 실패/분노 유도",경쾌함,TRUE,,없음,"WARNING Skip and you will lose your $100 rewards, Tap within 5 Seconds, SR, PLAY FOR FREE!, Claim your SR character and rewards worth $100!",보상,용병 모집,,마그 탐험대,Karbel,히어로 수집 육성,$100 가치 혜택 강조,수집 및 도감,"손가락 지시선, 텍스트 오버레이",심플/클린 UI,"만족과 성취감, 수집욕/소유욕","재화/보물상자, SD/치비 캐릭터","2D 일러스트, 2.5D 입체 그래픽",부정적 후킹과 시간 제한으로 클릭 유도. $100 가치 및 SR 확정으로 수익 구체화. 높은 CVR 예상되며 보상 변주를 통한 라이브 옵스 제안.
260406_VID_A-Hooking-Reward03A-UA_V_1080x1920_EN;https://www.youtube.com/watch?v=jA_HAiz95x4,YouTube 동영상,HQ_HQ_PH_US-EN_GA_NU_AD_ACi_260430,M_1844_INTEREST_GENRE_ALL_NONE_260430,2026-05-03,7,KRW,14173,437,15,0,VID,세로형,2026-04-06,A,Hooking,Reward03A,EN;https://www,260406_VID_A-Hooking-Reward03A-UA_V_1080x1920_EN,A-Hooking-Reward03A-UA,https://www.youtube.com/watch?v=jA_HAiz95x4,"압도적 보상, 실패/분노 유도",경쾌함,TRUE,,없음,"WARNING Skip and you will lose your $100 rewards, Tap within 5 Seconds, SR, PLAY FOR FREE!, Claim your SR character and rewards worth $100!",보상,용병 모집,,마그 탐험대,Karbel,히어로 수집 육성,$100 가치 혜택 강조,수집 및 도감,"손가락 지시선, 텍스트 오버레이",심플/클린 UI,"만족과 성취감, 수집욕/소유욕","재화/보물상자, SD/치비 캐릭터","2D 일러스트, 2.5D 입체 그래픽",도발적 문구와 타이머로 이탈을 방지하고 FOMO 심리를 자극함. 보상형 인벤토리 활용을 통해 UA 매체에서 압도적 전환율 달성 기대.
260406_VID_A-Mob-Adventure01A-UA_L_1920x1080_EN;https://www.youtube.com/watch?v=hVmkPdIsz70,YouTube 동영상,HQ_HQ_PH_US-EN_GA_NU_AD_ACi_260430,M_1844_INTEREST_GENRE_ALL_NONE_260430,2026-05-03,0,KRW,496,58,1,0,VID,가로형,2026-04-06,A,Mob,Adventure01A,EN;https://www,260406_VID_A-Mob-Adventure01A-UA_L_1920x1080_EN,A-Mob-Adventure01A-UA,https://www.youtube.com/watch?v=hVmkPdIsz70,"비주얼 임팩트, 성장 비포애프터",긴박함,TRUE,,없음,"WARNING, GOBLINS INCOMING!, Goblins? Easy! Level UP! UP!, Power Boost! BOOM! BOOM!, Strategic deployment!, Get ready for BATTLE!","편의성, 전략성",AFK 기능,8인 실시간 전투,고블린,카르벨,렐릭 탐험 어드벤처,스마트폰 UI 팝업 연출,"시뮬레이션 및 관리, 장애물 및 도전","텍스트 오버레이, 클로즈업 및 줌",자연/야외 미학,"도전과 승부욕, 만족과 성취감","SD/치비 캐릭터, 성장 지표, 군단/대규모 유닛",2.5D 입체 그래픽,16:9 화면 대비로 대규모 전투와 모바일 최적화 강조. 방치형 육성 선호 유저 타겟으로 핵심 시스템 소구 및 브랜딩·퍼포먼스 효율 기대.
260406_VID_A-Mob-Adventure01A-UA_S_1080x1080_EN;https://www.youtube.com/watch?v=LMKl0g6yRJU,YouTube 동영상,HQ_HQ_PH_US-EN_GA_NU_AD_ACi_260430,M_1844_INTEREST_GENRE_ALL_NONE_260430,2026-05-03,3,KRW,5583,140,5,0,VID,정방형,2026-04-06,A,Mob,Adventure01A,EN;https://www,260406_VID_A-Mob-Adventure01A-UA_S_1080x1080_EN,A-Mob-Adventure01A-UA,https://www.youtube.com/watch?v=LMKl0g6yRJU,"비주얼 임팩트, 성장 비포애프터",긴박함,TRUE,,없음,"WARNING, GOBLINS INCOMING!, Goblins? Easy! Level UP! UP!, Power Boost! BOOM! BOOM!, Strategic deployment!, Get ready for BATTLE!","편의성, 전략성",AFK 기능,8인 실시간 전투,고블린,카르벨,렐릭 탐험 어드벤처,스마트폰 UI 팝업 연출,"시뮬레이션 및 관리, 장애물 및 도전","텍스트 오버레이, 클로즈업 및 줌",자연/야외 미학,"도전과 승부욕, 참여와 임장감","SD/치비 캐릭터, 성장 지표, 군단/대규모 유닛",2.5D 입체 그래픽,경고 연출로 몰입도를 높이고 쉬운 성장을 강조해 진입 장벽 완화. 대규모 레이드 소재 확장을 통한 중장기 성과 기대.
260406_VID_A-Mob-Adventure01A-UA_V_1080x1920_EN;https://www.youtube.com/watch?v=nIYkYZ-JFj0,YouTube 동영상,HQ_HQ_PH_US-EN_GA_NU_AD_ACi_260430,M_1844_INTEREST_GENRE_ALL_NONE_260430,2026-05-03,1,KRW,3587,90,0,0,VID,세로형,2026-04-06,A,Mob,Adventure01A,EN;https://www,260406_VID_A-Mob-Adventure01A-UA_V_1080x1920_EN,A-Mob-Adventure01A-UA,https://www.youtube.com/watch?v=nIYkYZ-JFj0,"비주얼 임팩트, 성장 비포애프터",긴박함,TRUE,,없음,"WARNING, GOBLINS INCOMING!, Goblins? Easy! Level UP! UP!, Power Boost! BOOM! BOOM!, Strategic deployment!, Get ready for BATTLE!","편의성, 전략성",AFK 기능,8인 실시간 전투,고블린,카르벨,렐릭 탐험 어드벤처,스마트폰 UI 팝업 연출,"시뮬레이션 및 관리, 장애물 및 도전","텍스트 오버레이, 클로즈업 및 줌",자연/야외 미학,"도전과 승부욕, 만족과 성취감","SD/치비 캐릭터, 성장 지표, 군단/대규모 유닛",2.5D 입체 그래픽,세로형 피드 최적화 UI와 마을 습격 반전 연출로 이탈 방지. 직관적 레벨업과 전략적 배치 중심의 성장 쾌감을 자극해 숏폼 환경 내 높은 시청 유지율 및 전환율 기대.
Cute but Powerful Squad,광고 제목,HQ_HQ_PH_US-EN_GA_NU_AD_ACi_260430,M_1844_INTEREST_GENRE_ALL_NONE_260430_2,2026-05-03,3,KRW,5470,672,9,0,TXT,,,,,,,,,,,,,,,,,,,,,,,,,,,,,
Let’s Hunt for Treasure!,광고 제목,HQ_HQ_PH_US-EN_GA_NU_AD_ACi_260430,M_1844_INTEREST_GENRE_ALL_NONE_260430_2,2026-05-03,0,KRW,3994,321,3,0,TXT,,,,,,,,,,,,,,,,,,,,,,,,,,,,,
Pepp Heroes,광고 제목,HQ_HQ_PH_US-EN_GA_NU_AD_ACi_260430,M_1844_INTEREST_GENRE_ALL_NONE_260430_2,2026-05-03,0,KRW,2385,291,3,0,TXT,,,,,,,,,,,,,,,,,,,,,,,,,,,,,
Play for Free,광고 제목,HQ_HQ_PH_US-EN_GA_NU_AD_ACi_260430,M_1844_INTEREST_GENRE_ALL_NONE_260430_2,2026-05-03,4,KRW,14591,914,20,0,TXT,,,,,,,,,,,,,,,,,,,,,,,,,,,,,
"Your RPG, In Your Hands",광고 제목,HQ_HQ_PH_US-EN_GA_NU_AD_ACi_260430,M_1844_INTEREST_GENRE_ALL_NONE_260430_2,2026-05-03,3,KRW,3708,336,8,0,TXT,,,,,,,,,,,,,,,,,,,,,,,,,,,,,
Adorable Yet Powerful! Collect Heroes With Diverse Charms,설명,HQ_HQ_PH_US-EN_GA_NU_AD_ACi_260430,M_1844_INTEREST_GENRE_ALL_NONE_260430_2,2026-05-03,5,KRW,8365,739,12,0,TXT,,,,,,,,,,,,,,,,,,,,,,,,,,,,,
Clock Out and Start Your Treasure Hunt!,설명,HQ_HQ_PH_US-EN_GA_NU_AD_ACi_260430,M_1844_INTEREST_GENRE_ALL_NONE_260430_2,2026-05-03,4,KRW,11837,657,13,0,TXT,,,,,,,,,,,,,,,,,,,,,,,,,,,,,
Get Rewards Worth $100! Play Now!,설명,HQ_HQ_PH_US-EN_GA_NU_AD_ACi_260430,M_1844_INTEREST_GENRE_ALL_NONE_260430_2,2026-05-03,5,KRW,8217,749,14,0,TXT,,,,,,,,,,,,,,,,,,,,,,,,,,,,,
Strategic Battles With Heroes Full of Personality! Win With Your Own Squad,설명,HQ_HQ_PH_US-EN_GA_NU_AD_ACi_260430,M_1844_INTEREST_GENRE_ALL_NONE_260430_2,2026-05-03,3,KRW,9113,661,13,0,TXT,,,,,,,,,,,,,,,,,,,,,,,,,,,,,
Unique Hero Skills and Synergies! The Collectible RPG of Endless Team Combinations,설명,HQ_HQ_PH_US-EN_GA_NU_AD_ACi_260430,M_1844_INTEREST_GENRE_ALL_NONE_260430_2,2026-05-03,6,KRW,7811,940,19,0,TXT,,,,,,,,,,,,,,,,,,,,,,,,,,,,,
260406_BNR_A-Character-100usd01A-DA_L_1200x628_EN.jpg;https://tpc.googlesyndication.com/simgad/128038747177600361,가로형 이미지,HQ_HQ_PH_US-EN_GA_NU_AD_ACi_260430,M_1844_INTEREST_GENRE_ALL_NONE_260430_2,2026-05-03,0,KRW,550,5,2,0,BNR,가로형,2026-04-06,A,Character,100usd01A,EN,260406_BNR_A-Character-100usd01A-DA_L_1200x628_EN,A-Character-100usd01A-DA,https://tpc.googlesyndication.com/simgad/128038747177600361,"압도적 보상, 캐릭터/유닛 외형",,,,,"Pre-registration Event, $100, Pre-register and Earn Rewards Worth $100!, Claim Rewards","보상, 릴리즈 예고",용병 모집(Gacha),사전예약 혜택,마그 탐험대,카르벨(Karbel),히어로 수집 육성,,수집 및 도감,"텍스트 오버레이, 클로즈업 및 줌",심플/클린 UI,"수집욕/소유욕, 만족과 성취감","인간형 영웅, 재화/보물상자","2D 일러스트, 2.5D 입체 그래픽","100달러 가치 강조로 사전예약 전환율을 극대화합니다. 보상 강조를 통해 초반 성장 불안을 해소하며, 향후 보상 아이템 노출을 통해 높은 클릭률을 유도합니다."
260406_BNR_A-Character-100usd01A-DA_S_1200x1200_EN.jpg;https://tpc.googlesyndication.com/simgad/10042032527036690642,가로형 이미지,HQ_HQ_PH_US-EN_GA_NU_AD_ACi_260430,M_1844_INTEREST_GENRE_ALL_NONE_260430_2,2026-05-03,0,KRW,917,76,1,0,BNR,정방형,2026-04-06,A,Character,100usd01A,EN,260406_BNR_A-Character-100usd01A-DA_S_1200x1200_EN,A-Character-100usd01A-DA,https://tpc.googlesyndication.com/simgad/10042032527036690642,"압도적 보상, 캐릭터/유닛 외형",,,,,"Pre-registration Event, $100, Pre-register and Earn Rewards Worth $100!, Claim Rewards","보상, 릴리즈 예고",용병 모집(Gacha),사전예약 혜택,마그 탐험대,카르벨(Karbel),히어로 수집 육성,,수집 및 도감,"텍스트 오버레이, 클로즈업 및 줌",심플/클린 UI,"수집욕/소유욕, 만족과 성취감","인간형 영웅, 재화/보물상자","2D 일러스트, 2.5D 입체 그래픽",정방형 레이아웃과 $100 보상 텍스트로 시인성을 극대화했습니다. 혜택 중심 소구로 스낵 컬처 타겟의 전환을 유도하며 대비를 높인 A/B 테스트를 제안합니다.
260406_BNR_A-Character-100usd01A-DA_V_1200x1500_EN.jpg;https://tpc.googlesyndication.com/simgad/18256489507350070227,가로형 이미지,HQ_HQ_PH_US-EN_GA_NU_AD_ACi_260430,M_1844_INTEREST_GENRE_ALL_NONE_260430_2,2026-05-03,0,KRW,0,9,0,0,BNR,세로형,2026-04-06,A,Character,100usd01A,EN,260406_BNR_A-Character-100usd01A-DA_V_1200x1500_EN,A-Character-100usd01A-DA,https://tpc.googlesyndication.com/simgad/18256489507350070227,"압도적 보상, 캐릭터/유닛 외형",,,,,"Pre-registration Event, $100, Pre-register and Earn Rewards Worth $100!, Claim Rewards","보상, 릴리즈 예고",용병 모집(Gacha),사전예약 혜택,마그 탐험대,카르벨(Karbel),히어로 수집 육성,,수집 및 도감,"텍스트 오버레이, 클로즈업 및 줌",심플/클린 UI,"수집욕/소유욕, 만족과 성취감","인간형 영웅, 재화/보물상자","2D 일러스트, 2.5D 입체 그래픽",고퀄리티 2.5D 그래픽과 일러스트 밀도를 높여 수집 욕구 및 신뢰 형성. 아트 USP 기반의 캐릭터별 선호도 분석과 성과 확장 기대.
260406_BNR_A-Character-Adventure04A-DA_L_1200x628_EN.jpg;https://tpc.googlesyndication.com/simgad/11190732183298883065,가로형 이미지,HQ_HQ_PH_US-EN_GA_NU_AD_ACi_260430,M_1844_INTEREST_GENRE_ALL_NONE_260430_2,2026-05-03,3,KRW,12435,449,14,0,BNR,가로형,2026-04-06,A,Character,Adventure04A,EN,260406_BNR_A-Character-Adventure04A-DA_L_1200x628_EN,A-Character-Adventure04A-DA,https://tpc.googlesyndication.com/simgad/11190732183298883065,"비주얼 임팩트, 캐릭터/유닛 외형",,,,,PEPP HEROES,"아트 퀄리티, 수집형RPG, 릴리즈 예고","8인 실시간 전투, 수집형 RPG",8인 실시간 전투,"마그 탐험대, 고블린","카르벨(Karbel), 샤일린(Shylin)",히어로 수집 육성,,"전투 및 액션, 장애물 및 도전",텍스트 오버레이,자연/야외 미학,"도전과 승부욕, 참여와 임장감","인간형 영웅, 거대 보스, SD/치비 캐릭터","2.5D 입체 그래픽, 2D 일러스트",SD 영웅과 거대 보스의 대치로 모험심 자극. 정적 RPG 유저에게 액션 소구 및 보상 텍스트로 CTR·CVR 최적화.
260406_BNR_A-Character-Adventure04A-DA_S_1200x1200_EN.jpg;https://tpc.googlesyndication.com/simgad/4078122247307565443,가로형 이미지,HQ_HQ_PH_US-EN_GA_NU_AD_ACi_260430,M_1844_INTEREST_GENRE_ALL_NONE_260430_2,2026-05-03,0,KRW,1280,51,2,0,BNR,정방형,2026-04-06,A,Character,Adventure04A,EN,260406_BNR_A-Character-Adventure04A-DA_S_1200x1200_EN,A-Character-Adventure04A-DA,https://tpc.googlesyndication.com/simgad/4078122247307565443,"비주얼 임팩트, 캐릭터/유닛 외형",,,,,PEPP HEROES,"아트 퀄리티, 수집형RPG, 릴리즈 예고","8인 실시간 전투, 수집형 RPG",8인 실시간 전투,"마그 탐험대, 고블린","카르벨(Karbel), 샤일린(Shylin)",히어로 수집 육성,,"전투 및 액션, 장애물 및 도전",텍스트 오버레이,자연/야외 미학,"도전과 승부욕, 참여와 임장감","인간형 영웅, 거대 보스, SD/치비 캐릭터","2.5D 입체 그래픽, 2D 일러스트","정방형 규격의 캐릭터 밀집 배치를 통해 스쿼드 일체감을 강조하고, 직업 아이콘 오버레이로 팀 빌딩의 전략적 재미와 영웅의 매력을 소구함."
260406_BNR_A-Character-Adventure05A-DA_L_1200x628_EN.jpg;https://tpc.googlesyndication.com/simgad/14620542589526622535,가로형 이미지,HQ_HQ_PH_US-EN_GA_NU_AD_ACi_260430,M_1844_INTEREST_GENRE_ALL_NONE_260430_2,2026-05-03,1,KRW,1573,49,2,0,BNR,가로형,2026-04-06,A,Character,Adventure05A,EN,260406_BNR_A-Character-Adventure05A-DA_L_1200x628_EN,A-Character-Adventure05A-DA,https://tpc.googlesyndication.com/simgad/14620542589526622535,"캐릭터/유닛 외형, 비주얼 임팩트",,,,,Every Hero Needs a Little Pepp,"아트 퀄리티, 수집형RPG, 캐릭터","8인 실시간 전투, 수집형 RPG",렐릭 퀘스트,"마그 탐험대, 고블린","샤일린(Shylin), 카르벨(Karbel)",렐릭 탐험 어드벤처,2.5D 독보적 그래픽 강조,"전투 및 액션, 수집 및 도감","텍스트 오버레이, 클로즈업 및 줌",던전/신전,"수집욕/소유욕, 참여와 임장감","인간형 영웅, SD/치비 캐릭터","2.5D 입체 그래픽, 2D 일러스트",독보적인 2.5D 비주얼과 대립 구도로 정체성 각인. 입체적 모험 선사 및 고퀄리티 아트로 글로벌 CTR 유도. SSR 스킬 컷신 활용해 CVR 극대화 기대.
260406_BNR_A-Character-Adventure05A-DA_S_1200x1200_EN.jpg;https://tpc.googlesyndication.com/simgad/13772335840655466460,가로형 이미지,HQ_HQ_PH_US-EN_GA_NU_AD_ACi_260430,M_1844_INTEREST_GENRE_ALL_NONE_260430_2,2026-05-03,0,KRW,487,47,1,0,BNR,정방형,2026-04-06,A,Character,Adventure05A,EN,260406_BNR_A-Character-Adventure05A-DA_S_1200x1200_EN,A-Character-Adventure05A-DA,https://tpc.googlesyndication.com/simgad/13772335840655466460,"캐릭터/유닛 외형, 비주얼 임팩트",,,,,Every Hero Needs a Little Pepp,"아트 퀄리티, 수집형RPG, 캐릭터","8인 실시간 전투, 수집형 RPG",렐릭 퀘스트,"마그 탐험대, 고블린","샤일린(Shylin), 카르벨(Karbel)",렐릭 탐험 어드벤처,2.5D 독보적 그래픽 강조,"전투 및 액션, 수집 및 도감","텍스트 오버레이, 클로즈업 및 줌",던전/신전,"수집욕/소유욕, 참여와 임장감","인간형 영웅, SD/치비 캐릭터","2.5D 입체 그래픽, 2D 일러스트",정방형 규격의 캐릭터 밀집 노출로 수집 재미를 강조함. 영웅 반전 매력 소유욕을 자극하며 피드 최적화로 클릭률 극대화 유도. 보상 텍스트 오버레이로 전환율 보완 필요.
260406_BNR_A-Character-Comics01A-DA_L_1200x628_EN.jpg;https://tpc.googlesyndication.com/simgad/3049438568803176011,가로형 이미지,HQ_HQ_PH_US-EN_GA_NU_AD_ACi_260430,M_1844_INTEREST_GENRE_ALL_NONE_260430_2,2026-05-03,0,KRW,1020,42,5,0,BNR,가로형,2026-04-06,A,Character,Comics01A,EN,260406_BNR_A-Character-Comics01A-DA_L_1200x628_EN,A-Character-Comics01A-DA,https://tpc.googlesyndication.com/simgad/3049438568803176011,"비주얼 임팩트, 캐릭터/유닛 외형",,,,,"EVERY HERO NEEDS A LITTLE PEPP, PEPP HEROES","아트 퀄리티, 캐릭터, 수집형RPG","용병 모집(Gacha), 8인 실시간 전투",8인 실시간 전투,마그 탐험대,카르벨(Karbel),"히어로 수집 육성, 렐릭 탐험 어드벤처",코믹스 스타일 레이아웃,"수집 및 도감, 전투 및 액션","분할 화면, 텍스트 오버레이",자연/야외 미학,"수집욕/소유욕, 휴식과 힐링","SD/치비 캐릭터, 인간형 영웅",2.5D 입체 그래픽,코믹스 레이아웃과 친근한 아트 스타일로 진입 장벽을 낮추고 개성을 강조함. 가독성 높은 카피로 높은 CTR을 유도하며 SSR 캐릭터 중심의 수집 욕구 자극 전략을 제안함.
260406_BNR_A-Character-Comics01A-DA_V_1200x1500_EN.jpg;https://tpc.googlesyndication.com/simgad/13581844973087919256,가로형 이미지,HQ_HQ_PH_US-EN_GA_NU_AD_ACi_260430,M_1844_INTEREST_GENRE_ALL_NONE_260430_2,2026-05-03,2,KRW,650,52,4,0,BNR,세로형,2026-04-06,A,Character,Comics01A,EN,260406_BNR_A-Character-Comics01A-DA_V_1200x1500_EN,A-Character-Comics01A-DA,https://tpc.googlesyndication.com/simgad/13581844973087919256,"비주얼 임팩트, 캐릭터/유닛 외형",,,,,"EVERY HERO NEEDS A LITTLE PEPP, PEPP HEROES","아트 퀄리티, 캐릭터, 수집형RPG","용병 모집(Gacha), 8인 실시간 전투",8인 실시간 전투,마그 탐험대,카르벨(Karbel),"히어로 수집 육성, 렐릭 탐험 어드벤처",코믹스 스타일 레이아웃,"수집 및 도감, 전투 및 액션","분할 화면, 텍스트 오버레이",자연/야외 미학,"수집욕/소유욕, 휴식과 힐링","SD/치비 캐릭터, 인간형 영웅",2.5D 입체 그래픽,독보적 화풍의 2.5D 그래픽으로 차별화된 비주얼 소구. 세로 규격의 범용성을 활용하며 보스 레이드 테마를 병행해 유저 반응 테스트 및 세그먼트 공략 필요.
260406_BNR_A-Charater-Collection01A-DA_L_1200x628_EN.jpg;https://tpc.googlesyndication.com/simgad/9157278201026773067,가로형 이미지,HQ_HQ_PH_US-EN_GA_NU_AD_ACi_260430,M_1844_INTEREST_GENRE_ALL_NONE_260430_2,2026-05-03,0,KRW,131,181,1,0,BNR,가로형,2026-04-06,A,Charater,Collection01A,EN,260406_BNR_A-Charater-Collection01A-DA_L_1200x628_EN,A-Charater-Collection01A-DA,https://tpc.googlesyndication.com/simgad/9157278201026773067,"캐릭터/유닛 외형, 비주얼 임팩트",,,,,"Get Pepp'd, com2us, PEPP HEROES","아트 퀄리티, 캐릭터, 수집형RPG",수집형 RPG,용병 모집(Gacha),마그 탐험대,다수의 SD 영웅,히어로 수집 육성,,수집 및 도감,텍스트 오버레이,심플/클린 UI,수집욕/소유욕,SD/치비 캐릭터,2.5D 입체 그래픽,"'Get Pepp'd' 슬로건과 촘촘한 캐릭터 배치로 방대한 수집성 강조. 2.5D 및 SD 캐릭터로 유저 소유욕 자극 및 높은 CTR 유도, 인기 캐릭터 중심 확장 용이."
260406_BNR_A-Charater-Collection01A-DA_S_1200x1200_EN.jpg;https://tpc.googlesyndication.com/simgad/2322926171558263908,가로형 이미지,HQ_HQ_PH_US-EN_GA_NU_AD_ACi_260430,M_1844_INTEREST_GENRE_ALL_NONE_260430_2,2026-05-03,0,KRW,0,50,0,0,BNR,정방형,2026-04-06,A,Charater,Collection01A,EN,260406_BNR_A-Charater-Collection01A-DA_S_1200x1200_EN,A-Charater-Collection01A-DA,https://tpc.googlesyndication.com/simgad/2322926171558263908,"캐릭터/유닛 외형, 비주얼 임팩트",,,,,"Get Pepp'd, com2us, PEPP HEROES","아트 퀄리티, 캐릭터, 수집형RPG",수집형 RPG,용병 모집(Gacha),마그 탐험대,다수의 SD 영웅,히어로 수집 육성,,수집 및 도감,텍스트 오버레이,심플/클린 UI,수집욕/소유욕,SD/치비 캐릭터,2.5D 입체 그래픽,정방형 구도로 캐릭터 밀도와 시각적 풍성함 극대화. SNS 주목도 확보 및 캐릭터 등급 변주를 통한 전환율 개선 기대.
260406_BNR_A-Charater-Collection01A-DA_V_1200x1500_EN.jpg;https://tpc.googlesyndication.com/simgad/5699446522298240409,가로형 이미지,HQ_HQ_PH_US-EN_GA_NU_AD_ACi_260430,M_1844_INTEREST_GENRE_ALL_NONE_260430_2,2026-05-03,0,KRW,343,8,0,0,BNR,세로형,2026-04-06,A,Charater,Collection01A,EN,260406_BNR_A-Charater-Collection01A-DA_V_1200x1500_EN,A-Charater-Collection01A-DA,https://tpc.googlesyndication.com/simgad/5699446522298240409,"캐릭터/유닛 외형, 비주얼 임팩트",,,,,"Get Pepp'd, com2us, PEPP HEROES","아트 퀄리티, 캐릭터, 수집형RPG",수집형 RPG,용병 모집(Gacha),마그 탐험대,다수의 SD 영웅,히어로 수집 육성,,수집 및 도감,텍스트 오버레이,심플/클린 UI,수집욕/소유욕,SD/치비 캐릭터,2.5D 입체 그래픽,세로 뷰로 50종 영웅 노출을 극대화하여 전략적 흥미 유발. 무료 소환권 혜택 강조로 전환율 제고 및 안정적 성과 기대.
260406_BNR_A-Mob-Adventure02A-DA_L_1200x628_EN.jpg;https://tpc.googlesyndication.com/simgad/17125206759944352040,가로형 이미지,HQ_HQ_PH_US-EN_GA_NU_AD_ACi_260430,M_1844_INTEREST_GENRE_ALL_NONE_260430_2,2026-05-03,4,KRW,7287,446,22,0,BNR,가로형,2026-04-06,A,Mob,Adventure02A,EN,260406_BNR_A-Mob-Adventure02A-DA_L_1200x628_EN,A-Mob-Adventure02A-DA,https://tpc.googlesyndication.com/simgad/17125206759944352040,비주얼 임팩트,,,,,PEPP HEROES,"아트 퀄리티, 수집형RPG",5인 분대 전투,거대 보스 레이드,"마그 탐험대, 고블린",,렐릭 탐험 어드벤처,2.5D 입체 월드 강조,"장애물 및 도전, 전투 및 액션",텍스트 오버레이,자연/야외 미학,도전과 승부욕,"거대 보스, SD/치비 캐릭터",2.5D 입체 그래픽,5인 파티 레이드와 SD 캐릭터로 어드벤처 RPG 정체성 강조. 2.5D 그래픽으로 CTR을 높이고 사전예약 보상을 통해 CVR 극대화 유도.
260406_BNR_A-Mob-Adventure02A-DA_S_1200x1200_EN.jpg;https://tpc.googlesyndication.com/simgad/17573267286983610733,가로형 이미지,HQ_HQ_PH_US-EN_GA_NU_AD_ACi_260430,M_1844_INTEREST_GENRE_ALL_NONE_260430_2,2026-05-03,0,KRW,0,7,0,0,BNR,정방형,2026-04-06,A,Mob,Adventure02A,EN,260406_BNR_A-Mob-Adventure02A-DA_S_1200x1200_EN,A-Mob-Adventure02A-DA,https://tpc.googlesyndication.com/simgad/17573267286983610733,비주얼 임팩트,,,,,PEPP HEROES,"아트 퀄리티, 수집형RPG",5인 분대 전투,거대 보스 레이드,"마그 탐험대, 고블린",,렐릭 탐험 어드벤처,2.5D 입체 월드 강조,"장애물 및 도전, 전투 및 액션",텍스트 오버레이,자연/야외 미학,도전과 승부욕,"거대 보스, SD/치비 캐릭터",2.5D 입체 그래픽,2.5D 비주얼과 거대 보스 대치 구도로 몰입감 강조. 직접 조작 및 전략 조합을 선호하는 수집형 RPG 유저를 공략해 높은 클릭률과 수집욕 자극 기대.
260406_BNR_A-Mob-Adventure02A-DA_V_1200x1500_EN.jpg;https://tpc.googlesyndication.com/simgad/12487452563763707002,가로형 이미지,HQ_HQ_PH_US-EN_GA_NU_AD_ACi_260430,M_1844_INTEREST_GENRE_ALL_NONE_260430_2,2026-05-03,2,KRW,6600,373,7,0,BNR,세로형,2026-04-06,A,Mob,Adventure02A,EN,260406_BNR_A-Mob-Adventure02A-DA_V_1200x1500_EN,A-Mob-Adventure02A-DA,https://tpc.googlesyndication.com/simgad/12487452563763707002,비주얼 임팩트,,,,,PEPP HEROES,"아트 퀄리티, 수집형RPG",5인 분대 전투,거대 보스 레이드,"마그 탐험대, 고블린",,렐릭 탐험 어드벤처,2.5D 입체 월드 강조,"장애물 및 도전, 전투 및 액션",텍스트 오버레이,자연/야외 미학,도전과 승부욕,"거대 보스, SD/치비 캐릭터",2.5D 입체 그래픽,초기 핵심 영웅 노출로 수집 재미 강조 및 따뜻한 아트 스타일로 힐링 소구. 방대한 콘텐츠 중심의 텍스트 보강으로 캐주얼 유저 유입 및 잔존율 제고.
260406_VID_A-Character-Collection01B-UA_S_1080x1080_EN;https://www.youtube.com/watch?v=cTfY4JpFc-s,YouTube 동영상,HQ_HQ_PH_US-EN_GA_NU_AD_ACi_260430,M_1844_INTEREST_GENRE_ALL_NONE_260430_2,2026-05-03,0,KRW,9567,214,6,0,VID,정방형,2026-04-06,A,Character,Collection01B,EN;https://www,260406_VID_A-Character-Collection01B-UA_S_1080x1080_EN,A-Character-Collection01B-UA,https://www.youtube.com/watch?v=cTfY4JpFc-s,"질문/선택형, 캐릭터/유닛 외형",경쾌함,TRUE,,없음,"CHOOSE YOUR HERO, HUGO, KARBEL, MONAD","캐릭터, 수집형RPG, 전략성",용병 모집(Gacha),DIY 픽업 시스템,마그 탐험대,"휴고, 카르벨, 모나드",히어로 수집 육성,남성 캐릭터 위주 배치,수집 및 도감,"텍스트 오버레이, 분할 화면",심플/클린 UI,수집욕/소유욕,"SD/치비 캐릭터, 인간형 영웅",2D 일러스트,캐릭터 구성 대조를 통한 타겟 취향별 효율 분석. 탱커 및 딜러 중심 덱 선호 심리 공략하며 캐릭터 조합 변주 소재로 리타겟팅 광고 활용 권장.
260406_VID_A-Character-Combat01A-UA_L_1920x1080_EN;https://www.youtube.com/watch?v=2W7-0AV2mfg,YouTube 동영상,HQ_HQ_PH_US-EN_GA_NU_AD_ACi_260430,M_1844_INTEREST_GENRE_ALL_NONE_260430_2,2026-05-03,0,KRW,3909,173,2,0,VID,가로형,2026-04-06,A,Character,Combat01A,EN;https://www,260406_VID_A-Character-Combat01A-UA_L_1920x1080_EN,A-Character-Combat01A-UA,https://www.youtube.com/watch?v=2W7-0AV2mfg,"비주얼 임팩트, 캐릭터/유닛 외형",긴박함,TRUE,,없음,"VINESSA, A DARK WIZARD WHO DOMINATES THE FIELD, SOPHIA, REMOVES ALL DEBUFFS! THE KEY TO SURVIVAL, BERNETA, A SYNERGY DEALER THAT PERFECTS YOUR TEAM, PLAY FOR FREE","아트 퀄리티, 캐릭터, 수집형RPG, 전략성",용병 모집,스킬 컷신 연출,마그 탐험대,"Vinessa, Sophia, Berneta",렐릭 탐험 어드벤처,캐릭터별 스킬 특징 강조,전투 및 액션,"텍스트 오버레이, 클로즈업 및 줌",자연/야외 미학,"도전과 승부욕, 수집욕/소유욕","인간형 영웅, SD/치비 캐릭터, 성장 지표","2.5D 입체 그래픽, 2D 일러스트",인게임 전투와 일러스트 교차 편집으로 몰입도 극대화. 캐릭터 스킬 및 시너지로 전략적 호기심 자극. 플레이 영상 기반 안정적 CVR 확보 및 캐릭터 속성 대비 변주 제안.
260406_VID_A-Character-Combat01A-UA_S_1080x1080_EN;https://www.youtube.com/watch?v=jnNAzjzUw8o,YouTube 동영상,HQ_HQ_PH_US-EN_GA_NU_AD_ACi_260430,M_1844_INTEREST_GENRE_ALL_NONE_260430_2,2026-05-03,3,KRW,5562,292,5,0,VID,정방형,2026-04-06,A,Character,Combat01A,EN;https://www,260406_VID_A-Character-Combat01A-UA_S_1080x1080_EN,A-Character-Combat01A-UA,https://www.youtube.com/watch?v=jnNAzjzUw8o,"비주얼 임팩트, 캐릭터/유닛 외형",긴박함,TRUE,,없음,"VINESSA, A DARK WIZARD WHO DOMINATES THE FIELD, SOPHIA, REMOVES ALL DEBUFFS! THE KEY TO SURVIVAL, BERNETA, A SYNERGY DEALER THAT PERFECTS YOUR TEAM, PLAY FOR FREE","아트 퀄리티, 캐릭터, 수집형RPG, 전략성",용병 모집,스킬 컷신 연출,마그 탐험대,"Vinessa, Sophia, Berneta",렐릭 탐험 어드벤처,캐릭터별 스킬 특징 강조,전투 및 액션,"텍스트 오버레이, 클로즈업 및 줌",자연/야외 미학,"도전과 승부욕, 수집욕/소유욕","인간형 영웅, SD/치비 캐릭터, 성장 지표","2.5D 입체 그래픽, 2D 일러스트",SSR 비네사 비주얼을 초반에 배치해 RPG 팬덤 시선 확보. 고퀄리티 애니메이션으로 캐릭터 소유욕을 자극하며 스킬 콤보 시리즈로 소재 확장 가능.
260406_VID_A-Character-Combat01A-UA_V_1080x1920_EN;https://www.youtube.com/watch?v=tHmXhOKu33A,YouTube 동영상,HQ_HQ_PH_US-EN_GA_NU_AD_ACi_260430,M_1844_INTEREST_GENRE_ALL_NONE_260430_2,2026-05-03,1,KRW,10132,236,5,0,VID,세로형,2026-04-06,A,Character,Combat01A,EN;https://www,260406_VID_A-Character-Combat01A-UA_V_1080x1920_EN,A-Character-Combat01A-UA,https://www.youtube.com/watch?v=tHmXhOKu33A,"비주얼 임팩트, 캐릭터/유닛 외형",긴박함,TRUE,,없음,"VINESSA, A DARK WIZARD WHO DOMINATES THE FIELD, SOPHIA, REMOVES ALL DEBUFFS! THE KEY TO SURVIVAL, BERNETA, A SYNERGY DEALER THAT PERFECTS YOUR TEAM, PLAY FOR FREE","아트 퀄리티, 캐릭터, 수집형RPG, 전략성",용병 모집,스킬 컷신 연출,마그 탐험대,"Vinessa, Sophia, Berneta",렐릭 탐험 어드벤처,캐릭터별 스킬 특징 강조,전투 및 액션,"텍스트 오버레이, 클로즈업 및 줌",자연/야외 미학,"도전과 승부욕, 수집욕/소유욕","인간형 영웅, SD/치비 캐릭터, 성장 지표","2.5D 입체 그래픽, 2D 일러스트",숏폼 최적화 세로 분할 화면으로 캐릭터와 전투 연출 강조. 한 손 플레이 선호 심리를 공략하여 틱톡 및 릴스 내 높은 조회수 확보 기대.
260406_VID_A-Character-Combat01B-UA_L_1920x1080_EN;https://www.youtube.com/watch?v=d4rVTfnnYhg,YouTube 동영상,HQ_HQ_PH_US-EN_GA_NU_AD_ACi_260430,M_1844_INTEREST_GENRE_ALL_NONE_260430_2,2026-05-03,3,KRW,21540,831,14,0,VID,가로형,2026-04-06,A,Character,Combat01B,EN;https://www,260406_VID_A-Character-Combat01B-UA_L_1920x1080_EN,A-Character-Combat01B-UA,https://www.youtube.com/watch?v=d4rVTfnnYhg,"비주얼 임팩트, 캐릭터/유닛 외형",긴박함,TRUE,,없음,"HUGO, An indomitable warrior..., MONAD, A sage who devastates..., KARBEL, A fiery dealer..., PLAY FOR FREE","전략성, 아트 퀄리티",용병 모집,8인 실시간 전투,마그 탐험대,"Hugo, Monad, Karbel",히어로 수집 육성,,전투 및 액션,"텍스트 오버레이, 클로즈업 및 줌",자연/야외 미학,"도전과 승부욕, 수집욕/소유욕","인간형 영웅, SD/치비 캐릭터, 성장 지표","2.5D 입체 그래픽, 2D 일러스트",16:9 뷰로 넓은 전장과 스킬 강조. 화려한 연출로 타격감 선호 유저 공략. 전투 선호층 대상 높은 전환율 기대.
260406_VID_A-Character-Combat01B-UA_S_1080x1080_EN;https://www.youtube.com/watch?v=tcTIYuJi7pM,YouTube 동영상,HQ_HQ_PH_US-EN_GA_NU_AD_ACi_260430,M_1844_INTEREST_GENRE_ALL_NONE_260430_2,2026-05-03,2,KRW,3143,117,4,0,VID,정방형,2026-04-06,A,Character,Combat01B,EN;https://www,260406_VID_A-Character-Combat01B-UA_S_1080x1080_EN,A-Character-Combat01B-UA,https://www.youtube.com/watch?v=tcTIYuJi7pM,"비주얼 임팩트, 캐릭터/유닛 외형",긴박함,TRUE,,없음,"HUGO, An indomitable warrior..., MONAD, A sage who devastates..., KARBEL, A fiery dealer..., PLAY FOR FREE","전략성, 아트 퀄리티",용병 모집,8인 실시간 전투,마그 탐험대,"Hugo, Monad, Karbel",히어로 수집 육성,,전투 및 액션,"텍스트 오버레이, 클로즈업 및 줌",자연/야외 미학,"도전과 승부욕, 수집욕/소유욕","인간형 영웅, SD/치비 캐릭터, 성장 지표","2.5D 입체 그래픽, 2D 일러스트",소피아의 생존 및 지원 능력과 팀 시너지를 강조해 전략적 유저 공략. 비네사 소재 A/B 테스트로 타겟별 선호 캐릭터 최적화 및 성과 확장 도모.
260406_VID_A-Character-Combat01B-UA_V_1080x1920_EN;https://www.youtube.com/watch?v=rrd-TGZqEqc,YouTube 동영상,HQ_HQ_PH_US-EN_GA_NU_AD_ACi_260430,M_1844_INTEREST_GENRE_ALL_NONE_260430_2,2026-05-03,2,KRW,10547,713,5,0,VID,세로형,2026-04-06,A,Character,Combat01B,EN;https://www,260406_VID_A-Character-Combat01B-UA_V_1080x1920_EN,A-Character-Combat01B-UA,https://www.youtube.com/watch?v=rrd-TGZqEqc,"비주얼 임팩트, 캐릭터/유닛 외형",긴박함,TRUE,,없음,"HUGO, An indomitable warrior..., MONAD, A sage who devastates..., KARBEL, A fiery dealer..., PLAY FOR FREE","전략성, 아트 퀄리티",용병 모집,8인 실시간 전투,마그 탐험대,"Hugo, Monad, Karbel",히어로 수집 육성,,전투 및 액션,"텍스트 오버레이, 클로즈업 및 줌",자연/야외 미학,"도전과 승부욕, 수집욕/소유욕","인간형 영웅, SD/치비 캐릭터, 성장 지표","2.5D 입체 그래픽, 2D 일러스트",직관적인 탱딜힐 구성으로 정통 RPG 유저의 파티 니즈 충족. 역할군 조합의 재미를 텍스트로 보강하여 효율 극대화 기대.
260406_VID_A-Charater-Collection01B-UA_L_1920x1080_EN;https://www.youtube.com/watch?v=rRGCh1x6a6M,YouTube 동영상,HQ_HQ_PH_US-EN_GA_NU_AD_ACi_260430,M_1844_INTEREST_GENRE_ALL_NONE_260430_2,2026-05-03,2,KRW,6598,194,5,0,VID,가로형,2026-04-06,A,Charater,Collection01B,EN;https://www,260406_VID_A-Charater-Collection01B-UA_L_1920x1080_EN,A-Charater-Collection01B-UA,https://www.youtube.com/watch?v=rRGCh1x6a6M,"질문/선택형, 캐릭터/유닛 외형",경쾌함,TRUE,,없음,"CHOOSE YOUR HERO, HUGO, PLAY FOR FREE","아트 퀄리티, 전략성",용병 모집,DIY 픽업 시스템,마그 탐험대,Hugo,히어로 수집 육성,,수집 및 도감,"텍스트 오버레이, 클로즈업 및 줌",심플/클린 UI,"수집욕/소유욕, 만족과 성취감","인간형 영웅, SD/치비 캐릭터","2.5D 입체 그래픽, 2D 일러스트","그리드 UI로 풍부한 캐릭터 풀을 어필해 수집 욕구를 자극하며, 캐릭터 강조 엔드카드를 통해 높은 잔존율을 확보합니다."
260406_VID_A-Charater-Collection01B-UA_V_1080x1920_EN;https://www.youtube.com/watch?v=u5diHTUsSOs,YouTube 동영상,HQ_HQ_PH_US-EN_GA_NU_AD_ACi_260430,M_1844_INTEREST_GENRE_ALL_NONE_260430_2,2026-05-03,4,KRW,16921,204,20,0,VID,세로형,2026-04-06,A,Charater,Collection01B,EN;https://www,260406_VID_A-Charater-Collection01B-UA_V_1080x1920_EN,A-Charater-Collection01B-UA,https://www.youtube.com/watch?v=u5diHTUsSOs,"질문/선택형, 캐릭터/유닛 외형",경쾌함,TRUE,,없음,"CHOOSE YOUR HERO, HUGO, PLAY FOR FREE","아트 퀄리티, 전략성",용병 모집,DIY 픽업 시스템,마그 탐험대,Hugo,히어로 수집 육성,캐릭터 픽(Pick) 연출,수집 및 도감,"텍스트 오버레이, 클로즈업 및 줌",심플/클린 UI,"수집욕/소유욕, 만족과 성취감","인간형 영웅, SD/치비 캐릭터","2.5D 입체 그래픽, 2D 일러스트",직접 영웅을 선택하는 인터랙티브 경험으로 기대감 부여. 다양한 영웅 노출을 통해 유저 취향을 공략하고 반복적인 참여 유도.
260406_VID_A-Hooking-Reward02A-FK_L_1920x1080_EN;https://www.youtube.com/watch?v=oRlzfGbT3xY,YouTube 동영상,HQ_HQ_PH_US-EN_GA_NU_AD_ACi_260430,M_1844_INTEREST_GENRE_ALL_NONE_260430_2,2026-05-03,1,KRW,4768,340,5,0,VID,가로형,2026-04-06,A,Hooking,Reward02A,EN;https://www,260406_VID_A-Hooking-Reward02A-FK_L_1920x1080_EN,A-Hooking-Reward02A-FK,https://www.youtube.com/watch?v=oRlzfGbT3xY,"실패/분노 유도, 압도적 보상",긴박함,TRUE,,없음,"Tap here to save him!, Help me!, HELP KARBEL CLEAR, Claim your SR character and rewards worth $100!, PLAY FOR FREE",보상,용병 모집,우호도 시스템,마그 탐험대,카르벨(Karbel),히어로 수집 육성,페이크 플레이(구출 미니게임) 형식 활용,퍼즐 및 논리,"손가락 지시선, 텍스트 오버레이",자연/야외 미학,"도전과 승부욕, 만족과 성취감","SD/치비 캐릭터, 재화/보물상자",2D 일러스트,구출 미니게임 방식을 활용해 시청자 이탈을 방지하고 즉각적인 행동을 유도합니다. 대량의 재화 보상으로 성취감을 자극하여 저단가 트래픽 확보 및 높은 클릭률을 공략합니다.
260406_VID_A-Hooking-Reward02A-FK_S_1080x1080_EN;https://www.youtube.com/watch?v=EgLwtP8WjE4,YouTube 동영상,HQ_HQ_PH_US-EN_GA_NU_AD_ACi_260430,M_1844_INTEREST_GENRE_ALL_NONE_260430_2,2026-05-03,0,KRW,3111,75,2,0,VID,정방형,2026-04-06,A,Hooking,Reward02A,EN;https://www,260406_VID_A-Hooking-Reward02A-FK_S_1080x1080_EN,A-Hooking-Reward02A-FK,https://www.youtube.com/watch?v=EgLwtP8WjE4,"실패/분노 유도, 압도적 보상",긴박함,TRUE,,없음,"Tap here to save him!, Help me!, HELP KARBEL CLEAR, Claim your SR character and rewards worth $100!, PLAY FOR FREE",보상,용병 모집,우호도 시스템,마그 탐험대,카르벨(Karbel),히어로 수집 육성,페이크 플레이(구출 미니게임) 형식 활용,퍼즐 및 논리,"손가락 지시선, 텍스트 오버레이",자연/야외 미학,"도전과 승부욕, 만족과 성취감","SD/치비 캐릭터, 재화/보물상자",2D 일러스트,위기 상황 미션과 100달러 보상으로 유저 참여 및 전환 유도. 쉬운 조작성 강조로 진입 장벽을 낮춰 대량 유입용 런칭 소재로 적합.
260406_VID_A-Hooking-Reward02A-FK_V_1080x1920_EN;https://www.youtube.com/watch?v=b7LsalWUDvQ,YouTube 동영상,HQ_HQ_PH_US-EN_GA_NU_AD_ACi_260430,M_1844_INTEREST_GENRE_ALL_NONE_260430_2,2026-05-03,0,KRW,614,26,0,0,VID,세로형,2026-04-06,A,Hooking,Reward02A,EN;https://www,260406_VID_A-Hooking-Reward02A-FK_V_1080x1920_EN,A-Hooking-Reward02A-FK,https://www.youtube.com/watch?v=b7LsalWUDvQ,"실패/분노 유도, 압도적 보상",긴박함,TRUE,,없음,"Tap here to save him!, Help me!, HELP KARBEL CLEAR, Claim your SR character and rewards worth $100!, PLAY FOR FREE",보상,용병 모집,우호도 시스템,마그 탐험대,카르벨(Karbel),히어로 수집 육성,페이크 플레이(구출 미니게임) 형식 활용,퍼즐 및 논리,"손가락 지시선, 텍스트 오버레이",자연/야외 미학,"도전과 승부욕, 만족과 성취감","SD/치비 캐릭터, 재화/보물상자",2D 일러스트,9:16 세로형 구조로 터치 인터랙션을 극대화하고 FOMO를 자극해 시청 완료율을 높입니다. 캐릭터 활용 및 실패 연출의 A/B 테스트 확장을 제안합니다.
260406_VID_A-Hooking-Reward03A-UA_L_1920x1080_EN;https://www.youtube.com/watch?v=XUrzh1Qrk5w,YouTube 동영상,HQ_HQ_PH_US-EN_GA_NU_AD_ACi_260430,M_1844_INTEREST_GENRE_ALL_NONE_260430_2,2026-05-03,3,KRW,6091,417,5,0,VID,가로형,2026-04-06,A,Hooking,Reward03A,EN;https://www,260406_VID_A-Hooking-Reward03A-UA_L_1920x1080_EN,A-Hooking-Reward03A-UA,https://www.youtube.com/watch?v=XUrzh1Qrk5w,"압도적 보상, 실패/분노 유도",경쾌함,TRUE,,없음,"WARNING Skip and you will lose your $100 rewards, Tap within 5 Seconds, SR, PLAY FOR FREE!, Claim your SR character and rewards worth $100!",보상,용병 모집,,마그 탐험대,Karbel,히어로 수집 육성,$100 가치 혜택 강조,수집 및 도감,"손가락 지시선, 텍스트 오버레이",심플/클린 UI,"만족과 성취감, 수집욕/소유욕","재화/보물상자, SD/치비 캐릭터","2D 일러스트, 2.5D 입체 그래픽","가로 화면을 활용한 화려한 연출로 시각적 몰입감을 높이고, 보상 상실에 대한 FOMO 심리를 자극하여 가로형 매체 타겟 광고 효율을 극대화함."
260406_VID_A-Hooking-Reward03A-UA_S_1080x1080_EN;https://www.youtube.com/watch?v=VGJB5tDWops,YouTube 동영상,HQ_HQ_PH_US-EN_GA_NU_AD_ACi_260430,M_1844_INTEREST_GENRE_ALL_NONE_260430_2,2026-05-03,5,KRW,21381,303,21,0,VID,정방형,2026-04-06,A,Hooking,Reward03A,EN;https://www,260406_VID_A-Hooking-Reward03A-UA_S_1080x1080_EN,A-Hooking-Reward03A-UA,https://www.youtube.com/watch?v=VGJB5tDWops,"압도적 보상, 실패/분노 유도",경쾌함,TRUE,,없음,"WARNING Skip and you will lose your $100 rewards, Tap within 5 Seconds, SR, PLAY FOR FREE!, Claim your SR character and rewards worth $100!",보상,용병 모집,,마그 탐험대,Karbel,히어로 수집 육성,$100 가치 혜택 강조,수집 및 도감,"손가락 지시선, 텍스트 오버레이",심플/클린 UI,"만족과 성취감, 수집욕/소유욕","재화/보물상자, SD/치비 캐릭터","2D 일러스트, 2.5D 입체 그래픽",부정적 후킹과 시간 제한으로 클릭 유도. $100 가치 및 SR 확정으로 수익 구체화. 높은 CVR 예상되며 보상 변주를 통한 라이브 옵스 제안.
260406_VID_A-Hooking-Reward03A-UA_V_1080x1920_EN;https://www.youtube.com/watch?v=jA_HAiz95x4,YouTube 동영상,HQ_HQ_PH_US-EN_GA_NU_AD_ACi_260430,M_1844_INTEREST_GENRE_ALL_NONE_260430_2,2026-05-03,8,KRW,32338,698,19,0,VID,세로형,2026-04-06,A,Hooking,Reward03A,EN;https://www,260406_VID_A-Hooking-Reward03A-UA_V_1080x1920_EN,A-Hooking-Reward03A-UA,https://www.youtube.com/watch?v=jA_HAiz95x4,"압도적 보상, 실패/분노 유도",경쾌함,TRUE,,없음,"WARNING Skip and you will lose your $100 rewards, Tap within 5 Seconds, SR, PLAY FOR FREE!, Claim your SR character and rewards worth $100!",보상,용병 모집,,마그 탐험대,Karbel,히어로 수집 육성,$100 가치 혜택 강조,수집 및 도감,"손가락 지시선, 텍스트 오버레이",심플/클린 UI,"만족과 성취감, 수집욕/소유욕","재화/보물상자, SD/치비 캐릭터","2D 일러스트, 2.5D 입체 그래픽",도발적 문구와 타이머로 이탈을 방지하고 FOMO 심리를 자극함. 보상형 인벤토리 활용을 통해 UA 매체에서 압도적 전환율 달성 기대.
260406_VID_A-Mob-Adventure01A-UA_L_1920x1080_EN;https://www.youtube.com/watch?v=hVmkPdIsz70,YouTube 동영상,HQ_HQ_PH_US-EN_GA_NU_AD_ACi_260430,M_1844_INTEREST_GENRE_ALL_NONE_260430_2,2026-05-03,0,KRW,2516,130,2,0,VID,가로형,2026-04-06,A,Mob,Adventure01A,EN;https://www,260406_VID_A-Mob-Adventure01A-UA_L_1920x1080_EN,A-Mob-Adventure01A-UA,https://www.youtube.com/watch?v=hVmkPdIsz70,"비주얼 임팩트, 성장 비포애프터",긴박함,TRUE,,없음,"WARNING, GOBLINS INCOMING!, Goblins? Easy! Level UP! UP!, Power Boost! BOOM! BOOM!, Strategic deployment!, Get ready for BATTLE!","편의성, 전략성",AFK 기능,8인 실시간 전투,고블린,카르벨,렐릭 탐험 어드벤처,스마트폰 UI 팝업 연출,"시뮬레이션 및 관리, 장애물 및 도전","텍스트 오버레이, 클로즈업 및 줌",자연/야외 미학,"도전과 승부욕, 만족과 성취감","SD/치비 캐릭터, 성장 지표, 군단/대규모 유닛",2.5D 입체 그래픽,16:9 화면 대비로 대규모 전투와 모바일 최적화 강조. 방치형 육성 선호 유저 타겟으로 핵심 시스템 소구 및 브랜딩·퍼포먼스 효율 기대.
260406_VID_A-Mob-Adventure01A-UA_S_1080x1080_EN;https://www.youtube.com/watch?v=LMKl0g6yRJU,YouTube 동영상,HQ_HQ_PH_US-EN_GA_NU_AD_ACi_260430,M_1844_INTEREST_GENRE_ALL_NONE_260430_2,2026-05-03,4,KRW,15351,216,10,0,VID,정방형,2026-04-06,A,Mob,Adventure01A,EN;https://www,260406_VID_A-Mob-Adventure01A-UA_S_1080x1080_EN,A-Mob-Adventure01A-UA,https://www.youtube.com/watch?v=LMKl0g6yRJU,"비주얼 임팩트, 성장 비포애프터",긴박함,TRUE,,없음,"WARNING, GOBLINS INCOMING!, Goblins? Easy! Level UP! UP!, Power Boost! BOOM! BOOM!, Strategic deployment!, Get ready for BATTLE!","편의성, 전략성",AFK 기능,8인 실시간 전투,고블린,카르벨,렐릭 탐험 어드벤처,스마트폰 UI 팝업 연출,"시뮬레이션 및 관리, 장애물 및 도전","텍스트 오버레이, 클로즈업 및 줌",자연/야외 미학,"도전과 승부욕, 참여와 임장감","SD/치비 캐릭터, 성장 지표, 군단/대규모 유닛",2.5D 입체 그래픽,경고 연출로 몰입도를 높이고 쉬운 성장을 강조해 진입 장벽 완화. 대규모 레이드 소재 확장을 통한 중장기 성과 기대.
260406_VID_A-Mob-Adventure01A-UA_V_1080x1920_EN;https://www.youtube.com/watch?v=nIYkYZ-JFj0,YouTube 동영상,HQ_HQ_PH_US-EN_GA_NU_AD_ACi_260430,M_1844_INTEREST_GENRE_ALL_NONE_260430_2,2026-05-03,0,KRW,4826,76,3,0,VID,세로형,2026-04-06,A,Mob,Adventure01A,EN;https://www,260406_VID_A-Mob-Adventure01A-UA_V_1080x1920_EN,A-Mob-Adventure01A-UA,https://www.youtube.com/watch?v=nIYkYZ-JFj0,"비주얼 임팩트, 성장 비포애프터",긴박함,TRUE,,없음,"WARNING, GOBLINS INCOMING!, Goblins? Easy! Level UP! UP!, Power Boost! BOOM! BOOM!, Strategic deployment!, Get ready for BATTLE!","편의성, 전략성",AFK 기능,8인 실시간 전투,고블린,카르벨,렐릭 탐험 어드벤처,스마트폰 UI 팝업 연출,"시뮬레이션 및 관리, 장애물 및 도전","텍스트 오버레이, 클로즈업 및 줌",자연/야외 미학,"도전과 승부욕, 만족과 성취감","SD/치비 캐릭터, 성장 지표, 군단/대규모 유닛",2.5D 입체 그래픽,세로형 피드 최적화 UI와 마을 습격 반전 연출로 이탈 방지. 직관적 레벨업과 전략적 배치 중심의 성장 쾌감을 자극해 숏폼 환경 내 높은 시청 유지율 및 전환율 기대.
Cute but Powerful Squad,광고 제목,HQ_HQ_PH_US-EN_GA_NU_AD_ACA-PU_260429,M_1844_INTEREST_GENRE_ALL_NONE_260429,2026-05-03,8,KRW,12476,25,5,"36,710.13",TXT,,,,,,,,,,,,,,,,,,,,,,,,,,,,,
Let’s Hunt for Treasure!,광고 제목,HQ_HQ_PH_US-EN_GA_NU_AD_ACA-PU_260429,M_1844_INTEREST_GENRE_ALL_NONE_260429,2026-05-03,0,KRW,10626,14,1,0,TXT,,,,,,,,,,,,,,,,,,,,,,,,,,,,,
Pepp Heroes,광고 제목,HQ_HQ_PH_US-EN_GA_NU_AD_ACA-PU_260429,M_1844_INTEREST_GENRE_ALL_NONE_260429,2026-05-03,1,KRW,5200,43,2,0,TXT,,,,,,,,,,,,,,,,,,,,,,,,,,,,,
Play for Free,광고 제목,HQ_HQ_PH_US-EN_GA_NU_AD_ACA-PU_260429,M_1844_INTEREST_GENRE_ALL_NONE_260429,2026-05-03,1,KRW,1926,63,1,0,TXT,,,,,,,,,,,,,,,,,,,,,,,,,,,,,
"Your RPG, In Your Hands",광고 제목,HQ_HQ_PH_US-EN_GA_NU_AD_ACA-PU_260429,M_1844_INTEREST_GENRE_ALL_NONE_260429,2026-05-03,0,KRW,338,21,0,0,TXT,,,,,,,,,,,,,,,,,,,,,,,,,,,,,
Adorable Yet Powerful! Collect Heroes With Diverse Charms,설명,HQ_HQ_PH_US-EN_GA_NU_AD_ACA-PU_260429,M_1844_INTEREST_GENRE_ALL_NONE_260429,2026-05-03,1,KRW,456,22,1,0,TXT,,,,,,,,,,,,,,,,,,,,,,,,,,,,,
Clock Out and Start Your Treasure Hunt!,설명,HQ_HQ_PH_US-EN_GA_NU_AD_ACA-PU_260429,M_1844_INTEREST_GENRE_ALL_NONE_260429,2026-05-03,0,KRW,432,25,0,0,TXT,,,,,,,,,,,,,,,,,,,,,,,,,,,,,
Get Rewards Worth $100! Play Now!,설명,HQ_HQ_PH_US-EN_GA_NU_AD_ACA-PU_260429,M_1844_INTEREST_GENRE_ALL_NONE_260429,2026-05-03,6,KRW,9622,37,2,"36,710.13",TXT,,,,,,,,,,,,,,,,,,,,,,,,,,,,,
Strategic Battles With Heroes Full of Personality! Win With Your Own Squad,설명,HQ_HQ_PH_US-EN_GA_NU_AD_ACA-PU_260429,M_1844_INTEREST_GENRE_ALL_NONE_260429,2026-05-03,0,KRW,1046,43,0,0,TXT,,,,,,,,,,,,,,,,,,,,,,,,,,,,,
Unique Hero Skills and Synergies! The Collectible RPG of Endless Team Combinations,설명,HQ_HQ_PH_US-EN_GA_NU_AD_ACA-PU_260429,M_1844_INTEREST_GENRE_ALL_NONE_260429,2026-05-03,0,KRW,6753,33,2,0,TXT,,,,,,,,,,,,,,,,,,,,,,,,,,,,,
251104_BNR_A-Character-Adventure01A-DA_L_1200x628_EN.jpg;https://tpc.googlesyndication.com/simgad/7852267225455295083,가로형 이미지,HQ_HQ_PH_US-EN_GA_NU_AD_ACA-PU_260429,M_1844_INTEREST_GENRE_ALL_NONE_260429,2026-05-03,8,KRW,22586,61,7,"36,710.13",BNR,가로형,2025-11-04,A,Character,Adventure01A,EN,251104_BNR_A-Character-Adventure01A-DA_L_1200x628_EN,A-Character-Adventure01A-DA,https://tpc.googlesyndication.com/simgad/7852267225455295083,"비주얼 임팩트, 캐릭터/유닛 외형",,,,,PEPP HEROES,"아트 퀄리티, 캐릭터, 수집형RPG","5인 분대 전투, 수집형 RPG",,"마그 탐험대, 고블린",카르벨(Karbel),렐릭 탐험 어드벤처,2.5D 입체 월드 강조,"전투 및 액션, 탐험 및 발견",텍스트 오버레이,자연/야외 미학,"도전과 승부욕, 수집욕/소유욕","인간형 영웅, SD/치비 캐릭터, 거대 보스","2.5D 입체 그래픽, 2D 일러스트",와이드 뷰로 보스 대립 및 레이드 강조. 소부대 전투의 스케일감으로 타겟 공략. SNS 최적화와 보상 정보 추가로 유입 및 전환 극대화.
251104_BNR_A-Character-Adventure01A-DA_S_1200x1200_EN.jpg;https://tpc.googlesyndication.com/simgad/13260462268912176542,가로형 이미지,HQ_HQ_PH_US-EN_GA_NU_AD_ACA-PU_260429,M_1844_INTEREST_GENRE_ALL_NONE_260429,2026-05-03,0,KRW,0,2,0,0,BNR,정방형,2025-11-04,A,Character,Adventure01A,EN,251104_BNR_A-Character-Adventure01A-DA_S_1200x1200_EN,A-Character-Adventure01A-DA,https://tpc.googlesyndication.com/simgad/13260462268912176542,"비주얼 임팩트, 캐릭터/유닛 외형",,,,,PEPP HEROES,"아트 퀄리티, 캐릭터, 수집형RPG","5인 분대 전투, 수집형 RPG",,"마그 탐험대, 고블린",카르벨(Karbel),렐릭 탐험 어드벤처,2.5D 입체 월드 강조,"전투 및 액션, 탐험 및 발견",텍스트 오버레이,자연/야외 미학,"참여와 임장감, 수집욕/소유욕","인간형 영웅, SD/치비 캐릭터, 거대 보스","2.5D 입체 그래픽, 2D 일러스트",독창적인 2.5D 비주얼과 코어한 전투 재미로 RPG 유저 공략. 북미·글로벌 시장의 높은 CTR을 기반으로 SSR 소환 연출을 활용해 CVR 최적화.
260406_BNR_A-Character-Adventure02A-DA_L_1200x628_EN.jpg;https://tpc.googlesyndication.com/simgad/7571534943945847205,가로형 이미지,HQ_HQ_PH_US-EN_GA_NU_AD_ACA-PU_260429,M_1844_INTEREST_GENRE_ALL_NONE_260429,2026-05-03,0,KRW,0,1,0,0,BNR,가로형,2026-04-06,A,Character,Adventure02A,EN,260406_BNR_A-Character-Adventure02A-DA_L_1200x628_EN,A-Character-Adventure02A-DA,https://tpc.googlesyndication.com/simgad/7571534943945847205,"캐릭터/유닛 외형, 비주얼 임팩트",,,,,"PEPP HEROES: RELIC QUEST, PRE-REGISTER NOW","아트 퀄리티, 릴리즈 예고, 캐릭터, 수집형RPG",용병 모집(Gacha),렐릭 퀘스트,마그 탐험대,샤일린(Shylin),렐릭 탐험 어드벤처,,수집 및 도감,텍스트 오버레이,자연/야외 미학,"수집욕/소유욕, 참여와 임장감",,"2.5D 입체 그래픽, 2D 일러스트",샤일린 비주얼을 활용해 2.5D 미학적 만족감을 강조하고 사전예약을 유도함. 고관여 유저 대상 높은 CTR이 기대되며 캐릭터 시너지 소재로 확장 계획임.
260406_BNR_A-Character-Adventure02A-DA_S_1200x1200_EN.jpg;https://tpc.googlesyndication.com/simgad/11186665980784424187,가로형 이미지,HQ_HQ_PH_US-EN_GA_NU_AD_ACA-PU_260429,M_1844_INTEREST_GENRE_ALL_NONE_260429,2026-05-03,0,KRW,0,3,0,0,BNR,정방형,2026-04-06,A,Character,Adventure02A,EN,260406_BNR_A-Character-Adventure02A-DA_S_1200x1200_EN,A-Character-Adventure02A-DA,https://tpc.googlesyndication.com/simgad/11186665980784424187,"캐릭터/유닛 외형, 비주얼 임팩트",,,,,"PEPP HEROES: RELIC QUEST, PRE-REGISTER NOW","아트 퀄리티, 릴리즈 예고, 캐릭터, 수집형RPG",용병 모집(Gacha),렐릭 퀘스트,마그 탐험대,샤일린(Shylin),렐릭 탐험 어드벤처,,수집 및 도감,텍스트 오버레이,자연/야외 미학,"수집욕/소유욕, 참여와 임장감",,"2.5D 입체 그래픽, 2D 일러스트",정사각형 포맷 내 캐릭터 밀집도를 높여 시선 집중 및 수집 욕구 자극. 인스타그램 등 매체 최적화 및 보상 정보 결합으로 고효율 기대.
260406_BNR_A-Character-Life01A-DA_L_1200x628_EN.jpg;https://tpc.googlesyndication.com/simgad/4842260928888903016,가로형 이미지,HQ_HQ_PH_US-EN_GA_NU_AD_ACA-PU_260429,M_1844_INTEREST_GENRE_ALL_NONE_260429,2026-05-03,0,KRW,0,2,0,0,BNR,가로형,2026-04-06,A,Character,Life01A,EN,260406_BNR_A-Character-Life01A-DA_L_1200x628_EN,A-Character-Life01A-DA,https://tpc.googlesyndication.com/simgad/4842260928888903016,"캐릭터/유닛 외형, 비주얼 임팩트",,,,,"PEPP HEROES, PLAY FOR FREE","아트 퀄리티, 전략성, 수집형RPG","8인 실시간 전투, 8종 직업 및 4종 클래스 체계","렐릭 퀘스트, 8인 실시간 전투",마그 탐험대,카르벨(Karbel),"렐릭 탐험 어드벤처, 히어로 수집 육성",,"수집 및 도감, 탐험 및 발견","텍스트 오버레이, 심플/클린 UI",자연/야외 미학,"휴식과 힐링, 수집욕/소유욕","SD/치비 캐릭터, 인간형 영웅","2.5D 입체 그래픽, 2D 일러스트",2.5D 월드의 공간감을 강조하여 어드벤처 유저를 타겟팅합니다. 리마케팅에 효과적이며 수집 문구 추가로 정보 전달력 보강을 추천합니다.
260406_BNR_A-Character-Life01A-DA_S_1200x1200_EN.jpg;https://tpc.googlesyndication.com/simgad/1365671312776743899,가로형 이미지,HQ_HQ_PH_US-EN_GA_NU_AD_ACA-PU_260429,M_1844_INTEREST_GENRE_ALL_NONE_260429,2026-05-03,0,KRW,0,3,0,0,BNR,정방형,2026-04-06,A,Character,Life01A,EN,260406_BNR_A-Character-Life01A-DA_S_1200x1200_EN,A-Character-Life01A-DA,https://tpc.googlesyndication.com/simgad/1365671312776743899,"캐릭터/유닛 외형, 비주얼 임팩트",,,,,"PEPP HEROES, PLAY FOR FREE","아트 퀄리티, 캐릭터, 수집형RPG","8인 실시간 전투, 8종 직업 및 4종 클래스 체계","렐릭 퀘스트, 8인 실시간 전투",마그 탐험대,카르벨(Karbel),"렐릭 탐험 어드벤처, 히어로 수집 육성",,"수집 및 도감, 탐험 및 발견","텍스트 오버레이, 심플/클린 UI",자연/야외 미학,"휴식과 힐링, 수집욕/소유욕","SD/치비 캐릭터, 인간형 영웅","2.5D 입체 그래픽, 2D 일러스트","고퀄리티 일러스트와 실제 화면을 합성해 신뢰감을 조성함. 캐주얼 유저의 힐링 욕구를 공략하여 높은 클릭률을 유도하고, 사전예약 보상 강조로 전환율 극대화가 필요함."
260406_BNR_A-Mob-Adventure01A-DA_L_1200x628_EN.jpg;https://tpc.googlesyndication.com/simgad/16600105301133976800,가로형 이미지,HQ_HQ_PH_US-EN_GA_NU_AD_ACA-PU_260429,M_1844_INTEREST_GENRE_ALL_NONE_260429,2026-05-03,0,KRW,0,1,0,0,BNR,가로형,2026-04-06,A,Mob,Adventure01A,EN,260406_BNR_A-Mob-Adventure01A-DA_L_1200x628_EN,A-Mob-Adventure01A-DA,https://tpc.googlesyndication.com/simgad/16600105301133976800,"캐릭터/유닛 외형, 비주얼 임팩트",,,,,"Peppy & Ready to Fight, PLAY FOR FREE","아트 퀄리티, 캐릭터, 수집형RPG",8인 실시간 전투,8종 직업 및 4종 클래스 체계,고블린,,렐릭 탐험 어드벤처,몬스터 군단 중심의 구도,"전투 및 액션, 탐험 및 발견",텍스트 오버레이,자연/야외 미학,"참여와 임장감, 수집욕/소유욕","SD/치비 캐릭터, 군단/대규모 유닛","2.5D 입체 그래픽, 2D 일러스트",몬스터 군단과 2.5D 아트 중심의 모험 소구. 독특한 크리처 디자인으로 고관여 유저의 CTR 유도 및 전략적 시너지 강조.
260406_BNR_A-Mob-Adventure01A-DA_S_1200x1200_EN.jpg;https://tpc.googlesyndication.com/simgad/9569657006008026943,가로형 이미지,HQ_HQ_PH_US-EN_GA_NU_AD_ACA-PU_260429,M_1844_INTEREST_GENRE_ALL_NONE_260429,2026-05-03,0,KRW,0,9,0,0,BNR,정방형,2026-04-06,A,Mob,Adventure01A,EN,260406_BNR_A-Mob-Adventure01A-DA_S_1200x1200_EN,A-Mob-Adventure01A-DA,https://tpc.googlesyndication.com/simgad/9569657006008026943,"캐릭터/유닛 외형, 비주얼 임팩트",,,,,"Peppy & Ready to Fight, PLAY FOR FREE","아트 퀄리티, 캐릭터, 수집형RPG",8인 실시간 전투,8종 직업 및 4종 클래스 체계,고블린,,렐릭 탐험 어드벤처,몬스터 군단 중심의 구도,"전투 및 액션, 탐험 및 발견",텍스트 오버레이,자연/야외 미학,"참여와 임장감, 수집욕/소유욕","SD/치비 캐릭터, 군단/대규모 유닛","2.5D 입체 그래픽, 2D 일러스트","1:1 비율로 SD 캐릭터의 디테일과 2.5D 비주얼을 강조함. 높은 아트 퀄리티로 유저 시선을 유도하며, 시간 및 날씨 변화를 활용한 소재 확장을 제안함."
260406_VID_A-Character-Collection01B-UA_S_1080x1080_EN;https://www.youtube.com/watch?v=cTfY4JpFc-s,YouTube 동영상,HQ_HQ_PH_US-EN_GA_NU_AD_ACA-PU_260429,M_1844_INTEREST_GENRE_ALL_NONE_260429,2026-05-03,0,KRW,30,1,0,0,VID,정방형,2026-04-06,A,Character,Collection01B,EN;https://www,260406_VID_A-Character-Collection01B-UA_S_1080x1080_EN,A-Character-Collection01B-UA,https://www.youtube.com/watch?v=cTfY4JpFc-s,"질문/선택형, 캐릭터/유닛 외형",경쾌함,TRUE,,없음,"CHOOSE YOUR HERO, HUGO, KARBEL, MONAD","캐릭터, 수집형RPG, 전략성",용병 모집(Gacha),DIY 픽업 시스템,마그 탐험대,"휴고, 카르벨, 모나드",히어로 수집 육성,남성 캐릭터 위주 배치,수집 및 도감,"텍스트 오버레이, 분할 화면",심플/클린 UI,수집욕/소유욕,"SD/치비 캐릭터, 인간형 영웅",2D 일러스트,캐릭터 구성 대조를 통한 타겟 취향별 효율 분석. 탱커 및 딜러 중심 덱 선호 심리 공략하며 캐릭터 조합 변주 소재로 리타겟팅 광고 활용 권장.
260406_VID_A-Character-Combat01A-UA_L_1920x1080_EN;https://www.youtube.com/watch?v=2W7-0AV2mfg,YouTube 동영상,HQ_HQ_PH_US-EN_GA_NU_AD_ACA-PU_260429,M_1844_INTEREST_GENRE_ALL_NONE_260429,2026-05-03,0,KRW,3945,28,0,0,VID,가로형,2026-04-06,A,Character,Combat01A,EN;https://www,260406_VID_A-Character-Combat01A-UA_L_1920x1080_EN,A-Character-Combat01A-UA,https://www.youtube.com/watch?v=2W7-0AV2mfg,"비주얼 임팩트, 캐릭터/유닛 외형",긴박함,TRUE,,없음,"VINESSA, A DARK WIZARD WHO DOMINATES THE FIELD, SOPHIA, REMOVES ALL DEBUFFS! THE KEY TO SURVIVAL, BERNETA, A SYNERGY DEALER THAT PERFECTS YOUR TEAM, PLAY FOR FREE","아트 퀄리티, 캐릭터, 수집형RPG, 전략성",용병 모집,스킬 컷신 연출,마그 탐험대,"Vinessa, Sophia, Berneta",렐릭 탐험 어드벤처,캐릭터별 스킬 특징 강조,전투 및 액션,"텍스트 오버레이, 클로즈업 및 줌",자연/야외 미학,"도전과 승부욕, 수집욕/소유욕","인간형 영웅, SD/치비 캐릭터, 성장 지표","2.5D 입체 그래픽, 2D 일러스트",인게임 전투와 일러스트 교차 편집으로 몰입도 극대화. 캐릭터 스킬 및 시너지로 전략적 호기심 자극. 플레이 영상 기반 안정적 CVR 확보 및 캐릭터 속성 대비 변주 제안.
260406_VID_A-Character-Combat01A-UA_S_1080x1080_EN;https://www.youtube.com/watch?v=jnNAzjzUw8o,YouTube 동영상,HQ_HQ_PH_US-EN_GA_NU_AD_ACA-PU_260429,M_1844_INTEREST_GENRE_ALL_NONE_260429,2026-05-03,0,KRW,657,9,0,0,VID,정방형,2026-04-06,A,Character,Combat01A,EN;https://www,260406_VID_A-Character-Combat01A-UA_S_1080x1080_EN,A-Character-Combat01A-UA,https://www.youtube.com/watch?v=jnNAzjzUw8o,"비주얼 임팩트, 캐릭터/유닛 외형",긴박함,TRUE,,없음,"VINESSA, A DARK WIZARD WHO DOMINATES THE FIELD, SOPHIA, REMOVES ALL DEBUFFS! THE KEY TO SURVIVAL, BERNETA, A SYNERGY DEALER THAT PERFECTS YOUR TEAM, PLAY FOR FREE","아트 퀄리티, 캐릭터, 수집형RPG, 전략성",용병 모집,스킬 컷신 연출,마그 탐험대,"Vinessa, Sophia, Berneta",렐릭 탐험 어드벤처,캐릭터별 스킬 특징 강조,전투 및 액션,"텍스트 오버레이, 클로즈업 및 줌",자연/야외 미학,"도전과 승부욕, 수집욕/소유욕","인간형 영웅, SD/치비 캐릭터, 성장 지표","2.5D 입체 그래픽, 2D 일러스트",SSR 비네사 비주얼을 초반에 배치해 RPG 팬덤 시선 확보. 고퀄리티 애니메이션으로 캐릭터 소유욕을 자극하며 스킬 콤보 시리즈로 소재 확장 가능.
260406_VID_A-Character-Combat01A-UA_V_1080x1920_EN;https://www.youtube.com/watch?v=tHmXhOKu33A,YouTube 동영상,HQ_HQ_PH_US-EN_GA_NU_AD_ACA-PU_260429,M_1844_INTEREST_GENRE_ALL_NONE_260429,2026-05-03,0,KRW,921,6,0,0,VID,세로형,2026-04-06,A,Character,Combat01A,EN;https://www,260406_VID_A-Character-Combat01A-UA_V_1080x1920_EN,A-Character-Combat01A-UA,https://www.youtube.com/watch?v=tHmXhOKu33A,"비주얼 임팩트, 캐릭터/유닛 외형",긴박함,TRUE,,없음,"VINESSA, A DARK WIZARD WHO DOMINATES THE FIELD, SOPHIA, REMOVES ALL DEBUFFS! THE KEY TO SURVIVAL, BERNETA, A SYNERGY DEALER THAT PERFECTS YOUR TEAM, PLAY FOR FREE","아트 퀄리티, 캐릭터, 수집형RPG, 전략성",용병 모집,스킬 컷신 연출,마그 탐험대,"Vinessa, Sophia, Berneta",렐릭 탐험 어드벤처,캐릭터별 스킬 특징 강조,전투 및 액션,"텍스트 오버레이, 클로즈업 및 줌",자연/야외 미학,"도전과 승부욕, 수집욕/소유욕","인간형 영웅, SD/치비 캐릭터, 성장 지표","2.5D 입체 그래픽, 2D 일러스트",숏폼 최적화 세로 분할 화면으로 캐릭터와 전투 연출 강조. 한 손 플레이 선호 심리를 공략하여 틱톡 및 릴스 내 높은 조회수 확보 기대.
260406_VID_A-Character-Combat01B-UA_L_1920x1080_EN;https://www.youtube.com/watch?v=d4rVTfnnYhg,YouTube 동영상,HQ_HQ_PH_US-EN_GA_NU_AD_ACA-PU_260429,M_1844_INTEREST_GENRE_ALL_NONE_260429,2026-05-03,2,KRW,1889,43,1,"5,870.63",VID,가로형,2026-04-06,A,Character,Combat01B,EN;https://www,260406_VID_A-Character-Combat01B-UA_L_1920x1080_EN,A-Character-Combat01B-UA,https://www.youtube.com/watch?v=d4rVTfnnYhg,"비주얼 임팩트, 캐릭터/유닛 외형",긴박함,TRUE,,없음,"HUGO, An indomitable warrior..., MONAD, A sage who devastates..., KARBEL, A fiery dealer..., PLAY FOR FREE","전략성, 아트 퀄리티",용병 모집,8인 실시간 전투,마그 탐험대,"Hugo, Monad, Karbel",히어로 수집 육성,,전투 및 액션,"텍스트 오버레이, 클로즈업 및 줌",자연/야외 미학,"도전과 승부욕, 수집욕/소유욕","인간형 영웅, SD/치비 캐릭터, 성장 지표","2.5D 입체 그래픽, 2D 일러스트",16:9 뷰로 넓은 전장과 스킬 강조. 화려한 연출로 타격감 선호 유저 공략. 전투 선호층 대상 높은 전환율 기대.
260406_VID_A-Character-Combat01B-UA_S_1080x1080_EN;https://www.youtube.com/watch?v=tcTIYuJi7pM,YouTube 동영상,HQ_HQ_PH_US-EN_GA_NU_AD_ACA-PU_260429,M_1844_INTEREST_GENRE_ALL_NONE_260429,2026-05-03,0,KRW,42,2,0,0,VID,정방형,2026-04-06,A,Character,Combat01B,EN;https://www,260406_VID_A-Character-Combat01B-UA_S_1080x1080_EN,A-Character-Combat01B-UA,https://www.youtube.com/watch?v=tcTIYuJi7pM,"비주얼 임팩트, 캐릭터/유닛 외형",긴박함,TRUE,,없음,"HUGO, An indomitable warrior..., MONAD, A sage who devastates..., KARBEL, A fiery dealer..., PLAY FOR FREE","전략성, 아트 퀄리티",용병 모집,8인 실시간 전투,마그 탐험대,"Hugo, Monad, Karbel",히어로 수집 육성,,전투 및 액션,"텍스트 오버레이, 클로즈업 및 줌",자연/야외 미학,"도전과 승부욕, 수집욕/소유욕","인간형 영웅, SD/치비 캐릭터, 성장 지표","2.5D 입체 그래픽, 2D 일러스트",소피아의 생존 및 지원 능력과 팀 시너지를 강조해 전략적 유저 공략. 비네사 소재 A/B 테스트로 타겟별 선호 캐릭터 최적화 및 성과 확장 도모.
260406_VID_A-Character-Combat01B-UA_V_1080x1920_EN;https://www.youtube.com/watch?v=rrd-TGZqEqc,YouTube 동영상,HQ_HQ_PH_US-EN_GA_NU_AD_ACA-PU_260429,M_1844_INTEREST_GENRE_ALL_NONE_260429,2026-05-03,0,KRW,5189,90,1,0,VID,세로형,2026-04-06,A,Character,Combat01B,EN;https://www,260406_VID_A-Character-Combat01B-UA_V_1080x1920_EN,A-Character-Combat01B-UA,https://www.youtube.com/watch?v=rrd-TGZqEqc,"비주얼 임팩트, 캐릭터/유닛 외형",긴박함,TRUE,,없음,"HUGO, An indomitable warrior..., MONAD, A sage who devastates..., KARBEL, A fiery dealer..., PLAY FOR FREE","전략성, 아트 퀄리티",용병 모집,8인 실시간 전투,마그 탐험대,"Hugo, Monad, Karbel",히어로 수집 육성,,전투 및 액션,"텍스트 오버레이, 클로즈업 및 줌",자연/야외 미학,"도전과 승부욕, 수집욕/소유욕","인간형 영웅, SD/치비 캐릭터, 성장 지표","2.5D 입체 그래픽, 2D 일러스트",직관적인 탱딜힐 구성으로 정통 RPG 유저의 파티 니즈 충족. 역할군 조합의 재미를 텍스트로 보강하여 효율 극대화 기대.
260406_VID_A-Charater-Collection01B-UA_L_1920x1080_EN;https://www.youtube.com/watch?v=rRGCh1x6a6M,YouTube 동영상,HQ_HQ_PH_US-EN_GA_NU_AD_ACA-PU_260429,M_1844_INTEREST_GENRE_ALL_NONE_260429,2026-05-03,0,KRW,753,11,0,0,VID,가로형,2026-04-06,A,Charater,Collection01B,EN;https://www,260406_VID_A-Charater-Collection01B-UA_L_1920x1080_EN,A-Charater-Collection01B-UA,https://www.youtube.com/watch?v=rRGCh1x6a6M,"질문/선택형, 캐릭터/유닛 외형",경쾌함,TRUE,,없음,"CHOOSE YOUR HERO, HUGO, PLAY FOR FREE","아트 퀄리티, 전략성",용병 모집,DIY 픽업 시스템,마그 탐험대,Hugo,히어로 수집 육성,,수집 및 도감,"텍스트 오버레이, 클로즈업 및 줌",심플/클린 UI,"수집욕/소유욕, 만족과 성취감","인간형 영웅, SD/치비 캐릭터","2.5D 입체 그래픽, 2D 일러스트","그리드 UI로 풍부한 캐릭터 풀을 어필해 수집 욕구를 자극하며, 캐릭터 강조 엔드카드를 통해 높은 잔존율을 확보합니다."
260406_VID_A-Hooking-Reward02A-FK_L_1920x1080_EN;https://www.youtube.com/watch?v=oRlzfGbT3xY,YouTube 동영상,HQ_HQ_PH_US-EN_GA_NU_AD_ACA-PU_260429,M_1844_INTEREST_GENRE_ALL_NONE_260429,2026-05-03,0,KRW,485,9,0,0,VID,가로형,2026-04-06,A,Hooking,Reward02A,EN;https://www,260406_VID_A-Hooking-Reward02A-FK_L_1920x1080_EN,A-Hooking-Reward02A-FK,https://www.youtube.com/watch?v=oRlzfGbT3xY,"실패/분노 유도, 압도적 보상",긴박함,TRUE,,없음,"Tap here to save him!, Help me!, HELP KARBEL CLEAR, Claim your SR character and rewards worth $100!, PLAY FOR FREE",보상,용병 모집,우호도 시스템,마그 탐험대,카르벨(Karbel),히어로 수집 육성,페이크 플레이(구출 미니게임) 형식 활용,퍼즐 및 논리,"손가락 지시선, 텍스트 오버레이",자연/야외 미학,"도전과 승부욕, 만족과 성취감","SD/치비 캐릭터, 재화/보물상자",2D 일러스트,구출 미니게임 방식을 활용해 시청자 이탈을 방지하고 즉각적인 행동을 유도합니다. 대량의 재화 보상으로 성취감을 자극하여 저단가 트래픽 확보 및 높은 클릭률을 공략합니다.
260406_VID_A-Hooking-Reward02A-FK_S_1080x1080_EN;https://www.youtube.com/watch?v=EgLwtP8WjE4,YouTube 동영상,HQ_HQ_PH_US-EN_GA_NU_AD_ACA-PU_260429,M_1844_INTEREST_GENRE_ALL_NONE_260429,2026-05-03,0,KRW,102,2,0,0,VID,정방형,2026-04-06,A,Hooking,Reward02A,EN;https://www,260406_VID_A-Hooking-Reward02A-FK_S_1080x1080_EN,A-Hooking-Reward02A-FK,https://www.youtube.com/watch?v=EgLwtP8WjE4,"실패/분노 유도, 압도적 보상",긴박함,TRUE,,없음,"Tap here to save him!, Help me!, HELP KARBEL CLEAR, Claim your SR character and rewards worth $100!, PLAY FOR FREE",보상,용병 모집,우호도 시스템,마그 탐험대,카르벨(Karbel),히어로 수집 육성,페이크 플레이(구출 미니게임) 형식 활용,퍼즐 및 논리,"손가락 지시선, 텍스트 오버레이",자연/야외 미학,"도전과 승부욕, 만족과 성취감","SD/치비 캐릭터, 재화/보물상자",2D 일러스트,위기 상황 미션과 100달러 보상으로 유저 참여 및 전환 유도. 쉬운 조작성 강조로 진입 장벽을 낮춰 대량 유입용 런칭 소재로 적합.
260406_VID_A-Hooking-Reward02A-FK_V_1080x1920_EN;https://www.youtube.com/watch?v=b7LsalWUDvQ,YouTube 동영상,HQ_HQ_PH_US-EN_GA_NU_AD_ACA-PU_260429,M_1844_INTEREST_GENRE_ALL_NONE_260429,2026-05-03,0,KRW,645,25,0,0,VID,세로형,2026-04-06,A,Hooking,Reward02A,EN;https://www,260406_VID_A-Hooking-Reward02A-FK_V_1080x1920_EN,A-Hooking-Reward02A-FK,https://www.youtube.com/watch?v=b7LsalWUDvQ,"실패/분노 유도, 압도적 보상",긴박함,TRUE,,없음,"Tap here to save him!, Help me!, HELP KARBEL CLEAR, Claim your SR character and rewards worth $100!, PLAY FOR FREE",보상,용병 모집,우호도 시스템,마그 탐험대,카르벨(Karbel),히어로 수집 육성,페이크 플레이(구출 미니게임) 형식 활용,퍼즐 및 논리,"손가락 지시선, 텍스트 오버레이",자연/야외 미학,"도전과 승부욕, 만족과 성취감","SD/치비 캐릭터, 재화/보물상자",2D 일러스트,9:16 세로형 구조로 터치 인터랙션을 극대화하고 FOMO를 자극해 시청 완료율을 높입니다. 캐릭터 활용 및 실패 연출의 A/B 테스트 확장을 제안합니다.
260406_VID_A-Hooking-Reward03A-UA_L_1920x1080_EN;https://www.youtube.com/watch?v=XUrzh1Qrk5w,YouTube 동영상,HQ_HQ_PH_US-EN_GA_NU_AD_ACA-PU_260429,M_1844_INTEREST_GENRE_ALL_NONE_260429,2026-05-03,1,KRW,521,15,1,0,VID,가로형,2026-04-06,A,Hooking,Reward03A,EN;https://www,260406_VID_A-Hooking-Reward03A-UA_L_1920x1080_EN,A-Hooking-Reward03A-UA,https://www.youtube.com/watch?v=XUrzh1Qrk5w,"압도적 보상, 실패/분노 유도",경쾌함,TRUE,,없음,"WARNING Skip and you will lose your $100 rewards, Tap within 5 Seconds, SR, PLAY FOR FREE!, Claim your SR character and rewards worth $100!",보상,용병 모집,,마그 탐험대,Karbel,히어로 수집 육성,$100 가치 혜택 강조,수집 및 도감,"손가락 지시선, 텍스트 오버레이",심플/클린 UI,"만족과 성취감, 수집욕/소유욕","재화/보물상자, SD/치비 캐릭터","2D 일러스트, 2.5D 입체 그래픽","가로 화면을 활용한 화려한 연출로 시각적 몰입감을 높이고, 보상 상실에 대한 FOMO 심리를 자극하여 가로형 매체 타겟 광고 효율을 극대화함."
260406_VID_A-Hooking-Reward03A-UA_S_1080x1080_EN;https://www.youtube.com/watch?v=VGJB5tDWops,YouTube 동영상,HQ_HQ_PH_US-EN_GA_NU_AD_ACA-PU_260429,M_1844_INTEREST_GENRE_ALL_NONE_260429,2026-05-03,0,KRW,1096,10,0,0,VID,정방형,2026-04-06,A,Hooking,Reward03A,EN;https://www,260406_VID_A-Hooking-Reward03A-UA_S_1080x1080_EN,A-Hooking-Reward03A-UA,https://www.youtube.com/watch?v=VGJB5tDWops,"압도적 보상, 실패/분노 유도",경쾌함,TRUE,,없음,"WARNING Skip and you will lose your $100 rewards, Tap within 5 Seconds, SR, PLAY FOR FREE!, Claim your SR character and rewards worth $100!",보상,용병 모집,,마그 탐험대,Karbel,히어로 수집 육성,$100 가치 혜택 강조,수집 및 도감,"손가락 지시선, 텍스트 오버레이",심플/클린 UI,"만족과 성취감, 수집욕/소유욕","재화/보물상자, SD/치비 캐릭터","2D 일러스트, 2.5D 입체 그래픽",부정적 후킹과 시간 제한으로 클릭 유도. $100 가치 및 SR 확정으로 수익 구체화. 높은 CVR 예상되며 보상 변주를 통한 라이브 옵스 제안.
260406_VID_A-Hooking-Reward03A-UA_V_1080x1920_EN;https://www.youtube.com/watch?v=jA_HAiz95x4,YouTube 동영상,HQ_HQ_PH_US-EN_GA_NU_AD_ACA-PU_260429,M_1844_INTEREST_GENRE_ALL_NONE_260429,2026-05-03,1,KRW,11567,59,2,0,VID,세로형,2026-04-06,A,Hooking,Reward03A,EN;https://www,260406_VID_A-Hooking-Reward03A-UA_V_1080x1920_EN,A-Hooking-Reward03A-UA,https://www.youtube.com/watch?v=jA_HAiz95x4,"압도적 보상, 실패/분노 유도",경쾌함,TRUE,,없음,"WARNING Skip and you will lose your $100 rewards, Tap within 5 Seconds, SR, PLAY FOR FREE!, Claim your SR character and rewards worth $100!",보상,용병 모집,,마그 탐험대,Karbel,히어로 수집 육성,$100 가치 혜택 강조,수집 및 도감,"손가락 지시선, 텍스트 오버레이",심플/클린 UI,"만족과 성취감, 수집욕/소유욕","재화/보물상자, SD/치비 캐릭터","2D 일러스트, 2.5D 입체 그래픽",도발적 문구와 타이머로 이탈을 방지하고 FOMO 심리를 자극함. 보상형 인벤토리 활용을 통해 UA 매체에서 압도적 전환율 달성 기대.
260406_VID_A-Mob-Adventure01A-UA_L_1920x1080_EN;https://www.youtube.com/watch?v=hVmkPdIsz70,YouTube 동영상,HQ_HQ_PH_US-EN_GA_NU_AD_ACA-PU_260429,M_1844_INTEREST_GENRE_ALL_NONE_260429,2026-05-03,0,KRW,0,1,0,0,VID,가로형,2026-04-06,A,Mob,Adventure01A,EN;https://www,260406_VID_A-Mob-Adventure01A-UA_L_1920x1080_EN,A-Mob-Adventure01A-UA,https://www.youtube.com/watch?v=hVmkPdIsz70,"비주얼 임팩트, 성장 비포애프터",긴박함,TRUE,,없음,"WARNING, GOBLINS INCOMING!, Goblins? Easy! Level UP! UP!, Power Boost! BOOM! BOOM!, Strategic deployment!, Get ready for BATTLE!","편의성, 전략성",AFK 기능,8인 실시간 전투,고블린,카르벨,렐릭 탐험 어드벤처,스마트폰 UI 팝업 연출,"시뮬레이션 및 관리, 장애물 및 도전","텍스트 오버레이, 클로즈업 및 줌",자연/야외 미학,"도전과 승부욕, 만족과 성취감","SD/치비 캐릭터, 성장 지표, 군단/대규모 유닛",2.5D 입체 그래픽,16:9 화면 대비로 대규모 전투와 모바일 최적화 강조. 방치형 육성 선호 유저 타겟으로 핵심 시스템 소구 및 브랜딩·퍼포먼스 효율 기대.
260406_VID_A-Mob-Adventure01A-UA_V_1080x1920_EN;https://www.youtube.com/watch?v=nIYkYZ-JFj0,YouTube 동영상,HQ_HQ_PH_US-EN_GA_NU_AD_ACA-PU_260429,M_1844_INTEREST_GENRE_ALL_NONE_260429,2026-05-03,0,KRW,519,9,0,0,VID,세로형,2026-04-06,A,Mob,Adventure01A,EN;https://www,260406_VID_A-Mob-Adventure01A-UA_V_1080x1920_EN,A-Mob-Adventure01A-UA,https://www.youtube.com/watch?v=nIYkYZ-JFj0,"비주얼 임팩트, 성장 비포애프터",긴박함,TRUE,,없음,"WARNING, GOBLINS INCOMING!, Goblins? Easy! Level UP! UP!, Power Boost! BOOM! BOOM!, Strategic deployment!, Get ready for BATTLE!","편의성, 전략성",AFK 기능,8인 실시간 전투,고블린,카르벨,렐릭 탐험 어드벤처,스마트폰 UI 팝업 연출,"시뮬레이션 및 관리, 장애물 및 도전","텍스트 오버레이, 클로즈업 및 줌",자연/야외 미학,"도전과 승부욕, 만족과 성취감","SD/치비 캐릭터, 성장 지표, 군단/대규모 유닛",2.5D 입체 그래픽,세로형 피드 최적화 UI와 마을 습격 반전 연출로 이탈 방지. 직관적 레벨업과 전략적 배치 중심의 성장 쾌감을 자극해 숏폼 환경 내 높은 시청 유지율 및 전환율 기대.
Cute but Powerful Squad,광고 제목,HQ_HQ_PH_US-EN_GA_NU_AD_ACA-PU_260429,M_1844_INTEREST_GENRE_ALL_NONE_260429_3,2026-05-03,0,KRW,330,29,0,0,TXT,,,,,,,,,,,,,,,,,,,,,,,,,,,,,
Let’s Hunt for Treasure!,광고 제목,HQ_HQ_PH_US-EN_GA_NU_AD_ACA-PU_260429,M_1844_INTEREST_GENRE_ALL_NONE_260429_3,2026-05-03,1,KRW,426,8,0,0,TXT,,,,,,,,,,,,,,,,,,,,,,,,,,,,,
Pepp Heroes,광고 제목,HQ_HQ_PH_US-EN_GA_NU_AD_ACA-PU_260429,M_1844_INTEREST_GENRE_ALL_NONE_260429_3,2026-05-03,0,KRW,170,12,0,0,TXT,,,,,,,,,,,,,,,,,,,,,,,,,,,,,
Play for Free,광고 제목,HQ_HQ_PH_US-EN_GA_NU_AD_ACA-PU_260429,M_1844_INTEREST_GENRE_ALL_NONE_260429_3,2026-05-03,0,KRW,1350,67,0,0,TXT,,,,,,,,,,,,,,,,,,,,,,,,,,,,,
"Your RPG, In Your Hands",광고 제목,HQ_HQ_PH_US-EN_GA_NU_AD_ACA-PU_260429,M_1844_INTEREST_GENRE_ALL_NONE_260429_3,2026-05-03,0,KRW,2969,36,1,0,TXT,,,,,,,,,,,,,,,,,,,,,,,,,,,,,
Adorable Yet Powerful! Collect Heroes With Diverse Charms,설명,HQ_HQ_PH_US-EN_GA_NU_AD_ACA-PU_260429,M_1844_INTEREST_GENRE_ALL_NONE_260429_3,2026-05-03,0,KRW,840,17,0,0,TXT,,,,,,,,,,,,,,,,,,,,,,,,,,,,,
Clock Out and Start Your Treasure Hunt!,설명,HQ_HQ_PH_US-EN_GA_NU_AD_ACA-PU_260429,M_1844_INTEREST_GENRE_ALL_NONE_260429_3,2026-05-03,0,KRW,2951,50,1,0,TXT,,,,,,,,,,,,,,,,,,,,,,,,,,,,,
Get Rewards Worth $100! Play Now!,설명,HQ_HQ_PH_US-EN_GA_NU_AD_ACA-PU_260429,M_1844_INTEREST_GENRE_ALL_NONE_260429_3,2026-05-03,0,KRW,1217,64,0,0,TXT,,,,,,,,,,,,,,,,,,,,,,,,,,,,,
Strategic Battles With Heroes Full of Personality! Win With Your Own Squad,설명,HQ_HQ_PH_US-EN_GA_NU_AD_ACA-PU_260429,M_1844_INTEREST_GENRE_ALL_NONE_260429_3,2026-05-03,0,KRW,134,13,0,0,TXT,,,,,,,,,,,,,,,,,,,,,,,,,,,,,
Unique Hero Skills and Synergies! The Collectible RPG of Endless Team Combinations,설명,HQ_HQ_PH_US-EN_GA_NU_AD_ACA-PU_260429,M_1844_INTEREST_GENRE_ALL_NONE_260429_3,2026-05-03,1,KRW,726,97,0,0,TXT,,,,,,,,,,,,,,,,,,,,,,,,,,,,,
260429_BNR_A-AI-Defeatmonster01A-DA_L_1200x628_EN.png;https://tpc.googlesyndication.com/simgad/5874425896871501801,가로형 이미지,HQ_HQ_PH_US-EN_GA_NU_AD_ACA-PU_260429,M_1844_INTEREST_GENRE_ALL_NONE_260429_3,2026-05-03,0,KRW,0,14,0,0,BNR,가로형,2026-04-29,A,AI,Defeatmonster01A,EN,260429_BNR_A-AI-Defeatmonster01A-DA_L_1200x628_EN,A-AI-Defeatmonster01A-DA,https://tpc.googlesyndication.com/simgad/5874425896871501801,비주얼 임팩트,웅장함,,,,,아트 퀄리티,영지 빌딩,8인 실시간 전투,마그 탐험대,,어드벤처,,탐험 및 발견,클로즈업 및 줌,자연/야외 미학,만족과 성취감,인간형 영웅,2D 일러스트,성취감 테마를 통해 기존 RPG 유저의 도전 욕구를 충족시키며 클릭을 유도함.
260429_BNR_A-AI-Defeatmonster01A-DA_S_1200x1200_EN.png;https://tpc.googlesyndication.com/simgad/17279094099779978431,가로형 이미지,HQ_HQ_PH_US-EN_GA_NU_AD_ACA-PU_260429,M_1844_INTEREST_GENRE_ALL_NONE_260429_3,2026-05-03,0,KRW,0,16,0,0,BNR,정방형,2026-04-29,A,AI,Defeatmonster01A,EN,260429_BNR_A-AI-Defeatmonster01A-DA_S_1200x1200_EN,A-AI-Defeatmonster01A-DA,https://tpc.googlesyndication.com/simgad/17279094099779978431,비주얼 임팩트,웅장함,,,,,아트 퀄리티,영지 빌딩,8인 실시간 전투,마그 탐험대,,어드벤처,,탐험 및 발견,클로즈업 및 줌,자연/야외 미학,만족과 성취감,인간형 영웅,2D 일러스트,성취감 테마를 통해 기존 RPG 유저의 도전 욕구를 충족시키며 클릭을 유도함.
260429_BNR_A-AI-Favoritehero01A-DA_S_1200x1200_EN.png;https://tpc.googlesyndication.com/simgad/5513864076699612430,가로형 이미지,HQ_HQ_PH_US-EN_GA_NU_AD_ACA-PU_260429,M_1844_INTEREST_GENRE_ALL_NONE_260429_3,2026-05-03,0,KRW,0,18,0,0,BNR,정방형,2026-04-29,A,AI,Favoritehero01A,EN,260429_BNR_A-AI-Favoritehero01A-DA_S_1200x1200_EN,A-AI-Favoritehero01A-DA,https://tpc.googlesyndication.com/simgad/5513864076699612430,"질문/선택형, 캐릭터/유닛 외형",경쾌함,,,,"Who is your favorite hero?, VS, PLAY FOR FREE",아트 퀄리티,용병 모집,DIY 픽업 시스템,마그 탐험대,샤일린,히어로 수집 육성,,수집 및 도감,"분할 화면, 텍스트 오버레이",자연/야외 미학,수집욕/소유욕,"인간형 영웅, SD/치비 캐릭터",2D 일러스트,대조되는 속성의 캐릭터를 배치한 질문형 카피로 유저의 취향과 수집욕을 자극함.
260429_BNR_A-AI-Favoritehero01A-DA_V_1200x1500_EN.png;https://tpc.googlesyndication.com/simgad/14656330935303652945,가로형 이미지,HQ_HQ_PH_US-EN_GA_NU_AD_ACA-PU_260429,M_1844_INTEREST_GENRE_ALL_NONE_260429_3,2026-05-03,0,KRW,0,2,0,0,BNR,세로형,2026-04-29,A,AI,Favoritehero01A,EN,260429_BNR_A-AI-Favoritehero01A-DA_V_1200x1500_EN,A-AI-Favoritehero01A-DA,https://tpc.googlesyndication.com/simgad/14656330935303652945,"질문/선택형, 캐릭터/유닛 외형",경쾌함,,,,"Who is your favorite hero?, VS, PLAY FOR FREE",아트 퀄리티,용병 모집,DIY 픽업 시스템,마그 탐험대,샤일린,히어로 수집 육성,,수집 및 도감,"분할 화면, 텍스트 오버레이",자연/야외 미학,수집욕/소유욕,"인간형 영웅, SD/치비 캐릭터",2D 일러스트,대조되는 속성의 캐릭터를 배치한 질문형 카피로 유저의 취향과 수집욕을 자극함.
260429_BNR_A-AI-Favoritehero01B-DA_L_1200x628_EN.png;https://tpc.googlesyndication.com/simgad/13430850387343170645,가로형 이미지,HQ_HQ_PH_US-EN_GA_NU_AD_ACA-PU_260429,M_1844_INTEREST_GENRE_ALL_NONE_260429_3,2026-05-03,0,KRW,0,10,0,0,BNR,가로형,2026-04-29,A,AI,Favoritehero01B,EN,260429_BNR_A-AI-Favoritehero01B-DA_L_1200x628_EN,A-AI-Favoritehero01B-DA,https://tpc.googlesyndication.com/simgad/13430850387343170645,"질문/선택형, 캐릭터/유닛 외형",,,,,"Who is your favorite hero?, VS, PLAY FOR FREE",아트 퀄리티,용병 모집,DIY 픽업 시스템,마그 탐험대,카르벨,히어로 수집 육성,,수집 및 도감,"분할 화면, 텍스트 오버레이",던전/신전,수집욕/소유욕,인간형 영웅,2D 일러스트,대조되는 속성의 캐릭터를 배치한 질문형 카피로 유저의 취향과 수집욕을 자극함.
260429_BNR_A-AI-Favoritehero01B-DA_S_1200x1200_EN.png;https://tpc.googlesyndication.com/simgad/4869773213661551192,가로형 이미지,HQ_HQ_PH_US-EN_GA_NU_AD_ACA-PU_260429,M_1844_INTEREST_GENRE_ALL_NONE_260429_3,2026-05-03,0,KRW,694,51,1,0,BNR,정방형,2026-04-29,A,AI,Favoritehero01B,EN,260429_BNR_A-AI-Favoritehero01B-DA_S_1200x1200_EN,A-AI-Favoritehero01B-DA,https://tpc.googlesyndication.com/simgad/4869773213661551192,"질문/선택형, 캐릭터/유닛 외형",,,,,"Who is your favorite hero?, VS, PLAY FOR FREE",아트 퀄리티,용병 모집,DIY 픽업 시스템,마그 탐험대,카르벨,히어로 수집 육성,,수집 및 도감,"분할 화면, 텍스트 오버레이",던전/신전,수집욕/소유욕,인간형 영웅,2D 일러스트,대조되는 속성의 캐릭터를 배치한 질문형 카피로 유저의 취향과 수집욕을 자극함.
260429_BNR_A-AI-Victory01A-DA_L_1200x628_EN.png;https://tpc.googlesyndication.com/simgad/17680799217874309764,가로형 이미지,HQ_HQ_PH_US-EN_GA_NU_AD_ACA-PU_260429,M_1844_INTEREST_GENRE_ALL_NONE_260429_3,2026-05-03,0,KRW,2199,3,1,0,BNR,가로형,2026-04-29,A,AI,Victory01A,EN,260429_BNR_A-AI-Victory01A-DA_L_1200x628_EN,A-AI-Victory01A-DA,https://tpc.googlesyndication.com/simgad/17680799217874309764,"비주얼 임팩트, 압도적 보상",,,,,"VICTORY!, Crush The Monsters With the Top Squad, PLAY FREE","보상, 전략성",스쿼드 전투,보스 레이드,마그 탐험대,카르벨,렐릭 탐험 어드벤처,,"전투 및 액션, 장애물 및 도전",텍스트 오버레이,던전/신전,만족과 성취감,"인간형 영웅, 거대 보스, 재화/보물상자",2D 일러스트,보스 토벌 후 쏟아지는 재화 연출로 성취감을 주고 파티 편성 로망을 자극함.
260429_BNR_A-AI-Victory01A-DA_S_1200x1200_EN.png;https://tpc.googlesyndication.com/simgad/8323476710876020002,가로형 이미지,HQ_HQ_PH_US-EN_GA_NU_AD_ACA-PU_260429,M_1844_INTEREST_GENRE_ALL_NONE_260429_3,2026-05-03,0,KRW,0,1,0,0,BNR,정방형,2026-04-29,A,AI,Victory01A,EN,260429_BNR_A-AI-Victory01A-DA_S_1200x1200_EN,A-AI-Victory01A-DA,https://tpc.googlesyndication.com/simgad/8323476710876020002,"비주얼 임팩트, 압도적 보상",,,,,"VICTORY!, Crush The Monsters With the Top Squad, PLAY FREE","보상, 전략성",스쿼드 전투,보스 레이드,마그 탐험대,카르벨,렐릭 탐험 어드벤처,,"전투 및 액션, 장애물 및 도전",텍스트 오버레이,던전/신전,만족과 성취감,"인간형 영웅, 거대 보스, 재화/보물상자",2D 일러스트,보스 토벌 후 쏟아지는 재화 연출로 성취감을 주고 파티 편성 로망을 자극함.
260406_VID_A-Character-Collection01B-UA_S_1080x1080_EN;https://www.youtube.com/watch?v=cTfY4JpFc-s,YouTube 동영상,HQ_HQ_PH_US-EN_GA_NU_AD_ACA-PU_260429,M_1844_INTEREST_GENRE_ALL_NONE_260429_3,2026-05-03,0,KRW,307,7,0,0,VID,정방형,2026-04-06,A,Character,Collection01B,EN;https://www,260406_VID_A-Character-Collection01B-UA_S_1080x1080_EN,A-Character-Collection01B-UA,https://www.youtube.com/watch?v=cTfY4JpFc-s,"질문/선택형, 캐릭터/유닛 외형",경쾌함,TRUE,,없음,"CHOOSE YOUR HERO, HUGO, KARBEL, MONAD","캐릭터, 수집형RPG, 전략성",용병 모집(Gacha),DIY 픽업 시스템,마그 탐험대,"휴고, 카르벨, 모나드",히어로 수집 육성,남성 캐릭터 위주 배치,수집 및 도감,"텍스트 오버레이, 분할 화면",심플/클린 UI,수집욕/소유욕,"SD/치비 캐릭터, 인간형 영웅",2D 일러스트,캐릭터 구성 대조를 통한 타겟 취향별 효율 분석. 탱커 및 딜러 중심 덱 선호 심리 공략하며 캐릭터 조합 변주 소재로 리타겟팅 광고 활용 권장.
260406_VID_A-Character-Combat01A-UA_L_1920x1080_EN;https://www.youtube.com/watch?v=2W7-0AV2mfg,YouTube 동영상,HQ_HQ_PH_US-EN_GA_NU_AD_ACA-PU_260429,M_1844_INTEREST_GENRE_ALL_NONE_260429_3,2026-05-03,0,KRW,991,25,0,0,VID,가로형,2026-04-06,A,Character,Combat01A,EN;https://www,260406_VID_A-Character-Combat01A-UA_L_1920x1080_EN,A-Character-Combat01A-UA,https://www.youtube.com/watch?v=2W7-0AV2mfg,"비주얼 임팩트, 캐릭터/유닛 외형",긴박함,TRUE,,없음,"VINESSA, A DARK WIZARD WHO DOMINATES THE FIELD, SOPHIA, REMOVES ALL DEBUFFS! THE KEY TO SURVIVAL, BERNETA, A SYNERGY DEALER THAT PERFECTS YOUR TEAM, PLAY FOR FREE","아트 퀄리티, 캐릭터, 수집형RPG, 전략성",용병 모집,스킬 컷신 연출,마그 탐험대,"Vinessa, Sophia, Berneta",렐릭 탐험 어드벤처,캐릭터별 스킬 특징 강조,전투 및 액션,"텍스트 오버레이, 클로즈업 및 줌",자연/야외 미학,"도전과 승부욕, 수집욕/소유욕","인간형 영웅, SD/치비 캐릭터, 성장 지표","2.5D 입체 그래픽, 2D 일러스트",인게임 전투와 일러스트 교차 편집으로 몰입도 극대화. 캐릭터 스킬 및 시너지로 전략적 호기심 자극. 플레이 영상 기반 안정적 CVR 확보 및 캐릭터 속성 대비 변주 제안.
260406_VID_A-Character-Combat01A-UA_S_1080x1080_EN;https://www.youtube.com/watch?v=jnNAzjzUw8o,YouTube 동영상,HQ_HQ_PH_US-EN_GA_NU_AD_ACA-PU_260429,M_1844_INTEREST_GENRE_ALL_NONE_260429_3,2026-05-03,0,KRW,1461,16,0,0,VID,정방형,2026-04-06,A,Character,Combat01A,EN;https://www,260406_VID_A-Character-Combat01A-UA_S_1080x1080_EN,A-Character-Combat01A-UA,https://www.youtube.com/watch?v=jnNAzjzUw8o,"비주얼 임팩트, 캐릭터/유닛 외형",긴박함,TRUE,,없음,"VINESSA, A DARK WIZARD WHO DOMINATES THE FIELD, SOPHIA, REMOVES ALL DEBUFFS! THE KEY TO SURVIVAL, BERNETA, A SYNERGY DEALER THAT PERFECTS YOUR TEAM, PLAY FOR FREE","아트 퀄리티, 캐릭터, 수집형RPG, 전략성",용병 모집,스킬 컷신 연출,마그 탐험대,"Vinessa, Sophia, Berneta",렐릭 탐험 어드벤처,캐릭터별 스킬 특징 강조,전투 및 액션,"텍스트 오버레이, 클로즈업 및 줌",자연/야외 미학,"도전과 승부욕, 수집욕/소유욕","인간형 영웅, SD/치비 캐릭터, 성장 지표","2.5D 입체 그래픽, 2D 일러스트",SSR 비네사 비주얼을 초반에 배치해 RPG 팬덤 시선 확보. 고퀄리티 애니메이션으로 캐릭터 소유욕을 자극하며 스킬 콤보 시리즈로 소재 확장 가능.
260406_VID_A-Character-Combat01A-UA_V_1080x1920_EN;https://www.youtube.com/watch?v=tHmXhOKu33A,YouTube 동영상,HQ_HQ_PH_US-EN_GA_NU_AD_ACA-PU_260429,M_1844_INTEREST_GENRE_ALL_NONE_260429_3,2026-05-03,0,KRW,484,7,0,0,VID,세로형,2026-04-06,A,Character,Combat01A,EN;https://www,260406_VID_A-Character-Combat01A-UA_V_1080x1920_EN,A-Character-Combat01A-UA,https://www.youtube.com/watch?v=tHmXhOKu33A,"비주얼 임팩트, 캐릭터/유닛 외형",긴박함,TRUE,,없음,"VINESSA, A DARK WIZARD WHO DOMINATES THE FIELD, SOPHIA, REMOVES ALL DEBUFFS! THE KEY TO SURVIVAL, BERNETA, A SYNERGY DEALER THAT PERFECTS YOUR TEAM, PLAY FOR FREE","아트 퀄리티, 캐릭터, 수집형RPG, 전략성",용병 모집,스킬 컷신 연출,마그 탐험대,"Vinessa, Sophia, Berneta",렐릭 탐험 어드벤처,캐릭터별 스킬 특징 강조,전투 및 액션,"텍스트 오버레이, 클로즈업 및 줌",자연/야외 미학,"도전과 승부욕, 수집욕/소유욕","인간형 영웅, SD/치비 캐릭터, 성장 지표","2.5D 입체 그래픽, 2D 일러스트",숏폼 최적화 세로 분할 화면으로 캐릭터와 전투 연출 강조. 한 손 플레이 선호 심리를 공략하여 틱톡 및 릴스 내 높은 조회수 확보 기대.
260406_VID_A-Character-Combat01B-UA_L_1920x1080_EN;https://www.youtube.com/watch?v=d4rVTfnnYhg,YouTube 동영상,HQ_HQ_PH_US-EN_GA_NU_AD_ACA-PU_260429,M_1844_INTEREST_GENRE_ALL_NONE_260429_3,2026-05-03,0,KRW,9601,144,2,0,VID,가로형,2026-04-06,A,Character,Combat01B,EN;https://www,260406_VID_A-Character-Combat01B-UA_L_1920x1080_EN,A-Character-Combat01B-UA,https://www.youtube.com/watch?v=d4rVTfnnYhg,"비주얼 임팩트, 캐릭터/유닛 외형",긴박함,TRUE,,없음,"HUGO, An indomitable warrior..., MONAD, A sage who devastates..., KARBEL, A fiery dealer..., PLAY FOR FREE","전략성, 아트 퀄리티",용병 모집,8인 실시간 전투,마그 탐험대,"Hugo, Monad, Karbel",히어로 수집 육성,,전투 및 액션,"텍스트 오버레이, 클로즈업 및 줌",자연/야외 미학,"도전과 승부욕, 수집욕/소유욕","인간형 영웅, SD/치비 캐릭터, 성장 지표","2.5D 입체 그래픽, 2D 일러스트",16:9 뷰로 넓은 전장과 스킬 강조. 화려한 연출로 타격감 선호 유저 공략. 전투 선호층 대상 높은 전환율 기대.
260406_VID_A-Character-Combat01B-UA_S_1080x1080_EN;https://www.youtube.com/watch?v=tcTIYuJi7pM,YouTube 동영상,HQ_HQ_PH_US-EN_GA_NU_AD_ACA-PU_260429,M_1844_INTEREST_GENRE_ALL_NONE_260429_3,2026-05-03,0,KRW,257,5,0,0,VID,정방형,2026-04-06,A,Character,Combat01B,EN;https://www,260406_VID_A-Character-Combat01B-UA_S_1080x1080_EN,A-Character-Combat01B-UA,https://www.youtube.com/watch?v=tcTIYuJi7pM,"비주얼 임팩트, 캐릭터/유닛 외형",긴박함,TRUE,,없음,"HUGO, An indomitable warrior..., MONAD, A sage who devastates..., KARBEL, A fiery dealer..., PLAY FOR FREE","전략성, 아트 퀄리티",용병 모집,8인 실시간 전투,마그 탐험대,"Hugo, Monad, Karbel",히어로 수집 육성,,전투 및 액션,"텍스트 오버레이, 클로즈업 및 줌",자연/야외 미학,"도전과 승부욕, 수집욕/소유욕","인간형 영웅, SD/치비 캐릭터, 성장 지표","2.5D 입체 그래픽, 2D 일러스트",소피아의 생존 및 지원 능력과 팀 시너지를 강조해 전략적 유저 공략. 비네사 소재 A/B 테스트로 타겟별 선호 캐릭터 최적화 및 성과 확장 도모.
260406_VID_A-Character-Combat01B-UA_V_1080x1920_EN;https://www.youtube.com/watch?v=rrd-TGZqEqc,YouTube 동영상,HQ_HQ_PH_US-EN_GA_NU_AD_ACA-PU_260429,M_1844_INTEREST_GENRE_ALL_NONE_260429_3,2026-05-03,1,KRW,1974,35,1,0,VID,세로형,2026-04-06,A,Character,Combat01B,EN;https://www,260406_VID_A-Character-Combat01B-UA_V_1080x1920_EN,A-Character-Combat01B-UA,https://www.youtube.com/watch?v=rrd-TGZqEqc,"비주얼 임팩트, 캐릭터/유닛 외형",긴박함,TRUE,,없음,"HUGO, An indomitable warrior..., MONAD, A sage who devastates..., KARBEL, A fiery dealer..., PLAY FOR FREE","전략성, 아트 퀄리티",용병 모집,8인 실시간 전투,마그 탐험대,"Hugo, Monad, Karbel",히어로 수집 육성,,전투 및 액션,"텍스트 오버레이, 클로즈업 및 줌",자연/야외 미학,"도전과 승부욕, 수집욕/소유욕","인간형 영웅, SD/치비 캐릭터, 성장 지표","2.5D 입체 그래픽, 2D 일러스트",직관적인 탱딜힐 구성으로 정통 RPG 유저의 파티 니즈 충족. 역할군 조합의 재미를 텍스트로 보강하여 효율 극대화 기대.
260406_VID_A-Charater-Collection01B-UA_L_1920x1080_EN;https://www.youtube.com/watch?v=rRGCh1x6a6M,YouTube 동영상,HQ_HQ_PH_US-EN_GA_NU_AD_ACA-PU_260429,M_1844_INTEREST_GENRE_ALL_NONE_260429_3,2026-05-03,1,KRW,281,12,0,0,VID,가로형,2026-04-06,A,Charater,Collection01B,EN;https://www,260406_VID_A-Charater-Collection01B-UA_L_1920x1080_EN,A-Charater-Collection01B-UA,https://www.youtube.com/watch?v=rRGCh1x6a6M,"질문/선택형, 캐릭터/유닛 외형",경쾌함,TRUE,,없음,"CHOOSE YOUR HERO, HUGO, PLAY FOR FREE","아트 퀄리티, 전략성",용병 모집,DIY 픽업 시스템,마그 탐험대,Hugo,히어로 수집 육성,,수집 및 도감,"텍스트 오버레이, 클로즈업 및 줌",심플/클린 UI,"수집욕/소유욕, 만족과 성취감","인간형 영웅, SD/치비 캐릭터","2.5D 입체 그래픽, 2D 일러스트","그리드 UI로 풍부한 캐릭터 풀을 어필해 수집 욕구를 자극하며, 캐릭터 강조 엔드카드를 통해 높은 잔존율을 확보합니다."
260406_VID_A-Charater-Collection01B-UA_V_1080x1920_EN;https://www.youtube.com/watch?v=u5diHTUsSOs,YouTube 동영상,HQ_HQ_PH_US-EN_GA_NU_AD_ACA-PU_260429,M_1844_INTEREST_GENRE_ALL_NONE_260429_3,2026-05-03,0,KRW,241,2,1,0,VID,세로형,2026-04-06,A,Charater,Collection01B,EN;https://www,260406_VID_A-Charater-Collection01B-UA_V_1080x1920_EN,A-Charater-Collection01B-UA,https://www.youtube.com/watch?v=u5diHTUsSOs,"질문/선택형, 캐릭터/유닛 외형",경쾌함,TRUE,,없음,"CHOOSE YOUR HERO, HUGO, PLAY FOR FREE","아트 퀄리티, 전략성",용병 모집,DIY 픽업 시스템,마그 탐험대,Hugo,히어로 수집 육성,캐릭터 픽(Pick) 연출,수집 및 도감,"텍스트 오버레이, 클로즈업 및 줌",심플/클린 UI,"수집욕/소유욕, 만족과 성취감","인간형 영웅, SD/치비 캐릭터","2.5D 입체 그래픽, 2D 일러스트",직접 영웅을 선택하는 인터랙티브 경험으로 기대감 부여. 다양한 영웅 노출을 통해 유저 취향을 공략하고 반복적인 참여 유도.
260406_VID_A-Hooking-Reward02A-FK_L_1920x1080_EN;https://www.youtube.com/watch?v=oRlzfGbT3xY,YouTube 동영상,HQ_HQ_PH_US-EN_GA_NU_AD_ACA-PU_260429,M_1844_INTEREST_GENRE_ALL_NONE_260429_3,2026-05-03,0,KRW,4317,79,1,0,VID,가로형,2026-04-06,A,Hooking,Reward02A,EN;https://www,260406_VID_A-Hooking-Reward02A-FK_L_1920x1080_EN,A-Hooking-Reward02A-FK,https://www.youtube.com/watch?v=oRlzfGbT3xY,"실패/분노 유도, 압도적 보상",긴박함,TRUE,,없음,"Tap here to save him!, Help me!, HELP KARBEL CLEAR, Claim your SR character and rewards worth $100!, PLAY FOR FREE",보상,용병 모집,우호도 시스템,마그 탐험대,카르벨(Karbel),히어로 수집 육성,페이크 플레이(구출 미니게임) 형식 활용,퍼즐 및 논리,"손가락 지시선, 텍스트 오버레이",자연/야외 미학,"도전과 승부욕, 만족과 성취감","SD/치비 캐릭터, 재화/보물상자",2D 일러스트,구출 미니게임 방식을 활용해 시청자 이탈을 방지하고 즉각적인 행동을 유도합니다. 대량의 재화 보상으로 성취감을 자극하여 저단가 트래픽 확보 및 높은 클릭률을 공략합니다.
260406_VID_A-Hooking-Reward02A-FK_V_1080x1920_EN;https://www.youtube.com/watch?v=b7LsalWUDvQ,YouTube 동영상,HQ_HQ_PH_US-EN_GA_NU_AD_ACA-PU_260429,M_1844_INTEREST_GENRE_ALL_NONE_260429_3,2026-05-03,1,KRW,882,3,1,0,VID,세로형,2026-04-06,A,Hooking,Reward02A,EN;https://www,260406_VID_A-Hooking-Reward02A-FK_V_1080x1920_EN,A-Hooking-Reward02A-FK,https://www.youtube.com/watch?v=b7LsalWUDvQ,"실패/분노 유도, 압도적 보상",긴박함,TRUE,,없음,"Tap here to save him!, Help me!, HELP KARBEL CLEAR, Claim your SR character and rewards worth $100!, PLAY FOR FREE",보상,용병 모집,우호도 시스템,마그 탐험대,카르벨(Karbel),히어로 수집 육성,페이크 플레이(구출 미니게임) 형식 활용,퍼즐 및 논리,"손가락 지시선, 텍스트 오버레이",자연/야외 미학,"도전과 승부욕, 만족과 성취감","SD/치비 캐릭터, 재화/보물상자",2D 일러스트,9:16 세로형 구조로 터치 인터랙션을 극대화하고 FOMO를 자극해 시청 완료율을 높입니다. 캐릭터 활용 및 실패 연출의 A/B 테스트 확장을 제안합니다.
260406_VID_A-Hooking-Reward03A-UA_L_1920x1080_EN;https://www.youtube.com/watch?v=XUrzh1Qrk5w,YouTube 동영상,HQ_HQ_PH_US-EN_GA_NU_AD_ACA-PU_260429,M_1844_INTEREST_GENRE_ALL_NONE_260429_3,2026-05-03,0,KRW,3262,50,0,0,VID,가로형,2026-04-06,A,Hooking,Reward03A,EN;https://www,260406_VID_A-Hooking-Reward03A-UA_L_1920x1080_EN,A-Hooking-Reward03A-UA,https://www.youtube.com/watch?v=XUrzh1Qrk5w,"압도적 보상, 실패/분노 유도",경쾌함,TRUE,,없음,"WARNING Skip and you will lose your $100 rewards, Tap within 5 Seconds, SR, PLAY FOR FREE!, Claim your SR character and rewards worth $100!",보상,용병 모집,,마그 탐험대,Karbel,히어로 수집 육성,$100 가치 혜택 강조,수집 및 도감,"손가락 지시선, 텍스트 오버레이",심플/클린 UI,"만족과 성취감, 수집욕/소유욕","재화/보물상자, SD/치비 캐릭터","2D 일러스트, 2.5D 입체 그래픽","가로 화면을 활용한 화려한 연출로 시각적 몰입감을 높이고, 보상 상실에 대한 FOMO 심리를 자극하여 가로형 매체 타겟 광고 효율을 극대화함."
260406_VID_A-Hooking-Reward03A-UA_S_1080x1080_EN;https://www.youtube.com/watch?v=VGJB5tDWops,YouTube 동영상,HQ_HQ_PH_US-EN_GA_NU_AD_ACA-PU_260429,M_1844_INTEREST_GENRE_ALL_NONE_260429_3,2026-05-03,0,KRW,151,3,0,0,VID,정방형,2026-04-06,A,Hooking,Reward03A,EN;https://www,260406_VID_A-Hooking-Reward03A-UA_S_1080x1080_EN,A-Hooking-Reward03A-UA,https://www.youtube.com/watch?v=VGJB5tDWops,"압도적 보상, 실패/분노 유도",경쾌함,TRUE,,없음,"WARNING Skip and you will lose your $100 rewards, Tap within 5 Seconds, SR, PLAY FOR FREE!, Claim your SR character and rewards worth $100!",보상,용병 모집,,마그 탐험대,Karbel,히어로 수집 육성,$100 가치 혜택 강조,수집 및 도감,"손가락 지시선, 텍스트 오버레이",심플/클린 UI,"만족과 성취감, 수집욕/소유욕","재화/보물상자, SD/치비 캐릭터","2D 일러스트, 2.5D 입체 그래픽",부정적 후킹과 시간 제한으로 클릭 유도. $100 가치 및 SR 확정으로 수익 구체화. 높은 CVR 예상되며 보상 변주를 통한 라이브 옵스 제안.
260406_VID_A-Hooking-Reward03A-UA_V_1080x1920_EN;https://www.youtube.com/watch?v=jA_HAiz95x4,YouTube 동영상,HQ_HQ_PH_US-EN_GA_NU_AD_ACA-PU_260429,M_1844_INTEREST_GENRE_ALL_NONE_260429_3,2026-05-03,0,KRW,1898,18,0,0,VID,세로형,2026-04-06,A,Hooking,Reward03A,EN;https://www,260406_VID_A-Hooking-Reward03A-UA_V_1080x1920_EN,A-Hooking-Reward03A-UA,https://www.youtube.com/watch?v=jA_HAiz95x4,"압도적 보상, 실패/분노 유도",경쾌함,TRUE,,없음,"WARNING Skip and you will lose your $100 rewards, Tap within 5 Seconds, SR, PLAY FOR FREE!, Claim your SR character and rewards worth $100!",보상,용병 모집,,마그 탐험대,Karbel,히어로 수집 육성,$100 가치 혜택 강조,수집 및 도감,"손가락 지시선, 텍스트 오버레이",심플/클린 UI,"만족과 성취감, 수집욕/소유욕","재화/보물상자, SD/치비 캐릭터","2D 일러스트, 2.5D 입체 그래픽",도발적 문구와 타이머로 이탈을 방지하고 FOMO 심리를 자극함. 보상형 인벤토리 활용을 통해 UA 매체에서 압도적 전환율 달성 기대.
260406_VID_A-Mob-Adventure01A-UA_L_1920x1080_EN;https://www.youtube.com/watch?v=hVmkPdIsz70,YouTube 동영상,HQ_HQ_PH_US-EN_GA_NU_AD_ACA-PU_260429,M_1844_INTEREST_GENRE_ALL_NONE_260429_3,2026-05-03,0,KRW,37,5,0,0,VID,가로형,2026-04-06,A,Mob,Adventure01A,EN;https://www,260406_VID_A-Mob-Adventure01A-UA_L_1920x1080_EN,A-Mob-Adventure01A-UA,https://www.youtube.com/watch?v=hVmkPdIsz70,"비주얼 임팩트, 성장 비포애프터",긴박함,TRUE,,없음,"WARNING, GOBLINS INCOMING!, Goblins? Easy! Level UP! UP!, Power Boost! BOOM! BOOM!, Strategic deployment!, Get ready for BATTLE!","편의성, 전략성",AFK 기능,8인 실시간 전투,고블린,카르벨,렐릭 탐험 어드벤처,스마트폰 UI 팝업 연출,"시뮬레이션 및 관리, 장애물 및 도전","텍스트 오버레이, 클로즈업 및 줌",자연/야외 미학,"도전과 승부욕, 만족과 성취감","SD/치비 캐릭터, 성장 지표, 군단/대규모 유닛",2.5D 입체 그래픽,16:9 화면 대비로 대규모 전투와 모바일 최적화 강조. 방치형 육성 선호 유저 타겟으로 핵심 시스템 소구 및 브랜딩·퍼포먼스 효율 기대.
260406_VID_A-Mob-Adventure01A-UA_S_1080x1080_EN;https://www.youtube.com/watch?v=LMKl0g6yRJU,YouTube 동영상,HQ_HQ_PH_US-EN_GA_NU_AD_ACA-PU_260429,M_1844_INTEREST_GENRE_ALL_NONE_260429_3,2026-05-03,0,KRW,497,14,0,0,VID,정방형,2026-04-06,A,Mob,Adventure01A,EN;https://www,260406_VID_A-Mob-Adventure01A-UA_S_1080x1080_EN,A-Mob-Adventure01A-UA,https://www.youtube.com/watch?v=LMKl0g6yRJU,"비주얼 임팩트, 성장 비포애프터",긴박함,TRUE,,없음,"WARNING, GOBLINS INCOMING!, Goblins? Easy! Level UP! UP!, Power Boost! BOOM! BOOM!, Strategic deployment!, Get ready for BATTLE!","편의성, 전략성",AFK 기능,8인 실시간 전투,고블린,카르벨,렐릭 탐험 어드벤처,스마트폰 UI 팝업 연출,"시뮬레이션 및 관리, 장애물 및 도전","텍스트 오버레이, 클로즈업 및 줌",자연/야외 미학,"도전과 승부욕, 참여와 임장감","SD/치비 캐릭터, 성장 지표, 군단/대규모 유닛",2.5D 입체 그래픽,경고 연출로 몰입도를 높이고 쉬운 성장을 강조해 진입 장벽 완화. 대규모 레이드 소재 확장을 통한 중장기 성과 기대.
260406_VID_A-Mob-Adventure01A-UA_V_1080x1920_EN;https://www.youtube.com/watch?v=nIYkYZ-JFj0,YouTube 동영상,HQ_HQ_PH_US-EN_GA_NU_AD_ACA-PU_260429,M_1844_INTEREST_GENRE_ALL_NONE_260429_3,2026-05-03,0,KRW,26,3,0,0,VID,세로형,2026-04-06,A,Mob,Adventure01A,EN;https://www,260406_VID_A-Mob-Adventure01A-UA_V_1080x1920_EN,A-Mob-Adventure01A-UA,https://www.youtube.com/watch?v=nIYkYZ-JFj0,"비주얼 임팩트, 성장 비포애프터",긴박함,TRUE,,없음,"WARNING, GOBLINS INCOMING!, Goblins? Easy! Level UP! UP!, Power Boost! BOOM! BOOM!, Strategic deployment!, Get ready for BATTLE!","편의성, 전략성",AFK 기능,8인 실시간 전투,고블린,카르벨,렐릭 탐험 어드벤처,스마트폰 UI 팝업 연출,"시뮬레이션 및 관리, 장애물 및 도전","텍스트 오버레이, 클로즈업 및 줌",자연/야외 미학,"도전과 승부욕, 만족과 성취감","SD/치비 캐릭터, 성장 지표, 군단/대규모 유닛",2.5D 입체 그래픽,세로형 피드 최적화 UI와 마을 습격 반전 연출로 이탈 방지. 직관적 레벨업과 전략적 배치 중심의 성장 쾌감을 자극해 숏폼 환경 내 높은 시청 유지율 및 전환율 기대.
Cute but Powerful Squad,광고 제목,HQ_HQ_PH_US-EN_GA_NU_AD_ACA-PU_260429,M_1844_INTEREST_GENRE_ALL_NONE_260429_2,2026-05-03,0,KRW,531,33,0,0,TXT,,,,,,,,,,,,,,,,,,,,,,,,,,,,,
Let’s Hunt for Treasure!,광고 제목,HQ_HQ_PH_US-EN_GA_NU_AD_ACA-PU_260429,M_1844_INTEREST_GENRE_ALL_NONE_260429_2,2026-05-03,0,KRW,2523,111,0,0,TXT,,,,,,,,,,,,,,,,,,,,,,,,,,,,,
Pepp Heroes,광고 제목,HQ_HQ_PH_US-EN_GA_NU_AD_ACA-PU_260429,M_1844_INTEREST_GENRE_ALL_NONE_260429_2,2026-05-03,0,KRW,626,40,0,0,TXT,,,,,,,,,,,,,,,,,,,,,,,,,,,,,
Play for Free,광고 제목,HQ_HQ_PH_US-EN_GA_NU_AD_ACA-PU_260429,M_1844_INTEREST_GENRE_ALL_NONE_260429_2,2026-05-03,0,KRW,2285,106,0,0,TXT,,,,,,,,,,,,,,,,,,,,,,,,,,,,,
"Your RPG, In Your Hands",광고 제목,HQ_HQ_PH_US-EN_GA_NU_AD_ACA-PU_260429,M_1844_INTEREST_GENRE_ALL_NONE_260429_2,2026-05-03,0,KRW,417,31,0,0,TXT,,,,,,,,,,,,,,,,,,,,,,,,,,,,,
Adorable Yet Powerful! Collect Heroes With Diverse Charms,설명,HQ_HQ_PH_US-EN_GA_NU_AD_ACA-PU_260429,M_1844_INTEREST_GENRE_ALL_NONE_260429_2,2026-05-03,0,KRW,920,38,0,0,TXT,,,,,,,,,,,,,,,,,,,,,,,,,,,,,
Clock Out and Start Your Treasure Hunt!,설명,HQ_HQ_PH_US-EN_GA_NU_AD_ACA-PU_260429,M_1844_INTEREST_GENRE_ALL_NONE_260429_2,2026-05-03,0,KRW,838,45,0,0,TXT,,,,,,,,,,,,,,,,,,,,,,,,,,,,,
Get Rewards Worth $100! Play Now!,설명,HQ_HQ_PH_US-EN_GA_NU_AD_ACA-PU_260429,M_1844_INTEREST_GENRE_ALL_NONE_260429_2,2026-05-03,0,KRW,470,26,0,0,TXT,,,,,,,,,,,,,,,,,,,,,,,,,,,,,
Strategic Battles With Heroes Full of Personality! Win With Your Own Squad,설명,HQ_HQ_PH_US-EN_GA_NU_AD_ACA-PU_260429,M_1844_INTEREST_GENRE_ALL_NONE_260429_2,2026-05-03,0,KRW,3132,150,0,0,TXT,,,,,,,,,,,,,,,,,,,,,,,,,,,,,
Unique Hero Skills and Synergies! The Collectible RPG of Endless Team Combinations,설명,HQ_HQ_PH_US-EN_GA_NU_AD_ACA-PU_260429,M_1844_INTEREST_GENRE_ALL_NONE_260429_2,2026-05-03,0,KRW,2304,23,1,0,TXT,,,,,,,,,,,,,,,,,,,,,,,,,,,,,
260406_BNR_A-Character-Adventure04A-DA_L_1200x628_EN.jpg;https://tpc.googlesyndication.com/simgad/11190732183298883065,가로형 이미지,HQ_HQ_PH_US-EN_GA_NU_AD_ACA-PU_260429,M_1844_INTEREST_GENRE_ALL_NONE_260429_2,2026-05-03,0,KRW,0,1,0,0,BNR,가로형,2026-04-06,A,Character,Adventure04A,EN,260406_BNR_A-Character-Adventure04A-DA_L_1200x628_EN,A-Character-Adventure04A-DA,https://tpc.googlesyndication.com/simgad/11190732183298883065,"비주얼 임팩트, 캐릭터/유닛 외형",,,,,PEPP HEROES,"아트 퀄리티, 수집형RPG, 릴리즈 예고","8인 실시간 전투, 수집형 RPG",8인 실시간 전투,"마그 탐험대, 고블린","카르벨(Karbel), 샤일린(Shylin)",히어로 수집 육성,,"전투 및 액션, 장애물 및 도전",텍스트 오버레이,자연/야외 미학,"도전과 승부욕, 참여와 임장감","인간형 영웅, 거대 보스, SD/치비 캐릭터","2.5D 입체 그래픽, 2D 일러스트",SD 영웅과 거대 보스의 대치로 모험심 자극. 정적 RPG 유저에게 액션 소구 및 보상 텍스트로 CTR·CVR 최적화.
260406_BNR_A-Character-Adventure04A-DA_S_1200x1200_EN.jpg;https://tpc.googlesyndication.com/simgad/4078122247307565443,가로형 이미지,HQ_HQ_PH_US-EN_GA_NU_AD_ACA-PU_260429,M_1844_INTEREST_GENRE_ALL_NONE_260429_2,2026-05-03,0,KRW,0,2,0,0,BNR,정방형,2026-04-06,A,Character,Adventure04A,EN,260406_BNR_A-Character-Adventure04A-DA_S_1200x1200_EN,A-Character-Adventure04A-DA,https://tpc.googlesyndication.com/simgad/4078122247307565443,"비주얼 임팩트, 캐릭터/유닛 외형",,,,,PEPP HEROES,"아트 퀄리티, 수집형RPG, 릴리즈 예고","8인 실시간 전투, 수집형 RPG",8인 실시간 전투,"마그 탐험대, 고블린","카르벨(Karbel), 샤일린(Shylin)",히어로 수집 육성,,"전투 및 액션, 장애물 및 도전",텍스트 오버레이,자연/야외 미학,"도전과 승부욕, 참여와 임장감","인간형 영웅, 거대 보스, SD/치비 캐릭터","2.5D 입체 그래픽, 2D 일러스트","정방형 규격의 캐릭터 밀집 배치를 통해 스쿼드 일체감을 강조하고, 직업 아이콘 오버레이로 팀 빌딩의 전략적 재미와 영웅의 매력을 소구함."
260406_BNR_A-Character-Adventure05A-DA_L_1200x628_EN.jpg;https://tpc.googlesyndication.com/simgad/14620542589526622535,가로형 이미지,HQ_HQ_PH_US-EN_GA_NU_AD_ACA-PU_260429,M_1844_INTEREST_GENRE_ALL_NONE_260429_2,2026-05-03,0,KRW,0,11,0,0,BNR,가로형,2026-04-06,A,Character,Adventure05A,EN,260406_BNR_A-Character-Adventure05A-DA_L_1200x628_EN,A-Character-Adventure05A-DA,https://tpc.googlesyndication.com/simgad/14620542589526622535,"캐릭터/유닛 외형, 비주얼 임팩트",,,,,Every Hero Needs a Little Pepp,"아트 퀄리티, 수집형RPG, 캐릭터","8인 실시간 전투, 수집형 RPG",렐릭 퀘스트,"마그 탐험대, 고블린","샤일린(Shylin), 카르벨(Karbel)",렐릭 탐험 어드벤처,2.5D 독보적 그래픽 강조,"전투 및 액션, 수집 및 도감","텍스트 오버레이, 클로즈업 및 줌",던전/신전,"수집욕/소유욕, 참여와 임장감","인간형 영웅, SD/치비 캐릭터","2.5D 입체 그래픽, 2D 일러스트",독보적인 2.5D 비주얼과 대립 구도로 정체성 각인. 입체적 모험 선사 및 고퀄리티 아트로 글로벌 CTR 유도. SSR 스킬 컷신 활용해 CVR 극대화 기대.
260406_BNR_A-Character-Adventure05A-DA_S_1200x1200_EN.jpg;https://tpc.googlesyndication.com/simgad/13772335840655466460,가로형 이미지,HQ_HQ_PH_US-EN_GA_NU_AD_ACA-PU_260429,M_1844_INTEREST_GENRE_ALL_NONE_260429_2,2026-05-03,0,KRW,0,1,0,0,BNR,정방형,2026-04-06,A,Character,Adventure05A,EN,260406_BNR_A-Character-Adventure05A-DA_S_1200x1200_EN,A-Character-Adventure05A-DA,https://tpc.googlesyndication.com/simgad/13772335840655466460,"캐릭터/유닛 외형, 비주얼 임팩트",,,,,Every Hero Needs a Little Pepp,"아트 퀄리티, 수집형RPG, 캐릭터","8인 실시간 전투, 수집형 RPG",렐릭 퀘스트,"마그 탐험대, 고블린","샤일린(Shylin), 카르벨(Karbel)",렐릭 탐험 어드벤처,2.5D 독보적 그래픽 강조,"전투 및 액션, 수집 및 도감","텍스트 오버레이, 클로즈업 및 줌",던전/신전,"수집욕/소유욕, 참여와 임장감","인간형 영웅, SD/치비 캐릭터","2.5D 입체 그래픽, 2D 일러스트",정방형 규격의 캐릭터 밀집 노출로 수집 재미를 강조함. 영웅 반전 매력 소유욕을 자극하며 피드 최적화로 클릭률 극대화 유도. 보상 텍스트 오버레이로 전환율 보완 필요.
260406_BNR_A-Character-Comics01A-DA_L_1200x628_EN.jpg;https://tpc.googlesyndication.com/simgad/3049438568803176011,가로형 이미지,HQ_HQ_PH_US-EN_GA_NU_AD_ACA-PU_260429,M_1844_INTEREST_GENRE_ALL_NONE_260429_2,2026-05-03,0,KRW,0,8,0,0,BNR,가로형,2026-04-06,A,Character,Comics01A,EN,260406_BNR_A-Character-Comics01A-DA_L_1200x628_EN,A-Character-Comics01A-DA,https://tpc.googlesyndication.com/simgad/3049438568803176011,"비주얼 임팩트, 캐릭터/유닛 외형",,,,,"EVERY HERO NEEDS A LITTLE PEPP, PEPP HEROES","아트 퀄리티, 캐릭터, 수집형RPG","용병 모집(Gacha), 8인 실시간 전투",8인 실시간 전투,마그 탐험대,카르벨(Karbel),"히어로 수집 육성, 렐릭 탐험 어드벤처",코믹스 스타일 레이아웃,"수집 및 도감, 전투 및 액션","분할 화면, 텍스트 오버레이",자연/야외 미학,"수집욕/소유욕, 휴식과 힐링","SD/치비 캐릭터, 인간형 영웅",2.5D 입체 그래픽,코믹스 레이아웃과 친근한 아트 스타일로 진입 장벽을 낮추고 개성을 강조함. 가독성 높은 카피로 높은 CTR을 유도하며 SSR 캐릭터 중심의 수집 욕구 자극 전략을 제안함.
260406_BNR_A-Charater-Collection01A-DA_L_1200x628_EN.jpg;https://tpc.googlesyndication.com/simgad/9157278201026773067,가로형 이미지,HQ_HQ_PH_US-EN_GA_NU_AD_ACA-PU_260429,M_1844_INTEREST_GENRE_ALL_NONE_260429_2,2026-05-03,0,KRW,0,1,0,0,BNR,가로형,2026-04-06,A,Charater,Collection01A,EN,260406_BNR_A-Charater-Collection01A-DA_L_1200x628_EN,A-Charater-Collection01A-DA,https://tpc.googlesyndication.com/simgad/9157278201026773067,"캐릭터/유닛 외형, 비주얼 임팩트",,,,,"Get Pepp'd, com2us, PEPP HEROES","아트 퀄리티, 캐릭터, 수집형RPG",수집형 RPG,용병 모집(Gacha),마그 탐험대,다수의 SD 영웅,히어로 수집 육성,,수집 및 도감,텍스트 오버레이,심플/클린 UI,수집욕/소유욕,SD/치비 캐릭터,2.5D 입체 그래픽,"'Get Pepp'd' 슬로건과 촘촘한 캐릭터 배치로 방대한 수집성 강조. 2.5D 및 SD 캐릭터로 유저 소유욕 자극 및 높은 CTR 유도, 인기 캐릭터 중심 확장 용이."
260406_BNR_A-Mob-Adventure02A-DA_L_1200x628_EN.jpg;https://tpc.googlesyndication.com/simgad/17125206759944352040,가로형 이미지,HQ_HQ_PH_US-EN_GA_NU_AD_ACA-PU_260429,M_1844_INTEREST_GENRE_ALL_NONE_260429_2,2026-05-03,0,KRW,1231,27,1,0,BNR,가로형,2026-04-06,A,Mob,Adventure02A,EN,260406_BNR_A-Mob-Adventure02A-DA_L_1200x628_EN,A-Mob-Adventure02A-DA,https://tpc.googlesyndication.com/simgad/17125206759944352040,비주얼 임팩트,,,,,PEPP HEROES,"아트 퀄리티, 수집형RPG",5인 분대 전투,거대 보스 레이드,"마그 탐험대, 고블린",,렐릭 탐험 어드벤처,2.5D 입체 월드 강조,"장애물 및 도전, 전투 및 액션",텍스트 오버레이,자연/야외 미학,도전과 승부욕,"거대 보스, SD/치비 캐릭터",2.5D 입체 그래픽,5인 파티 레이드와 SD 캐릭터로 어드벤처 RPG 정체성 강조. 2.5D 그래픽으로 CTR을 높이고 사전예약 보상을 통해 CVR 극대화 유도.
260406_VID_A-Character-Collection01B-UA_S_1080x1080_EN;https://www.youtube.com/watch?v=cTfY4JpFc-s,YouTube 동영상,HQ_HQ_PH_US-EN_GA_NU_AD_ACA-PU_260429,M_1844_INTEREST_GENRE_ALL_NONE_260429_2,2026-05-03,0,KRW,135,3,0,0,VID,정방형,2026-04-06,A,Character,Collection01B,EN;https://www,260406_VID_A-Character-Collection01B-UA_S_1080x1080_EN,A-Character-Collection01B-UA,https://www.youtube.com/watch?v=cTfY4JpFc-s,"질문/선택형, 캐릭터/유닛 외형",경쾌함,TRUE,,없음,"CHOOSE YOUR HERO, HUGO, KARBEL, MONAD","캐릭터, 수집형RPG, 전략성",용병 모집(Gacha),DIY 픽업 시스템,마그 탐험대,"휴고, 카르벨, 모나드",히어로 수집 육성,남성 캐릭터 위주 배치,수집 및 도감,"텍스트 오버레이, 분할 화면",심플/클린 UI,수집욕/소유욕,"SD/치비 캐릭터, 인간형 영웅",2D 일러스트,캐릭터 구성 대조를 통한 타겟 취향별 효율 분석. 탱커 및 딜러 중심 덱 선호 심리 공략하며 캐릭터 조합 변주 소재로 리타겟팅 광고 활용 권장.
260406_VID_A-Character-Combat01A-UA_L_1920x1080_EN;https://www.youtube.com/watch?v=2W7-0AV2mfg,YouTube 동영상,HQ_HQ_PH_US-EN_GA_NU_AD_ACA-PU_260429,M_1844_INTEREST_GENRE_ALL_NONE_260429_2,2026-05-03,1,KRW,1624,21,1,0,VID,가로형,2026-04-06,A,Character,Combat01A,EN;https://www,260406_VID_A-Character-Combat01A-UA_L_1920x1080_EN,A-Character-Combat01A-UA,https://www.youtube.com/watch?v=2W7-0AV2mfg,"비주얼 임팩트, 캐릭터/유닛 외형",긴박함,TRUE,,없음,"VINESSA, A DARK WIZARD WHO DOMINATES THE FIELD, SOPHIA, REMOVES ALL DEBUFFS! THE KEY TO SURVIVAL, BERNETA, A SYNERGY DEALER THAT PERFECTS YOUR TEAM, PLAY FOR FREE","아트 퀄리티, 캐릭터, 수집형RPG, 전략성",용병 모집,스킬 컷신 연출,마그 탐험대,"Vinessa, Sophia, Berneta",렐릭 탐험 어드벤처,캐릭터별 스킬 특징 강조,전투 및 액션,"텍스트 오버레이, 클로즈업 및 줌",자연/야외 미학,"도전과 승부욕, 수집욕/소유욕","인간형 영웅, SD/치비 캐릭터, 성장 지표","2.5D 입체 그래픽, 2D 일러스트",인게임 전투와 일러스트 교차 편집으로 몰입도 극대화. 캐릭터 스킬 및 시너지로 전략적 호기심 자극. 플레이 영상 기반 안정적 CVR 확보 및 캐릭터 속성 대비 변주 제안.
260406_VID_A-Character-Combat01A-UA_S_1080x1080_EN;https://www.youtube.com/watch?v=jnNAzjzUw8o,YouTube 동영상,HQ_HQ_PH_US-EN_GA_NU_AD_ACA-PU_260429,M_1844_INTEREST_GENRE_ALL_NONE_260429_2,2026-05-03,0,KRW,1785,12,0,0,VID,정방형,2026-04-06,A,Character,Combat01A,EN;https://www,260406_VID_A-Character-Combat01A-UA_S_1080x1080_EN,A-Character-Combat01A-UA,https://www.youtube.com/watch?v=jnNAzjzUw8o,"비주얼 임팩트, 캐릭터/유닛 외형",긴박함,TRUE,,없음,"VINESSA, A DARK WIZARD WHO DOMINATES THE FIELD, SOPHIA, REMOVES ALL DEBUFFS! THE KEY TO SURVIVAL, BERNETA, A SYNERGY DEALER THAT PERFECTS YOUR TEAM, PLAY FOR FREE","아트 퀄리티, 캐릭터, 수집형RPG, 전략성",용병 모집,스킬 컷신 연출,마그 탐험대,"Vinessa, Sophia, Berneta",렐릭 탐험 어드벤처,캐릭터별 스킬 특징 강조,전투 및 액션,"텍스트 오버레이, 클로즈업 및 줌",자연/야외 미학,"도전과 승부욕, 수집욕/소유욕","인간형 영웅, SD/치비 캐릭터, 성장 지표","2.5D 입체 그래픽, 2D 일러스트",SSR 비네사 비주얼을 초반에 배치해 RPG 팬덤 시선 확보. 고퀄리티 애니메이션으로 캐릭터 소유욕을 자극하며 스킬 콤보 시리즈로 소재 확장 가능.
260406_VID_A-Character-Combat01A-UA_V_1080x1920_EN;https://www.youtube.com/watch?v=tHmXhOKu33A,YouTube 동영상,HQ_HQ_PH_US-EN_GA_NU_AD_ACA-PU_260429,M_1844_INTEREST_GENRE_ALL_NONE_260429_2,2026-05-03,0,KRW,624,9,0,0,VID,세로형,2026-04-06,A,Character,Combat01A,EN;https://www,260406_VID_A-Character-Combat01A-UA_V_1080x1920_EN,A-Character-Combat01A-UA,https://www.youtube.com/watch?v=tHmXhOKu33A,"비주얼 임팩트, 캐릭터/유닛 외형",긴박함,TRUE,,없음,"VINESSA, A DARK WIZARD WHO DOMINATES THE FIELD, SOPHIA, REMOVES ALL DEBUFFS! THE KEY TO SURVIVAL, BERNETA, A SYNERGY DEALER THAT PERFECTS YOUR TEAM, PLAY FOR FREE","아트 퀄리티, 캐릭터, 수집형RPG, 전략성",용병 모집,스킬 컷신 연출,마그 탐험대,"Vinessa, Sophia, Berneta",렐릭 탐험 어드벤처,캐릭터별 스킬 특징 강조,전투 및 액션,"텍스트 오버레이, 클로즈업 및 줌",자연/야외 미학,"도전과 승부욕, 수집욕/소유욕","인간형 영웅, SD/치비 캐릭터, 성장 지표","2.5D 입체 그래픽, 2D 일러스트",숏폼 최적화 세로 분할 화면으로 캐릭터와 전투 연출 강조. 한 손 플레이 선호 심리를 공략하여 틱톡 및 릴스 내 높은 조회수 확보 기대.
260406_VID_A-Character-Combat01B-UA_L_1920x1080_EN;https://www.youtube.com/watch?v=d4rVTfnnYhg,YouTube 동영상,HQ_HQ_PH_US-EN_GA_NU_AD_ACA-PU_260429,M_1844_INTEREST_GENRE_ALL_NONE_260429_2,2026-05-03,0,KRW,3386,43,0,0,VID,가로형,2026-04-06,A,Character,Combat01B,EN;https://www,260406_VID_A-Character-Combat01B-UA_L_1920x1080_EN,A-Character-Combat01B-UA,https://www.youtube.com/watch?v=d4rVTfnnYhg,"비주얼 임팩트, 캐릭터/유닛 외형",긴박함,TRUE,,없음,"HUGO, An indomitable warrior..., MONAD, A sage who devastates..., KARBEL, A fiery dealer..., PLAY FOR FREE","전략성, 아트 퀄리티",용병 모집,8인 실시간 전투,마그 탐험대,"Hugo, Monad, Karbel",히어로 수집 육성,,전투 및 액션,"텍스트 오버레이, 클로즈업 및 줌",자연/야외 미학,"도전과 승부욕, 수집욕/소유욕","인간형 영웅, SD/치비 캐릭터, 성장 지표","2.5D 입체 그래픽, 2D 일러스트",16:9 뷰로 넓은 전장과 스킬 강조. 화려한 연출로 타격감 선호 유저 공략. 전투 선호층 대상 높은 전환율 기대.
260406_VID_A-Character-Combat01B-UA_S_1080x1080_EN;https://www.youtube.com/watch?v=tcTIYuJi7pM,YouTube 동영상,HQ_HQ_PH_US-EN_GA_NU_AD_ACA-PU_260429,M_1844_INTEREST_GENRE_ALL_NONE_260429_2,2026-05-03,0,KRW,178,3,0,0,VID,정방형,2026-04-06,A,Character,Combat01B,EN;https://www,260406_VID_A-Character-Combat01B-UA_S_1080x1080_EN,A-Character-Combat01B-UA,https://www.youtube.com/watch?v=tcTIYuJi7pM,"비주얼 임팩트, 캐릭터/유닛 외형",긴박함,TRUE,,없음,"HUGO, An indomitable warrior..., MONAD, A sage who devastates..., KARBEL, A fiery dealer..., PLAY FOR FREE","전략성, 아트 퀄리티",용병 모집,8인 실시간 전투,마그 탐험대,"Hugo, Monad, Karbel",히어로 수집 육성,,전투 및 액션,"텍스트 오버레이, 클로즈업 및 줌",자연/야외 미학,"도전과 승부욕, 수집욕/소유욕","인간형 영웅, SD/치비 캐릭터, 성장 지표","2.5D 입체 그래픽, 2D 일러스트",소피아의 생존 및 지원 능력과 팀 시너지를 강조해 전략적 유저 공략. 비네사 소재 A/B 테스트로 타겟별 선호 캐릭터 최적화 및 성과 확장 도모.
260406_VID_A-Character-Combat01B-UA_V_1080x1920_EN;https://www.youtube.com/watch?v=rrd-TGZqEqc,YouTube 동영상,HQ_HQ_PH_US-EN_GA_NU_AD_ACA-PU_260429,M_1844_INTEREST_GENRE_ALL_NONE_260429_2,2026-05-03,0,KRW,4585,142,0,0,VID,세로형,2026-04-06,A,Character,Combat01B,EN;https://www,260406_VID_A-Character-Combat01B-UA_V_1080x1920_EN,A-Character-Combat01B-UA,https://www.youtube.com/watch?v=rrd-TGZqEqc,"비주얼 임팩트, 캐릭터/유닛 외형",긴박함,TRUE,,없음,"HUGO, An indomitable warrior..., MONAD, A sage who devastates..., KARBEL, A fiery dealer..., PLAY FOR FREE","전략성, 아트 퀄리티",용병 모집,8인 실시간 전투,마그 탐험대,"Hugo, Monad, Karbel",히어로 수집 육성,,전투 및 액션,"텍스트 오버레이, 클로즈업 및 줌",자연/야외 미학,"도전과 승부욕, 수집욕/소유욕","인간형 영웅, SD/치비 캐릭터, 성장 지표","2.5D 입체 그래픽, 2D 일러스트",직관적인 탱딜힐 구성으로 정통 RPG 유저의 파티 니즈 충족. 역할군 조합의 재미를 텍스트로 보강하여 효율 극대화 기대.
260406_VID_A-Charater-Collection01B-UA_L_1920x1080_EN;https://www.youtube.com/watch?v=rRGCh1x6a6M,YouTube 동영상,HQ_HQ_PH_US-EN_GA_NU_AD_ACA-PU_260429,M_1844_INTEREST_GENRE_ALL_NONE_260429_2,2026-05-03,0,KRW,1304,45,0,0,VID,가로형,2026-04-06,A,Charater,Collection01B,EN;https://www,260406_VID_A-Charater-Collection01B-UA_L_1920x1080_EN,A-Charater-Collection01B-UA,https://www.youtube.com/watch?v=rRGCh1x6a6M,"질문/선택형, 캐릭터/유닛 외형",경쾌함,TRUE,,없음,"CHOOSE YOUR HERO, HUGO, PLAY FOR FREE","아트 퀄리티, 전략성",용병 모집,DIY 픽업 시스템,마그 탐험대,Hugo,히어로 수집 육성,,수집 및 도감,"텍스트 오버레이, 클로즈업 및 줌",심플/클린 UI,"수집욕/소유욕, 만족과 성취감","인간형 영웅, SD/치비 캐릭터","2.5D 입체 그래픽, 2D 일러스트","그리드 UI로 풍부한 캐릭터 풀을 어필해 수집 욕구를 자극하며, 캐릭터 강조 엔드카드를 통해 높은 잔존율을 확보합니다."
260406_VID_A-Charater-Collection01B-UA_V_1080x1920_EN;https://www.youtube.com/watch?v=u5diHTUsSOs,YouTube 동영상,HQ_HQ_PH_US-EN_GA_NU_AD_ACA-PU_260429,M_1844_INTEREST_GENRE_ALL_NONE_260429_2,2026-05-03,0,KRW,50,6,0,0,VID,세로형,2026-04-06,A,Charater,Collection01B,EN;https://www,260406_VID_A-Charater-Collection01B-UA_V_1080x1920_EN,A-Charater-Collection01B-UA,https://www.youtube.com/watch?v=u5diHTUsSOs,"질문/선택형, 캐릭터/유닛 외형",경쾌함,TRUE,,없음,"CHOOSE YOUR HERO, HUGO, PLAY FOR FREE","아트 퀄리티, 전략성",용병 모집,DIY 픽업 시스템,마그 탐험대,Hugo,히어로 수집 육성,캐릭터 픽(Pick) 연출,수집 및 도감,"텍스트 오버레이, 클로즈업 및 줌",심플/클린 UI,"수집욕/소유욕, 만족과 성취감","인간형 영웅, SD/치비 캐릭터","2.5D 입체 그래픽, 2D 일러스트",직접 영웅을 선택하는 인터랙티브 경험으로 기대감 부여. 다양한 영웅 노출을 통해 유저 취향을 공략하고 반복적인 참여 유도.
260406_VID_A-Hooking-Reward02A-FK_L_1920x1080_EN;https://www.youtube.com/watch?v=oRlzfGbT3xY,YouTube 동영상,HQ_HQ_PH_US-EN_GA_NU_AD_ACA-PU_260429,M_1844_INTEREST_GENRE_ALL_NONE_260429_2,2026-05-03,0,KRW,480,26,0,0,VID,가로형,2026-04-06,A,Hooking,Reward02A,EN;https://www,260406_VID_A-Hooking-Reward02A-FK_L_1920x1080_EN,A-Hooking-Reward02A-FK,https://www.youtube.com/watch?v=oRlzfGbT3xY,"실패/분노 유도, 압도적 보상",긴박함,TRUE,,없음,"Tap here to save him!, Help me!, HELP KARBEL CLEAR, Claim your SR character and rewards worth $100!, PLAY FOR FREE",보상,용병 모집,우호도 시스템,마그 탐험대,카르벨(Karbel),히어로 수집 육성,페이크 플레이(구출 미니게임) 형식 활용,퍼즐 및 논리,"손가락 지시선, 텍스트 오버레이",자연/야외 미학,"도전과 승부욕, 만족과 성취감","SD/치비 캐릭터, 재화/보물상자",2D 일러스트,구출 미니게임 방식을 활용해 시청자 이탈을 방지하고 즉각적인 행동을 유도합니다. 대량의 재화 보상으로 성취감을 자극하여 저단가 트래픽 확보 및 높은 클릭률을 공략합니다.
260406_VID_A-Hooking-Reward02A-FK_S_1080x1080_EN;https://www.youtube.com/watch?v=EgLwtP8WjE4,YouTube 동영상,HQ_HQ_PH_US-EN_GA_NU_AD_ACA-PU_260429,M_1844_INTEREST_GENRE_ALL_NONE_260429_2,2026-05-03,0,KRW,0,1,0,0,VID,정방형,2026-04-06,A,Hooking,Reward02A,EN;https://www,260406_VID_A-Hooking-Reward02A-FK_S_1080x1080_EN,A-Hooking-Reward02A-FK,https://www.youtube.com/watch?v=EgLwtP8WjE4,"실패/분노 유도, 압도적 보상",긴박함,TRUE,,없음,"Tap here to save him!, Help me!, HELP KARBEL CLEAR, Claim your SR character and rewards worth $100!, PLAY FOR FREE",보상,용병 모집,우호도 시스템,마그 탐험대,카르벨(Karbel),히어로 수집 육성,페이크 플레이(구출 미니게임) 형식 활용,퍼즐 및 논리,"손가락 지시선, 텍스트 오버레이",자연/야외 미학,"도전과 승부욕, 만족과 성취감","SD/치비 캐릭터, 재화/보물상자",2D 일러스트,위기 상황 미션과 100달러 보상으로 유저 참여 및 전환 유도. 쉬운 조작성 강조로 진입 장벽을 낮춰 대량 유입용 런칭 소재로 적합.
260406_VID_A-Hooking-Reward02A-FK_V_1080x1920_EN;https://www.youtube.com/watch?v=b7LsalWUDvQ,YouTube 동영상,HQ_HQ_PH_US-EN_GA_NU_AD_ACA-PU_260429,M_1844_INTEREST_GENRE_ALL_NONE_260429_2,2026-05-03,0,KRW,38,3,0,0,VID,세로형,2026-04-06,A,Hooking,Reward02A,EN;https://www,260406_VID_A-Hooking-Reward02A-FK_V_1080x1920_EN,A-Hooking-Reward02A-FK,https://www.youtube.com/watch?v=b7LsalWUDvQ,"실패/분노 유도, 압도적 보상",긴박함,TRUE,,없음,"Tap here to save him!, Help me!, HELP KARBEL CLEAR, Claim your SR character and rewards worth $100!, PLAY FOR FREE",보상,용병 모집,우호도 시스템,마그 탐험대,카르벨(Karbel),히어로 수집 육성,페이크 플레이(구출 미니게임) 형식 활용,퍼즐 및 논리,"손가락 지시선, 텍스트 오버레이",자연/야외 미학,"도전과 승부욕, 만족과 성취감","SD/치비 캐릭터, 재화/보물상자",2D 일러스트,9:16 세로형 구조로 터치 인터랙션을 극대화하고 FOMO를 자극해 시청 완료율을 높입니다. 캐릭터 활용 및 실패 연출의 A/B 테스트 확장을 제안합니다.
260406_VID_A-Hooking-Reward03A-UA_L_1920x1080_EN;https://www.youtube.com/watch?v=XUrzh1Qrk5w,YouTube 동영상,HQ_HQ_PH_US-EN_GA_NU_AD_ACA-PU_260429,M_1844_INTEREST_GENRE_ALL_NONE_260429_2,2026-05-03,0,KRW,507,19,1,0,VID,가로형,2026-04-06,A,Hooking,Reward03A,EN;https://www,260406_VID_A-Hooking-Reward03A-UA_L_1920x1080_EN,A-Hooking-Reward03A-UA,https://www.youtube.com/watch?v=XUrzh1Qrk5w,"압도적 보상, 실패/분노 유도",경쾌함,TRUE,,없음,"WARNING Skip and you will lose your $100 rewards, Tap within 5 Seconds, SR, PLAY FOR FREE!, Claim your SR character and rewards worth $100!",보상,용병 모집,,마그 탐험대,Karbel,히어로 수집 육성,$100 가치 혜택 강조,수집 및 도감,"손가락 지시선, 텍스트 오버레이",심플/클린 UI,"만족과 성취감, 수집욕/소유욕","재화/보물상자, SD/치비 캐릭터","2D 일러스트, 2.5D 입체 그래픽","가로 화면을 활용한 화려한 연출로 시각적 몰입감을 높이고, 보상 상실에 대한 FOMO 심리를 자극하여 가로형 매체 타겟 광고 효율을 극대화함."
260406_VID_A-Hooking-Reward03A-UA_S_1080x1080_EN;https://www.youtube.com/watch?v=VGJB5tDWops,YouTube 동영상,HQ_HQ_PH_US-EN_GA_NU_AD_ACA-PU_260429,M_1844_INTEREST_GENRE_ALL_NONE_260429_2,2026-05-03,0,KRW,300,8,0,0,VID,정방형,2026-04-06,A,Hooking,Reward03A,EN;https://www,260406_VID_A-Hooking-Reward03A-UA_S_1080x1080_EN,A-Hooking-Reward03A-UA,https://www.youtube.com/watch?v=VGJB5tDWops,"압도적 보상, 실패/분노 유도",경쾌함,TRUE,,없음,"WARNING Skip and you will lose your $100 rewards, Tap within 5 Seconds, SR, PLAY FOR FREE!, Claim your SR character and rewards worth $100!",보상,용병 모집,,마그 탐험대,Karbel,히어로 수집 육성,$100 가치 혜택 강조,수집 및 도감,"손가락 지시선, 텍스트 오버레이",심플/클린 UI,"만족과 성취감, 수집욕/소유욕","재화/보물상자, SD/치비 캐릭터","2D 일러스트, 2.5D 입체 그래픽",부정적 후킹과 시간 제한으로 클릭 유도. $100 가치 및 SR 확정으로 수익 구체화. 높은 CVR 예상되며 보상 변주를 통한 라이브 옵스 제안.
260406_VID_A-Hooking-Reward03A-UA_V_1080x1920_EN;https://www.youtube.com/watch?v=jA_HAiz95x4,YouTube 동영상,HQ_HQ_PH_US-EN_GA_NU_AD_ACA-PU_260429,M_1844_INTEREST_GENRE_ALL_NONE_260429_2,2026-05-03,2,KRW,3441,29,2,0,VID,세로형,2026-04-06,A,Hooking,Reward03A,EN;https://www,260406_VID_A-Hooking-Reward03A-UA_V_1080x1920_EN,A-Hooking-Reward03A-UA,https://www.youtube.com/watch?v=jA_HAiz95x4,"압도적 보상, 실패/분노 유도",경쾌함,TRUE,,없음,"WARNING Skip and you will lose your $100 rewards, Tap within 5 Seconds, SR, PLAY FOR FREE!, Claim your SR character and rewards worth $100!",보상,용병 모집,,마그 탐험대,Karbel,히어로 수집 육성,$100 가치 혜택 강조,수집 및 도감,"손가락 지시선, 텍스트 오버레이",심플/클린 UI,"만족과 성취감, 수집욕/소유욕","재화/보물상자, SD/치비 캐릭터","2D 일러스트, 2.5D 입체 그래픽",도발적 문구와 타이머로 이탈을 방지하고 FOMO 심리를 자극함. 보상형 인벤토리 활용을 통해 UA 매체에서 압도적 전환율 달성 기대.
260406_VID_A-Mob-Adventure01A-UA_L_1920x1080_EN;https://www.youtube.com/watch?v=hVmkPdIsz70,YouTube 동영상,HQ_HQ_PH_US-EN_GA_NU_AD_ACA-PU_260429,M_1844_INTEREST_GENRE_ALL_NONE_260429_2,2026-05-03,0,KRW,73,8,0,0,VID,가로형,2026-04-06,A,Mob,Adventure01A,EN;https://www,260406_VID_A-Mob-Adventure01A-UA_L_1920x1080_EN,A-Mob-Adventure01A-UA,https://www.youtube.com/watch?v=hVmkPdIsz70,"비주얼 임팩트, 성장 비포애프터",긴박함,TRUE,,없음,"WARNING, GOBLINS INCOMING!, Goblins? Easy! Level UP! UP!, Power Boost! BOOM! BOOM!, Strategic deployment!, Get ready for BATTLE!","편의성, 전략성",AFK 기능,8인 실시간 전투,고블린,카르벨,렐릭 탐험 어드벤처,스마트폰 UI 팝업 연출,"시뮬레이션 및 관리, 장애물 및 도전","텍스트 오버레이, 클로즈업 및 줌",자연/야외 미학,"도전과 승부욕, 만족과 성취감","SD/치비 캐릭터, 성장 지표, 군단/대규모 유닛",2.5D 입체 그래픽,16:9 화면 대비로 대규모 전투와 모바일 최적화 강조. 방치형 육성 선호 유저 타겟으로 핵심 시스템 소구 및 브랜딩·퍼포먼스 효율 기대.
260406_VID_A-Mob-Adventure01A-UA_S_1080x1080_EN;https://www.youtube.com/watch?v=LMKl0g6yRJU,YouTube 동영상,HQ_HQ_PH_US-EN_GA_NU_AD_ACA-PU_260429,M_1844_INTEREST_GENRE_ALL_NONE_260429_2,2026-05-03,0,KRW,173,20,0,0,VID,정방형,2026-04-06,A,Mob,Adventure01A,EN;https://www,260406_VID_A-Mob-Adventure01A-UA_S_1080x1080_EN,A-Mob-Adventure01A-UA,https://www.youtube.com/watch?v=LMKl0g6yRJU,"비주얼 임팩트, 성장 비포애프터",긴박함,TRUE,,없음,"WARNING, GOBLINS INCOMING!, Goblins? Easy! Level UP! UP!, Power Boost! BOOM! BOOM!, Strategic deployment!, Get ready for BATTLE!","편의성, 전략성",AFK 기능,8인 실시간 전투,고블린,카르벨,렐릭 탐험 어드벤처,스마트폰 UI 팝업 연출,"시뮬레이션 및 관리, 장애물 및 도전","텍스트 오버레이, 클로즈업 및 줌",자연/야외 미학,"도전과 승부욕, 참여와 임장감","SD/치비 캐릭터, 성장 지표, 군단/대규모 유닛",2.5D 입체 그래픽,경고 연출로 몰입도를 높이고 쉬운 성장을 강조해 진입 장벽 완화. 대규모 레이드 소재 확장을 통한 중장기 성과 기대.
260406_VID_A-Mob-Adventure01A-UA_V_1080x1920_EN;https://www.youtube.com/watch?v=nIYkYZ-JFj0,YouTube 동영상,HQ_HQ_PH_US-EN_GA_NU_AD_ACA-PU_260429,M_1844_INTEREST_GENRE_ALL_NONE_260429_2,2026-05-03,0,KRW,367,28,0,0,VID,세로형,2026-04-06,A,Mob,Adventure01A,EN;https://www,260406_VID_A-Mob-Adventure01A-UA_V_1080x1920_EN,A-Mob-Adventure01A-UA,https://www.youtube.com/watch?v=nIYkYZ-JFj0,"비주얼 임팩트, 성장 비포애프터",긴박함,TRUE,,없음,"WARNING, GOBLINS INCOMING!, Goblins? Easy! Level UP! UP!, Power Boost! BOOM! BOOM!, Strategic deployment!, Get ready for BATTLE!","편의성, 전략성",AFK 기능,8인 실시간 전투,고블린,카르벨,렐릭 탐험 어드벤처,스마트폰 UI 팝업 연출,"시뮬레이션 및 관리, 장애물 및 도전","텍스트 오버레이, 클로즈업 및 줌",자연/야외 미학,"도전과 승부욕, 만족과 성취감","SD/치비 캐릭터, 성장 지표, 군단/대규모 유닛",2.5D 입체 그래픽,세로형 피드 최적화 UI와 마을 습격 반전 연출로 이탈 방지. 직관적 레벨업과 전략적 배치 중심의 성장 쾌감을 자극해 숏폼 환경 내 높은 시청 유지율 및 전환율 기대.
Cute but Powerful Squad,광고 제목,HQ_HQ_PH_SEA-EN_GA_NU_AD_ACA-PU_260430,M_1844_INTEREST_GENRE_ALL_NONE_260430_3,2026-05-03,1,KRW,1572,357,4,0,TXT,,,,,,,,,,,,,,,,,,,,,,,,,,,,,
Let’s Hunt for Treasure!,광고 제목,HQ_HQ_PH_SEA-EN_GA_NU_AD_ACA-PU_260430,M_1844_INTEREST_GENRE_ALL_NONE_260430_3,2026-05-03,1,KRW,1182,366,11,0,TXT,,,,,,,,,,,,,,,,,,,,,,,,,,,,,
Pepp Heroes,광고 제목,HQ_HQ_PH_SEA-EN_GA_NU_AD_ACA-PU_260430,M_1844_INTEREST_GENRE_ALL_NONE_260430_3,2026-05-03,0,KRW,3088,415,15,0,TXT,,,,,,,,,,,,,,,,,,,,,,,,,,,,,
Play for Free,광고 제목,HQ_HQ_PH_SEA-EN_GA_NU_AD_ACA-PU_260430,M_1844_INTEREST_GENRE_ALL_NONE_260430_3,2026-05-03,3,KRW,1941,537,10,0,TXT,,,,,,,,,,,,,,,,,,,,,,,,,,,,,
"Your RPG, In Your Hands",광고 제목,HQ_HQ_PH_SEA-EN_GA_NU_AD_ACA-PU_260430,M_1844_INTEREST_GENRE_ALL_NONE_260430_3,2026-05-03,0,KRW,953,375,4,0,TXT,,,,,,,,,,,,,,,,,,,,,,,,,,,,,
Adorable Yet Powerful! Collect Heroes With Diverse Charms,설명,HQ_HQ_PH_SEA-EN_GA_NU_AD_ACA-PU_260430,M_1844_INTEREST_GENRE_ALL_NONE_260430_3,2026-05-03,1,KRW,1156,326,2,0,TXT,,,,,,,,,,,,,,,,,,,,,,,,,,,,,
Clock Out and Start Your Treasure Hunt!,설명,HQ_HQ_PH_SEA-EN_GA_NU_AD_ACA-PU_260430,M_1844_INTEREST_GENRE_ALL_NONE_260430_3,2026-05-03,3,KRW,3853,810,18,0,TXT,,,,,,,,,,,,,,,,,,,,,,,,,,,,,
Get Rewards Worth $100! Play Now!,설명,HQ_HQ_PH_SEA-EN_GA_NU_AD_ACA-PU_260430,M_1844_INTEREST_GENRE_ALL_NONE_260430_3,2026-05-03,1,KRW,1511,423,4,0,TXT,,,,,,,,,,,,,,,,,,,,,,,,,,,,,
Strategic Battles With Heroes Full of Personality! Win With Your Own Squad,설명,HQ_HQ_PH_SEA-EN_GA_NU_AD_ACA-PU_260430,M_1844_INTEREST_GENRE_ALL_NONE_260430_3,2026-05-03,0,KRW,1252,311,4,0,TXT,,,,,,,,,,,,,,,,,,,,,,,,,,,,,
Unique Hero Skills and Synergies! The Collectible RPG of Endless Team Combinations,설명,HQ_HQ_PH_SEA-EN_GA_NU_AD_ACA-PU_260430,M_1844_INTEREST_GENRE_ALL_NONE_260430_3,2026-05-03,0,KRW,648,337,5,0,TXT,,,,,,,,,,,,,,,,,,,,,,,,,,,,,
260429_BNR_A-AI-Defeatmonster01A-DA_L_1200x628_EN.png;https://tpc.googlesyndication.com/simgad/5874425896871501801,가로형 이미지,HQ_HQ_PH_SEA-EN_GA_NU_AD_ACA-PU_260430,M_1844_INTEREST_GENRE_ALL_NONE_260430_3,2026-05-03,0,KRW,870,297,19,0,BNR,가로형,2026-04-29,A,AI,Defeatmonster01A,EN,260429_BNR_A-AI-Defeatmonster01A-DA_L_1200x628_EN,A-AI-Defeatmonster01A-DA,https://tpc.googlesyndication.com/simgad/5874425896871501801,비주얼 임팩트,웅장함,,,,,아트 퀄리티,영지 빌딩,8인 실시간 전투,마그 탐험대,,어드벤처,,탐험 및 발견,클로즈업 및 줌,자연/야외 미학,만족과 성취감,인간형 영웅,2D 일러스트,성취감 테마를 통해 기존 RPG 유저의 도전 욕구를 충족시키며 클릭을 유도함.
260429_BNR_A-AI-Defeatmonster01A-DA_S_1200x1200_EN.png;https://tpc.googlesyndication.com/simgad/17279094099779978431,가로형 이미지,HQ_HQ_PH_SEA-EN_GA_NU_AD_ACA-PU_260430,M_1844_INTEREST_GENRE_ALL_NONE_260430_3,2026-05-03,0,KRW,766,44,1,0,BNR,정방형,2026-04-29,A,AI,Defeatmonster01A,EN,260429_BNR_A-AI-Defeatmonster01A-DA_S_1200x1200_EN,A-AI-Defeatmonster01A-DA,https://tpc.googlesyndication.com/simgad/17279094099779978431,비주얼 임팩트,웅장함,,,,,아트 퀄리티,영지 빌딩,8인 실시간 전투,마그 탐험대,,어드벤처,,탐험 및 발견,클로즈업 및 줌,자연/야외 미학,만족과 성취감,인간형 영웅,2D 일러스트,성취감 테마를 통해 기존 RPG 유저의 도전 욕구를 충족시키며 클릭을 유도함.
260429_BNR_A-AI-Defeatmonster01A-DA_V_1200x1500_EN.png;https://tpc.googlesyndication.com/simgad/15179255730540632041,가로형 이미지,HQ_HQ_PH_SEA-EN_GA_NU_AD_ACA-PU_260430,M_1844_INTEREST_GENRE_ALL_NONE_260430_3,2026-05-03,0,KRW,0,1,0,0,BNR,세로형,2026-04-29,A,AI,Defeatmonster01A,EN,260429_BNR_A-AI-Defeatmonster01A-DA_V_1200x1500_EN,A-AI-Defeatmonster01A-DA,https://tpc.googlesyndication.com/simgad/15179255730540632041,비주얼 임팩트,웅장함,,,,,아트 퀄리티,영지 빌딩,8인 실시간 전투,마그 탐험대,,어드벤처,,탐험 및 발견,클로즈업 및 줌,자연/야외 미학,만족과 성취감,인간형 영웅,2D 일러스트,성취감 테마를 통해 기존 RPG 유저의 도전 욕구를 충족시키며 클릭을 유도함.
260429_BNR_A-AI-Favoritehero01A-DA_S_1200x1200_EN.png;https://tpc.googlesyndication.com/simgad/5513864076699612430,가로형 이미지,HQ_HQ_PH_SEA-EN_GA_NU_AD_ACA-PU_260430,M_1844_INTEREST_GENRE_ALL_NONE_260430_3,2026-05-03,0,KRW,102,138,2,0,BNR,정방형,2026-04-29,A,AI,Favoritehero01A,EN,260429_BNR_A-AI-Favoritehero01A-DA_S_1200x1200_EN,A-AI-Favoritehero01A-DA,https://tpc.googlesyndication.com/simgad/5513864076699612430,"질문/선택형, 캐릭터/유닛 외형",경쾌함,,,,"Who is your favorite hero?, VS, PLAY FOR FREE",아트 퀄리티,용병 모집,DIY 픽업 시스템,마그 탐험대,샤일린,히어로 수집 육성,,수집 및 도감,"분할 화면, 텍스트 오버레이",자연/야외 미학,수집욕/소유욕,"인간형 영웅, SD/치비 캐릭터",2D 일러스트,대조되는 속성의 캐릭터를 배치한 질문형 카피로 유저의 취향과 수집욕을 자극함.
260429_BNR_A-AI-Favoritehero01A-DA_V_1200x1500_EN.png;https://tpc.googlesyndication.com/simgad/14656330935303652945,가로형 이미지,HQ_HQ_PH_SEA-EN_GA_NU_AD_ACA-PU_260430,M_1844_INTEREST_GENRE_ALL_NONE_260430_3,2026-05-03,0,KRW,1074,72,2,0,BNR,세로형,2026-04-29,A,AI,Favoritehero01A,EN,260429_BNR_A-AI-Favoritehero01A-DA_V_1200x1500_EN,A-AI-Favoritehero01A-DA,https://tpc.googlesyndication.com/simgad/14656330935303652945,"질문/선택형, 캐릭터/유닛 외형",경쾌함,,,,"Who is your favorite hero?, VS, PLAY FOR FREE",아트 퀄리티,용병 모집,DIY 픽업 시스템,마그 탐험대,샤일린,히어로 수집 육성,,수집 및 도감,"분할 화면, 텍스트 오버레이",자연/야외 미학,수집욕/소유욕,"인간형 영웅, SD/치비 캐릭터",2D 일러스트,대조되는 속성의 캐릭터를 배치한 질문형 카피로 유저의 취향과 수집욕을 자극함.
260429_BNR_A-AI-Favoritehero01B-DA_L_1200x628_EN.png;https://tpc.googlesyndication.com/simgad/13430850387343170645,가로형 이미지,HQ_HQ_PH_SEA-EN_GA_NU_AD_ACA-PU_260430,M_1844_INTEREST_GENRE_ALL_NONE_260430_3,2026-05-03,0,KRW,0,13,0,0,BNR,가로형,2026-04-29,A,AI,Favoritehero01B,EN,260429_BNR_A-AI-Favoritehero01B-DA_L_1200x628_EN,A-AI-Favoritehero01B-DA,https://tpc.googlesyndication.com/simgad/13430850387343170645,"질문/선택형, 캐릭터/유닛 외형",,,,,"Who is your favorite hero?, VS, PLAY FOR FREE",아트 퀄리티,용병 모집,DIY 픽업 시스템,마그 탐험대,카르벨,히어로 수집 육성,,수집 및 도감,"분할 화면, 텍스트 오버레이",던전/신전,수집욕/소유욕,인간형 영웅,2D 일러스트,대조되는 속성의 캐릭터를 배치한 질문형 카피로 유저의 취향과 수집욕을 자극함.
260429_BNR_A-AI-Favoritehero01B-DA_S_1200x1200_EN.png;https://tpc.googlesyndication.com/simgad/4869773213661551192,가로형 이미지,HQ_HQ_PH_SEA-EN_GA_NU_AD_ACA-PU_260430,M_1844_INTEREST_GENRE_ALL_NONE_260430_3,2026-05-03,0,KRW,1082,193,4,0,BNR,정방형,2026-04-29,A,AI,Favoritehero01B,EN,260429_BNR_A-AI-Favoritehero01B-DA_S_1200x1200_EN,A-AI-Favoritehero01B-DA,https://tpc.googlesyndication.com/simgad/4869773213661551192,"질문/선택형, 캐릭터/유닛 외형",,,,,"Who is your favorite hero?, VS, PLAY FOR FREE",아트 퀄리티,용병 모집,DIY 픽업 시스템,마그 탐험대,카르벨,히어로 수집 육성,,수집 및 도감,"분할 화면, 텍스트 오버레이",던전/신전,수집욕/소유욕,인간형 영웅,2D 일러스트,대조되는 속성의 캐릭터를 배치한 질문형 카피로 유저의 취향과 수집욕을 자극함.
260429_BNR_A-AI-Favoritehero01B-DA_V_1200x1500_EN.png;https://tpc.googlesyndication.com/simgad/3790660926335306230,가로형 이미지,HQ_HQ_PH_SEA-EN_GA_NU_AD_ACA-PU_260430,M_1844_INTEREST_GENRE_ALL_NONE_260430_3,2026-05-03,0,KRW,0,3,0,0,BNR,세로형,2026-04-29,A,AI,Favoritehero01B,EN,260429_BNR_A-AI-Favoritehero01B-DA_V_1200x1500_EN,A-AI-Favoritehero01B-DA,https://tpc.googlesyndication.com/simgad/3790660926335306230,"질문/선택형, 캐릭터/유닛 외형",,,,,"Who is your favorite hero?, VS, PLAY FOR FREE",아트 퀄리티,용병 모집,DIY 픽업 시스템,마그 탐험대,카르벨,히어로 수집 육성,,수집 및 도감,"분할 화면, 텍스트 오버레이",던전/신전,수집욕/소유욕,인간형 영웅,2D 일러스트,대조되는 속성의 캐릭터를 배치한 질문형 카피로 유저의 취향과 수집욕을 자극함.
260429_BNR_A-AI-Victory01A-DA_L_1200x628_EN.png;https://tpc.googlesyndication.com/simgad/17680799217874309764,가로형 이미지,HQ_HQ_PH_SEA-EN_GA_NU_AD_ACA-PU_260430,M_1844_INTEREST_GENRE_ALL_NONE_260430_3,2026-05-03,0,KRW,11,56,0,0,BNR,가로형,2026-04-29,A,AI,Victory01A,EN,260429_BNR_A-AI-Victory01A-DA_L_1200x628_EN,A-AI-Victory01A-DA,https://tpc.googlesyndication.com/simgad/17680799217874309764,"비주얼 임팩트, 압도적 보상",,,,,"VICTORY!, Crush The Monsters With the Top Squad, PLAY FREE","보상, 전략성",스쿼드 전투,보스 레이드,마그 탐험대,카르벨,렐릭 탐험 어드벤처,,"전투 및 액션, 장애물 및 도전",텍스트 오버레이,던전/신전,만족과 성취감,"인간형 영웅, 거대 보스, 재화/보물상자",2D 일러스트,보스 토벌 후 쏟아지는 재화 연출로 성취감을 주고 파티 편성 로망을 자극함.
260429_BNR_A-AI-Victory01A-DA_S_1200x1200_EN.png;https://tpc.googlesyndication.com/simgad/8323476710876020002,가로형 이미지,HQ_HQ_PH_SEA-EN_GA_NU_AD_ACA-PU_260430,M_1844_INTEREST_GENRE_ALL_NONE_260430_3,2026-05-03,0,KRW,0,35,0,0,BNR,정방형,2026-04-29,A,AI,Victory01A,EN,260429_BNR_A-AI-Victory01A-DA_S_1200x1200_EN,A-AI-Victory01A-DA,https://tpc.googlesyndication.com/simgad/8323476710876020002,"비주얼 임팩트, 압도적 보상",,,,,"VICTORY!, Crush The Monsters With the Top Squad, PLAY FREE","보상, 전략성",스쿼드 전투,보스 레이드,마그 탐험대,카르벨,렐릭 탐험 어드벤처,,"전투 및 액션, 장애물 및 도전",텍스트 오버레이,던전/신전,만족과 성취감,"인간형 영웅, 거대 보스, 재화/보물상자",2D 일러스트,보스 토벌 후 쏟아지는 재화 연출로 성취감을 주고 파티 편성 로망을 자극함.
260406_VID_A-Character-Collection01B-UA_S_1080x1080_EN;https://www.youtube.com/watch?v=cTfY4JpFc-s,YouTube 동영상,HQ_HQ_PH_SEA-EN_GA_NU_AD_ACA-PU_260430,M_1844_INTEREST_GENRE_ALL_NONE_260430_3,2026-05-03,0,KRW,685,88,0,0,VID,정방형,2026-04-06,A,Character,Collection01B,EN;https://www,260406_VID_A-Character-Collection01B-UA_S_1080x1080_EN,A-Character-Collection01B-UA,https://www.youtube.com/watch?v=cTfY4JpFc-s,"질문/선택형, 캐릭터/유닛 외형",경쾌함,TRUE,,없음,"CHOOSE YOUR HERO, HUGO, KARBEL, MONAD","캐릭터, 수집형RPG, 전략성",용병 모집(Gacha),DIY 픽업 시스템,마그 탐험대,"휴고, 카르벨, 모나드",히어로 수집 육성,남성 캐릭터 위주 배치,수집 및 도감,"텍스트 오버레이, 분할 화면",심플/클린 UI,수집욕/소유욕,"SD/치비 캐릭터, 인간형 영웅",2D 일러스트,캐릭터 구성 대조를 통한 타겟 취향별 효율 분석. 탱커 및 딜러 중심 덱 선호 심리 공략하며 캐릭터 조합 변주 소재로 리타겟팅 광고 활용 권장.
260406_VID_A-Character-Combat01A-UA_L_1920x1080_EN;https://www.youtube.com/watch?v=2W7-0AV2mfg,YouTube 동영상,HQ_HQ_PH_SEA-EN_GA_NU_AD_ACA-PU_260430,M_1844_INTEREST_GENRE_ALL_NONE_260430_3,2026-05-03,0,KRW,5836,574,7,0,VID,가로형,2026-04-06,A,Character,Combat01A,EN;https://www,260406_VID_A-Character-Combat01A-UA_L_1920x1080_EN,A-Character-Combat01A-UA,https://www.youtube.com/watch?v=2W7-0AV2mfg,"비주얼 임팩트, 캐릭터/유닛 외형",긴박함,TRUE,,없음,"VINESSA, A DARK WIZARD WHO DOMINATES THE FIELD, SOPHIA, REMOVES ALL DEBUFFS! THE KEY TO SURVIVAL, BERNETA, A SYNERGY DEALER THAT PERFECTS YOUR TEAM, PLAY FOR FREE","아트 퀄리티, 캐릭터, 수집형RPG, 전략성",용병 모집,스킬 컷신 연출,마그 탐험대,"Vinessa, Sophia, Berneta",렐릭 탐험 어드벤처,캐릭터별 스킬 특징 강조,전투 및 액션,"텍스트 오버레이, 클로즈업 및 줌",자연/야외 미학,"도전과 승부욕, 수집욕/소유욕","인간형 영웅, SD/치비 캐릭터, 성장 지표","2.5D 입체 그래픽, 2D 일러스트",인게임 전투와 일러스트 교차 편집으로 몰입도 극대화. 캐릭터 스킬 및 시너지로 전략적 호기심 자극. 플레이 영상 기반 안정적 CVR 확보 및 캐릭터 속성 대비 변주 제안.
260406_VID_A-Character-Combat01A-UA_S_1080x1080_EN;https://www.youtube.com/watch?v=jnNAzjzUw8o,YouTube 동영상,HQ_HQ_PH_SEA-EN_GA_NU_AD_ACA-PU_260430,M_1844_INTEREST_GENRE_ALL_NONE_260430_3,2026-05-03,22,KRW,31707,"2,526",32,"28,628.36",VID,정방형,2026-04-06,A,Character,Combat01A,EN;https://www,260406_VID_A-Character-Combat01A-UA_S_1080x1080_EN,A-Character-Combat01A-UA,https://www.youtube.com/watch?v=jnNAzjzUw8o,"비주얼 임팩트, 캐릭터/유닛 외형",긴박함,TRUE,,없음,"VINESSA, A DARK WIZARD WHO DOMINATES THE FIELD, SOPHIA, REMOVES ALL DEBUFFS! THE KEY TO SURVIVAL, BERNETA, A SYNERGY DEALER THAT PERFECTS YOUR TEAM, PLAY FOR FREE","아트 퀄리티, 캐릭터, 수집형RPG, 전략성",용병 모집,스킬 컷신 연출,마그 탐험대,"Vinessa, Sophia, Berneta",렐릭 탐험 어드벤처,캐릭터별 스킬 특징 강조,전투 및 액션,"텍스트 오버레이, 클로즈업 및 줌",자연/야외 미학,"도전과 승부욕, 수집욕/소유욕","인간형 영웅, SD/치비 캐릭터, 성장 지표","2.5D 입체 그래픽, 2D 일러스트",SSR 비네사 비주얼을 초반에 배치해 RPG 팬덤 시선 확보. 고퀄리티 애니메이션으로 캐릭터 소유욕을 자극하며 스킬 콤보 시리즈로 소재 확장 가능.
260406_VID_A-Character-Combat01A-UA_V_1080x1920_EN;https://www.youtube.com/watch?v=tHmXhOKu33A,YouTube 동영상,HQ_HQ_PH_SEA-EN_GA_NU_AD_ACA-PU_260430,M_1844_INTEREST_GENRE_ALL_NONE_260430_3,2026-05-03,4,KRW,2204,391,9,0,VID,세로형,2026-04-06,A,Character,Combat01A,EN;https://www,260406_VID_A-Character-Combat01A-UA_V_1080x1920_EN,A-Character-Combat01A-UA,https://www.youtube.com/watch?v=tHmXhOKu33A,"비주얼 임팩트, 캐릭터/유닛 외형",긴박함,TRUE,,없음,"VINESSA, A DARK WIZARD WHO DOMINATES THE FIELD, SOPHIA, REMOVES ALL DEBUFFS! THE KEY TO SURVIVAL, BERNETA, A SYNERGY DEALER THAT PERFECTS YOUR TEAM, PLAY FOR FREE","아트 퀄리티, 캐릭터, 수집형RPG, 전략성",용병 모집,스킬 컷신 연출,마그 탐험대,"Vinessa, Sophia, Berneta",렐릭 탐험 어드벤처,캐릭터별 스킬 특징 강조,전투 및 액션,"텍스트 오버레이, 클로즈업 및 줌",자연/야외 미학,"도전과 승부욕, 수집욕/소유욕","인간형 영웅, SD/치비 캐릭터, 성장 지표","2.5D 입체 그래픽, 2D 일러스트",숏폼 최적화 세로 분할 화면으로 캐릭터와 전투 연출 강조. 한 손 플레이 선호 심리를 공략하여 틱톡 및 릴스 내 높은 조회수 확보 기대.
260406_VID_A-Character-Combat01B-UA_L_1920x1080_EN;https://www.youtube.com/watch?v=d4rVTfnnYhg,YouTube 동영상,HQ_HQ_PH_SEA-EN_GA_NU_AD_ACA-PU_260430,M_1844_INTEREST_GENRE_ALL_NONE_260430_3,2026-05-03,1,KRW,10047,"2,553",52,0,VID,가로형,2026-04-06,A,Character,Combat01B,EN;https://www,260406_VID_A-Character-Combat01B-UA_L_1920x1080_EN,A-Character-Combat01B-UA,https://www.youtube.com/watch?v=d4rVTfnnYhg,"비주얼 임팩트, 캐릭터/유닛 외형",긴박함,TRUE,,없음,"HUGO, An indomitable warrior..., MONAD, A sage who devastates..., KARBEL, A fiery dealer..., PLAY FOR FREE","전략성, 아트 퀄리티",용병 모집,8인 실시간 전투,마그 탐험대,"Hugo, Monad, Karbel",히어로 수집 육성,,전투 및 액션,"텍스트 오버레이, 클로즈업 및 줌",자연/야외 미학,"도전과 승부욕, 수집욕/소유욕","인간형 영웅, SD/치비 캐릭터, 성장 지표","2.5D 입체 그래픽, 2D 일러스트",16:9 뷰로 넓은 전장과 스킬 강조. 화려한 연출로 타격감 선호 유저 공략. 전투 선호층 대상 높은 전환율 기대.
260406_VID_A-Character-Combat01B-UA_S_1080x1080_EN;https://www.youtube.com/watch?v=tcTIYuJi7pM,YouTube 동영상,HQ_HQ_PH_SEA-EN_GA_NU_AD_ACA-PU_260430,M_1844_INTEREST_GENRE_ALL_NONE_260430_3,2026-05-03,0,KRW,304,24,0,0,VID,정방형,2026-04-06,A,Character,Combat01B,EN;https://www,260406_VID_A-Character-Combat01B-UA_S_1080x1080_EN,A-Character-Combat01B-UA,https://www.youtube.com/watch?v=tcTIYuJi7pM,"비주얼 임팩트, 캐릭터/유닛 외형",긴박함,TRUE,,없음,"HUGO, An indomitable warrior..., MONAD, A sage who devastates..., KARBEL, A fiery dealer..., PLAY FOR FREE","전략성, 아트 퀄리티",용병 모집,8인 실시간 전투,마그 탐험대,"Hugo, Monad, Karbel",히어로 수집 육성,,전투 및 액션,"텍스트 오버레이, 클로즈업 및 줌",자연/야외 미학,"도전과 승부욕, 수집욕/소유욕","인간형 영웅, SD/치비 캐릭터, 성장 지표","2.5D 입체 그래픽, 2D 일러스트",소피아의 생존 및 지원 능력과 팀 시너지를 강조해 전략적 유저 공략. 비네사 소재 A/B 테스트로 타겟별 선호 캐릭터 최적화 및 성과 확장 도모.
260406_VID_A-Character-Combat01B-UA_V_1080x1920_EN;https://www.youtube.com/watch?v=rrd-TGZqEqc,YouTube 동영상,HQ_HQ_PH_SEA-EN_GA_NU_AD_ACA-PU_260430,M_1844_INTEREST_GENRE_ALL_NONE_260430_3,2026-05-03,14,KRW,29611,"2,989",34,0,VID,세로형,2026-04-06,A,Character,Combat01B,EN;https://www,260406_VID_A-Character-Combat01B-UA_V_1080x1920_EN,A-Character-Combat01B-UA,https://www.youtube.com/watch?v=rrd-TGZqEqc,"비주얼 임팩트, 캐릭터/유닛 외형",긴박함,TRUE,,없음,"HUGO, An indomitable warrior..., MONAD, A sage who devastates..., KARBEL, A fiery dealer..., PLAY FOR FREE","전략성, 아트 퀄리티",용병 모집,8인 실시간 전투,마그 탐험대,"Hugo, Monad, Karbel",히어로 수집 육성,,전투 및 액션,"텍스트 오버레이, 클로즈업 및 줌",자연/야외 미학,"도전과 승부욕, 수집욕/소유욕","인간형 영웅, SD/치비 캐릭터, 성장 지표","2.5D 입체 그래픽, 2D 일러스트",직관적인 탱딜힐 구성으로 정통 RPG 유저의 파티 니즈 충족. 역할군 조합의 재미를 텍스트로 보강하여 효율 극대화 기대.
260406_VID_A-Charater-Collection01B-UA_L_1920x1080_EN;https://www.youtube.com/watch?v=rRGCh1x6a6M,YouTube 동영상,HQ_HQ_PH_SEA-EN_GA_NU_AD_ACA-PU_260430,M_1844_INTEREST_GENRE_ALL_NONE_260430_3,2026-05-03,3,KRW,3606,790,7,0,VID,가로형,2026-04-06,A,Charater,Collection01B,EN;https://www,260406_VID_A-Charater-Collection01B-UA_L_1920x1080_EN,A-Charater-Collection01B-UA,https://www.youtube.com/watch?v=rRGCh1x6a6M,"질문/선택형, 캐릭터/유닛 외형",경쾌함,TRUE,,없음,"CHOOSE YOUR HERO, HUGO, PLAY FOR FREE","아트 퀄리티, 전략성",용병 모집,DIY 픽업 시스템,마그 탐험대,Hugo,히어로 수집 육성,,수집 및 도감,"텍스트 오버레이, 클로즈업 및 줌",심플/클린 UI,"수집욕/소유욕, 만족과 성취감","인간형 영웅, SD/치비 캐릭터","2.5D 입체 그래픽, 2D 일러스트","그리드 UI로 풍부한 캐릭터 풀을 어필해 수집 욕구를 자극하며, 캐릭터 강조 엔드카드를 통해 높은 잔존율을 확보합니다."
260406_VID_A-Charater-Collection01B-UA_V_1080x1920_EN;https://www.youtube.com/watch?v=u5diHTUsSOs,YouTube 동영상,HQ_HQ_PH_SEA-EN_GA_NU_AD_ACA-PU_260430,M_1844_INTEREST_GENRE_ALL_NONE_260430_3,2026-05-03,0,KRW,569,47,0,0,VID,세로형,2026-04-06,A,Charater,Collection01B,EN;https://www,260406_VID_A-Charater-Collection01B-UA_V_1080x1920_EN,A-Charater-Collection01B-UA,https://www.youtube.com/watch?v=u5diHTUsSOs,"질문/선택형, 캐릭터/유닛 외형",경쾌함,TRUE,,없음,"CHOOSE YOUR HERO, HUGO, PLAY FOR FREE","아트 퀄리티, 전략성",용병 모집,DIY 픽업 시스템,마그 탐험대,Hugo,히어로 수집 육성,캐릭터 픽(Pick) 연출,수집 및 도감,"텍스트 오버레이, 클로즈업 및 줌",심플/클린 UI,"수집욕/소유욕, 만족과 성취감","인간형 영웅, SD/치비 캐릭터","2.5D 입체 그래픽, 2D 일러스트",직접 영웅을 선택하는 인터랙티브 경험으로 기대감 부여. 다양한 영웅 노출을 통해 유저 취향을 공략하고 반복적인 참여 유도.
260406_VID_A-Hooking-Reward02A-FK_L_1920x1080_EN;https://www.youtube.com/watch?v=oRlzfGbT3xY,YouTube 동영상,HQ_HQ_PH_SEA-EN_GA_NU_AD_ACA-PU_260430,M_1844_INTEREST_GENRE_ALL_NONE_260430_3,2026-05-03,0,KRW,4621,538,6,0,VID,가로형,2026-04-06,A,Hooking,Reward02A,EN;https://www,260406_VID_A-Hooking-Reward02A-FK_L_1920x1080_EN,A-Hooking-Reward02A-FK,https://www.youtube.com/watch?v=oRlzfGbT3xY,"실패/분노 유도, 압도적 보상",긴박함,TRUE,,없음,"Tap here to save him!, Help me!, HELP KARBEL CLEAR, Claim your SR character and rewards worth $100!, PLAY FOR FREE",보상,용병 모집,우호도 시스템,마그 탐험대,카르벨(Karbel),히어로 수집 육성,페이크 플레이(구출 미니게임) 형식 활용,퍼즐 및 논리,"손가락 지시선, 텍스트 오버레이",자연/야외 미학,"도전과 승부욕, 만족과 성취감","SD/치비 캐릭터, 재화/보물상자",2D 일러스트,구출 미니게임 방식을 활용해 시청자 이탈을 방지하고 즉각적인 행동을 유도합니다. 대량의 재화 보상으로 성취감을 자극하여 저단가 트래픽 확보 및 높은 클릭률을 공략합니다.
260406_VID_A-Hooking-Reward02A-FK_S_1080x1080_EN;https://www.youtube.com/watch?v=EgLwtP8WjE4,YouTube 동영상,HQ_HQ_PH_SEA-EN_GA_NU_AD_ACA-PU_260430,M_1844_INTEREST_GENRE_ALL_NONE_260430_3,2026-05-03,0,KRW,409,78,0,0,VID,정방형,2026-04-06,A,Hooking,Reward02A,EN;https://www,260406_VID_A-Hooking-Reward02A-FK_S_1080x1080_EN,A-Hooking-Reward02A-FK,https://www.youtube.com/watch?v=EgLwtP8WjE4,"실패/분노 유도, 압도적 보상",긴박함,TRUE,,없음,"Tap here to save him!, Help me!, HELP KARBEL CLEAR, Claim your SR character and rewards worth $100!, PLAY FOR FREE",보상,용병 모집,우호도 시스템,마그 탐험대,카르벨(Karbel),히어로 수집 육성,페이크 플레이(구출 미니게임) 형식 활용,퍼즐 및 논리,"손가락 지시선, 텍스트 오버레이",자연/야외 미학,"도전과 승부욕, 만족과 성취감","SD/치비 캐릭터, 재화/보물상자",2D 일러스트,위기 상황 미션과 100달러 보상으로 유저 참여 및 전환 유도. 쉬운 조작성 강조로 진입 장벽을 낮춰 대량 유입용 런칭 소재로 적합.
260406_VID_A-Hooking-Reward02A-FK_V_1080x1920_EN;https://www.youtube.com/watch?v=b7LsalWUDvQ,YouTube 동영상,HQ_HQ_PH_SEA-EN_GA_NU_AD_ACA-PU_260430,M_1844_INTEREST_GENRE_ALL_NONE_260430_3,2026-05-03,0,KRW,406,81,1,0,VID,세로형,2026-04-06,A,Hooking,Reward02A,EN;https://www,260406_VID_A-Hooking-Reward02A-FK_V_1080x1920_EN,A-Hooking-Reward02A-FK,https://www.youtube.com/watch?v=b7LsalWUDvQ,"실패/분노 유도, 압도적 보상",긴박함,TRUE,,없음,"Tap here to save him!, Help me!, HELP KARBEL CLEAR, Claim your SR character and rewards worth $100!, PLAY FOR FREE",보상,용병 모집,우호도 시스템,마그 탐험대,카르벨(Karbel),히어로 수집 육성,페이크 플레이(구출 미니게임) 형식 활용,퍼즐 및 논리,"손가락 지시선, 텍스트 오버레이",자연/야외 미학,"도전과 승부욕, 만족과 성취감","SD/치비 캐릭터, 재화/보물상자",2D 일러스트,9:16 세로형 구조로 터치 인터랙션을 극대화하고 FOMO를 자극해 시청 완료율을 높입니다. 캐릭터 활용 및 실패 연출의 A/B 테스트 확장을 제안합니다.
260406_VID_A-Hooking-Reward03A-UA_L_1920x1080_EN;https://www.youtube.com/watch?v=XUrzh1Qrk5w,YouTube 동영상,HQ_HQ_PH_SEA-EN_GA_NU_AD_ACA-PU_260430,M_1844_INTEREST_GENRE_ALL_NONE_260430_3,2026-05-03,1,KRW,7909,843,18,0,VID,가로형,2026-04-06,A,Hooking,Reward03A,EN;https://www,260406_VID_A-Hooking-Reward03A-UA_L_1920x1080_EN,A-Hooking-Reward03A-UA,https://www.youtube.com/watch?v=XUrzh1Qrk5w,"압도적 보상, 실패/분노 유도",경쾌함,TRUE,,없음,"WARNING Skip and you will lose your $100 rewards, Tap within 5 Seconds, SR, PLAY FOR FREE!, Claim your SR character and rewards worth $100!",보상,용병 모집,,마그 탐험대,Karbel,히어로 수집 육성,$100 가치 혜택 강조,수집 및 도감,"손가락 지시선, 텍스트 오버레이",심플/클린 UI,"만족과 성취감, 수집욕/소유욕","재화/보물상자, SD/치비 캐릭터","2D 일러스트, 2.5D 입체 그래픽","가로 화면을 활용한 화려한 연출로 시각적 몰입감을 높이고, 보상 상실에 대한 FOMO 심리를 자극하여 가로형 매체 타겟 광고 효율을 극대화함."
260406_VID_A-Hooking-Reward03A-UA_S_1080x1080_EN;https://www.youtube.com/watch?v=VGJB5tDWops,YouTube 동영상,HQ_HQ_PH_SEA-EN_GA_NU_AD_ACA-PU_260430,M_1844_INTEREST_GENRE_ALL_NONE_260430_3,2026-05-03,0,KRW,1029,124,1,0,VID,정방형,2026-04-06,A,Hooking,Reward03A,EN;https://www,260406_VID_A-Hooking-Reward03A-UA_S_1080x1080_EN,A-Hooking-Reward03A-UA,https://www.youtube.com/watch?v=VGJB5tDWops,"압도적 보상, 실패/분노 유도",경쾌함,TRUE,,없음,"WARNING Skip and you will lose your $100 rewards, Tap within 5 Seconds, SR, PLAY FOR FREE!, Claim your SR character and rewards worth $100!",보상,용병 모집,,마그 탐험대,Karbel,히어로 수집 육성,$100 가치 혜택 강조,수집 및 도감,"손가락 지시선, 텍스트 오버레이",심플/클린 UI,"만족과 성취감, 수집욕/소유욕","재화/보물상자, SD/치비 캐릭터","2D 일러스트, 2.5D 입체 그래픽",부정적 후킹과 시간 제한으로 클릭 유도. $100 가치 및 SR 확정으로 수익 구체화. 높은 CVR 예상되며 보상 변주를 통한 라이브 옵스 제안.
260406_VID_A-Hooking-Reward03A-UA_V_1080x1920_EN;https://www.youtube.com/watch?v=jA_HAiz95x4,YouTube 동영상,HQ_HQ_PH_SEA-EN_GA_NU_AD_ACA-PU_260430,M_1844_INTEREST_GENRE_ALL_NONE_260430_3,2026-05-03,2,KRW,3471,221,4,0,VID,세로형,2026-04-06,A,Hooking,Reward03A,EN;https://www,260406_VID_A-Hooking-Reward03A-UA_V_1080x1920_EN,A-Hooking-Reward03A-UA,https://www.youtube.com/watch?v=jA_HAiz95x4,"압도적 보상, 실패/분노 유도",경쾌함,TRUE,,없음,"WARNING Skip and you will lose your $100 rewards, Tap within 5 Seconds, SR, PLAY FOR FREE!, Claim your SR character and rewards worth $100!",보상,용병 모집,,마그 탐험대,Karbel,히어로 수집 육성,$100 가치 혜택 강조,수집 및 도감,"손가락 지시선, 텍스트 오버레이",심플/클린 UI,"만족과 성취감, 수집욕/소유욕","재화/보물상자, SD/치비 캐릭터","2D 일러스트, 2.5D 입체 그래픽",도발적 문구와 타이머로 이탈을 방지하고 FOMO 심리를 자극함. 보상형 인벤토리 활용을 통해 UA 매체에서 압도적 전환율 달성 기대.
260406_VID_A-Mob-Adventure01A-UA_L_1920x1080_EN;https://www.youtube.com/watch?v=hVmkPdIsz70,YouTube 동영상,HQ_HQ_PH_SEA-EN_GA_NU_AD_ACA-PU_260430,M_1844_INTEREST_GENRE_ALL_NONE_260430_3,2026-05-03,0,KRW,398,104,0,0,VID,가로형,2026-04-06,A,Mob,Adventure01A,EN;https://www,260406_VID_A-Mob-Adventure01A-UA_L_1920x1080_EN,A-Mob-Adventure01A-UA,https://www.youtube.com/watch?v=hVmkPdIsz70,"비주얼 임팩트, 성장 비포애프터",긴박함,TRUE,,없음,"WARNING, GOBLINS INCOMING!, Goblins? Easy! Level UP! UP!, Power Boost! BOOM! BOOM!, Strategic deployment!, Get ready for BATTLE!","편의성, 전략성",AFK 기능,8인 실시간 전투,고블린,카르벨,렐릭 탐험 어드벤처,스마트폰 UI 팝업 연출,"시뮬레이션 및 관리, 장애물 및 도전","텍스트 오버레이, 클로즈업 및 줌",자연/야외 미학,"도전과 승부욕, 만족과 성취감","SD/치비 캐릭터, 성장 지표, 군단/대규모 유닛",2.5D 입체 그래픽,16:9 화면 대비로 대규모 전투와 모바일 최적화 강조. 방치형 육성 선호 유저 타겟으로 핵심 시스템 소구 및 브랜딩·퍼포먼스 효율 기대.
260406_VID_A-Mob-Adventure01A-UA_S_1080x1080_EN;https://www.youtube.com/watch?v=LMKl0g6yRJU,YouTube 동영상,HQ_HQ_PH_SEA-EN_GA_NU_AD_ACA-PU_260430,M_1844_INTEREST_GENRE_ALL_NONE_260430_3,2026-05-03,2,KRW,1129,30,0,0,VID,정방형,2026-04-06,A,Mob,Adventure01A,EN;https://www,260406_VID_A-Mob-Adventure01A-UA_S_1080x1080_EN,A-Mob-Adventure01A-UA,https://www.youtube.com/watch?v=LMKl0g6yRJU,"비주얼 임팩트, 성장 비포애프터",긴박함,TRUE,,없음,"WARNING, GOBLINS INCOMING!, Goblins? Easy! Level UP! UP!, Power Boost! BOOM! BOOM!, Strategic deployment!, Get ready for BATTLE!","편의성, 전략성",AFK 기능,8인 실시간 전투,고블린,카르벨,렐릭 탐험 어드벤처,스마트폰 UI 팝업 연출,"시뮬레이션 및 관리, 장애물 및 도전","텍스트 오버레이, 클로즈업 및 줌",자연/야외 미학,"도전과 승부욕, 참여와 임장감","SD/치비 캐릭터, 성장 지표, 군단/대규모 유닛",2.5D 입체 그래픽,경고 연출로 몰입도를 높이고 쉬운 성장을 강조해 진입 장벽 완화. 대규모 레이드 소재 확장을 통한 중장기 성과 기대.
260406_VID_A-Mob-Adventure01A-UA_V_1080x1920_EN;https://www.youtube.com/watch?v=nIYkYZ-JFj0,YouTube 동영상,HQ_HQ_PH_SEA-EN_GA_NU_AD_ACA-PU_260430,M_1844_INTEREST_GENRE_ALL_NONE_260430_3,2026-05-03,0,KRW,535,248,6,0,VID,세로형,2026-04-06,A,Mob,Adventure01A,EN;https://www,260406_VID_A-Mob-Adventure01A-UA_V_1080x1920_EN,A-Mob-Adventure01A-UA,https://www.youtube.com/watch?v=nIYkYZ-JFj0,"비주얼 임팩트, 성장 비포애프터",긴박함,TRUE,,없음,"WARNING, GOBLINS INCOMING!, Goblins? Easy! Level UP! UP!, Power Boost! BOOM! BOOM!, Strategic deployment!, Get ready for BATTLE!","편의성, 전략성",AFK 기능,8인 실시간 전투,고블린,카르벨,렐릭 탐험 어드벤처,스마트폰 UI 팝업 연출,"시뮬레이션 및 관리, 장애물 및 도전","텍스트 오버레이, 클로즈업 및 줌",자연/야외 미학,"도전과 승부욕, 만족과 성취감","SD/치비 캐릭터, 성장 지표, 군단/대규모 유닛",2.5D 입체 그래픽,세로형 피드 최적화 UI와 마을 습격 반전 연출로 이탈 방지. 직관적 레벨업과 전략적 배치 중심의 성장 쾌감을 자극해 숏폼 환경 내 높은 시청 유지율 및 전환율 기대.
Cute but Powerful Squad,광고 제목,HQ_HQ_PH_SEA-EN_GA_NU_AD_ACA-PU_260430,M_1844_INTEREST_GENRE_ALL_NONE_260430,2026-05-03,10,KRW,7718,549,29,"7,132.29",TXT,,,,,,,,,,,,,,,,,,,,,,,,,,,,,
Let’s Hunt for Treasure!,광고 제목,HQ_HQ_PH_SEA-EN_GA_NU_AD_ACA-PU_260430,M_1844_INTEREST_GENRE_ALL_NONE_260430,2026-05-03,0,KRW,3013,741,26,0,TXT,,,,,,,,,,,,,,,,,,,,,,,,,,,,,
Pepp Heroes,광고 제목,HQ_HQ_PH_SEA-EN_GA_NU_AD_ACA-PU_260430,M_1844_INTEREST_GENRE_ALL_NONE_260430,2026-05-03,1,KRW,14098,"1,139",43,0,TXT,,,,,,,,,,,,,,,,,,,,,,,,,,,,,
Play for Free,광고 제목,HQ_HQ_PH_SEA-EN_GA_NU_AD_ACA-PU_260430,M_1844_INTEREST_GENRE_ALL_NONE_260430,2026-05-03,3,KRW,10907,"1,766",31,0,TXT,,,,,,,,,,,,,,,,,,,,,,,,,,,,,
"Your RPG, In Your Hands",광고 제목,HQ_HQ_PH_SEA-EN_GA_NU_AD_ACA-PU_260430,M_1844_INTEREST_GENRE_ALL_NONE_260430,2026-05-03,3,KRW,12695,895,11,0,TXT,,,,,,,,,,,,,,,,,,,,,,,,,,,,,
Adorable Yet Powerful! Collect Heroes With Diverse Charms,설명,HQ_HQ_PH_SEA-EN_GA_NU_AD_ACA-PU_260430,M_1844_INTEREST_GENRE_ALL_NONE_260430,2026-05-03,0,KRW,1799,582,7,0,TXT,,,,,,,,,,,,,,,,,,,,,,,,,,,,,
Clock Out and Start Your Treasure Hunt!,설명,HQ_HQ_PH_SEA-EN_GA_NU_AD_ACA-PU_260430,M_1844_INTEREST_GENRE_ALL_NONE_260430,2026-05-03,7,KRW,20724,751,44,0,TXT,,,,,,,,,,,,,,,,,,,,,,,,,,,,,
Get Rewards Worth $100! Play Now!,설명,HQ_HQ_PH_SEA-EN_GA_NU_AD_ACA-PU_260430,M_1844_INTEREST_GENRE_ALL_NONE_260430,2026-05-03,0,KRW,3131,875,10,0,TXT,,,,,,,,,,,,,,,,,,,,,,,,,,,,,
Strategic Battles With Heroes Full of Personality! Win With Your Own Squad,설명,HQ_HQ_PH_SEA-EN_GA_NU_AD_ACA-PU_260430,M_1844_INTEREST_GENRE_ALL_NONE_260430,2026-05-03,2,KRW,2727,741,7,0,TXT,,,,,,,,,,,,,,,,,,,,,,,,,,,,,
Unique Hero Skills and Synergies! The Collectible RPG of Endless Team Combinations,설명,HQ_HQ_PH_SEA-EN_GA_NU_AD_ACA-PU_260430,M_1844_INTEREST_GENRE_ALL_NONE_260430,2026-05-03,5,KRW,4823,"1,031",14,0,TXT,,,,,,,,,,,,,,,,,,,,,,,,,,,,,
251104_BNR_A-Character-Adventure01A-DA_L_1200x628_EN.jpg;https://tpc.googlesyndication.com/simgad/7852267225455295083,가로형 이미지,HQ_HQ_PH_SEA-EN_GA_NU_AD_ACA-PU_260430,M_1844_INTEREST_GENRE_ALL_NONE_260430,2026-05-03,10,KRW,38957,"1,192",59,0,BNR,가로형,2025-11-04,A,Character,Adventure01A,EN,251104_BNR_A-Character-Adventure01A-DA_L_1200x628_EN,A-Character-Adventure01A-DA,https://tpc.googlesyndication.com/simgad/7852267225455295083,"비주얼 임팩트, 캐릭터/유닛 외형",,,,,PEPP HEROES,"아트 퀄리티, 캐릭터, 수집형RPG","5인 분대 전투, 수집형 RPG",,"마그 탐험대, 고블린",카르벨(Karbel),렐릭 탐험 어드벤처,2.5D 입체 월드 강조,"전투 및 액션, 탐험 및 발견",텍스트 오버레이,자연/야외 미학,"도전과 승부욕, 수집욕/소유욕","인간형 영웅, SD/치비 캐릭터, 거대 보스","2.5D 입체 그래픽, 2D 일러스트",와이드 뷰로 보스 대립 및 레이드 강조. 소부대 전투의 스케일감으로 타겟 공략. SNS 최적화와 보상 정보 추가로 유입 및 전환 극대화.
251104_BNR_A-Character-Adventure01A-DA_S_1200x1200_EN.jpg;https://tpc.googlesyndication.com/simgad/13260462268912176542,가로형 이미지,HQ_HQ_PH_SEA-EN_GA_NU_AD_ACA-PU_260430,M_1844_INTEREST_GENRE_ALL_NONE_260430,2026-05-03,0,KRW,0,88,0,0,BNR,정방형,2025-11-04,A,Character,Adventure01A,EN,251104_BNR_A-Character-Adventure01A-DA_S_1200x1200_EN,A-Character-Adventure01A-DA,https://tpc.googlesyndication.com/simgad/13260462268912176542,"비주얼 임팩트, 캐릭터/유닛 외형",,,,,PEPP HEROES,"아트 퀄리티, 캐릭터, 수집형RPG","5인 분대 전투, 수집형 RPG",,"마그 탐험대, 고블린",카르벨(Karbel),렐릭 탐험 어드벤처,2.5D 입체 월드 강조,"전투 및 액션, 탐험 및 발견",텍스트 오버레이,자연/야외 미학,"참여와 임장감, 수집욕/소유욕","인간형 영웅, SD/치비 캐릭터, 거대 보스","2.5D 입체 그래픽, 2D 일러스트",독창적인 2.5D 비주얼과 코어한 전투 재미로 RPG 유저 공략. 북미·글로벌 시장의 높은 CTR을 기반으로 SSR 소환 연출을 활용해 CVR 최적화.
260406_BNR_A-Character-Adventure02A-DA_L_1200x628_EN.jpg;https://tpc.googlesyndication.com/simgad/7571534943945847205,가로형 이미지,HQ_HQ_PH_SEA-EN_GA_NU_AD_ACA-PU_260430,M_1844_INTEREST_GENRE_ALL_NONE_260430,2026-05-03,0,KRW,0,42,0,0,BNR,가로형,2026-04-06,A,Character,Adventure02A,EN,260406_BNR_A-Character-Adventure02A-DA_L_1200x628_EN,A-Character-Adventure02A-DA,https://tpc.googlesyndication.com/simgad/7571534943945847205,"캐릭터/유닛 외형, 비주얼 임팩트",,,,,"PEPP HEROES: RELIC QUEST, PRE-REGISTER NOW","아트 퀄리티, 릴리즈 예고, 캐릭터, 수집형RPG",용병 모집(Gacha),렐릭 퀘스트,마그 탐험대,샤일린(Shylin),렐릭 탐험 어드벤처,,수집 및 도감,텍스트 오버레이,자연/야외 미학,"수집욕/소유욕, 참여와 임장감",,"2.5D 입체 그래픽, 2D 일러스트",샤일린 비주얼을 활용해 2.5D 미학적 만족감을 강조하고 사전예약을 유도함. 고관여 유저 대상 높은 CTR이 기대되며 캐릭터 시너지 소재로 확장 계획임.
260406_BNR_A-Character-Adventure02A-DA_S_1200x1200_EN.jpg;https://tpc.googlesyndication.com/simgad/11186665980784424187,가로형 이미지,HQ_HQ_PH_SEA-EN_GA_NU_AD_ACA-PU_260430,M_1844_INTEREST_GENRE_ALL_NONE_260430,2026-05-03,0,KRW,63,89,1,0,BNR,정방형,2026-04-06,A,Character,Adventure02A,EN,260406_BNR_A-Character-Adventure02A-DA_S_1200x1200_EN,A-Character-Adventure02A-DA,https://tpc.googlesyndication.com/simgad/11186665980784424187,"캐릭터/유닛 외형, 비주얼 임팩트",,,,,"PEPP HEROES: RELIC QUEST, PRE-REGISTER NOW","아트 퀄리티, 릴리즈 예고, 캐릭터, 수집형RPG",용병 모집(Gacha),렐릭 퀘스트,마그 탐험대,샤일린(Shylin),렐릭 탐험 어드벤처,,수집 및 도감,텍스트 오버레이,자연/야외 미학,"수집욕/소유욕, 참여와 임장감",,"2.5D 입체 그래픽, 2D 일러스트",정사각형 포맷 내 캐릭터 밀집도를 높여 시선 집중 및 수집 욕구 자극. 인스타그램 등 매체 최적화 및 보상 정보 결합으로 고효율 기대.
260406_BNR_A-Character-Adventure02A-DA_V_1200x1500_EN.jpg;https://tpc.googlesyndication.com/simgad/6053276405209869053,가로형 이미지,HQ_HQ_PH_SEA-EN_GA_NU_AD_ACA-PU_260430,M_1844_INTEREST_GENRE_ALL_NONE_260430,2026-05-03,1,KRW,121,20,2,0,BNR,세로형,2026-04-06,A,Character,Adventure02A,EN,260406_BNR_A-Character-Adventure02A-DA_V_1200x1500_EN,A-Character-Adventure02A-DA,https://tpc.googlesyndication.com/simgad/6053276405209869053,"캐릭터/유닛 외형, 비주얼 임팩트",,,,,"PEPP HEROES: RELIC QUEST, PRE-REGISTER NOW","아트 퀄리티, 릴리즈 예고, 캐릭터, 수집형RPG",용병 모집(Gacha),렐릭 퀘스트,마그 탐험대,샤일린(Shylin),렐릭 탐험 어드벤처,,수집 및 도감,텍스트 오버레이,자연/야외 미학,"수집욕/소유욕, 참여와 임장감",,"2.5D 입체 그래픽, 2D 일러스트",세로형 피드 최적화와 2.5D 배경으로 어드벤처 컨셉 전달. 영웅 캐릭터를 강조해 탐험 욕구를 자극하며 SNS 뉴스피드 내 높은 CTR 성과 기대함.
260406_BNR_A-Character-Life01A-DA_L_1200x628_EN.jpg;https://tpc.googlesyndication.com/simgad/4842260928888903016,가로형 이미지,HQ_HQ_PH_SEA-EN_GA_NU_AD_ACA-PU_260430,M_1844_INTEREST_GENRE_ALL_NONE_260430,2026-05-03,0,KRW,0,45,0,0,BNR,가로형,2026-04-06,A,Character,Life01A,EN,260406_BNR_A-Character-Life01A-DA_L_1200x628_EN,A-Character-Life01A-DA,https://tpc.googlesyndication.com/simgad/4842260928888903016,"캐릭터/유닛 외형, 비주얼 임팩트",,,,,"PEPP HEROES, PLAY FOR FREE","아트 퀄리티, 전략성, 수집형RPG","8인 실시간 전투, 8종 직업 및 4종 클래스 체계","렐릭 퀘스트, 8인 실시간 전투",마그 탐험대,카르벨(Karbel),"렐릭 탐험 어드벤처, 히어로 수집 육성",,"수집 및 도감, 탐험 및 발견","텍스트 오버레이, 심플/클린 UI",자연/야외 미학,"휴식과 힐링, 수집욕/소유욕","SD/치비 캐릭터, 인간형 영웅","2.5D 입체 그래픽, 2D 일러스트",2.5D 월드의 공간감을 강조하여 어드벤처 유저를 타겟팅합니다. 리마케팅에 효과적이며 수집 문구 추가로 정보 전달력 보강을 추천합니다.
260406_BNR_A-Character-Life01A-DA_S_1200x1200_EN.jpg;https://tpc.googlesyndication.com/simgad/1365671312776743899,가로형 이미지,HQ_HQ_PH_SEA-EN_GA_NU_AD_ACA-PU_260430,M_1844_INTEREST_GENRE_ALL_NONE_260430,2026-05-03,0,KRW,223,86,1,0,BNR,정방형,2026-04-06,A,Character,Life01A,EN,260406_BNR_A-Character-Life01A-DA_S_1200x1200_EN,A-Character-Life01A-DA,https://tpc.googlesyndication.com/simgad/1365671312776743899,"캐릭터/유닛 외형, 비주얼 임팩트",,,,,"PEPP HEROES, PLAY FOR FREE","아트 퀄리티, 캐릭터, 수집형RPG","8인 실시간 전투, 8종 직업 및 4종 클래스 체계","렐릭 퀘스트, 8인 실시간 전투",마그 탐험대,카르벨(Karbel),"렐릭 탐험 어드벤처, 히어로 수집 육성",,"수집 및 도감, 탐험 및 발견","텍스트 오버레이, 심플/클린 UI",자연/야외 미학,"휴식과 힐링, 수집욕/소유욕","SD/치비 캐릭터, 인간형 영웅","2.5D 입체 그래픽, 2D 일러스트","고퀄리티 일러스트와 실제 화면을 합성해 신뢰감을 조성함. 캐주얼 유저의 힐링 욕구를 공략하여 높은 클릭률을 유도하고, 사전예약 보상 강조로 전환율 극대화가 필요함."
260406_BNR_A-Mob-Adventure01A-DA_L_1200x628_EN.jpg;https://tpc.googlesyndication.com/simgad/16600105301133976800,가로형 이미지,HQ_HQ_PH_SEA-EN_GA_NU_AD_ACA-PU_260430,M_1844_INTEREST_GENRE_ALL_NONE_260430,2026-05-03,0,KRW,200,48,1,0,BNR,가로형,2026-04-06,A,Mob,Adventure01A,EN,260406_BNR_A-Mob-Adventure01A-DA_L_1200x628_EN,A-Mob-Adventure01A-DA,https://tpc.googlesyndication.com/simgad/16600105301133976800,"캐릭터/유닛 외형, 비주얼 임팩트",,,,,"Peppy & Ready to Fight, PLAY FOR FREE","아트 퀄리티, 캐릭터, 수집형RPG",8인 실시간 전투,8종 직업 및 4종 클래스 체계,고블린,,렐릭 탐험 어드벤처,몬스터 군단 중심의 구도,"전투 및 액션, 탐험 및 발견",텍스트 오버레이,자연/야외 미학,"참여와 임장감, 수집욕/소유욕","SD/치비 캐릭터, 군단/대규모 유닛","2.5D 입체 그래픽, 2D 일러스트",몬스터 군단과 2.5D 아트 중심의 모험 소구. 독특한 크리처 디자인으로 고관여 유저의 CTR 유도 및 전략적 시너지 강조.
260406_BNR_A-Mob-Adventure01A-DA_S_1200x1200_EN.jpg;https://tpc.googlesyndication.com/simgad/9569657006008026943,가로형 이미지,HQ_HQ_PH_SEA-EN_GA_NU_AD_ACA-PU_260430,M_1844_INTEREST_GENRE_ALL_NONE_260430,2026-05-03,0,KRW,109,127,1,0,BNR,정방형,2026-04-06,A,Mob,Adventure01A,EN,260406_BNR_A-Mob-Adventure01A-DA_S_1200x1200_EN,A-Mob-Adventure01A-DA,https://tpc.googlesyndication.com/simgad/9569657006008026943,"캐릭터/유닛 외형, 비주얼 임팩트",,,,,"Peppy & Ready to Fight, PLAY FOR FREE","아트 퀄리티, 캐릭터, 수집형RPG",8인 실시간 전투,8종 직업 및 4종 클래스 체계,고블린,,렐릭 탐험 어드벤처,몬스터 군단 중심의 구도,"전투 및 액션, 탐험 및 발견",텍스트 오버레이,자연/야외 미학,"참여와 임장감, 수집욕/소유욕","SD/치비 캐릭터, 군단/대규모 유닛","2.5D 입체 그래픽, 2D 일러스트","1:1 비율로 SD 캐릭터의 디테일과 2.5D 비주얼을 강조함. 높은 아트 퀄리티로 유저 시선을 유도하며, 시간 및 날씨 변화를 활용한 소재 확장을 제안함."
260406_VID_A-Character-Collection01B-UA_S_1080x1080_EN;https://www.youtube.com/watch?v=cTfY4JpFc-s,YouTube 동영상,HQ_HQ_PH_SEA-EN_GA_NU_AD_ACA-PU_260430,M_1844_INTEREST_GENRE_ALL_NONE_260430,2026-05-03,0,KRW,1520,485,2,0,VID,정방형,2026-04-06,A,Character,Collection01B,EN;https://www,260406_VID_A-Character-Collection01B-UA_S_1080x1080_EN,A-Character-Collection01B-UA,https://www.youtube.com/watch?v=cTfY4JpFc-s,"질문/선택형, 캐릭터/유닛 외형",경쾌함,TRUE,,없음,"CHOOSE YOUR HERO, HUGO, KARBEL, MONAD","캐릭터, 수집형RPG, 전략성",용병 모집(Gacha),DIY 픽업 시스템,마그 탐험대,"휴고, 카르벨, 모나드",히어로 수집 육성,남성 캐릭터 위주 배치,수집 및 도감,"텍스트 오버레이, 분할 화면",심플/클린 UI,수집욕/소유욕,"SD/치비 캐릭터, 인간형 영웅",2D 일러스트,캐릭터 구성 대조를 통한 타겟 취향별 효율 분석. 탱커 및 딜러 중심 덱 선호 심리 공략하며 캐릭터 조합 변주 소재로 리타겟팅 광고 활용 권장.
260406_VID_A-Character-Combat01A-UA_L_1920x1080_EN;https://www.youtube.com/watch?v=2W7-0AV2mfg,YouTube 동영상,HQ_HQ_PH_SEA-EN_GA_NU_AD_ACA-PU_260430,M_1844_INTEREST_GENRE_ALL_NONE_260430,2026-05-03,12,KRW,24055,"1,696",24,"17,142.11",VID,가로형,2026-04-06,A,Character,Combat01A,EN;https://www,260406_VID_A-Character-Combat01A-UA_L_1920x1080_EN,A-Character-Combat01A-UA,https://www.youtube.com/watch?v=2W7-0AV2mfg,"비주얼 임팩트, 캐릭터/유닛 외형",긴박함,TRUE,,없음,"VINESSA, A DARK WIZARD WHO DOMINATES THE FIELD, SOPHIA, REMOVES ALL DEBUFFS! THE KEY TO SURVIVAL, BERNETA, A SYNERGY DEALER THAT PERFECTS YOUR TEAM, PLAY FOR FREE","아트 퀄리티, 캐릭터, 수집형RPG, 전략성",용병 모집,스킬 컷신 연출,마그 탐험대,"Vinessa, Sophia, Berneta",렐릭 탐험 어드벤처,캐릭터별 스킬 특징 강조,전투 및 액션,"텍스트 오버레이, 클로즈업 및 줌",자연/야외 미학,"도전과 승부욕, 수집욕/소유욕","인간형 영웅, SD/치비 캐릭터, 성장 지표","2.5D 입체 그래픽, 2D 일러스트",인게임 전투와 일러스트 교차 편집으로 몰입도 극대화. 캐릭터 스킬 및 시너지로 전략적 호기심 자극. 플레이 영상 기반 안정적 CVR 확보 및 캐릭터 속성 대비 변주 제안.
260406_VID_A-Character-Combat01A-UA_S_1080x1080_EN;https://www.youtube.com/watch?v=jnNAzjzUw8o,YouTube 동영상,HQ_HQ_PH_SEA-EN_GA_NU_AD_ACA-PU_260430,M_1844_INTEREST_GENRE_ALL_NONE_260430,2026-05-03,23,KRW,34970,"2,977",63,0,VID,정방형,2026-04-06,A,Character,Combat01A,EN;https://www,260406_VID_A-Character-Combat01A-UA_S_1080x1080_EN,A-Character-Combat01A-UA,https://www.youtube.com/watch?v=jnNAzjzUw8o,"비주얼 임팩트, 캐릭터/유닛 외형",긴박함,TRUE,,없음,"VINESSA, A DARK WIZARD WHO DOMINATES THE FIELD, SOPHIA, REMOVES ALL DEBUFFS! THE KEY TO SURVIVAL, BERNETA, A SYNERGY DEALER THAT PERFECTS YOUR TEAM, PLAY FOR FREE","아트 퀄리티, 캐릭터, 수집형RPG, 전략성",용병 모집,스킬 컷신 연출,마그 탐험대,"Vinessa, Sophia, Berneta",렐릭 탐험 어드벤처,캐릭터별 스킬 특징 강조,전투 및 액션,"텍스트 오버레이, 클로즈업 및 줌",자연/야외 미학,"도전과 승부욕, 수집욕/소유욕","인간형 영웅, SD/치비 캐릭터, 성장 지표","2.5D 입체 그래픽, 2D 일러스트",SSR 비네사 비주얼을 초반에 배치해 RPG 팬덤 시선 확보. 고퀄리티 애니메이션으로 캐릭터 소유욕을 자극하며 스킬 콤보 시리즈로 소재 확장 가능.
260406_VID_A-Character-Combat01A-UA_V_1080x1920_EN;https://www.youtube.com/watch?v=tHmXhOKu33A,YouTube 동영상,HQ_HQ_PH_SEA-EN_GA_NU_AD_ACA-PU_260430,M_1844_INTEREST_GENRE_ALL_NONE_260430,2026-05-03,3,KRW,2543,585,9,0,VID,세로형,2026-04-06,A,Character,Combat01A,EN;https://www,260406_VID_A-Character-Combat01A-UA_V_1080x1920_EN,A-Character-Combat01A-UA,https://www.youtube.com/watch?v=tHmXhOKu33A,"비주얼 임팩트, 캐릭터/유닛 외형",긴박함,TRUE,,없음,"VINESSA, A DARK WIZARD WHO DOMINATES THE FIELD, SOPHIA, REMOVES ALL DEBUFFS! THE KEY TO SURVIVAL, BERNETA, A SYNERGY DEALER THAT PERFECTS YOUR TEAM, PLAY FOR FREE","아트 퀄리티, 캐릭터, 수집형RPG, 전략성",용병 모집,스킬 컷신 연출,마그 탐험대,"Vinessa, Sophia, Berneta",렐릭 탐험 어드벤처,캐릭터별 스킬 특징 강조,전투 및 액션,"텍스트 오버레이, 클로즈업 및 줌",자연/야외 미학,"도전과 승부욕, 수집욕/소유욕","인간형 영웅, SD/치비 캐릭터, 성장 지표","2.5D 입체 그래픽, 2D 일러스트",숏폼 최적화 세로 분할 화면으로 캐릭터와 전투 연출 강조. 한 손 플레이 선호 심리를 공략하여 틱톡 및 릴스 내 높은 조회수 확보 기대.
260406_VID_A-Character-Combat01B-UA_L_1920x1080_EN;https://www.youtube.com/watch?v=d4rVTfnnYhg,YouTube 동영상,HQ_HQ_PH_SEA-EN_GA_NU_AD_ACA-PU_260430,M_1844_INTEREST_GENRE_ALL_NONE_260430,2026-05-03,2,KRW,3661,904,21,0,VID,가로형,2026-04-06,A,Character,Combat01B,EN;https://www,260406_VID_A-Character-Combat01B-UA_L_1920x1080_EN,A-Character-Combat01B-UA,https://www.youtube.com/watch?v=d4rVTfnnYhg,"비주얼 임팩트, 캐릭터/유닛 외형",긴박함,TRUE,,없음,"HUGO, An indomitable warrior..., MONAD, A sage who devastates..., KARBEL, A fiery dealer..., PLAY FOR FREE","전략성, 아트 퀄리티",용병 모집,8인 실시간 전투,마그 탐험대,"Hugo, Monad, Karbel",히어로 수집 육성,,전투 및 액션,"텍스트 오버레이, 클로즈업 및 줌",자연/야외 미학,"도전과 승부욕, 수집욕/소유욕","인간형 영웅, SD/치비 캐릭터, 성장 지표","2.5D 입체 그래픽, 2D 일러스트",16:9 뷰로 넓은 전장과 스킬 강조. 화려한 연출로 타격감 선호 유저 공략. 전투 선호층 대상 높은 전환율 기대.
260406_VID_A-Character-Combat01B-UA_S_1080x1080_EN;https://www.youtube.com/watch?v=tcTIYuJi7pM,YouTube 동영상,HQ_HQ_PH_SEA-EN_GA_NU_AD_ACA-PU_260430,M_1844_INTEREST_GENRE_ALL_NONE_260430,2026-05-03,0,KRW,157,53,0,0,VID,정방형,2026-04-06,A,Character,Combat01B,EN;https://www,260406_VID_A-Character-Combat01B-UA_S_1080x1080_EN,A-Character-Combat01B-UA,https://www.youtube.com/watch?v=tcTIYuJi7pM,"비주얼 임팩트, 캐릭터/유닛 외형",긴박함,TRUE,,없음,"HUGO, An indomitable warrior..., MONAD, A sage who devastates..., KARBEL, A fiery dealer..., PLAY FOR FREE","전략성, 아트 퀄리티",용병 모집,8인 실시간 전투,마그 탐험대,"Hugo, Monad, Karbel",히어로 수집 육성,,전투 및 액션,"텍스트 오버레이, 클로즈업 및 줌",자연/야외 미학,"도전과 승부욕, 수집욕/소유욕","인간형 영웅, SD/치비 캐릭터, 성장 지표","2.5D 입체 그래픽, 2D 일러스트",소피아의 생존 및 지원 능력과 팀 시너지를 강조해 전략적 유저 공략. 비네사 소재 A/B 테스트로 타겟별 선호 캐릭터 최적화 및 성과 확장 도모.
260406_VID_A-Character-Combat01B-UA_V_1080x1920_EN;https://www.youtube.com/watch?v=rrd-TGZqEqc,YouTube 동영상,HQ_HQ_PH_SEA-EN_GA_NU_AD_ACA-PU_260430,M_1844_INTEREST_GENRE_ALL_NONE_260430,2026-05-03,8,KRW,19962,"2,435",18,"12,830.27",VID,세로형,2026-04-06,A,Character,Combat01B,EN;https://www,260406_VID_A-Character-Combat01B-UA_V_1080x1920_EN,A-Character-Combat01B-UA,https://www.youtube.com/watch?v=rrd-TGZqEqc,"비주얼 임팩트, 캐릭터/유닛 외형",긴박함,TRUE,,없음,"HUGO, An indomitable warrior..., MONAD, A sage who devastates..., KARBEL, A fiery dealer..., PLAY FOR FREE","전략성, 아트 퀄리티",용병 모집,8인 실시간 전투,마그 탐험대,"Hugo, Monad, Karbel",히어로 수집 육성,,전투 및 액션,"텍스트 오버레이, 클로즈업 및 줌",자연/야외 미학,"도전과 승부욕, 수집욕/소유욕","인간형 영웅, SD/치비 캐릭터, 성장 지표","2.5D 입체 그래픽, 2D 일러스트",직관적인 탱딜힐 구성으로 정통 RPG 유저의 파티 니즈 충족. 역할군 조합의 재미를 텍스트로 보강하여 효율 극대화 기대.
260406_VID_A-Charater-Collection01B-UA_L_1920x1080_EN;https://www.youtube.com/watch?v=rRGCh1x6a6M,YouTube 동영상,HQ_HQ_PH_SEA-EN_GA_NU_AD_ACA-PU_260430,M_1844_INTEREST_GENRE_ALL_NONE_260430,2026-05-03,0,KRW,1958,570,4,0,VID,가로형,2026-04-06,A,Charater,Collection01B,EN;https://www,260406_VID_A-Charater-Collection01B-UA_L_1920x1080_EN,A-Charater-Collection01B-UA,https://www.youtube.com/watch?v=rRGCh1x6a6M,"질문/선택형, 캐릭터/유닛 외형",경쾌함,TRUE,,없음,"CHOOSE YOUR HERO, HUGO, PLAY FOR FREE","아트 퀄리티, 전략성",용병 모집,DIY 픽업 시스템,마그 탐험대,Hugo,히어로 수집 육성,,수집 및 도감,"텍스트 오버레이, 클로즈업 및 줌",심플/클린 UI,"수집욕/소유욕, 만족과 성취감","인간형 영웅, SD/치비 캐릭터","2.5D 입체 그래픽, 2D 일러스트","그리드 UI로 풍부한 캐릭터 풀을 어필해 수집 욕구를 자극하며, 캐릭터 강조 엔드카드를 통해 높은 잔존율을 확보합니다."
260406_VID_A-Charater-Collection01B-UA_V_1080x1920_EN;https://www.youtube.com/watch?v=u5diHTUsSOs,YouTube 동영상,HQ_HQ_PH_SEA-EN_GA_NU_AD_ACA-PU_260430,M_1844_INTEREST_GENRE_ALL_NONE_260430,2026-05-03,0,KRW,293,84,0,0,VID,세로형,2026-04-06,A,Charater,Collection01B,EN;https://www,260406_VID_A-Charater-Collection01B-UA_V_1080x1920_EN,A-Charater-Collection01B-UA,https://www.youtube.com/watch?v=u5diHTUsSOs,"질문/선택형, 캐릭터/유닛 외형",경쾌함,TRUE,,없음,"CHOOSE YOUR HERO, HUGO, PLAY FOR FREE","아트 퀄리티, 전략성",용병 모집,DIY 픽업 시스템,마그 탐험대,Hugo,히어로 수집 육성,캐릭터 픽(Pick) 연출,수집 및 도감,"텍스트 오버레이, 클로즈업 및 줌",심플/클린 UI,"수집욕/소유욕, 만족과 성취감","인간형 영웅, SD/치비 캐릭터","2.5D 입체 그래픽, 2D 일러스트",직접 영웅을 선택하는 인터랙티브 경험으로 기대감 부여. 다양한 영웅 노출을 통해 유저 취향을 공략하고 반복적인 참여 유도.
260406_VID_A-Hooking-Reward02A-FK_L_1920x1080_EN;https://www.youtube.com/watch?v=oRlzfGbT3xY,YouTube 동영상,HQ_HQ_PH_SEA-EN_GA_NU_AD_ACA-PU_260430,M_1844_INTEREST_GENRE_ALL_NONE_260430,2026-05-03,0,KRW,4057,347,2,0,VID,가로형,2026-04-06,A,Hooking,Reward02A,EN;https://www,260406_VID_A-Hooking-Reward02A-FK_L_1920x1080_EN,A-Hooking-Reward02A-FK,https://www.youtube.com/watch?v=oRlzfGbT3xY,"실패/분노 유도, 압도적 보상",긴박함,TRUE,,없음,"Tap here to save him!, Help me!, HELP KARBEL CLEAR, Claim your SR character and rewards worth $100!, PLAY FOR FREE",보상,용병 모집,우호도 시스템,마그 탐험대,카르벨(Karbel),히어로 수집 육성,페이크 플레이(구출 미니게임) 형식 활용,퍼즐 및 논리,"손가락 지시선, 텍스트 오버레이",자연/야외 미학,"도전과 승부욕, 만족과 성취감","SD/치비 캐릭터, 재화/보물상자",2D 일러스트,구출 미니게임 방식을 활용해 시청자 이탈을 방지하고 즉각적인 행동을 유도합니다. 대량의 재화 보상으로 성취감을 자극하여 저단가 트래픽 확보 및 높은 클릭률을 공략합니다.
260406_VID_A-Hooking-Reward02A-FK_S_1080x1080_EN;https://www.youtube.com/watch?v=EgLwtP8WjE4,YouTube 동영상,HQ_HQ_PH_SEA-EN_GA_NU_AD_ACA-PU_260430,M_1844_INTEREST_GENRE_ALL_NONE_260430,2026-05-03,0,KRW,272,51,1,0,VID,정방형,2026-04-06,A,Hooking,Reward02A,EN;https://www,260406_VID_A-Hooking-Reward02A-FK_S_1080x1080_EN,A-Hooking-Reward02A-FK,https://www.youtube.com/watch?v=EgLwtP8WjE4,"실패/분노 유도, 압도적 보상",긴박함,TRUE,,없음,"Tap here to save him!, Help me!, HELP KARBEL CLEAR, Claim your SR character and rewards worth $100!, PLAY FOR FREE",보상,용병 모집,우호도 시스템,마그 탐험대,카르벨(Karbel),히어로 수집 육성,페이크 플레이(구출 미니게임) 형식 활용,퍼즐 및 논리,"손가락 지시선, 텍스트 오버레이",자연/야외 미학,"도전과 승부욕, 만족과 성취감","SD/치비 캐릭터, 재화/보물상자",2D 일러스트,위기 상황 미션과 100달러 보상으로 유저 참여 및 전환 유도. 쉬운 조작성 강조로 진입 장벽을 낮춰 대량 유입용 런칭 소재로 적합.
260406_VID_A-Hooking-Reward02A-FK_V_1080x1920_EN;https://www.youtube.com/watch?v=b7LsalWUDvQ,YouTube 동영상,HQ_HQ_PH_SEA-EN_GA_NU_AD_ACA-PU_260430,M_1844_INTEREST_GENRE_ALL_NONE_260430,2026-05-03,0,KRW,864,216,2,0,VID,세로형,2026-04-06,A,Hooking,Reward02A,EN;https://www,260406_VID_A-Hooking-Reward02A-FK_V_1080x1920_EN,A-Hooking-Reward02A-FK,https://www.youtube.com/watch?v=b7LsalWUDvQ,"실패/분노 유도, 압도적 보상",긴박함,TRUE,,없음,"Tap here to save him!, Help me!, HELP KARBEL CLEAR, Claim your SR character and rewards worth $100!, PLAY FOR FREE",보상,용병 모집,우호도 시스템,마그 탐험대,카르벨(Karbel),히어로 수집 육성,페이크 플레이(구출 미니게임) 형식 활용,퍼즐 및 논리,"손가락 지시선, 텍스트 오버레이",자연/야외 미학,"도전과 승부욕, 만족과 성취감","SD/치비 캐릭터, 재화/보물상자",2D 일러스트,9:16 세로형 구조로 터치 인터랙션을 극대화하고 FOMO를 자극해 시청 완료율을 높입니다. 캐릭터 활용 및 실패 연출의 A/B 테스트 확장을 제안합니다.
260406_VID_A-Hooking-Reward03A-UA_L_1920x1080_EN;https://www.youtube.com/watch?v=XUrzh1Qrk5w,YouTube 동영상,HQ_HQ_PH_SEA-EN_GA_NU_AD_ACA-PU_260430,M_1844_INTEREST_GENRE_ALL_NONE_260430,2026-05-03,0,KRW,2565,411,2,0,VID,가로형,2026-04-06,A,Hooking,Reward03A,EN;https://www,260406_VID_A-Hooking-Reward03A-UA_L_1920x1080_EN,A-Hooking-Reward03A-UA,https://www.youtube.com/watch?v=XUrzh1Qrk5w,"압도적 보상, 실패/분노 유도",경쾌함,TRUE,,없음,"WARNING Skip and you will lose your $100 rewards, Tap within 5 Seconds, SR, PLAY FOR FREE!, Claim your SR character and rewards worth $100!",보상,용병 모집,,마그 탐험대,Karbel,히어로 수집 육성,$100 가치 혜택 강조,수집 및 도감,"손가락 지시선, 텍스트 오버레이",심플/클린 UI,"만족과 성취감, 수집욕/소유욕","재화/보물상자, SD/치비 캐릭터","2D 일러스트, 2.5D 입체 그래픽","가로 화면을 활용한 화려한 연출로 시각적 몰입감을 높이고, 보상 상실에 대한 FOMO 심리를 자극하여 가로형 매체 타겟 광고 효율을 극대화함."
260406_VID_A-Hooking-Reward03A-UA_S_1080x1080_EN;https://www.youtube.com/watch?v=VGJB5tDWops,YouTube 동영상,HQ_HQ_PH_SEA-EN_GA_NU_AD_ACA-PU_260430,M_1844_INTEREST_GENRE_ALL_NONE_260430,2026-05-03,0,KRW,761,175,0,0,VID,정방형,2026-04-06,A,Hooking,Reward03A,EN;https://www,260406_VID_A-Hooking-Reward03A-UA_S_1080x1080_EN,A-Hooking-Reward03A-UA,https://www.youtube.com/watch?v=VGJB5tDWops,"압도적 보상, 실패/분노 유도",경쾌함,TRUE,,없음,"WARNING Skip and you will lose your $100 rewards, Tap within 5 Seconds, SR, PLAY FOR FREE!, Claim your SR character and rewards worth $100!",보상,용병 모집,,마그 탐험대,Karbel,히어로 수집 육성,$100 가치 혜택 강조,수집 및 도감,"손가락 지시선, 텍스트 오버레이",심플/클린 UI,"만족과 성취감, 수집욕/소유욕","재화/보물상자, SD/치비 캐릭터","2D 일러스트, 2.5D 입체 그래픽",부정적 후킹과 시간 제한으로 클릭 유도. $100 가치 및 SR 확정으로 수익 구체화. 높은 CVR 예상되며 보상 변주를 통한 라이브 옵스 제안.
260406_VID_A-Hooking-Reward03A-UA_V_1080x1920_EN;https://www.youtube.com/watch?v=jA_HAiz95x4,YouTube 동영상,HQ_HQ_PH_SEA-EN_GA_NU_AD_ACA-PU_260430,M_1844_INTEREST_GENRE_ALL_NONE_260430,2026-05-03,0,KRW,2132,165,1,0,VID,세로형,2026-04-06,A,Hooking,Reward03A,EN;https://www,260406_VID_A-Hooking-Reward03A-UA_V_1080x1920_EN,A-Hooking-Reward03A-UA,https://www.youtube.com/watch?v=jA_HAiz95x4,"압도적 보상, 실패/분노 유도",경쾌함,TRUE,,없음,"WARNING Skip and you will lose your $100 rewards, Tap within 5 Seconds, SR, PLAY FOR FREE!, Claim your SR character and rewards worth $100!",보상,용병 모집,,마그 탐험대,Karbel,히어로 수집 육성,$100 가치 혜택 강조,수집 및 도감,"손가락 지시선, 텍스트 오버레이",심플/클린 UI,"만족과 성취감, 수집욕/소유욕","재화/보물상자, SD/치비 캐릭터","2D 일러스트, 2.5D 입체 그래픽",도발적 문구와 타이머로 이탈을 방지하고 FOMO 심리를 자극함. 보상형 인벤토리 활용을 통해 UA 매체에서 압도적 전환율 달성 기대.
260406_VID_A-Mob-Adventure01A-UA_L_1920x1080_EN;https://www.youtube.com/watch?v=hVmkPdIsz70,YouTube 동영상,HQ_HQ_PH_SEA-EN_GA_NU_AD_ACA-PU_260430,M_1844_INTEREST_GENRE_ALL_NONE_260430,2026-05-03,0,KRW,1184,76,1,0,VID,가로형,2026-04-06,A,Mob,Adventure01A,EN;https://www,260406_VID_A-Mob-Adventure01A-UA_L_1920x1080_EN,A-Mob-Adventure01A-UA,https://www.youtube.com/watch?v=hVmkPdIsz70,"비주얼 임팩트, 성장 비포애프터",긴박함,TRUE,,없음,"WARNING, GOBLINS INCOMING!, Goblins? Easy! Level UP! UP!, Power Boost! BOOM! BOOM!, Strategic deployment!, Get ready for BATTLE!","편의성, 전략성",AFK 기능,8인 실시간 전투,고블린,카르벨,렐릭 탐험 어드벤처,스마트폰 UI 팝업 연출,"시뮬레이션 및 관리, 장애물 및 도전","텍스트 오버레이, 클로즈업 및 줌",자연/야외 미학,"도전과 승부욕, 만족과 성취감","SD/치비 캐릭터, 성장 지표, 군단/대규모 유닛",2.5D 입체 그래픽,16:9 화면 대비로 대규모 전투와 모바일 최적화 강조. 방치형 육성 선호 유저 타겟으로 핵심 시스템 소구 및 브랜딩·퍼포먼스 효율 기대.
260406_VID_A-Mob-Adventure01A-UA_S_1080x1080_EN;https://www.youtube.com/watch?v=LMKl0g6yRJU,YouTube 동영상,HQ_HQ_PH_SEA-EN_GA_NU_AD_ACA-PU_260430,M_1844_INTEREST_GENRE_ALL_NONE_260430,2026-05-03,2,KRW,321,59,1,0,VID,정방형,2026-04-06,A,Mob,Adventure01A,EN;https://www,260406_VID_A-Mob-Adventure01A-UA_S_1080x1080_EN,A-Mob-Adventure01A-UA,https://www.youtube.com/watch?v=LMKl0g6yRJU,"비주얼 임팩트, 성장 비포애프터",긴박함,TRUE,,없음,"WARNING, GOBLINS INCOMING!, Goblins? Easy! Level UP! UP!, Power Boost! BOOM! BOOM!, Strategic deployment!, Get ready for BATTLE!","편의성, 전략성",AFK 기능,8인 실시간 전투,고블린,카르벨,렐릭 탐험 어드벤처,스마트폰 UI 팝업 연출,"시뮬레이션 및 관리, 장애물 및 도전","텍스트 오버레이, 클로즈업 및 줌",자연/야외 미학,"도전과 승부욕, 참여와 임장감","SD/치비 캐릭터, 성장 지표, 군단/대규모 유닛",2.5D 입체 그래픽,경고 연출로 몰입도를 높이고 쉬운 성장을 강조해 진입 장벽 완화. 대규모 레이드 소재 확장을 통한 중장기 성과 기대.
260406_VID_A-Mob-Adventure01A-UA_V_1080x1920_EN;https://www.youtube.com/watch?v=nIYkYZ-JFj0,YouTube 동영상,HQ_HQ_PH_SEA-EN_GA_NU_AD_ACA-PU_260430,M_1844_INTEREST_GENRE_ALL_NONE_260430,2026-05-03,0,KRW,349,169,0,0,VID,세로형,2026-04-06,A,Mob,Adventure01A,EN;https://www,260406_VID_A-Mob-Adventure01A-UA_V_1080x1920_EN,A-Mob-Adventure01A-UA,https://www.youtube.com/watch?v=nIYkYZ-JFj0,"비주얼 임팩트, 성장 비포애프터",긴박함,TRUE,,없음,"WARNING, GOBLINS INCOMING!, Goblins? Easy! Level UP! UP!, Power Boost! BOOM! BOOM!, Strategic deployment!, Get ready for BATTLE!","편의성, 전략성",AFK 기능,8인 실시간 전투,고블린,카르벨,렐릭 탐험 어드벤처,스마트폰 UI 팝업 연출,"시뮬레이션 및 관리, 장애물 및 도전","텍스트 오버레이, 클로즈업 및 줌",자연/야외 미학,"도전과 승부욕, 만족과 성취감","SD/치비 캐릭터, 성장 지표, 군단/대규모 유닛",2.5D 입체 그래픽,세로형 피드 최적화 UI와 마을 습격 반전 연출로 이탈 방지. 직관적 레벨업과 전략적 배치 중심의 성장 쾌감을 자극해 숏폼 환경 내 높은 시청 유지율 및 전환율 기대.
Cute but Powerful Squad,광고 제목,HQ_HQ_PH_SEA-EN_GA_NU_AD_ACA-PU_260430,M_1844_INTEREST_GENRE_ALL_NONE_260430_2,2026-05-03,0,KRW,3246,149,10,0,TXT,,,,,,,,,,,,,,,,,,,,,,,,,,,,,
Let’s Hunt for Treasure!,광고 제목,HQ_HQ_PH_SEA-EN_GA_NU_AD_ACA-PU_260430,M_1844_INTEREST_GENRE_ALL_NONE_260430_2,2026-05-03,1,KRW,1848,317,28,0,TXT,,,,,,,,,,,,,,,,,,,,,,,,,,,,,
Pepp Heroes,광고 제목,HQ_HQ_PH_SEA-EN_GA_NU_AD_ACA-PU_260430,M_1844_INTEREST_GENRE_ALL_NONE_260430_2,2026-05-03,1,KRW,7417,623,25,0,TXT,,,,,,,,,,,,,,,,,,,,,,,,,,,,,
Play for Free,광고 제목,HQ_HQ_PH_SEA-EN_GA_NU_AD_ACA-PU_260430,M_1844_INTEREST_GENRE_ALL_NONE_260430_2,2026-05-03,0,KRW,4673,469,10,0,TXT,,,,,,,,,,,,,,,,,,,,,,,,,,,,,
"Your RPG, In Your Hands",광고 제목,HQ_HQ_PH_SEA-EN_GA_NU_AD_ACA-PU_260430,M_1844_INTEREST_GENRE_ALL_NONE_260430_2,2026-05-03,1,KRW,698,186,2,0,TXT,,,,,,,,,,,,,,,,,,,,,,,,,,,,,
Adorable Yet Powerful! Collect Heroes With Diverse Charms,설명,HQ_HQ_PH_SEA-EN_GA_NU_AD_ACA-PU_260430,M_1844_INTEREST_GENRE_ALL_NONE_260430_2,2026-05-03,0,KRW,320,167,3,0,TXT,,,,,,,,,,,,,,,,,,,,,,,,,,,,,
Clock Out and Start Your Treasure Hunt!,설명,HQ_HQ_PH_SEA-EN_GA_NU_AD_ACA-PU_260430,M_1844_INTEREST_GENRE_ALL_NONE_260430_2,2026-05-03,2,KRW,7169,"2,342",55,0,TXT,,,,,,,,,,,,,,,,,,,,,,,,,,,,,
Get Rewards Worth $100! Play Now!,설명,HQ_HQ_PH_SEA-EN_GA_NU_AD_ACA-PU_260430,M_1844_INTEREST_GENRE_ALL_NONE_260430_2,2026-05-03,0,KRW,461,237,1,0,TXT,,,,,,,,,,,,,,,,,,,,,,,,,,,,,
Strategic Battles With Heroes Full of Personality! Win With Your Own Squad,설명,HQ_HQ_PH_SEA-EN_GA_NU_AD_ACA-PU_260430,M_1844_INTEREST_GENRE_ALL_NONE_260430_2,2026-05-03,0,KRW,926,168,3,0,TXT,,,,,,,,,,,,,,,,,,,,,,,,,,,,,
Unique Hero Skills and Synergies! The Collectible RPG of Endless Team Combinations,설명,HQ_HQ_PH_SEA-EN_GA_NU_AD_ACA-PU_260430,M_1844_INTEREST_GENRE_ALL_NONE_260430_2,2026-05-03,0,KRW,1492,255,7,0,TXT,,,,,,,,,,,,,,,,,,,,,,,,,,,,,
260406_BNR_A-Character-100usd01A-DA_L_1200x628_EN.jpg;https://tpc.googlesyndication.com/simgad/128038747177600361,가로형 이미지,HQ_HQ_PH_SEA-EN_GA_NU_AD_ACA-PU_260430,M_1844_INTEREST_GENRE_ALL_NONE_260430_2,2026-05-03,0,KRW,0,1,0,0,BNR,가로형,2026-04-06,A,Character,100usd01A,EN,260406_BNR_A-Character-100usd01A-DA_L_1200x628_EN,A-Character-100usd01A-DA,https://tpc.googlesyndication.com/simgad/128038747177600361,"압도적 보상, 캐릭터/유닛 외형",,,,,"Pre-registration Event, $100, Pre-register and Earn Rewards Worth $100!, Claim Rewards","보상, 릴리즈 예고",용병 모집(Gacha),사전예약 혜택,마그 탐험대,카르벨(Karbel),히어로 수집 육성,,수집 및 도감,"텍스트 오버레이, 클로즈업 및 줌",심플/클린 UI,"수집욕/소유욕, 만족과 성취감","인간형 영웅, 재화/보물상자","2D 일러스트, 2.5D 입체 그래픽","100달러 가치 강조로 사전예약 전환율을 극대화합니다. 보상 강조를 통해 초반 성장 불안을 해소하며, 향후 보상 아이템 노출을 통해 높은 클릭률을 유도합니다."
260406_BNR_A-Character-100usd01A-DA_S_1200x1200_EN.jpg;https://tpc.googlesyndication.com/simgad/10042032527036690642,가로형 이미지,HQ_HQ_PH_SEA-EN_GA_NU_AD_ACA-PU_260430,M_1844_INTEREST_GENRE_ALL_NONE_260430_2,2026-05-03,0,KRW,578,246,7,0,BNR,정방형,2026-04-06,A,Character,100usd01A,EN,260406_BNR_A-Character-100usd01A-DA_S_1200x1200_EN,A-Character-100usd01A-DA,https://tpc.googlesyndication.com/simgad/10042032527036690642,"압도적 보상, 캐릭터/유닛 외형",,,,,"Pre-registration Event, $100, Pre-register and Earn Rewards Worth $100!, Claim Rewards","보상, 릴리즈 예고",용병 모집(Gacha),사전예약 혜택,마그 탐험대,카르벨(Karbel),히어로 수집 육성,,수집 및 도감,"텍스트 오버레이, 클로즈업 및 줌",심플/클린 UI,"수집욕/소유욕, 만족과 성취감","인간형 영웅, 재화/보물상자","2D 일러스트, 2.5D 입체 그래픽",정방형 레이아웃과 $100 보상 텍스트로 시인성을 극대화했습니다. 혜택 중심 소구로 스낵 컬처 타겟의 전환을 유도하며 대비를 높인 A/B 테스트를 제안합니다.
260406_BNR_A-Character-Adventure04A-DA_L_1200x628_EN.jpg;https://tpc.googlesyndication.com/simgad/11190732183298883065,가로형 이미지,HQ_HQ_PH_SEA-EN_GA_NU_AD_ACA-PU_260430,M_1844_INTEREST_GENRE_ALL_NONE_260430_2,2026-05-03,1,KRW,343,71,4,0,BNR,가로형,2026-04-06,A,Character,Adventure04A,EN,260406_BNR_A-Character-Adventure04A-DA_L_1200x628_EN,A-Character-Adventure04A-DA,https://tpc.googlesyndication.com/simgad/11190732183298883065,"비주얼 임팩트, 캐릭터/유닛 외형",,,,,PEPP HEROES,"아트 퀄리티, 수집형RPG, 릴리즈 예고","8인 실시간 전투, 수집형 RPG",8인 실시간 전투,"마그 탐험대, 고블린","카르벨(Karbel), 샤일린(Shylin)",히어로 수집 육성,,"전투 및 액션, 장애물 및 도전",텍스트 오버레이,자연/야외 미학,"도전과 승부욕, 참여와 임장감","인간형 영웅, 거대 보스, SD/치비 캐릭터","2.5D 입체 그래픽, 2D 일러스트",SD 영웅과 거대 보스의 대치로 모험심 자극. 정적 RPG 유저에게 액션 소구 및 보상 텍스트로 CTR·CVR 최적화.
260406_BNR_A-Character-Adventure04A-DA_S_1200x1200_EN.jpg;https://tpc.googlesyndication.com/simgad/4078122247307565443,가로형 이미지,HQ_HQ_PH_SEA-EN_GA_NU_AD_ACA-PU_260430,M_1844_INTEREST_GENRE_ALL_NONE_260430_2,2026-05-03,0,KRW,727,272,7,0,BNR,정방형,2026-04-06,A,Character,Adventure04A,EN,260406_BNR_A-Character-Adventure04A-DA_S_1200x1200_EN,A-Character-Adventure04A-DA,https://tpc.googlesyndication.com/simgad/4078122247307565443,"비주얼 임팩트, 캐릭터/유닛 외형",,,,,PEPP HEROES,"아트 퀄리티, 수집형RPG, 릴리즈 예고","8인 실시간 전투, 수집형 RPG",8인 실시간 전투,"마그 탐험대, 고블린","카르벨(Karbel), 샤일린(Shylin)",히어로 수집 육성,,"전투 및 액션, 장애물 및 도전",텍스트 오버레이,자연/야외 미학,"도전과 승부욕, 참여와 임장감","인간형 영웅, 거대 보스, SD/치비 캐릭터","2.5D 입체 그래픽, 2D 일러스트","정방형 규격의 캐릭터 밀집 배치를 통해 스쿼드 일체감을 강조하고, 직업 아이콘 오버레이로 팀 빌딩의 전략적 재미와 영웅의 매력을 소구함."
260406_BNR_A-Character-Adventure05A-DA_L_1200x628_EN.jpg;https://tpc.googlesyndication.com/simgad/14620542589526622535,가로형 이미지,HQ_HQ_PH_SEA-EN_GA_NU_AD_ACA-PU_260430,M_1844_INTEREST_GENRE_ALL_NONE_260430_2,2026-05-03,0,KRW,4005,387,24,0,BNR,가로형,2026-04-06,A,Character,Adventure05A,EN,260406_BNR_A-Character-Adventure05A-DA_L_1200x628_EN,A-Character-Adventure05A-DA,https://tpc.googlesyndication.com/simgad/14620542589526622535,"캐릭터/유닛 외형, 비주얼 임팩트",,,,,Every Hero Needs a Little Pepp,"아트 퀄리티, 수집형RPG, 캐릭터","8인 실시간 전투, 수집형 RPG",렐릭 퀘스트,"마그 탐험대, 고블린","샤일린(Shylin), 카르벨(Karbel)",렐릭 탐험 어드벤처,2.5D 독보적 그래픽 강조,"전투 및 액션, 수집 및 도감","텍스트 오버레이, 클로즈업 및 줌",던전/신전,"수집욕/소유욕, 참여와 임장감","인간형 영웅, SD/치비 캐릭터","2.5D 입체 그래픽, 2D 일러스트",독보적인 2.5D 비주얼과 대립 구도로 정체성 각인. 입체적 모험 선사 및 고퀄리티 아트로 글로벌 CTR 유도. SSR 스킬 컷신 활용해 CVR 극대화 기대.
260406_BNR_A-Character-Adventure05A-DA_S_1200x1200_EN.jpg;https://tpc.googlesyndication.com/simgad/13772335840655466460,가로형 이미지,HQ_HQ_PH_SEA-EN_GA_NU_AD_ACA-PU_260430,M_1844_INTEREST_GENRE_ALL_NONE_260430_2,2026-05-03,0,KRW,12,83,1,0,BNR,정방형,2026-04-06,A,Character,Adventure05A,EN,260406_BNR_A-Character-Adventure05A-DA_S_1200x1200_EN,A-Character-Adventure05A-DA,https://tpc.googlesyndication.com/simgad/13772335840655466460,"캐릭터/유닛 외형, 비주얼 임팩트",,,,,Every Hero Needs a Little Pepp,"아트 퀄리티, 수집형RPG, 캐릭터","8인 실시간 전투, 수집형 RPG",렐릭 퀘스트,"마그 탐험대, 고블린","샤일린(Shylin), 카르벨(Karbel)",렐릭 탐험 어드벤처,2.5D 독보적 그래픽 강조,"전투 및 액션, 수집 및 도감","텍스트 오버레이, 클로즈업 및 줌",던전/신전,"수집욕/소유욕, 참여와 임장감","인간형 영웅, SD/치비 캐릭터","2.5D 입체 그래픽, 2D 일러스트",정방형 규격의 캐릭터 밀집 노출로 수집 재미를 강조함. 영웅 반전 매력 소유욕을 자극하며 피드 최적화로 클릭률 극대화 유도. 보상 텍스트 오버레이로 전환율 보완 필요.
260406_BNR_A-Character-Comics01A-DA_L_1200x628_EN.jpg;https://tpc.googlesyndication.com/simgad/3049438568803176011,가로형 이미지,HQ_HQ_PH_SEA-EN_GA_NU_AD_ACA-PU_260430,M_1844_INTEREST_GENRE_ALL_NONE_260430_2,2026-05-03,2,KRW,732,212,8,0,BNR,가로형,2026-04-06,A,Character,Comics01A,EN,260406_BNR_A-Character-Comics01A-DA_L_1200x628_EN,A-Character-Comics01A-DA,https://tpc.googlesyndication.com/simgad/3049438568803176011,"비주얼 임팩트, 캐릭터/유닛 외형",,,,,"EVERY HERO NEEDS A LITTLE PEPP, PEPP HEROES","아트 퀄리티, 캐릭터, 수집형RPG","용병 모집(Gacha), 8인 실시간 전투",8인 실시간 전투,마그 탐험대,카르벨(Karbel),"히어로 수집 육성, 렐릭 탐험 어드벤처",코믹스 스타일 레이아웃,"수집 및 도감, 전투 및 액션","분할 화면, 텍스트 오버레이",자연/야외 미학,"수집욕/소유욕, 휴식과 힐링","SD/치비 캐릭터, 인간형 영웅",2.5D 입체 그래픽,코믹스 레이아웃과 친근한 아트 스타일로 진입 장벽을 낮추고 개성을 강조함. 가독성 높은 카피로 높은 CTR을 유도하며 SSR 캐릭터 중심의 수집 욕구 자극 전략을 제안함.
260406_BNR_A-Character-Comics01A-DA_S_1200x1200_EN.jpg;https://tpc.googlesyndication.com/simgad/4695384483296336434,가로형 이미지,HQ_HQ_PH_SEA-EN_GA_NU_AD_ACA-PU_260430,M_1844_INTEREST_GENRE_ALL_NONE_260430_2,2026-05-03,0,KRW,0,36,0,0,BNR,정방형,2026-04-06,A,Character,Comics01A,EN,260406_BNR_A-Character-Comics01A-DA_S_1200x1200_EN,A-Character-Comics01A-DA,https://tpc.googlesyndication.com/simgad/4695384483296336434,"비주얼 임팩트, 캐릭터/유닛 외형",,,,,"EVERY HERO NEEDS A LITTLE PEPP, PEPP HEROES","아트 퀄리티, 캐릭터, 수집형RPG","용병 모집(Gacha), 8인 실시간 전투",8인 실시간 전투,마그 탐험대,카르벨(Karbel),"히어로 수집 육성, 렐릭 탐험 어드벤처",코믹스 스타일 레이아웃,"수집 및 도감, 전투 및 액션","분할 화면, 텍스트 오버레이",자연/야외 미학,"수집욕/소유욕, 휴식과 힐링","SD/치비 캐릭터, 인간형 영웅",2.5D 입체 그래픽,십자 분할 레이아웃으로 카피 집중도를 높이고 SD 캐릭터로 수집욕 자극. SNS 최적화 규격으로 유저 유입 유도 및 직업별 변주 제안.
260406_BNR_A-Character-Comics01A-DA_V_1200x1500_EN.jpg;https://tpc.googlesyndication.com/simgad/13581844973087919256,가로형 이미지,HQ_HQ_PH_SEA-EN_GA_NU_AD_ACA-PU_260430,M_1844_INTEREST_GENRE_ALL_NONE_260430_2,2026-05-03,0,KRW,18,6,0,0,BNR,세로형,2026-04-06,A,Character,Comics01A,EN,260406_BNR_A-Character-Comics01A-DA_V_1200x1500_EN,A-Character-Comics01A-DA,https://tpc.googlesyndication.com/simgad/13581844973087919256,"비주얼 임팩트, 캐릭터/유닛 외형",,,,,"EVERY HERO NEEDS A LITTLE PEPP, PEPP HEROES","아트 퀄리티, 캐릭터, 수집형RPG","용병 모집(Gacha), 8인 실시간 전투",8인 실시간 전투,마그 탐험대,카르벨(Karbel),"히어로 수집 육성, 렐릭 탐험 어드벤처",코믹스 스타일 레이아웃,"수집 및 도감, 전투 및 액션","분할 화면, 텍스트 오버레이",자연/야외 미학,"수집욕/소유욕, 휴식과 힐링","SD/치비 캐릭터, 인간형 영웅",2.5D 입체 그래픽,독보적 화풍의 2.5D 그래픽으로 차별화된 비주얼 소구. 세로 규격의 범용성을 활용하며 보스 레이드 테마를 병행해 유저 반응 테스트 및 세그먼트 공략 필요.
260406_BNR_A-Charater-Collection01A-DA_L_1200x628_EN.jpg;https://tpc.googlesyndication.com/simgad/9157278201026773067,가로형 이미지,HQ_HQ_PH_SEA-EN_GA_NU_AD_ACA-PU_260430,M_1844_INTEREST_GENRE_ALL_NONE_260430_2,2026-05-03,0,KRW,2046,"1,114",27,0,BNR,가로형,2026-04-06,A,Charater,Collection01A,EN,260406_BNR_A-Charater-Collection01A-DA_L_1200x628_EN,A-Charater-Collection01A-DA,https://tpc.googlesyndication.com/simgad/9157278201026773067,"캐릭터/유닛 외형, 비주얼 임팩트",,,,,"Get Pepp'd, com2us, PEPP HEROES","아트 퀄리티, 캐릭터, 수집형RPG",수집형 RPG,용병 모집(Gacha),마그 탐험대,다수의 SD 영웅,히어로 수집 육성,,수집 및 도감,텍스트 오버레이,심플/클린 UI,수집욕/소유욕,SD/치비 캐릭터,2.5D 입체 그래픽,"'Get Pepp'd' 슬로건과 촘촘한 캐릭터 배치로 방대한 수집성 강조. 2.5D 및 SD 캐릭터로 유저 소유욕 자극 및 높은 CTR 유도, 인기 캐릭터 중심 확장 용이."
260406_BNR_A-Charater-Collection01A-DA_S_1200x1200_EN.jpg;https://tpc.googlesyndication.com/simgad/2322926171558263908,가로형 이미지,HQ_HQ_PH_SEA-EN_GA_NU_AD_ACA-PU_260430,M_1844_INTEREST_GENRE_ALL_NONE_260430_2,2026-05-03,0,KRW,219,247,6,0,BNR,정방형,2026-04-06,A,Charater,Collection01A,EN,260406_BNR_A-Charater-Collection01A-DA_S_1200x1200_EN,A-Charater-Collection01A-DA,https://tpc.googlesyndication.com/simgad/2322926171558263908,"캐릭터/유닛 외형, 비주얼 임팩트",,,,,"Get Pepp'd, com2us, PEPP HEROES","아트 퀄리티, 캐릭터, 수집형RPG",수집형 RPG,용병 모집(Gacha),마그 탐험대,다수의 SD 영웅,히어로 수집 육성,,수집 및 도감,텍스트 오버레이,심플/클린 UI,수집욕/소유욕,SD/치비 캐릭터,2.5D 입체 그래픽,정방형 구도로 캐릭터 밀도와 시각적 풍성함 극대화. SNS 주목도 확보 및 캐릭터 등급 변주를 통한 전환율 개선 기대.
260406_BNR_A-Mob-Adventure02A-DA_L_1200x628_EN.jpg;https://tpc.googlesyndication.com/simgad/17125206759944352040,가로형 이미지,HQ_HQ_PH_SEA-EN_GA_NU_AD_ACA-PU_260430,M_1844_INTEREST_GENRE_ALL_NONE_260430_2,2026-05-03,2,KRW,4215,"1,155",42,0,BNR,가로형,2026-04-06,A,Mob,Adventure02A,EN,260406_BNR_A-Mob-Adventure02A-DA_L_1200x628_EN,A-Mob-Adventure02A-DA,https://tpc.googlesyndication.com/simgad/17125206759944352040,비주얼 임팩트,,,,,PEPP HEROES,"아트 퀄리티, 수집형RPG",5인 분대 전투,거대 보스 레이드,"마그 탐험대, 고블린",,렐릭 탐험 어드벤처,2.5D 입체 월드 강조,"장애물 및 도전, 전투 및 액션",텍스트 오버레이,자연/야외 미학,도전과 승부욕,"거대 보스, SD/치비 캐릭터",2.5D 입체 그래픽,5인 파티 레이드와 SD 캐릭터로 어드벤처 RPG 정체성 강조. 2.5D 그래픽으로 CTR을 높이고 사전예약 보상을 통해 CVR 극대화 유도.
260406_BNR_A-Mob-Adventure02A-DA_S_1200x1200_EN.jpg;https://tpc.googlesyndication.com/simgad/17573267286983610733,가로형 이미지,HQ_HQ_PH_SEA-EN_GA_NU_AD_ACA-PU_260430,M_1844_INTEREST_GENRE_ALL_NONE_260430_2,2026-05-03,0,KRW,0,87,0,0,BNR,정방형,2026-04-06,A,Mob,Adventure02A,EN,260406_BNR_A-Mob-Adventure02A-DA_S_1200x1200_EN,A-Mob-Adventure02A-DA,https://tpc.googlesyndication.com/simgad/17573267286983610733,비주얼 임팩트,,,,,PEPP HEROES,"아트 퀄리티, 수집형RPG",5인 분대 전투,거대 보스 레이드,"마그 탐험대, 고블린",,렐릭 탐험 어드벤처,2.5D 입체 월드 강조,"장애물 및 도전, 전투 및 액션",텍스트 오버레이,자연/야외 미학,도전과 승부욕,"거대 보스, SD/치비 캐릭터",2.5D 입체 그래픽,2.5D 비주얼과 거대 보스 대치 구도로 몰입감 강조. 직접 조작 및 전략 조합을 선호하는 수집형 RPG 유저를 공략해 높은 클릭률과 수집욕 자극 기대.
260406_BNR_A-Mob-Adventure02A-DA_V_1200x1500_EN.jpg;https://tpc.googlesyndication.com/simgad/12487452563763707002,가로형 이미지,HQ_HQ_PH_SEA-EN_GA_NU_AD_ACA-PU_260430,M_1844_INTEREST_GENRE_ALL_NONE_260430_2,2026-05-03,0,KRW,26,33,0,0,BNR,세로형,2026-04-06,A,Mob,Adventure02A,EN,260406_BNR_A-Mob-Adventure02A-DA_V_1200x1500_EN,A-Mob-Adventure02A-DA,https://tpc.googlesyndication.com/simgad/12487452563763707002,비주얼 임팩트,,,,,PEPP HEROES,"아트 퀄리티, 수집형RPG",5인 분대 전투,거대 보스 레이드,"마그 탐험대, 고블린",,렐릭 탐험 어드벤처,2.5D 입체 월드 강조,"장애물 및 도전, 전투 및 액션",텍스트 오버레이,자연/야외 미학,도전과 승부욕,"거대 보스, SD/치비 캐릭터",2.5D 입체 그래픽,초기 핵심 영웅 노출로 수집 재미 강조 및 따뜻한 아트 스타일로 힐링 소구. 방대한 콘텐츠 중심의 텍스트 보강으로 캐주얼 유저 유입 및 잔존율 제고.
260406_VID_A-Character-Collection01B-UA_S_1080x1080_EN;https://www.youtube.com/watch?v=cTfY4JpFc-s,YouTube 동영상,HQ_HQ_PH_SEA-EN_GA_NU_AD_ACA-PU_260430,M_1844_INTEREST_GENRE_ALL_NONE_260430_2,2026-05-03,1,KRW,236,57,1,0,VID,정방형,2026-04-06,A,Character,Collection01B,EN;https://www,260406_VID_A-Character-Collection01B-UA_S_1080x1080_EN,A-Character-Collection01B-UA,https://www.youtube.com/watch?v=cTfY4JpFc-s,"질문/선택형, 캐릭터/유닛 외형",경쾌함,TRUE,,없음,"CHOOSE YOUR HERO, HUGO, KARBEL, MONAD","캐릭터, 수집형RPG, 전략성",용병 모집(Gacha),DIY 픽업 시스템,마그 탐험대,"휴고, 카르벨, 모나드",히어로 수집 육성,남성 캐릭터 위주 배치,수집 및 도감,"텍스트 오버레이, 분할 화면",심플/클린 UI,수집욕/소유욕,"SD/치비 캐릭터, 인간형 영웅",2D 일러스트,캐릭터 구성 대조를 통한 타겟 취향별 효율 분석. 탱커 및 딜러 중심 덱 선호 심리 공략하며 캐릭터 조합 변주 소재로 리타겟팅 광고 활용 권장.
260406_VID_A-Character-Combat01A-UA_L_1920x1080_EN;https://www.youtube.com/watch?v=2W7-0AV2mfg,YouTube 동영상,HQ_HQ_PH_SEA-EN_GA_NU_AD_ACA-PU_260430,M_1844_INTEREST_GENRE_ALL_NONE_260430_2,2026-05-03,6,KRW,7025,"1,142",29,"21,494.98",VID,가로형,2026-04-06,A,Character,Combat01A,EN;https://www,260406_VID_A-Character-Combat01A-UA_L_1920x1080_EN,A-Character-Combat01A-UA,https://www.youtube.com/watch?v=2W7-0AV2mfg,"비주얼 임팩트, 캐릭터/유닛 외형",긴박함,TRUE,,없음,"VINESSA, A DARK WIZARD WHO DOMINATES THE FIELD, SOPHIA, REMOVES ALL DEBUFFS! THE KEY TO SURVIVAL, BERNETA, A SYNERGY DEALER THAT PERFECTS YOUR TEAM, PLAY FOR FREE","아트 퀄리티, 캐릭터, 수집형RPG, 전략성",용병 모집,스킬 컷신 연출,마그 탐험대,"Vinessa, Sophia, Berneta",렐릭 탐험 어드벤처,캐릭터별 스킬 특징 강조,전투 및 액션,"텍스트 오버레이, 클로즈업 및 줌",자연/야외 미학,"도전과 승부욕, 수집욕/소유욕","인간형 영웅, SD/치비 캐릭터, 성장 지표","2.5D 입체 그래픽, 2D 일러스트",인게임 전투와 일러스트 교차 편집으로 몰입도 극대화. 캐릭터 스킬 및 시너지로 전략적 호기심 자극. 플레이 영상 기반 안정적 CVR 확보 및 캐릭터 속성 대비 변주 제안.
260406_VID_A-Character-Combat01A-UA_S_1080x1080_EN;https://www.youtube.com/watch?v=jnNAzjzUw8o,YouTube 동영상,HQ_HQ_PH_SEA-EN_GA_NU_AD_ACA-PU_260430,M_1844_INTEREST_GENRE_ALL_NONE_260430_2,2026-05-03,4,KRW,10124,940,6,0,VID,정방형,2026-04-06,A,Character,Combat01A,EN;https://www,260406_VID_A-Character-Combat01A-UA_S_1080x1080_EN,A-Character-Combat01A-UA,https://www.youtube.com/watch?v=jnNAzjzUw8o,"비주얼 임팩트, 캐릭터/유닛 외형",긴박함,TRUE,,없음,"VINESSA, A DARK WIZARD WHO DOMINATES THE FIELD, SOPHIA, REMOVES ALL DEBUFFS! THE KEY TO SURVIVAL, BERNETA, A SYNERGY DEALER THAT PERFECTS YOUR TEAM, PLAY FOR FREE","아트 퀄리티, 캐릭터, 수집형RPG, 전략성",용병 모집,스킬 컷신 연출,마그 탐험대,"Vinessa, Sophia, Berneta",렐릭 탐험 어드벤처,캐릭터별 스킬 특징 강조,전투 및 액션,"텍스트 오버레이, 클로즈업 및 줌",자연/야외 미학,"도전과 승부욕, 수집욕/소유욕","인간형 영웅, SD/치비 캐릭터, 성장 지표","2.5D 입체 그래픽, 2D 일러스트",SSR 비네사 비주얼을 초반에 배치해 RPG 팬덤 시선 확보. 고퀄리티 애니메이션으로 캐릭터 소유욕을 자극하며 스킬 콤보 시리즈로 소재 확장 가능.
260406_VID_A-Character-Combat01A-UA_V_1080x1920_EN;https://www.youtube.com/watch?v=tHmXhOKu33A,YouTube 동영상,HQ_HQ_PH_SEA-EN_GA_NU_AD_ACA-PU_260430,M_1844_INTEREST_GENRE_ALL_NONE_260430_2,2026-05-03,0,KRW,833,92,3,0,VID,세로형,2026-04-06,A,Character,Combat01A,EN;https://www,260406_VID_A-Character-Combat01A-UA_V_1080x1920_EN,A-Character-Combat01A-UA,https://www.youtube.com/watch?v=tHmXhOKu33A,"비주얼 임팩트, 캐릭터/유닛 외형",긴박함,TRUE,,없음,"VINESSA, A DARK WIZARD WHO DOMINATES THE FIELD, SOPHIA, REMOVES ALL DEBUFFS! THE KEY TO SURVIVAL, BERNETA, A SYNERGY DEALER THAT PERFECTS YOUR TEAM, PLAY FOR FREE","아트 퀄리티, 캐릭터, 수집형RPG, 전략성",용병 모집,스킬 컷신 연출,마그 탐험대,"Vinessa, Sophia, Berneta",렐릭 탐험 어드벤처,캐릭터별 스킬 특징 강조,전투 및 액션,"텍스트 오버레이, 클로즈업 및 줌",자연/야외 미학,"도전과 승부욕, 수집욕/소유욕","인간형 영웅, SD/치비 캐릭터, 성장 지표","2.5D 입체 그래픽, 2D 일러스트",숏폼 최적화 세로 분할 화면으로 캐릭터와 전투 연출 강조. 한 손 플레이 선호 심리를 공략하여 틱톡 및 릴스 내 높은 조회수 확보 기대.
260406_VID_A-Character-Combat01B-UA_L_1920x1080_EN;https://www.youtube.com/watch?v=d4rVTfnnYhg,YouTube 동영상,HQ_HQ_PH_SEA-EN_GA_NU_AD_ACA-PU_260430,M_1844_INTEREST_GENRE_ALL_NONE_260430_2,2026-05-03,7,KRW,17692,"3,542",93,0,VID,가로형,2026-04-06,A,Character,Combat01B,EN;https://www,260406_VID_A-Character-Combat01B-UA_L_1920x1080_EN,A-Character-Combat01B-UA,https://www.youtube.com/watch?v=d4rVTfnnYhg,"비주얼 임팩트, 캐릭터/유닛 외형",긴박함,TRUE,,없음,"HUGO, An indomitable warrior..., MONAD, A sage who devastates..., KARBEL, A fiery dealer..., PLAY FOR FREE","전략성, 아트 퀄리티",용병 모집,8인 실시간 전투,마그 탐험대,"Hugo, Monad, Karbel",히어로 수집 육성,,전투 및 액션,"텍스트 오버레이, 클로즈업 및 줌",자연/야외 미학,"도전과 승부욕, 수집욕/소유욕","인간형 영웅, SD/치비 캐릭터, 성장 지표","2.5D 입체 그래픽, 2D 일러스트",16:9 뷰로 넓은 전장과 스킬 강조. 화려한 연출로 타격감 선호 유저 공략. 전투 선호층 대상 높은 전환율 기대.
260406_VID_A-Character-Combat01B-UA_S_1080x1080_EN;https://www.youtube.com/watch?v=tcTIYuJi7pM,YouTube 동영상,HQ_HQ_PH_SEA-EN_GA_NU_AD_ACA-PU_260430,M_1844_INTEREST_GENRE_ALL_NONE_260430_2,2026-05-03,0,KRW,352,66,0,0,VID,정방형,2026-04-06,A,Character,Combat01B,EN;https://www,260406_VID_A-Character-Combat01B-UA_S_1080x1080_EN,A-Character-Combat01B-UA,https://www.youtube.com/watch?v=tcTIYuJi7pM,"비주얼 임팩트, 캐릭터/유닛 외형",긴박함,TRUE,,없음,"HUGO, An indomitable warrior..., MONAD, A sage who devastates..., KARBEL, A fiery dealer..., PLAY FOR FREE","전략성, 아트 퀄리티",용병 모집,8인 실시간 전투,마그 탐험대,"Hugo, Monad, Karbel",히어로 수집 육성,,전투 및 액션,"텍스트 오버레이, 클로즈업 및 줌",자연/야외 미학,"도전과 승부욕, 수집욕/소유욕","인간형 영웅, SD/치비 캐릭터, 성장 지표","2.5D 입체 그래픽, 2D 일러스트",소피아의 생존 및 지원 능력과 팀 시너지를 강조해 전략적 유저 공략. 비네사 소재 A/B 테스트로 타겟별 선호 캐릭터 최적화 및 성과 확장 도모.
260406_VID_A-Character-Combat01B-UA_V_1080x1920_EN;https://www.youtube.com/watch?v=rrd-TGZqEqc,YouTube 동영상,HQ_HQ_PH_SEA-EN_GA_NU_AD_ACA-PU_260430,M_1844_INTEREST_GENRE_ALL_NONE_260430_2,2026-05-03,4,KRW,12640,"1,011",13,0,VID,세로형,2026-04-06,A,Character,Combat01B,EN;https://www,260406_VID_A-Character-Combat01B-UA_V_1080x1920_EN,A-Character-Combat01B-UA,https://www.youtube.com/watch?v=rrd-TGZqEqc,"비주얼 임팩트, 캐릭터/유닛 외형",긴박함,TRUE,,없음,"HUGO, An indomitable warrior..., MONAD, A sage who devastates..., KARBEL, A fiery dealer..., PLAY FOR FREE","전략성, 아트 퀄리티",용병 모집,8인 실시간 전투,마그 탐험대,"Hugo, Monad, Karbel",히어로 수집 육성,,전투 및 액션,"텍스트 오버레이, 클로즈업 및 줌",자연/야외 미학,"도전과 승부욕, 수집욕/소유욕","인간형 영웅, SD/치비 캐릭터, 성장 지표","2.5D 입체 그래픽, 2D 일러스트",직관적인 탱딜힐 구성으로 정통 RPG 유저의 파티 니즈 충족. 역할군 조합의 재미를 텍스트로 보강하여 효율 극대화 기대.
260406_VID_A-Charater-Collection01B-UA_L_1920x1080_EN;https://www.youtube.com/watch?v=rRGCh1x6a6M,YouTube 동영상,HQ_HQ_PH_SEA-EN_GA_NU_AD_ACA-PU_260430,M_1844_INTEREST_GENRE_ALL_NONE_260430_2,2026-05-03,2,KRW,999,242,5,0,VID,가로형,2026-04-06,A,Charater,Collection01B,EN;https://www,260406_VID_A-Charater-Collection01B-UA_L_1920x1080_EN,A-Charater-Collection01B-UA,https://www.youtube.com/watch?v=rRGCh1x6a6M,"질문/선택형, 캐릭터/유닛 외형",경쾌함,TRUE,,없음,"CHOOSE YOUR HERO, HUGO, PLAY FOR FREE","아트 퀄리티, 전략성",용병 모집,DIY 픽업 시스템,마그 탐험대,Hugo,히어로 수집 육성,,수집 및 도감,"텍스트 오버레이, 클로즈업 및 줌",심플/클린 UI,"수집욕/소유욕, 만족과 성취감","인간형 영웅, SD/치비 캐릭터","2.5D 입체 그래픽, 2D 일러스트","그리드 UI로 풍부한 캐릭터 풀을 어필해 수집 욕구를 자극하며, 캐릭터 강조 엔드카드를 통해 높은 잔존율을 확보합니다."
260406_VID_A-Charater-Collection01B-UA_V_1080x1920_EN;https://www.youtube.com/watch?v=u5diHTUsSOs,YouTube 동영상,HQ_HQ_PH_SEA-EN_GA_NU_AD_ACA-PU_260430,M_1844_INTEREST_GENRE_ALL_NONE_260430_2,2026-05-03,0,KRW,99,41,1,0,VID,세로형,2026-04-06,A,Charater,Collection01B,EN;https://www,260406_VID_A-Charater-Collection01B-UA_V_1080x1920_EN,A-Charater-Collection01B-UA,https://www.youtube.com/watch?v=u5diHTUsSOs,"질문/선택형, 캐릭터/유닛 외형",경쾌함,TRUE,,없음,"CHOOSE YOUR HERO, HUGO, PLAY FOR FREE","아트 퀄리티, 전략성",용병 모집,DIY 픽업 시스템,마그 탐험대,Hugo,히어로 수집 육성,캐릭터 픽(Pick) 연출,수집 및 도감,"텍스트 오버레이, 클로즈업 및 줌",심플/클린 UI,"수집욕/소유욕, 만족과 성취감","인간형 영웅, SD/치비 캐릭터","2.5D 입체 그래픽, 2D 일러스트",직접 영웅을 선택하는 인터랙티브 경험으로 기대감 부여. 다양한 영웅 노출을 통해 유저 취향을 공략하고 반복적인 참여 유도.
260406_VID_A-Hooking-Reward02A-FK_L_1920x1080_EN;https://www.youtube.com/watch?v=oRlzfGbT3xY,YouTube 동영상,HQ_HQ_PH_SEA-EN_GA_NU_AD_ACA-PU_260430,M_1844_INTEREST_GENRE_ALL_NONE_260430_2,2026-05-03,5,KRW,6098,877,12,0,VID,가로형,2026-04-06,A,Hooking,Reward02A,EN;https://www,260406_VID_A-Hooking-Reward02A-FK_L_1920x1080_EN,A-Hooking-Reward02A-FK,https://www.youtube.com/watch?v=oRlzfGbT3xY,"실패/분노 유도, 압도적 보상",긴박함,TRUE,,없음,"Tap here to save him!, Help me!, HELP KARBEL CLEAR, Claim your SR character and rewards worth $100!, PLAY FOR FREE",보상,용병 모집,우호도 시스템,마그 탐험대,카르벨(Karbel),히어로 수집 육성,페이크 플레이(구출 미니게임) 형식 활용,퍼즐 및 논리,"손가락 지시선, 텍스트 오버레이",자연/야외 미학,"도전과 승부욕, 만족과 성취감","SD/치비 캐릭터, 재화/보물상자",2D 일러스트,구출 미니게임 방식을 활용해 시청자 이탈을 방지하고 즉각적인 행동을 유도합니다. 대량의 재화 보상으로 성취감을 자극하여 저단가 트래픽 확보 및 높은 클릭률을 공략합니다.
260406_VID_A-Hooking-Reward02A-FK_S_1080x1080_EN;https://www.youtube.com/watch?v=EgLwtP8WjE4,YouTube 동영상,HQ_HQ_PH_SEA-EN_GA_NU_AD_ACA-PU_260430,M_1844_INTEREST_GENRE_ALL_NONE_260430_2,2026-05-03,0,KRW,268,36,0,0,VID,정방형,2026-04-06,A,Hooking,Reward02A,EN;https://www,260406_VID_A-Hooking-Reward02A-FK_S_1080x1080_EN,A-Hooking-Reward02A-FK,https://www.youtube.com/watch?v=EgLwtP8WjE4,"실패/분노 유도, 압도적 보상",긴박함,TRUE,,없음,"Tap here to save him!, Help me!, HELP KARBEL CLEAR, Claim your SR character and rewards worth $100!, PLAY FOR FREE",보상,용병 모집,우호도 시스템,마그 탐험대,카르벨(Karbel),히어로 수집 육성,페이크 플레이(구출 미니게임) 형식 활용,퍼즐 및 논리,"손가락 지시선, 텍스트 오버레이",자연/야외 미학,"도전과 승부욕, 만족과 성취감","SD/치비 캐릭터, 재화/보물상자",2D 일러스트,위기 상황 미션과 100달러 보상으로 유저 참여 및 전환 유도. 쉬운 조작성 강조로 진입 장벽을 낮춰 대량 유입용 런칭 소재로 적합.
260406_VID_A-Hooking-Reward02A-FK_V_1080x1920_EN;https://www.youtube.com/watch?v=b7LsalWUDvQ,YouTube 동영상,HQ_HQ_PH_SEA-EN_GA_NU_AD_ACA-PU_260430,M_1844_INTEREST_GENRE_ALL_NONE_260430_2,2026-05-03,0,KRW,756,11,0,0,VID,세로형,2026-04-06,A,Hooking,Reward02A,EN;https://www,260406_VID_A-Hooking-Reward02A-FK_V_1080x1920_EN,A-Hooking-Reward02A-FK,https://www.youtube.com/watch?v=b7LsalWUDvQ,"실패/분노 유도, 압도적 보상",긴박함,TRUE,,없음,"Tap here to save him!, Help me!, HELP KARBEL CLEAR, Claim your SR character and rewards worth $100!, PLAY FOR FREE",보상,용병 모집,우호도 시스템,마그 탐험대,카르벨(Karbel),히어로 수집 육성,페이크 플레이(구출 미니게임) 형식 활용,퍼즐 및 논리,"손가락 지시선, 텍스트 오버레이",자연/야외 미학,"도전과 승부욕, 만족과 성취감","SD/치비 캐릭터, 재화/보물상자",2D 일러스트,9:16 세로형 구조로 터치 인터랙션을 극대화하고 FOMO를 자극해 시청 완료율을 높입니다. 캐릭터 활용 및 실패 연출의 A/B 테스트 확장을 제안합니다.
260406_VID_A-Hooking-Reward03A-UA_L_1920x1080_EN;https://www.youtube.com/watch?v=XUrzh1Qrk5w,YouTube 동영상,HQ_HQ_PH_SEA-EN_GA_NU_AD_ACA-PU_260430,M_1844_INTEREST_GENRE_ALL_NONE_260430_2,2026-05-03,4,KRW,8109,"1,291",20,0,VID,가로형,2026-04-06,A,Hooking,Reward03A,EN;https://www,260406_VID_A-Hooking-Reward03A-UA_L_1920x1080_EN,A-Hooking-Reward03A-UA,https://www.youtube.com/watch?v=XUrzh1Qrk5w,"압도적 보상, 실패/분노 유도",경쾌함,TRUE,,없음,"WARNING Skip and you will lose your $100 rewards, Tap within 5 Seconds, SR, PLAY FOR FREE!, Claim your SR character and rewards worth $100!",보상,용병 모집,,마그 탐험대,Karbel,히어로 수집 육성,$100 가치 혜택 강조,수집 및 도감,"손가락 지시선, 텍스트 오버레이",심플/클린 UI,"만족과 성취감, 수집욕/소유욕","재화/보물상자, SD/치비 캐릭터","2D 일러스트, 2.5D 입체 그래픽","가로 화면을 활용한 화려한 연출로 시각적 몰입감을 높이고, 보상 상실에 대한 FOMO 심리를 자극하여 가로형 매체 타겟 광고 효율을 극대화함."
260406_VID_A-Hooking-Reward03A-UA_S_1080x1080_EN;https://www.youtube.com/watch?v=VGJB5tDWops,YouTube 동영상,HQ_HQ_PH_SEA-EN_GA_NU_AD_ACA-PU_260430,M_1844_INTEREST_GENRE_ALL_NONE_260430_2,2026-05-03,0,KRW,825,66,0,0,VID,정방형,2026-04-06,A,Hooking,Reward03A,EN;https://www,260406_VID_A-Hooking-Reward03A-UA_S_1080x1080_EN,A-Hooking-Reward03A-UA,https://www.youtube.com/watch?v=VGJB5tDWops,"압도적 보상, 실패/분노 유도",경쾌함,TRUE,,없음,"WARNING Skip and you will lose your $100 rewards, Tap within 5 Seconds, SR, PLAY FOR FREE!, Claim your SR character and rewards worth $100!",보상,용병 모집,,마그 탐험대,Karbel,히어로 수집 육성,$100 가치 혜택 강조,수집 및 도감,"손가락 지시선, 텍스트 오버레이",심플/클린 UI,"만족과 성취감, 수집욕/소유욕","재화/보물상자, SD/치비 캐릭터","2D 일러스트, 2.5D 입체 그래픽",부정적 후킹과 시간 제한으로 클릭 유도. $100 가치 및 SR 확정으로 수익 구체화. 높은 CVR 예상되며 보상 변주를 통한 라이브 옵스 제안.
260406_VID_A-Hooking-Reward03A-UA_V_1080x1920_EN;https://www.youtube.com/watch?v=jA_HAiz95x4,YouTube 동영상,HQ_HQ_PH_SEA-EN_GA_NU_AD_ACA-PU_260430,M_1844_INTEREST_GENRE_ALL_NONE_260430_2,2026-05-03,1,KRW,850,89,2,0,VID,세로형,2026-04-06,A,Hooking,Reward03A,EN;https://www,260406_VID_A-Hooking-Reward03A-UA_V_1080x1920_EN,A-Hooking-Reward03A-UA,https://www.youtube.com/watch?v=jA_HAiz95x4,"압도적 보상, 실패/분노 유도",경쾌함,TRUE,,없음,"WARNING Skip and you will lose your $100 rewards, Tap within 5 Seconds, SR, PLAY FOR FREE!, Claim your SR character and rewards worth $100!",보상,용병 모집,,마그 탐험대,Karbel,히어로 수집 육성,$100 가치 혜택 강조,수집 및 도감,"손가락 지시선, 텍스트 오버레이",심플/클린 UI,"만족과 성취감, 수집욕/소유욕","재화/보물상자, SD/치비 캐릭터","2D 일러스트, 2.5D 입체 그래픽",도발적 문구와 타이머로 이탈을 방지하고 FOMO 심리를 자극함. 보상형 인벤토리 활용을 통해 UA 매체에서 압도적 전환율 달성 기대.
260406_VID_A-Mob-Adventure01A-UA_L_1920x1080_EN;https://www.youtube.com/watch?v=hVmkPdIsz70,YouTube 동영상,HQ_HQ_PH_SEA-EN_GA_NU_AD_ACA-PU_260430,M_1844_INTEREST_GENRE_ALL_NONE_260430_2,2026-05-03,0,KRW,390,62,0,0,VID,가로형,2026-04-06,A,Mob,Adventure01A,EN;https://www,260406_VID_A-Mob-Adventure01A-UA_L_1920x1080_EN,A-Mob-Adventure01A-UA,https://www.youtube.com/watch?v=hVmkPdIsz70,"비주얼 임팩트, 성장 비포애프터",긴박함,TRUE,,없음,"WARNING, GOBLINS INCOMING!, Goblins? Easy! Level UP! UP!, Power Boost! BOOM! BOOM!, Strategic deployment!, Get ready for BATTLE!","편의성, 전략성",AFK 기능,8인 실시간 전투,고블린,카르벨,렐릭 탐험 어드벤처,스마트폰 UI 팝업 연출,"시뮬레이션 및 관리, 장애물 및 도전","텍스트 오버레이, 클로즈업 및 줌",자연/야외 미학,"도전과 승부욕, 만족과 성취감","SD/치비 캐릭터, 성장 지표, 군단/대규모 유닛",2.5D 입체 그래픽,16:9 화면 대비로 대규모 전투와 모바일 최적화 강조. 방치형 육성 선호 유저 타겟으로 핵심 시스템 소구 및 브랜딩·퍼포먼스 효율 기대.
260406_VID_A-Mob-Adventure01A-UA_S_1080x1080_EN;https://www.youtube.com/watch?v=LMKl0g6yRJU,YouTube 동영상,HQ_HQ_PH_SEA-EN_GA_NU_AD_ACA-PU_260430,M_1844_INTEREST_GENRE_ALL_NONE_260430_2,2026-05-03,0,KRW,88,28,2,0,VID,정방형,2026-04-06,A,Mob,Adventure01A,EN;https://www,260406_VID_A-Mob-Adventure01A-UA_S_1080x1080_EN,A-Mob-Adventure01A-UA,https://www.youtube.com/watch?v=LMKl0g6yRJU,"비주얼 임팩트, 성장 비포애프터",긴박함,TRUE,,없음,"WARNING, GOBLINS INCOMING!, Goblins? Easy! Level UP! UP!, Power Boost! BOOM! BOOM!, Strategic deployment!, Get ready for BATTLE!","편의성, 전략성",AFK 기능,8인 실시간 전투,고블린,카르벨,렐릭 탐험 어드벤처,스마트폰 UI 팝업 연출,"시뮬레이션 및 관리, 장애물 및 도전","텍스트 오버레이, 클로즈업 및 줌",자연/야외 미학,"도전과 승부욕, 참여와 임장감","SD/치비 캐릭터, 성장 지표, 군단/대규모 유닛",2.5D 입체 그래픽,경고 연출로 몰입도를 높이고 쉬운 성장을 강조해 진입 장벽 완화. 대규모 레이드 소재 확장을 통한 중장기 성과 기대.
260406_VID_A-Mob-Adventure01A-UA_V_1080x1920_EN;https://www.youtube.com/watch?v=nIYkYZ-JFj0,YouTube 동영상,HQ_HQ_PH_SEA-EN_GA_NU_AD_ACA-PU_260430,M_1844_INTEREST_GENRE_ALL_NONE_260430_2,2026-05-03,0,KRW,274,93,2,0,VID,세로형,2026-04-06,A,Mob,Adventure01A,EN;https://www,260406_VID_A-Mob-Adventure01A-UA_V_1080x1920_EN,A-Mob-Adventure01A-UA,https://www.youtube.com/watch?v=nIYkYZ-JFj0,"비주얼 임팩트, 성장 비포애프터",긴박함,TRUE,,없음,"WARNING, GOBLINS INCOMING!, Goblins? Easy! Level UP! UP!, Power Boost! BOOM! BOOM!, Strategic deployment!, Get ready for BATTLE!","편의성, 전략성",AFK 기능,8인 실시간 전투,고블린,카르벨,렐릭 탐험 어드벤처,스마트폰 UI 팝업 연출,"시뮬레이션 및 관리, 장애물 및 도전","텍스트 오버레이, 클로즈업 및 줌",자연/야외 미학,"도전과 승부욕, 만족과 성취감","SD/치비 캐릭터, 성장 지표, 군단/대규모 유닛",2.5D 입체 그래픽,세로형 피드 최적화 UI와 마을 습격 반전 연출로 이탈 방지. 직관적 레벨업과 전략적 배치 중심의 성장 쾌감을 자극해 숏폼 환경 내 높은 시청 유지율 및 전환율 기대.